pos_sku,item_name,unit_price,qty_on_hand,category_code,supplier_name,last_updated
AB-ACC-00000-XXL,Black Twill Scarf,91.86,36,Accessory,Apparel Sol.,07/17/2025
AB-TOP-00001-L,Beige V-Neck Sweater,25.86,55,TOP,Fashion Hub,01/16/2024
AB-FOO-00002-XL,Black Loafer - XL,227.51,143,Shoes/Footwear,TW Co.,01/02/2025
AB-BOT-00003-M,Beige Chino Pant,254.43,40,bottoms,Fashion Hub Ltd,08/12/2025
AB-OUT-00004-S,Camel Wool Peacoat - S,304.73,86,outerwear,Textile World Co,11/14/2023
AB-TOP-00005-M,White Cardigan - M,$207.35,11,TOPS,Apparel Solutions,07/01/2025
AB-OUT-00006-L,White Puffer Vest - L,$179.09,92,Outr,Fashion Hub,05/29/2025
AB-BOT-00007-XS,White Linen Pant,$252.30,32,Pants/Bottoms,TW Co.,12/08/2025
AB-BOT-00008-L,White Midi Skirt,156.09,93,Bottoms,Apparel Sol.,06/01/2024
AB-DRE-00009-XXL,Charcoal Shift Dress - XXL,$223.66,25,dress,ApparelSolns,04/24/2025
AB-ACC-00010-XXL,Cognac Leather Tote - XXL,66.09,97,accessories,Textile World,03/27/2024
AB-ACC-00011-S,Cognac Statement Earrings,282.62,25,Accessory,Apparel Sol.,01/24/2024
AB-TOP-00012-M,Indigo Tank Top,80.75,80,TOPS,Fashion Hub Ltd,12/25/2023
AB-ACC-00013-XXL,Indigo Crossbody Bag - XXL,$57.78,35,Accessory,Atelier Nord Studio,02/06/2024
AB-ACC-00014-M,Cognac Wide-Brim Hat,281.81,102,Accessories,A. Nord,12/22/2024
AB-BOT-00015-L,Cognac Wide-Leg Trouser,$258.56,37,Pants/Bottoms,Fashion Hub Ltd,10/14/2023
AB-ACC-00016-L,Tan Leather Tote,$133.53,119,Accessory,Fashion Hub,12/28/2024
AB-DRE-00017-XXL,Black Slip Dress,$235.16,137,Drss,FH Wholesale (old),09/29/2025
AB-DRE-00018-XS,Blush Shirt Dress,152.27,116,Drss,Apparel Solutions,10/22/2023
AB-ACC-00019-XL,Camel Statement Earrings,169.89,27,Accessory,Textile World Co,11/18/2025
AB-ACC-00020-XL,Tan Woven Belt,$68.38,41,ACC,Textile World,01/16/2025
AB-FOO-00021-M,Beige Ankle Boot,26.48,92,Footwear,,05/02/2026
AB-DRE-00022-S,Black Midi Dress,44.14,124,Dresses,Fashion Hub Ltd,04/05/2026
AB-FOO-00024-S,Indigo Loafer - S,230.53,102,footwear,Textile World Co,09/16/2025
AB-ACC-00025-XL,Emerald Woven Belt,55.19,57,Accs,A. Nord,10/07/2023
AB-DRE-00026-XL,Beige Wrap Dress,196.91,1,Drss,Textile World,12/08/2023
AB-FOO-00029-S,Emerald Loafer,$232.92,40,Footwear,Atelier Nord,08/11/2023
AB-TOP-00030-L,Blush Cardigan - L,168.77,13,top,Atelier Nord,10/06/2025
AB-ACC-00031-XS,White Statement Earrings - XS,257.63,36,N/A,A. Nord,05/19/2024
AB-ACC-00031-XS,White  Statement Earrings - XS,257.63,36,N/A,A. Nord,05/19/2024
AB-BOT-00032-L,Cognac Wide-Leg Trouser - L,150.81,62,BOTTOM,Textile World,09/04/2024
AB-BOT-00033-L,White Midi Skirt,31.78,138,Pants/Bottoms,FH Wholesale (old),10/10/2025
AB-OUT-00035-L,Ivory Moto Jacket,307.96,67,Jackets/Outerwear,FH Wholesale (old),08/29/2025
AB-OUT-00036-XXL,Indigo Wool Peacoat,61.99,89,Outr,Atelier Nord,06/14/2024
AB-TOP-00037-M,Burgundy Crewneck Tee,33.41,122,Tshirts/Tops,FH Wholesale (old),03/09/2025
AB-FOO-00038-XL,Black Low-Top Sneaker - XL,$274.60,17,Ftwr,Fashion Hub,02/14/2025
AB-TOP-00039-XS,Indigo Turtleneck,193.16,10,Tops,Textile World,08/26/2025
AB-TOP-00040-XL,Tan Cardigan,$311.32,52,Tshirts/Tops,Apparel Sol.,11/16/2025
AB-ACC-00041-M,Charcoal Woven Belt,$56.72,76,ACC,Atelier Nord Studio,01/17/2025
AB-DRE-00042-L,Black Wrap Dress,40.12,58,Drss,Fashion Hub Ltd,02/15/2025
AB-FOO-00044-XL,Camel Espadrille,225.12,85,Shoes/Footwear,FH Wholesale (old),04/14/2025
AB-TOP-00045-XS,Camel Silk Blouse,252.67,39,N/A,FH Wholesale (old),02/29/2024
AB-DRE-00046-XXL,Charcoal Slip Dress - XXL,77.8,67,Dresses ,Apparel Sol.,03/10/2025
AB-OUT-00047-XS,Black Wool Peacoat,$268.49,26,OUTER,,08/28/2023
AB-DRE-00048-M,Tan Midi Dress - M,227.27,99,dress,TW Co.,01/05/2025
AB-TOP-00049-XXL,White V-Neck Sweater,180.23,94,TOPS,TW Co.,07/12/2025
AB-FOO-00050-S,Indigo Low-Top Sneaker - S,111.01,10,Ftwr,FH Wholesale (old),08/26/2024
AB-ACC-00052-S,Charcoal Leather Tote - S,$309.98,6,accessories,Textile World,01/17/2024
AB-ACC-00053-XXL,Indigo Woven Belt,93.41,27,ACC,TW Co.,07/14/2024
AB-TOP-00054-S,Charcoal Henley,124.57,66,TOP,A. Nord,07/09/2024
AB-TOP-00055-M,Indigo Turtleneck,274.49,71,Tshirts/Tops,ApparelSolns,11/19/2024
AB-ACC-00056-XXL,Indigo Wide-Brim Hat,311.25,31,ACC,Apparel Sol.,05/14/2026
AB-DRE-00057-M,Beige Midi Dress - M,52.6,111,N/A,Fashion Hub,11/04/2024
AB-ACC-00058-XL,Indigo Woven Belt,$131.73,56,Accessory,Fashion Hub Ltd,02/01/2024
AB-TOP-00059-XL,Black Cardigan,129.28,17,TOPS,Textile World,10/23/2025
AB-DRE-00060-XXL,Blush Slip Dress,$232.50,76,Drss,Fashion Hub Ltd,04/09/2025
AB-DRE-00060-XXL,Blush Slip Dre ss,$232.50,76,Drss,Fashion Hub Ltd,04/09/2025
AB-DRE-00061-M,Indigo Shirt Dress,$217.30,29,DRESS,Atelier Nord Studio,02/24/2024
AB-OUT-00062-XXL,Indigo Blazer,$195.46,77,Jackets/Outerwear,Textile World Co,12/27/2024
AB-FOO-00063-M,Camel Ankle Boot,140.32,82,Ftwr,Textile World,10/08/2024
AB-OUT-00064-S,Tan Denim Jacket,$257.69,43,outerwear,A. Nord,05/24/2025
AB-TOP-00065-XXL,Cognac Button-Up Shirt,46.23,60,Tshirts/Tops,ApparelSolns,03/26/2025
AB-DRE-00066-S,Charcoal Midi Dress,$32.61,121,dress,Fashion Hub,05/12/2025
AB-TOP-00067-XXL,Indigo Henley,228.19,98,top,Textile World,10/18/2024
AB-OUT-00068-XXL,Ivory Trench Coat - XXL,$298.37,27,Jackets/Outerwear,Fashion Hub Ltd,01/31/2026
AB-OUT-00069-XXL,Ivory Trench Coat,33.41,55,Outerwear,,01/11/2026
AB-OUT-00069-XXL,Ivory Tre nch Coat,33.41,55,Outerwear,,01/11/2026
AB-TOP-00070-L,Ivory Henley,$321.75,113,TOP,ApparelSolns,05/31/2025
AB-ACC-00071-XL,Indigo Wide-Brim Hat,$276.74,121,Accessory,A. Nord,04/03/2025
AB-DRE-00072-M,Tan Midi Dress,$231.76,65,Dresses,,10/21/2024
AB-TOP-00073-M,Charcoal Button-Up Shirt,114.97,138,TOPS,ApparelSolns,02/12/2024
AB-BOT-00074-L,Charcoal Wide-Leg Trouser - L,$225.82,5,Btms,Textile World,12/19/2024
AB-OUT-00075-L,Cognac Wool Peacoat,37.53,107,Outr,Atelier Nord,12/03/2024
AB-FOO-00076-XL,Black Espadrille,162.01,96,Shoes/Footwear,A. Nord,10/16/2024
AB-FOO-00076-XL,Black Espadrille ,162.01,96,Shoes/Footwear,A. Nord,10/16/2024
AB-OUT-00077-XXL,Cognac Denim Jacket,166.38,58,Jackets/Outerwear,TW Co.,08/28/2024
AB-OUT-00078-M,Indigo Moto Jacket,$237.05,119,Outr,Atelier Nord Studio,02/20/2024
AB-FOO-00079-L,Black Loafer,45.64,109,Ftwr,Fashion Hub Ltd,05/17/2024
AB-OUT-00080-M,Black Trench Coat - M,$116.87,113,Outr,A. Nord,11/03/2024
AB-DRE-00081-L,Camel Maxi Dress,$273.24,120,Dresses ,ApparelSolns,05/26/2023
AB-ACC-00082-M,Black Wide-Brim Hat - M,230.58,10,Accessory,Textile World,10/17/2025
AB-TOP-00083-XS,Charcoal Turtleneck,90.33,121,top,Textile World Co,08/22/2025
AB-TOP-00084-XXL,Emerald Turtleneck - XXL,221.58,42,TOP,Apparel Sol.,07/05/2025
AB-FOO-00085-XS,Burgundy Espadrille,314.26,27,SHOES,Textile World Co,05/01/2025
AB-TOP-00086-XXL,Beige Button-Up Shirt,129.83,35,top,A. Nord,11/22/2023
AB-FOO-00087-S,Tan Espadrille,$231.24,77,Ftwr,Fashion Hub,03/24/2026
AB-ACC-00088-XL,White Wide-Brim Hat,$121.49,116,Accs,Fashion Hub,04/16/2025
AB-DRE-00089-XXL,Cognac Wrap Dress - XXL,20.49,116,dress,ApparelSolns,11/07/2025
AB-OUT-00090-M,Indigo Moto Jacket - M,230.24,111,OUTER,Atelier Nord Studio,05/11/2024
AB-ACC-00091-M,Tan Wide-Brim Hat - M,$151.84,68,Accessories,Atelier Nord Studio,10/16/2024
AB-BOT-00092-M,White Midi Skirt,$90.55,118,BOTTOM,Atelier Nord Studio,02/25/2025
AB-FOO-00093-M,Indigo Espadrille,163.91,83,9,Fashion Hub Ltd,06/27/2024
AB-OUT-00094-M,Blush Trench Coat,108.66,70,outerwear,Apparel Solutions,12/02/2024
AB-TOP-00095-S,White Turtleneck - S,175.12,61,Tops,Atelier Nord,08/07/2025
AB-BOT-00097-S,Burgundy Chino Pant - S,220.87,94,Bottoms,ApparelSolns,10/10/2024
AB-DRE-00099-XS,Charcoal Shift Dress,115.68,136,Dresses,Textile World,06/29/2025
AB-ACC-00100-S,Charcoal Leather Tote,$102.49,144,accessories,A. Nord,03/12/2025
AB-DRE-00101-M,Charcoal Wrap Dress,128.62,77,Dresses,Textile World Co,11/06/2023
AB-ACC-00102-M,Ivory Wide-Brim Hat - M,288.56,74,Accessory,FH Wholesale (old),05/13/2025
AB-BOT-00103-XS,Emerald Linen Pant,$189.05,121,BOTTOM,FH Wholesale (old),09/07/2024
AB-OUT-00104-XS,Ivory Wool Peacoat - XS,$286.71,128,outerwear,Apparel Solutions,01/04/2024
AB-TOP-00105-XS,Emerald Cardigan,62.57,77,TOPS,FH Wholesale (old),02/13/2024
AB-BOT-00106-L,Cognac Skinny Jean,$244.41,97,Pants/Bottoms,Textile World Co,01/08/2025
AB-OUT-00107-L,Beige Wool Peacoat,192.55,20,outerwear,ApparelSolns,05/13/2025
AB-ACC-00108-XXL,Charcoal Twill Scarf,$93.35,20,Accessory,Textile World,03/13/2024
AB-BOT-00109-XS,Cognac Wide-Leg Trouser,18.77,115,bottoms,Textile World,11/05/2025
AB-FOO-00110-XS,Camel Heeled Mule,$105.24,72,Footwear,Textile World Co,08/11/2025
AB-OUT-00111-S,Tan Moto Jacket,$268.75,49,,Apparel Solutions,12/24/2024
AB-TOP-00112-S,Tan Turtleneck - S,278.54,29,TOP,Apparel Sol.,07/06/2023
AB-BOT-00113-XL,Camel Midi Skirt,157.43,119,Btms,ApparelSolns,07/01/2025
AB-DRE-00114-M,Indigo Shirt Dress,150.27,10,Dresses ,A. Nord,01/01/2025
AB-ACC-00115-M,Beige Woven Belt,$48.81,5,ACC,Fashion Hub Ltd,11/16/2025
AB-BOT-00117-XXL,Indigo Denim Short,313.36,120,BOTTOM,A. Nord,05/10/2024
AB-OUT-00118-XXL,Blush Wool Peacoat,$286.43,84,Outerwear,FH Wholesale (old),02/17/2025
AB-ACC-00119-XXL,Camel Crossbody Bag,257.57,125,Accessory,Atelier Nord Studio,11/08/2023
AB-OUT-00120-M,Blush Moto Jacket,$53.51,103,Outerwear,ApparelSolns,11/06/2025
AB-FOO-00121-XL,Tan Ankle Boot - XL,139.88,48,Shoes/Footwear,Atelier Nord Studio,05/30/2025
AB-DRE-00122-XXL,Emerald Slip Dress,$246.91,51,DRESS,Atelier Nord,08/19/2024
AB-FOO-00123-L,Camel Low-Top Sneaker,$52.97,61,SHOES,A. Nord,08/30/2025
AB-BOT-00124-XS,Cognac Pleated Skirt,$47.84,29,bottoms,Atelier Nord,11/06/2024
AB-TOP-00125-XXL,Emerald Silk Blouse - XXL,169.97,69,top,ApparelSolns,09/04/2024
AB-OUT-00126-L,Charcoal Denim Jacket,$134.17,130,Jackets/Outerwear,Textile World,08/04/2025
AB-BOT-00127-M,White Midi Skirt,125.16,115,N/A,A. Nord,05/06/2024
AB-TOP-00128-M,Burgundy Button-Up Shirt,$284.11,114,TOP,A. Nord,04/20/2025
AB-OUT-00129-XL,Blush Wool Peacoat,$155.98,82,Outr,Atelier Nord Studio,02/12/2026
AB-BOT-00130-XL,Charcoal Linen Pant - XL,95.79,105,bottoms,Atelier Nord,09/30/2023
AB-DRE-00131-XXL,Emerald Shirt Dress,133.87,38,DRESS,Atelier Nord,03/26/2025
AB-TOP-00132-XL,Cognac Silk Blouse,283.45,112,Tops,ApparelSolns,12/04/2023
AB-FOO-00133-XXL,Black Heeled Mule - XXL,145.85,39,Ftwr,Textile World Co,10/11/2023
AB-OUT-00134-XL,Blush Wool Peacoat - XL,205.07,84,Outr,Atelier Nord Studio,11/27/2025
AB-ACC-00135-M,Indigo Wide-Brim Hat - M,$281.40,9,Accessory,Atelier Nord,01/27/2025
AB-TOP-00137-S,Emerald V-Neck Sweater,326.0,11,Tops,Apparel Sol.,05/13/2024
AB-TOP-00138-M,Blush Button-Up Shirt - M,$61.24,120,Tops,Atelier Nord,09/29/2024
AB-FOO-00139-S,Ivory Espadrille - S,42.42,88,footwear,Textile World Co,07/21/2025
AB-ACC-00140-XL,Emerald Leather Tote,$87.77,65,accessories,Textile World Co,08/26/2024
AB-DRE-00141-L,Black Shirt Dress - L,$217.61,40,Drss,Apparel Solutions,09/02/2023
AB-OUT-00142-M,Beige Wool Peacoat - M,$207.77,118,OUTER,A. Nord,11/21/2025
AB-DRE-00143-L,Indigo Midi Dress,80.09,88,Drss,Fashion Hub Ltd,08/03/2025
AB-DRE-00144-XS,Camel Shirt Dress,98.14,12,dress,Atelier Nord,05/19/2025
AB-ACC-00145-S,Camel Crossbody Bag,76.59,48,ACC,Apparel Sol.,09/22/2025
AB-DRE-00146-XXL,Burgundy Shirt Dress - XXL,209.21,10,Drss,Textile World Co,07/12/2024
AB-OUT-00147-M,Beige Moto Jacket,45.84,75,Outerwear,TW Co.,10/30/2024
AB-ACC-00148-S,Ivory Crossbody Bag - S,253.17,93,Accessories,TW Co.,06/25/2025
AB-ACC-00148-S,Ivory Crossbody Bag - S ,253.17,93,Accessories,TW Co.,06/25/2025
AB-FOO-00149-M,Ivory Ballet Flat,$310.83,75,Shoes/Footwear,Atelier Nord,12/14/2025
AB-DRE-00150-XS,Emerald Wrap Dress - XS,250.92,57,Dresses ,TW Co.,02/25/2026
AB-ACC-00151-L,Tan Statement Earrings - L,$43.27,108,Accessory,Apparel Solutions,10/29/2023
AB-DRE-00152-L,White Slip Dress,228.3,67,DRESS,Apparel Sol.,05/23/2025
AB-OUT-00153-XS,Blush Blazer - XS,$161.88,83,Outr,TW Co.,01/24/2025
AB-OUT-00155-XS,Ivory Moto Jacket,102.86,127,outerwear,Fashion Hub Ltd,04/03/2024
AB-TOP-00156-S,Cognac Turtleneck,153.63,138,Tshirts/Tops,,01/29/2025
AB-FOO-00157-S,Burgundy Espadrille,216.19,125,MISC,Atelier Nord Studio,03/16/2025
AB-OUT-00158-XXL,Black Wool Peacoat,83.68,113,Jackets/Outerwear,ApparelSolns,07/19/2024
AB-DRE-00159-M,Tan Wrap Dress,34.94,80,Dresses ,ApparelSolns,05/06/2024
AB-TOP-00160-XXL,White Henley,$204.71,5,top,Textile World Co,10/07/2023
AB-DRE-00161-XL,Ivory Midi Dress,$39.56,53,Dresses ,Textile World,02/12/2025
AB-BOT-00162-M,Charcoal Midi Skirt,271.74,-3,Btms,Textile World Co,07/24/2024
AB-BOT-00163-M,Cognac Wide-Leg Trouser,51.96,6,Pants/Bottoms,,05/12/2024
AB-TOP-00164-XL,Charcoal Tank Top,$23.36,67,top,Apparel Solutions,10/26/2023
AB-BOT-00165-XL,Indigo Linen Pant - XL,$262.35,121,Btms,FH Wholesale (old),12/26/2024
AB-DRE-00166-XS,Beige Slip Dress - XS,171.17,7,Dresses,Atelier Nord,07/23/2025
AB-ACC-00167-L,Camel Wide-Brim Hat - L,$36.00,122,Accessory,Fashion Hub,09/25/2025
AB-OUT-00168-XS,Tan Denim Jacket,$232.04,113,Outr,A. Nord,09/06/2023
AB-TOP-00169-S,Beige Tank Top - S,54.56,131,MISC,FH Wholesale (old),07/16/2025
AB-DRE-00170-XL,Beige Maxi Dress - XL,$157.84,121,Dresses ,Apparel Solutions,12/31/2023
AB-ACC-00171-XXL,Tan Twill Scarf,$163.99,48,ACC,Textile World,09/05/2024
AB-DRE-00172-L,Indigo Maxi Dress,115.01,80,dress,Fashion Hub,08/14/2025
AB-DRE-00173-XXL,Ivory Shift Dress,37.83,25,Dresses ,Atelier Nord Studio,01/23/2024
AB-OUT-00174-XXL,Burgundy Moto Jacket,238.77,4,Jackets/Outerwear,Apparel Solutions,01/09/2025
AB-FOO-00175-XXL,Blush Loafer - XXL,$142.04,99,Ftwr,Fashion Hub Ltd,10/29/2025
AB-FOO-00175-XXL,Blush Loafe r - XXL,$142.04,99,Ftwr,Fashion Hub Ltd,10/29/2025
AB-ACC-00176-XL,Camel Twill Scarf,119.2,129,ACC,Apparel Solutions,02/01/2024
AB-BOT-00177-S,Emerald Linen Pant,118.34,91,Btms,Fashion Hub,11/23/2023
AB-DRE-00178-L,Charcoal Slip Dress,200.48,68,Dresses,Fashion Hub Ltd,08/07/2023
AB-BOT-00179-M,Burgundy Pleated Skirt,133.41,46,Bottoms,Apparel Solutions,04/27/2026
AB-BOT-00180-L,Tan Denim Short,$59.49,11,Bottoms,Fashion Hub,03/04/2024
AB-ACC-00181-L,Charcoal Wide-Brim Hat,$160.24,40,Accs,A. Nord,12/06/2024
AB-DRE-00182-XL,Blush Shirt Dress,$291.92,39,Dresses ,Fashion Hub Ltd,12/01/2023
AB-DRE-00182-XL,Blush Shirt Dre ss,$291.92,39,Dresses ,Fashion Hub Ltd,12/01/2023
AB-FOO-00183-XS,Tan Ankle Boot,154.01,108,footwear,Apparel Sol.,12/28/2024
AB-FOO-00184-M,Indigo Heeled Mule,245.71,15,SHOES,TW Co.,08/18/2024
AB-OUT-00185-XXL,Camel Moto Jacket,175.64,69,N/A,A. Nord,09/09/2023
AB-BOT-00186-XS,Beige Chino Pant,$80.24,59,Bottoms,Fashion Hub Ltd,01/05/2026
AB-BOT-00187-M,Camel Midi Skirt,53.12,127,Bottoms,Apparel Solutions,12/04/2025
AB-OUT-00189-L,Black Blazer,157.38,19,Jackets/Outerwear,Fashion Hub,02/22/2026
AB-TOP-00191-M,Black Cardigan - M,$270.47,120,Tshirts/Tops,Textile World,02/25/2026
AB-ACC-00192-L,White Woven Belt,88.57,102,Accessory,Fashion Hub,12/29/2024
AB-TOP-00193-XXL,Camel Cardigan,87.15,43,TOPS,,08/17/2023
AB-FOO-00194-XL,White Espadrille - XL,279.87,89,Footwear,Textile World Co,07/30/2024
AB-ACC-00195-S,Ivory Statement Earrings,61.4,50,Accessories,Fashion Hub Ltd,03/02/2024
AB-FOO-00196-XS,Tan Low-Top Sneaker,$298.93,126,Footwear,TW Co.,03/09/2025
AB-FOO-00197-XXL,Emerald Loafer,$268.16,80,Footwear,Apparel Sol.,05/12/2024
AB-OUT-00198-L,Emerald Moto Jacket,254.97,22,outerwear,Apparel Solutions,05/12/2024
AB-FOO-00199-L,Camel Ankle Boot - L,29.34,94,Shoes/Footwear,Atelier Nord Studio,04/12/2026
AB-FOO-00199-L,Came l Ankle Boot - L,29.34,94,Shoes/Footwear,Atelier Nord Studio,04/12/2026
AB-DRE-00200-XS,Tan Wrap Dress,$151.27,17,dress,A. Nord,02/11/2025
AB-FOO-00201-M,Charcoal Espadrille,$156.69,15,footwear,Atelier Nord Studio,09/08/2024
AB-TOP-00202-XS,Burgundy Tank Top - XS,$32.68,125,Tops,TW Co.,10/10/2024
AB-FOO-00203-S,Beige Loafer,141.44,72,Ftwr,Apparel Solutions,06/11/2024
AB-DRE-00205-XXL,Cognac Wrap Dress,$110.47,33,Drss,A. Nord,10/27/2024
AB-TOP-00206-M,Blush Silk Blouse,52.92,13,TOPS,Atelier Nord Studio,07/10/2024
AB-FOO-00207-M,Tan Heeled Mule - M,$223.87,134,Ftwr,Textile World,11/26/2023
AB-ACC-00208-XL,Indigo Statement Earrings,22.03,79,Accessory,Apparel Sol.,12/25/2023
AB-DRE-00210-XL,Cognac Wrap Dress,217.42,33,Drss,,04/24/2025
AB-OUT-00211-S,Ivory Trench Coat - S,$243.89,16,Outerwear,Textile World,08/20/2024
AB-DRE-00212-S,Burgundy Shirt Dress - S,$203.44,114,dress,Atelier Nord,06/12/2024
AB-FOO-00213-L,Camel Low-Top Sneaker - L,$129.45,112,Ftwr,Textile World,01/15/2025
AB-FOO-00213-L,Came l Low-Top Sneaker - L,$129.45,112,Ftwr,Textile World,01/15/2025
AB-DRE-00214-XL,Cognac Maxi Dress,$307.07,36,Dresses ,Atelier Nord,11/29/2025
AB-DRE-00214-XL,Cognac Maxi Dre ss,$307.07,36,Dresses ,Atelier Nord,11/29/2025
AB-FOO-00215-XS,Camel Low-Top Sneaker - XS,284.14,24,Ftwr,Atelier Nord,06/09/2025
AB-FOO-00216-XS,Camel Ankle Boot,96.94,131,Footwear,TW Co.,02/21/2024
AB-OUT-00217-L,Charcoal Moto Jacket - L,$287.49,106,outerwear,Apparel Sol.,01/12/2024
AB-OUT-00218-S,Blush Puffer Vest,351.12,102,Outerwear,A. Nord,06/09/2024
AB-TOP-00219-XXL,White Tank Top,236.0,48,Tops,ApparelSolns,07/19/2023
AB-TOP-00221-S,Charcoal Button-Up Shirt,50.64,73,TOP,Atelier Nord Studio,04/22/2024
AB-DRE-00222-S,Black Wrap Dress,210.55,117,Dresses ,Atelier Nord,08/06/2023
AB-TOP-00223-XL,Beige Henley,197.92,61,Tshirts/Tops,Fashion Hub Ltd,10/12/2025
AB-BOT-00224-XS,Indigo Pleated Skirt - XS,$89.35,106,MISC,ApparelSolns,02/27/2024
AB-ACC-00225-XL,White Statement Earrings,39.18,149,ACC,Apparel Sol.,06/06/2025
AB-FOO-00226-XS,Cognac Loafer,274.71,11,Ftwr,A. Nord,09/30/2025
AB-OUT-00227-XXL,Camel Wool Peacoat,131.33,17,Outerwear,Fashion Hub Ltd,10/09/2024
AB-BOT-00228-XXL,Tan Linen Pant,252.68,96,Bottoms,Fashion Hub Ltd,03/21/2024
AB-TOP-00229-M,Cognac Tank Top,$268.54,118,Tshirts/Tops,Textile World,05/14/2025
AB-OUT-00230-S,Ivory Blazer,237.55,112,Outerwear,Fashion Hub,10/15/2023
AB-DRE-00231-S,Black Midi Dress,113.49,79,Dresses ,FH Wholesale (old),06/10/2025
AB-OUT-00232-M,Emerald Puffer Vest,$258.56,48,OUTER,Fashion Hub,03/08/2024
AB-DRE-00233-M,Tan Wrap Dress - M,$60.14,94,DRESS,Apparel Sol.,10/03/2024
AB-OUT-00234-L,Emerald Blazer,301.45,127,Outr,ApparelSolns,05/22/2025
AB-OUT-00235-M,Cognac Wool Peacoat - M,239.89,20,Outr,FH Wholesale (old),10/05/2024
AB-FOO-00236-M,Cognac Low-Top Sneaker - M,50.84,83,Ftwr,Apparel Sol.,08/13/2025
AB-DRE-00237-XL,Emerald Shift Dress,$63.13,113,Drss,Atelier Nord Studio,09/03/2024
AB-OUT-00238-M,Burgundy Moto Jacket,$103.89,17,Jackets/Outerwear,Atelier Nord Studio,08/16/2023
AB-ACC-00239-M,Indigo Statement Earrings - M,$315.34,36,accessories,TW Co.,04/05/2026
AB-FOO-00240-XS,Emerald Espadrille - XS,38.26,93,SHOES,Textile World,05/13/2024
AB-OUT-00241-XL,Black Puffer Vest,218.47,94,OUTER,Textile World,10/28/2024
AB-OUT-00242-S,Beige Moto Jacket,$126.72,79,Outerwear,ApparelSolns,06/22/2024
AB-TOP-00243-S,Burgundy Crewneck Tee,$182.58,30,Tshirts/Tops,Atelier Nord,05/02/2024
AB-DRE-00244-S,Emerald Shirt Dress,235.05,125,dress,Apparel Sol.,07/06/2024
AB-TOP-00245-L,White Silk Blouse,$288.30,113,TOPS,TW Co.,12/20/2023
AB-ACC-00246-M,Tan Woven Belt,183.4,73,Accs,Fashion Hub,07/31/2024
AB-ACC-00246-M,Tan Wove n Belt,183.4,73,Accs,Fashion Hub,07/31/2024
AB-BOT-00247-XXL,Burgundy Linen Pant,$256.74,130,Pants/Bottoms,Textile World Co,12/29/2023
AB-TOP-00248-S,Ivory Turtleneck - S,$26.35,94,TOPS,Atelier Nord Studio,12/06/2024
AB-FOO-00249-XS,Beige Low-Top Sneaker,111.28,122,SHOES,FH Wholesale (old),03/14/2025
AB-OUT-00250-XS,Beige Denim Jacket,311.73,31,Outr,Textile World Co,09/05/2024
AB-OUT-00251-M,Cognac Blazer,280.35,46,Jackets/Outerwear,TW Co.,12/04/2025
AB-BOT-00252-XS,Cognac Chino Pant - XS,167.96,77,Btms,FH Wholesale (old),12/14/2023
AB-BOT-00252-XS,Cognac Chino Pant - XS ,167.96,77,Btms,FH Wholesale (old),12/14/2023
AB-BOT-00253-S,Burgundy Pleated Skirt,302.28,127,Pants/Bottoms,Apparel Sol.,03/21/2024
AB-TOP-00254-XXL,Charcoal Button-Up Shirt,$55.67,74,TOPS,ApparelSolns,04/03/2025
AB-FOO-00255-XXL,Cognac Ankle Boot,$197.68,39,Footwear,Textile World,02/22/2024
AB-ACC-00256-XL,Burgundy Wide-Brim Hat,$274.00,10,accessories,Apparel Sol.,10/08/2025
AB-TOP-00257-XXL,Black V-Neck Sweater,214.29,106,TOPS,ApparelSolns,06/09/2025
AB-ACC-00258-XXL,Emerald Twill Scarf,218.24,77,accessories,Apparel Solutions,05/07/2025
AB-BOT-00259-L,Tan Midi Skirt,155.84,5,Bottoms,Apparel Sol.,11/26/2023
AB-OUT-00260-L,Emerald Denim Jacket,108.48,25,Outerwear,Textile World Co,05/18/2024
AB-ACC-00261-M,Burgundy Woven Belt,51.97,94,Accs,Atelier Nord,10/19/2024
AB-FOO-00262-S,Blush Ankle Boot,$54.99,115,Ftwr,Atelier Nord Studio,05/15/2024
AB-FOO-00262-S,Blush Ankle  Boot,$54.99,115,Ftwr,Atelier Nord Studio,05/15/2024
AB-BOT-00264-XL,Blush Midi Skirt,74.0,48,Pants/Bottoms,Apparel Sol.,03/01/2025
AB-FOO-00265-M,Emerald Heeled Mule,$25.25,100,SHOES,Atelier Nord,02/24/2025
AB-OUT-00266-XL,Charcoal Trench Coat,$33.80,77,Outerwear,,04/30/2025
AB-FOO-00267-L,Tan Espadrille - L,172.05,27,footwear,ApparelSolns,11/13/2024
AB-BOT-00268-M,Burgundy Pleated Skirt - M,132.32,91,Bottoms,A. Nord,12/23/2023
AB-FOO-00269-M,Charcoal Loafer,$38.43,129,Ftwr,ApparelSolns,11/25/2024
AB-FOO-00270-XXL,Beige Ballet Flat - XXL,60.31,24,Shoes/Footwear,Fashion Hub Ltd,06/22/2024
AB-DRE-00271-M,Cognac Shift Dress,$77.27,130,Drss,TW Co.,08/14/2024
AB-DRE-00271-M,Cognac Shift Dre ss,$77.27,130,Drss,TW Co.,08/14/2024
AB-FOO-00272-XS,Black Ankle Boot,224.27,121,Shoes/Footwear,Textile World,04/02/2025
AB-OUT-00274-M,Burgundy Puffer Vest,171.2,130,outerwear,Apparel Solutions,06/08/2025
AB-OUT-00275-M,Beige Blazer - M,$264.64,88,Outr,A. Nord,07/26/2024
AB-ACC-00276-XL,Indigo Twill Scarf - XL,$230.42,6,Accs,Apparel Solutions,05/28/2025
AB-OUT-00277-XL,Tan Wool Peacoat - XL,$241.13,114,Outerwear,Textile World,02/17/2024
AB-FOO-00278-XL,Burgundy Espadrille - XL,$61.35,62,N/A,Atelier Nord Studio,09/25/2023
AB-FOO-00279-S,White Espadrille,145.97,112,Footwear,Fashion Hub Ltd,04/30/2024
AB-OUT-00280-L,Charcoal Blazer,275.31,15,Jackets/Outerwear,A. Nord,09/23/2025
AB-BOT-00281-XL,Charcoal Denim Short - XL,301.43,137,Btms,Apparel Sol.,05/01/2025
AB-OUT-00282-L,Ivory Wool Peacoat,$193.02,67,Outr,ApparelSolns,04/12/2025
AB-OUT-00283-M,Charcoal Trench Coat,$84.72,76,Outerwear,Apparel Sol.,07/12/2025
AB-DRE-00284-XXL,Charcoal Shirt Dress,117.99,89,dress,A. Nord,12/30/2024
AB-ACC-00285-XS,Camel Woven Belt,$315.99,93,accessories,A. Nord,01/02/2026
AB-DRE-00286-XS,Camel Midi Dress - XS,303.78,20,Drss,Apparel Sol.,05/08/2024
AB-TOP-00289-S,Tan Turtleneck,$48.75,84,9,Fashion Hub,08/29/2025
AB-OUT-00290-S,Tan Moto Jacket - S,$301.79,40,Outerwear,Fashion Hub,12/04/2024
AB-ACC-00291-XXL,Emerald Crossbody Bag - XXL,257.84,73,Accs,,09/22/2024
AB-DRE-00292-XS,Black Shirt Dress,172.11,9,9,TW Co.,06/28/2024
AB-OUT-00293-L,Black Trench Coat - L,76.46,82,OUTER,Atelier Nord,04/29/2026
AB-TOP-00294-XL,Camel Crewneck Tee - XL,302.96,85,Tops,Fashion Hub Ltd,06/03/2024
AB-OUT-00295-XL,Cognac Blazer,$289.71,37,outerwear,Atelier Nord,01/06/2026
AB-FOO-00296-S,Camel Heeled Mule,$111.00,117,footwear,FH Wholesale (old),09/09/2025
AB-DRE-00297-XS,Ivory Shirt Dress,231.58,49,Dresses,Apparel Sol.,04/07/2024
AB-FOO-00298-L,Indigo Espadrille,43.98,24,,Apparel Solutions,06/07/2024
AB-BOT-00299-S,Blush Chino Pant,$92.34,60,N/A,Fashion Hub,09/14/2024
AB-DRE-00300-XL,Camel Shift Dress,98.73,79,Dresses ,Fashion Hub,05/25/2025
AB-BOT-00301-XS,Tan Skinny Jean,$108.96,103,bottoms,Atelier Nord,09/23/2025
AB-FOO-00302-XXL,Camel Espadrille - XXL,$211.17,84,Shoes/Footwear,Fashion Hub,09/03/2024
AB-FOO-00303-S,Charcoal Low-Top Sneaker - S,67.71,85,Ftwr,Atelier Nord,10/29/2024
AB-ACC-00304-XL,Emerald Wide-Brim Hat - XL,251.95,6,accessories,Textile World,03/11/2025
AB-OUT-00305-M,Burgundy Puffer Vest,291.41,28,9,Fashion Hub Ltd,10/21/2023
AB-FOO-00306-XL,Charcoal Loafer,63.16,148,footwear,TW Co.,03/07/2025
AB-TOP-00307-XL,Burgundy Turtleneck,48.24,130,top,Atelier Nord Studio,10/21/2024
AB-TOP-00308-XL,Ivory Henley,155.92,9,TOPS,Atelier Nord,01/19/2025
AB-OUT-00309-XXL,Camel Blazer - XXL,$138.88,-3,outerwear,,08/16/2025
AB-BOT-00310-XS,White Denim Short - XS,$116.37,31,Btms,Atelier Nord Studio,12/31/2024
AB-TOP-00311-XS,Emerald V-Neck Sweater - XS,136.1,34,Tops,Apparel Sol.,11/23/2025
AB-ACC-00312-L,Tan Statement Earrings - L,317.01,100,Accessories,Apparel Sol.,02/21/2025
AB-OUT-00313-XXL,White Denim Jacket,220.6,89,Jackets/Outerwear,Textile World,04/02/2024
AB-BOT-00314-XL,Indigo Denim Short,234.43,57,Btms,TW Co.,04/01/2026
AB-TOP-00315-L,Camel Crewneck Tee,$173.51,58,Tops,Atelier Nord Studio,07/15/2024
AB-OUT-00316-M,Ivory Wool Peacoat - M,322.78,28,Outr,TW Co.,01/09/2024
AB-ACC-00317-XS,Beige Crossbody Bag,$80.73,38,accessories,Textile World,01/04/2025
AB-TOP-00318-XXL,Beige Henley - XXL,93.54,11,top,FH Wholesale (old),08/01/2024
AB-OUT-00319-S,Cognac Trench Coat,$60.52,74,outerwear,Fashion Hub Ltd,06/23/2024
AB-ACC-00320-XL,Blush Wide-Brim Hat,89.82,36,Accs,Apparel Solutions,03/17/2025
AB-FOO-00321-M,Indigo Low-Top Sneaker,$40.80,44,Shoes/Footwear,Apparel Solutions,07/22/2025
AB-ACC-00322-L,Cognac Crossbody Bag,318.03,97,Accessories,Fashion Hub,02/21/2026
AB-FOO-00323-L,Burgundy Ballet Flat,$62.03,111,SHOES,Atelier Nord Studio,04/19/2024
AB-FOO-00324-S,Charcoal Heeled Mule - S,251.84,37,MISC,,04/02/2026
AB-OUT-00325-L,Cognac Moto Jacket - L,192.31,34,Outr,Atelier Nord Studio,06/12/2024
AB-OUT-00325-L,Cognac Moto Jacke t - L,192.31,34,Outr,Atelier Nord Studio,06/12/2024
AB-BOT-00326-M,Charcoal Pleated Skirt,$307.61,90,Btms,Fashion Hub Ltd,11/08/2023
AB-FOO-00327-XS,Charcoal Espadrille,$133.51,10,footwear,ApparelSolns,12/08/2025
AB-TOP-00328-XXL,Beige Turtleneck,162.09,85,TOPS,Textile World,08/14/2024
AB-TOP-00329-XXL,Charcoal Turtleneck,$267.75,123,Tops,FH Wholesale (old),03/17/2024
AB-ACC-00330-S,Burgundy Wide-Brim Hat,$314.62,82,Accessory,Atelier Nord Studio,10/20/2025
AB-DRE-00331-XL,Emerald Maxi Dress,110.52,92,Dresses,ApparelSolns,11/05/2024
AB-OUT-00332-XXL,White Denim Jacket,254.63,81,Jackets/Outerwear,Atelier Nord Studio,04/28/2024
AB-DRE-00333-XS,Indigo Shift Dress - XS,237.37,4,dress,Textile World,05/22/2024
AB-FOO-00334-XXL,Beige Loafer,98.22,50,Shoes/Footwear,Atelier Nord,06/19/2024
AB-BOT-00335-S,Beige Chino Pant - S,175.05,86,Bottoms,A. Nord,08/07/2024
AB-OUT-00336-XXL,Tan Blazer,$157.02,90,outerwear,Atelier Nord Studio,06/22/2024
AB-BOT-00337-L,Cognac Linen Pant - L,287.3,123,Btms,TW Co.,05/29/2025
AB-TOP-00338-XXL,White Crewneck Tee,255.56,105,TOP,Fashion Hub,02/25/2024
AB-ACC-00339-XXL,White Leather Tote,20.08,129,Accessories,TW Co.,11/13/2024
AB-DRE-00340-XXL,Beige Wrap Dress,217.05,10,dress,Atelier Nord,06/24/2023
AB-FOO-00341-XS,Indigo Loafer,164.21,70,Ftwr,Fashion Hub,06/01/2025
AB-DRE-00342-XXL,Cognac Wrap Dress,$267.64,45,dress,Atelier Nord Studio,09/20/2023
AB-TOP-00343-S,Charcoal Silk Blouse - S,263.43,75,Tshirts/Tops,Apparel Solutions,01/16/2026
AB-TOP-00343-S,Charcoal Silk Blouse  - S,263.43,75,Tshirts/Tops,Apparel Solutions,01/16/2026
AB-OUT-00344-L,Blush Moto Jacket - L,187.16,57,Outerwear,Atelier Nord Studio,07/18/2024
AB-ACC-00345-XXL,Tan Twill Scarf,$43.44,90,Accs,FH Wholesale (old),12/12/2024
AB-FOO-00346-XXL,Black Heeled Mule,232.65,21,N/A,Fashion Hub Ltd,01/04/2025
AB-OUT-00347-XL,Blush Blazer,$284.73,10,Jackets/Outerwear,Fashion Hub Ltd,12/27/2023
AB-BOT-00348-XL,Burgundy Midi Skirt - XL,$104.52,13,BOTTOM,Atelier Nord,04/06/2025
AB-DRE-00349-XXL,Beige Slip Dress - XXL,68.49,80,Dresses ,Fashion Hub Ltd,07/25/2023
AB-BOT-00350-XXL,Ivory Denim Short,293.33,75,bottoms,Atelier Nord,10/29/2023
AB-FOO-00351-L,Beige Low-Top Sneaker - L,133.58,28,Shoes/Footwear,ApparelSolns,12/01/2025
AB-ACC-00352-XL,White Statement Earrings,31.29,111,accessories,Apparel Solutions,06/16/2024
AB-TOP-00353-XL,Beige Tank Top,$283.76,83,Tops,A. Nord,11/25/2023
AB-ACC-00354-L,Emerald Woven Belt,120.06,96,Accs,TW Co.,01/12/2025
AB-BOT-00355-XXL,Beige Linen Pant - XXL,44.78,61,Btms,Atelier Nord,12/09/2025
AB-OUT-00357-XS,Blush Wool Peacoat,$18.76,78,MISC,Fashion Hub Ltd,10/17/2024
AB-OUT-00357-XS,Blush Wool Pe acoat,$18.76,78,MISC,Fashion Hub Ltd,10/17/2024
AB-DRE-00358-S,White Shift Dress,73.19,114,DRESS,Fashion Hub,06/22/2025
AB-FOO-00360-XS,Indigo Ballet Flat,$153.36,28,Ftwr,Apparel Sol.,08/19/2025
AB-FOO-00361-XL,Beige Low-Top Sneaker,216.91,33,Ftwr,Textile World Co,10/02/2023
AB-DRE-00362-L,Camel Shift Dress - L,$37.08,110,Drss,Textile World,05/04/2024
AB-OUT-00363-XS,Emerald Wool Peacoat - XS,92.76,63,Outr,ApparelSolns,11/16/2025
AB-ACC-00364-XL,Beige Crossbody Bag,$158.12,34,ACC,Textile World,05/13/2024
AB-TOP-00365-XL,Blush Cardigan - XL,231.78,77,Tshirts/Tops,Atelier Nord Studio,11/06/2024
AB-DRE-00366-XL,Tan Maxi Dress,$99.79,53,Dresses,Textile World,04/02/2025
AB-DRE-00367-M,Indigo Midi Dress,243.24,125,Dresses ,Apparel Solutions,02/10/2025
AB-BOT-00368-M,Indigo Pleated Skirt,$122.59,51,BOTTOM,A. Nord,08/09/2025
AB-FOO-00369-XL,Tan Low-Top Sneaker - XL,320.88,118,Shoes/Footwear,Fashion Hub Ltd,10/16/2025
AB-BOT-00370-XXL,Camel Chino Pant - XXL,261.0,100,bottoms,Fashion Hub Ltd,08/14/2025
AB-OUT-00371-M,Tan Trench Coat,$95.36,50,Outr,Textile World,06/30/2025
AB-OUT-00372-L,White Denim Jacket,$193.91,136,Jackets/Outerwear,Atelier Nord Studio,01/27/2025
AB-ACC-00373-XS,Cognac Crossbody Bag - XS,$213.24,137,Accessories,Apparel Sol.,01/03/2025
AB-ACC-00374-S,White Twill Scarf - S,73.26,23,Accessory,ApparelSolns,05/27/2025
AB-ACC-00375-L,Tan Statement Earrings - L,$329.90,110,Accessories,Apparel Sol.,11/30/2023
AB-TOP-00376-S,Camel V-Neck Sweater,144.05,100,Tops,TW Co.,09/02/2024
AB-TOP-00378-XS,Indigo Button-Up Shirt - XS,$263.90,36,TOPS,Fashion Hub,07/02/2024
AB-DRE-00379-S,Emerald Shift Dress - S,130.69,24,Drss,,01/03/2025
AB-ACC-00380-M,Emerald Statement Earrings,$110.41,29,accessories,FH Wholesale (old),07/06/2023
AB-DRE-00381-XXL,White Shirt Dress,$310.73,62,DRESS,Textile World Co,04/14/2025
AB-BOT-00382-M,Ivory Denim Short - M,$305.27,59,,Atelier Nord,11/22/2025
AB-OUT-00383-S,Ivory Blazer,136.07,51,Outr,Atelier Nord Studio,09/07/2024
AB-TOP-00385-M,Blush Silk Blouse,157.41,79,Tshirts/Tops,Textile World Co,06/24/2025
AB-OUT-00386-M,Tan Puffer Vest,$210.64,28,Outr,Atelier Nord,09/10/2024
AB-DRE-00387-S,Beige Maxi Dress,$297.92,21,Dresses,Apparel Solutions,08/31/2025
AB-BOT-00388-S,White Pleated Skirt - S,54.58,95,Pants/Bottoms,ApparelSolns,08/24/2025
AB-BOT-00389-L,Indigo Denim Short,207.06,108,Btms,Textile World,01/19/2024
AB-OUT-00390-XXL,Cognac Blazer,$172.75,125,Jackets/Outerwear,,06/25/2024
AB-BOT-00391-L,Blush Wide-Leg Trouser - L,309.19,-3,BOTTOM,FH Wholesale (old),04/03/2025
AB-BOT-00392-XL,Indigo Wide-Leg Trouser - XL,$145.67,120,Btms,Atelier Nord Studio,11/14/2024
AB-ACC-00393-S,Emerald Crossbody Bag,176.82,56,Accessories,Fashion Hub Ltd,03/21/2024
AB-TOP-00394-XL,Charcoal Button-Up Shirt,68.8,117,TOP,Apparel Solutions,02/24/2025
AB-ACC-00395-XL,Cognac Crossbody Bag,190.78,73,accessories,Fashion Hub,01/06/2026
AB-FOO-00396-XS,Cognac Ballet Flat,$194.63,108,Footwear,Atelier Nord,04/13/2024
AB-ACC-00397-M,Charcoal Statement Earrings - M,$150.07,89,Accs,Fashion Hub,05/12/2026
AB-TOP-00398-S,White Henley,$262.16,89,top,Textile World,12/29/2025
AB-ACC-00399-L,Tan Wide-Brim Hat - L,205.15,52,Accs,TW Co.,11/12/2025
AB-DRE-00401-M,Camel Shirt Dress - M,329.52,116,dress,ApparelSolns,11/03/2025
AB-TOP-00402-XS,Indigo Silk Blouse - XS,272.43,32,TOPS,Apparel Sol.,10/07/2025
AB-TOP-00402-XS,Indigo Silk Blouse  - XS,272.43,32,TOPS,Apparel Sol.,10/07/2025
AB-BOT-00403-XXL,Ivory Wide-Leg Trouser,261.96,111,Bottoms,Apparel Sol.,03/06/2025
AB-BOT-00403-XXL,Ivory Wide -Leg Trouser,261.96,111,Bottoms,Apparel Sol.,03/06/2025
AB-BOT-00404-M,Tan Denim Short,$121.12,19,Bottoms,Atelier Nord Studio,05/09/2025
AB-TOP-00405-XXL,Cognac Cardigan,$227.73,94,top,Apparel Solutions,11/09/2024
AB-OUT-00406-XS,Beige Wool Peacoat,246.01,130,OUTER,Fashion Hub,06/04/2025
AB-ACC-00407-XS,Blush Statement Earrings,87.18,114,Accs,A. Nord,11/15/2025
AB-BOT-00408-M,Camel Chino Pant - M,128.08,38,Bottoms,Apparel Sol.,07/01/2025
AB-OUT-00409-XS,Tan Wool Peacoat,44.63,117,Outr,Fashion Hub Ltd,07/13/2023
AB-TOP-00410-L,Emerald Silk Blouse,289.85,109,top,Fashion Hub,03/29/2024
AB-ACC-00411-M,Tan Leather Tote,$310.06,70,Accessory,Textile World,11/30/2023
AB-ACC-00412-XS,Camel Woven Belt - XS,$225.36,42,accessories,Apparel Sol.,02/07/2024
AB-OUT-00413-XXL,Camel Blazer,149.26,23,Outr,Textile World,10/05/2025
AB-TOP-00414-L,Charcoal Crewneck Tee,61.21,57,Tshirts/Tops,FH Wholesale (old),10/27/2024
AB-ACC-00415-XS,Black Crossbody Bag,270.48,108,Accessories,Apparel Sol.,09/03/2025
AB-BOT-00416-S,White Chino Pant,42.99,37,bottoms,A. Nord,12/11/2023
AB-BOT-00416-S,White  Chino Pant,42.99,37,bottoms,A. Nord,12/11/2023
AB-DRE-00417-S,Camel Shift Dress,255.93,43,Dresses ,Atelier Nord,06/29/2025
AB-ACC-00418-XL,White Leather Tote,186.5,31,Accessory,Fashion Hub,12/10/2024
AB-DRE-00419-XXL,Charcoal Shirt Dress,$303.13,112,Dresses ,Textile World,03/04/2026
AB-BOT-00420-S,White Skinny Jean,$184.40,108,BOTTOM,Fashion Hub Ltd,12/04/2024
AB-FOO-00422-XL,Burgundy Loafer - XL,$276.50,6,Footwear,ApparelSolns,03/22/2026
AB-ACC-00423-XL,Charcoal Woven Belt,$232.23,75,accessories,Textile World Co,04/12/2025
AB-TOP-00424-L,Emerald Turtleneck,$86.67,18,Tshirts/Tops,FH Wholesale (old),05/28/2025
AB-TOP-00425-S,Blush Tank Top,275.27,107,TOPS,A. Nord,09/25/2024
AB-DRE-00427-XS,Black Midi Dress - XS,$175.22,128,DRESS,Atelier Nord Studio,08/14/2025
AB-OUT-00428-L,Burgundy Denim Jacket,211.52,137,outerwear,Fashion Hub,02/27/2025
AB-BOT-00429-M,White Pleated Skirt - M,163.78,54,BOTTOM,FH Wholesale (old),03/19/2026
AB-BOT-00430-L,Blush Denim Short,$117.21,111,Pants/Bottoms,FH Wholesale (old),07/08/2025
AB-BOT-00431-XS,Charcoal Skinny Jean - XS,52.3,3,9,A. Nord,07/13/2024
AB-ACC-00432-XXL,Tan Statement Earrings,52.98,35,ACC,Textile World Co,12/07/2025
AB-TOP-00433-M,Emerald Silk Blouse,$64.14,32,TOPS,Apparel Solutions,08/02/2025
AB-TOP-00435-XL,Burgundy Button-Up Shirt - XL,166.13,130,Tops,Fashion Hub Ltd,07/30/2024
AB-TOP-00436-S,Beige Henley - S,71.42,26,Tshirts/Tops,Apparel Sol.,03/02/2025
AB-ACC-00437-S,White Statement Earrings,31.58,17,ACC,Fashion Hub Ltd,08/28/2024
AB-TOP-00438-L,Blush Henley,67.59,9,Tops,Textile World,12/21/2024
AB-ACC-00439-L,Tan Statement Earrings,113.56,106,ACC,TW Co.,11/22/2025
AB-DRE-00440-XL,White Shift Dress,$58.33,13,9,Apparel Solutions,04/15/2024
AB-BOT-00441-XS,Cognac Midi Skirt,$43.89,119,Pants/Bottoms,Atelier Nord Studio,11/14/2025
AB-DRE-00442-XS,Blush Shift Dress,20.47,49,Dresses,A. Nord,04/11/2024
AB-FOO-00443-XL,Burgundy Ballet Flat - XL,$164.96,126,Footwear,TW Co.,10/23/2025
AB-BOT-00444-S,Cognac Linen Pant,18.64,109,bottoms,Textile World,11/15/2023
AB-BOT-00445-XXL,Blush Denim Short,297.3,0,bottoms,Fashion Hub,01/27/2026
AB-ACC-00446-XXL,Burgundy Crossbody Bag,51.92,124,Accessories,Apparel Solutions,07/11/2024
AB-OUT-00447-S,Black Denim Jacket - S,45.42,56,OUTER,ApparelSolns,02/14/2026
AB-FOO-00448-M,Burgundy Heeled Mule,318.43,21,SHOES,Atelier Nord,01/19/2025
AB-TOP-00449-L,Tan Silk Blouse,198.5,15,Tops,FH Wholesale (old),10/16/2024
AB-ACC-00450-M,Charcoal Leather Tote,$273.57,100,Accs,ApparelSolns,11/26/2025
AB-ACC-00451-L,Blush Woven Belt,$88.63,51,Accs,Apparel Solutions,10/06/2023
AB-FOO-00452-XS,Ivory Ankle Boot,154.28,80,footwear,,10/13/2024
AB-TOP-00453-L,Charcoal Tank Top - L,169.49,39,Tshirts/Tops,Apparel Sol.,08/07/2023
AB-BOT-00454-M,Tan Midi Skirt,76.41,84,bottoms,Fashion Hub,02/17/2024
AB-BOT-00456-L,Indigo Skinny Jean,$46.15,12,bottoms,Textile World Co,01/31/2026
AB-BOT-00457-XS,Black Skinny Jean - XS,56.85,89,Btms,TW Co.,11/01/2024
AB-ACC-00458-XS,Tan Statement Earrings - XS,$308.52,21,Accs,Apparel Solutions,09/01/2023
AB-TOP-00459-L,Tan Turtleneck - L,46.34,84,Tshirts/Tops,TW Co.,01/14/2024
AB-TOP-00460-S,Black Henley,251.84,101,Tshirts/Tops,Atelier Nord Studio,03/10/2025
AB-TOP-00461-L,Tan Cardigan,124.35,54,TOP,Textile World Co,07/07/2024
AB-DRE-00462-XS,Ivory Maxi Dress,209.29,127,Dresses,Textile World,12/31/2024
AB-ACC-00464-XXL,Charcoal Wide-Brim Hat - XXL,315.97,91,Accessory,Fashion Hub Ltd,03/14/2025
AB-FOO-00465-XL,Blush Heeled Mule - XL,$141.76,46,Shoes/Footwear,Apparel Sol.,10/24/2023
AB-DRE-00466-XS,Charcoal Slip Dress - XS,37.81,120,Drss,Apparel Sol.,04/06/2025
AB-DRE-00466-XS,Charcoal Slip Dre ss - XS,37.81,120,Drss,Apparel Sol.,04/06/2025
AB-DRE-00467-S,Charcoal Slip Dress,$87.19,61,Dresses ,,08/20/2024
AB-FOO-00468-S,Black Espadrille - S,129.07,44,Ftwr,A. Nord,12/25/2023
AB-BOT-00469-XXL,Blush Denim Short,293.55,7,BOTTOM,Apparel Sol.,10/03/2025
AB-ACC-00470-XL,Beige Woven Belt - XL,$177.31,63,Accessory,Textile World Co,11/20/2025
AB-OUT-00471-S,Camel Puffer Vest - S,26.92,26,outerwear,,03/13/2024
AB-FOO-00472-XL,Black Low-Top Sneaker - XL,18.61,65,Ftwr,Atelier Nord,03/24/2026
AB-BOT-00473-S,Burgundy Pleated Skirt,36.91,37,BOTTOM,Apparel Sol.,04/03/2025
AB-ACC-00474-XL,White Leather Tote,$292.57,95,Accs,ApparelSolns,08/26/2025
AB-ACC-00475-XS,Beige Crossbody Bag,111.49,34,ACC,Apparel Solutions,10/15/2023
AB-ACC-00476-L,Tan Crossbody Bag,$70.46,91,accessories,Apparel Sol.,02/22/2024
AB-ACC-00477-L,Ivory Wide-Brim Hat,230.68,75,accessories,Apparel Sol.,11/25/2023
AB-BOT-00478-XXL,Black Linen Pant,264.73,8,Pants/Bottoms,Atelier Nord Studio,04/25/2024
AB-FOO-00479-S,Beige Ballet Flat,$310.68,36,footwear,Fashion Hub Ltd,06/13/2024
AB-ACC-00480-M,Charcoal Twill Scarf - M,$62.33,22,accessories,Apparel Sol.,09/09/2025
AB-ACC-00481-XXL,Tan Statement Earrings,147.76,67,ACC,ApparelSolns,06/11/2024
AB-BOT-00482-M,White Linen Pant - M,$257.94,0,BOTTOM,Apparel Sol.,09/26/2023
AB-OUT-00483-L,Burgundy Denim Jacket - L,$258.49,126,outerwear,TW Co.,09/01/2024
AB-DRE-00484-XS,Indigo Slip Dress,275.15,46,Drss,,12/09/2023
AB-OUT-00485-M,Black Moto Jacket,117.88,26,MISC,Fashion Hub Ltd,10/19/2023
AB-DRE-00486-S,Indigo Midi Dress,169.19,23,dress,Fashion Hub,06/22/2024
AB-OUT-00488-XS,Black Trench Coat,76.33,48,OUTER,Apparel Solutions,10/23/2024
AB-ACC-00489-XXL,Burgundy Wide-Brim Hat,$232.75,76,Accs,Apparel Solutions,04/23/2024
AB-OUT-00491-XXL,Camel Moto Jacket,$73.94,5,Outerwear,A. Nord,12/15/2023
AB-BOT-00492-XS,Camel Linen Pant,269.52,78,BOTTOM,Atelier Nord Studio,03/14/2026
AB-OUT-00493-XXL,Emerald Denim Jacket,45.84,139,outerwear,Apparel Sol.,01/04/2025
AB-BOT-00494-M,Indigo Pleated Skirt - M,138.77,62,BOTTOM,TW Co.,10/22/2024
AB-OUT-00495-M,Charcoal Wool Peacoat - M,63.81,24,OUTER,Fashion Hub Ltd,03/26/2024
AB-ACC-00496-L,Cognac Woven Belt,$186.27,99,Accs,Textile World,12/31/2025
AB-FOO-00497-XXL,Cognac Heeled Mule - XXL,$196.26,61,Shoes/Footwear,Atelier Nord,10/11/2024
AB-DRE-00498-XXL,Indigo Wrap Dress,171.79,122,DRESS,Fashion Hub Ltd,01/21/2026
AB-FOO-00499-S,Beige Espadrille,$305.90,114,footwear,FH Wholesale (old),01/13/2024
AB-BOT-00500-S,Charcoal Wide-Leg Trouser,143.53,111,Btms,Fashion Hub,04/08/2024
AB-OUT-00502-XL,Indigo Puffer Vest,276.73,134,OUTER,Apparel Solutions,02/12/2025
AB-TOP-00503-L,White Cardigan,$67.94,18,top,Textile World,12/26/2023
AB-FOO-00504-XL,Camel Ankle Boot,303.46,67,Shoes/Footwear,Apparel Sol.,12/16/2024
AB-ACC-00505-XL,Beige Crossbody Bag,28.38,70,accessories,A. Nord,12/24/2024
AB-BOT-00506-XXL,Beige Denim Short - XXL,$26.38,84,Bottoms,Atelier Nord,05/10/2025
AB-BOT-00507-L,Burgundy Skinny Jean - L,276.63,5,Pants/Bottoms,ApparelSolns,09/11/2024
AB-DRE-00508-L,Camel Shift Dress,$343.69,69,DRESS,Fashion Hub Ltd,01/10/2024
AB-DRE-00509-M,Emerald Shirt Dress,$238.78,22,dress,Apparel Solutions,04/19/2024
AB-OUT-00510-XXL,Indigo Trench Coat,221.95,95,Outr,A. Nord,10/29/2025
AB-TOP-00511-M,White Silk Blouse,$53.94,134,TOPS,A. Nord,05/16/2026
AB-FOO-00512-S,Ivory Ankle Boot - S,279.68,63,Shoes/Footwear,TW Co.,07/06/2023
AB-OUT-00513-XXL,Blush Moto Jacket,102.95,118,Jackets/Outerwear,Textile World Co,05/21/2025
AB-OUT-00514-XXL,White Blazer,$93.32,125,Outerwear,Fashion Hub,07/31/2025
AB-OUT-00515-XL,Emerald Trench Coat,128.47,51,outerwear,ApparelSolns,07/03/2025
AB-ACC-00516-XS,Camel Twill Scarf,33.0,42,Accessory,Atelier Nord,11/09/2025
AB-BOT-00517-XXL,Charcoal Linen Pant,100.03,113,Btms,Textile World Co,04/22/2025
AB-TOP-00518-S,Emerald Crewneck Tee - S,206.56,16,top,Textile World Co,01/27/2024
AB-DRE-00519-XXL,Camel Slip Dress,147.64,96,dress,ApparelSolns,01/24/2026
AB-DRE-00520-S,Camel Maxi Dress,$109.70,133,Drss,A. Nord,11/06/2025
AB-FOO-00521-XS,Beige Heeled Mule - XS,155.41,88,Shoes/Footwear,Fashion Hub Ltd,12/08/2024
AB-ACC-00522-M,Beige Wide-Brim Hat - M,$226.79,123,Accessory,,09/22/2023
AB-DRE-00523-M,Tan Shift Dress,94.96,63,dress,Apparel Solutions,04/15/2024
AB-BOT-00524-XS,Charcoal Denim Short,$227.04,43,Btms,A. Nord,09/04/2025
AB-TOP-00525-M,Camel Henley - M,$138.10,9,TOPS,Atelier Nord Studio,07/11/2025
AB-ACC-00526-M,Charcoal Wide-Brim Hat,251.59,121,Accessories,TW Co.,09/11/2025
AB-DRE-00527-S,Camel Slip Dress,107.07,120,dress,Textile World,04/08/2024
AB-ACC-00528-XL,Burgundy Woven Belt,301.34,85,accessories,TW Co.,08/09/2025
AB-TOP-00529-S,Blush Turtleneck,141.37,84,TOP,ApparelSolns,08/16/2024
AB-DRE-00530-L,Camel Slip Dress,166.38,18,Dresses ,Fashion Hub Ltd,01/19/2025
AB-BOT-00531-XXL,White Denim Short,191.53,90,,Atelier Nord Studio,10/10/2023
AB-BOT-00532-M,Charcoal Wide-Leg Trouser,320.05,122,Btms,A. Nord,11/18/2023
AB-DRE-00533-XS,Ivory Shirt Dress - XS,$109.94,49,DRESS,Atelier Nord Studio,06/03/2024
AB-ACC-00534-L,Black Twill Scarf,$83.33,43,Accessory,Apparel Sol.,02/13/2025
AB-BOT-00535-S,White Chino Pant - S,220.36,103,Pants/Bottoms,Atelier Nord Studio,07/22/2024
AB-OUT-00536-XS,Black Denim Jacket,230.8,12,OUTER,TW Co.,07/12/2024
AB-FOO-00537-XXL,Black Low-Top Sneaker,205.59,63,SHOES,FH Wholesale (old),04/15/2024
AB-ACC-00538-S,Camel Woven Belt,133.83,93,ACC,Fashion Hub Ltd,04/01/2024
AB-OUT-00540-M,Ivory Blazer - M,125.0,48,OUTER,A. Nord,05/22/2024
AB-OUT-00541-S,Charcoal Moto Jacket,81.94,-3,OUTER,Textile World Co,01/12/2025
AB-FOO-00542-M,White Low-Top Sneaker,$130.24,65,footwear,Fashion Hub Ltd,10/07/2025
AB-FOO-00543-XL,Black Loafer,215.55,5,Shoes/Footwear,FH Wholesale (old),10/23/2023
AB-ACC-00544-L,Indigo Twill Scarf,58.09,68,Accessory,Atelier Nord,12/27/2024
AB-ACC-00545-XXL,Charcoal Leather Tote,101.34,25,Accs,Fashion Hub,06/18/2025
AB-ACC-00547-M,White Wide-Brim Hat - M,$236.26,127,Accs,Fashion Hub,05/20/2024
AB-FOO-00548-XL,Camel Low-Top Sneaker,$133.06,104,footwear,TW Co.,03/27/2024
AB-BOT-00549-L,Cognac Skinny Jean,$220.99,122,Btms,Textile World Co,10/30/2024
AB-BOT-00550-XXL,Black Skinny Jean,279.33,116,BOTTOM,Fashion Hub Ltd,12/15/2023
AB-TOP-00551-XXL,Burgundy V-Neck Sweater,$301.28,59,top,FH Wholesale (old),04/09/2025
AB-DRE-00552-XS,Emerald Shift Dress,256.24,10,DRESS,Fashion Hub,01/29/2026
AB-DRE-00553-M,Tan Shift Dress,251.3,24,Dresses ,Atelier Nord Studio,11/09/2025
AB-TOP-00554-XXL,Ivory Crewneck Tee - XXL,117.2,112,TOP,Textile World Co,05/24/2025
AB-DRE-00555-M,White Shirt Dress - M,$75.88,102,DRESS,ApparelSolns,11/13/2024
AB-OUT-00556-XXL,Indigo Wool Peacoat,261.05,47,OUTER,A. Nord,02/28/2024
AB-BOT-00557-XS,Burgundy Linen Pant - XS,$46.68,123,Pants/Bottoms,TW Co.,10/21/2025
AB-FOO-00558-S,Emerald Espadrille - S,252.75,22,MISC,Atelier Nord Studio,04/05/2026
AB-ACC-00559-L,Ivory Statement Earrings,52.02,105,Accessories,Atelier Nord Studio,01/03/2025
AB-TOP-00560-XXL,Camel V-Neck Sweater - XXL,22.33,134,TOPS,Apparel Solutions,10/12/2025
AB-ACC-00561-XL,Burgundy Wide-Brim Hat,330.26,86,Accessory,TW Co.,11/13/2024
AB-FOO-00562-XL,Burgundy Espadrille,$145.25,65,Ftwr,Fashion Hub,11/25/2024
AB-DRE-00563-XXL,Tan Shirt Dress,$62.24,13,dress,Atelier Nord Studio,05/21/2023
AB-ACC-00564-L,Cognac Leather Tote - L,288.29,19,ACC,Atelier Nord Studio,07/03/2025
AB-OUT-00565-M,Charcoal Wool Peacoat,34.3,72,outerwear,Apparel Solutions,03/18/2025
AB-ACC-00566-S,Indigo Crossbody Bag,$149.73,114,Accs,FH Wholesale (old),03/17/2024
AB-OUT-00567-XS,Blush Denim Jacket,242.18,1,Outerwear,Atelier Nord Studio,08/21/2023
AB-OUT-00568-XL,Black Denim Jacket,256.39,77,OUTER,Fashion Hub,12/09/2024
AB-FOO-00569-XXL,Tan Low-Top Sneaker,298.68,96,SHOES,Atelier Nord Studio,12/16/2025
AB-TOP-00570-M,Emerald Turtleneck - M,218.02,107,Tshirts/Tops,Atelier Nord,10/29/2025
AB-OUT-00571-XXL,White Moto Jacket,$16.93,92,Outerwear,,03/08/2026
AB-ACC-00572-XL,Cognac Woven Belt,232.25,11,Accessory,Apparel Sol.,12/23/2023
AB-OUT-00573-XXL,Burgundy Trench Coat,$51.39,50,outerwear,,12/03/2023
AB-TOP-00574-L,Charcoal Cardigan,$235.68,38,Tops,Textile World Co,11/12/2025
AB-OUT-00575-XXL,Tan Moto Jacket,233.6,115,Jackets/Outerwear,Fashion Hub,03/02/2025
AB-ACC-00576-S,Cognac Wide-Brim Hat,$19.25,12,Accessory,Atelier Nord,06/21/2025
AB-OUT-00577-XL,Emerald Puffer Vest,$226.99,46,outerwear,Textile World,07/12/2025
AB-BOT-00578-XXL,Indigo Skinny Jean,172.58,98,bottoms,Apparel Solutions,12/25/2024
AB-FOO-00579-M,Charcoal Espadrille - M,310.04,75,SHOES,Atelier Nord,01/22/2025
AB-BOT-00580-XL,Indigo Wide-Leg Trouser,273.62,140,BOTTOM,Apparel Sol.,12/10/2025
AB-DRE-00581-XL,Burgundy Shirt Dress,73.76,74,Drss,Textile World,10/10/2025
AB-DRE-00582-XXL,Ivory Shirt Dress,169.79,86,Drss,Textile World,05/06/2025
AB-TOP-00583-L,Cognac Tank Top,$223.57,121,TOP,Atelier Nord Studio,05/27/2024
AB-OUT-00584-XS,Cognac Moto Jacket,139.2,13,Outr,Fashion Hub,10/11/2025
AB-TOP-00585-S,Camel Turtleneck - S,224.45,37,,ApparelSolns,11/28/2025
AB-TOP-00586-XL,Charcoal Button-Up Shirt,$127.60,109,Tshirts/Tops,Fashion Hub,03/09/2024
AB-FOO-00587-XL,Burgundy Espadrille,237.03,114,Shoes/Footwear,TW Co.,05/25/2024
AB-FOO-00588-XXL,Camel Espadrille,286.22,109,Footwear,,07/25/2024
AB-ACC-00589-XS,Cognac Woven Belt,263.75,51,Accessories,Fashion Hub Ltd,02/26/2025
AB-OUT-00590-XXL,Tan Trench Coat,$242.73,139,OUTER,ApparelSolns,06/09/2025
AB-FOO-00591-S,Burgundy Low-Top Sneaker,$156.12,18,Footwear,Apparel Solutions,01/14/2024
AB-FOO-00591-S,Burgundy Low-Top Sne aker,$156.12,18,Footwear,Apparel Solutions,01/14/2024
AB-DRE-00593-XL,Ivory Midi Dress,$19.54,109,dress,Apparel Solutions,11/18/2025
AB-BOT-00594-M,Ivory Skinny Jean,238.91,77,Btms,Fashion Hub Ltd,09/29/2024
AB-FOO-00595-XS,Blush Loafer,$176.67,47,Shoes/Footwear,Apparel Solutions,04/15/2025
AB-TOP-00596-XL,Indigo Silk Blouse,45.82,56,TOP,Atelier Nord,01/11/2024
AB-ACC-00597-M,Blush Woven Belt - M,82.23,135,MISC,ApparelSolns,09/14/2024
AB-FOO-00598-XS,Black Espadrille - XS,156.76,63,Shoes/Footwear,ApparelSolns,09/29/2023
AB-ACC-00599-XS,Indigo Woven Belt,$91.92,72,accessories,Atelier Nord Studio,08/02/2023
AB-FOO-00600-XL,Cognac Ballet Flat - XL,154.45,75,N/A,Atelier Nord Studio,09/26/2025
AB-BOT-00601-XS,Cognac Pleated Skirt,$69.68,135,Btms,Fashion Hub,05/17/2025
AB-TOP-00602-XXL,Charcoal V-Neck Sweater,261.05,116,N/A,Textile World,09/22/2025
AB-TOP-00603-XXL,Cognac Turtleneck - XXL,$215.15,18,TOPS,Atelier Nord,01/17/2026
AB-ACC-00604-L,Black Leather Tote,$28.04,18,Accessory,ApparelSolns,11/06/2023
AB-BOT-00605-XL,Camel Midi Skirt,205.45,68,Pants/Bottoms,FH Wholesale (old),04/24/2024
AB-OUT-00606-XXL,Emerald Denim Jacket,141.8,-3,Outr,A. Nord,06/09/2024
AB-ACC-00607-XS,Cognac Twill Scarf,236.17,11,Accs,Fashion Hub Ltd,09/05/2025
AB-TOP-00608-XS,Cognac Tank Top,255.27,91,top,Apparel Solutions,09/02/2025
AB-TOP-00609-L,Emerald Button-Up Shirt,267.36,7,Tshirts/Tops,Atelier Nord,01/25/2025
AB-BOT-00610-S,Charcoal Denim Short - S,$255.90,138,Bottoms,Atelier Nord Studio,06/22/2024
AB-ACC-00611-XXL,Camel Leather Tote,$298.65,2,Accessories,Apparel Sol.,02/11/2025
AB-FOO-00612-XS,White Low-Top Sneaker,$188.29,97,SHOES,Fashion Hub Ltd,01/31/2025
AB-FOO-00613-S,Camel Ankle Boot,81.94,131,Footwear,,10/30/2023
AB-BOT-00614-XL,Charcoal Wide-Leg Trouser - XL,77.86,61,Bottoms,Apparel Solutions,04/12/2025
AB-FOO-00615-L,Cognac Ankle Boot,104.72,27,Footwear,Fashion Hub Ltd,03/09/2024
AB-TOP-00616-XL,Burgundy Turtleneck,$330.48,91,Tshirts/Tops,A. Nord,01/16/2024
AB-ACC-00617-XS,Charcoal Statement Earrings,202.91,49,accessories,Apparel Solutions,10/25/2024
AB-OUT-00618-XL,Blush Denim Jacket - XL,$210.41,39,OUTER,Apparel Solutions,06/03/2025
AB-FOO-00619-L,Blush Ballet Flat - L,$17.19,63,Shoes/Footwear,TW Co.,08/13/2025
AB-BOT-00620-XXL,Burgundy Linen Pant,$102.24,79,bottoms,Atelier Nord,11/07/2023
AB-ACC-00621-L,Blush Statement Earrings - L,154.44,78,Accs,A. Nord,09/29/2024
AB-BOT-00623-XXL,Burgundy Pleated Skirt,$234.14,4,Bottoms,FH Wholesale (old),05/06/2026
AB-FOO-00624-XL,Black Espadrille,$253.75,54,footwear,Atelier Nord Studio,11/10/2023
AB-FOO-00625-XL,Cognac Ballet Flat,$215.12,38,Footwear,A. Nord,11/21/2024
AB-FOO-00625-XL,Cognac Balle t Flat,$215.12,38,Footwear,A. Nord,11/21/2024
AB-OUT-00626-XXL,Beige Trench Coat - XXL,$58.29,134,OUTER,ApparelSolns,03/10/2025
AB-TOP-00627-XL,Blush Cardigan - XL,210.9,54,top,Fashion Hub,10/04/2025
AB-FOO-00628-S,Emerald Low-Top Sneaker,184.91,37,SHOES,Textile World Co,12/08/2025
AB-ACC-00629-XS,Blush Crossbody Bag,247.86,59,Accessories,Textile World,07/22/2023
AB-ACC-00629-XS,Blush Crossbody Bag ,247.86,59,Accessories,Textile World,07/22/2023
AB-DRE-00630-XS,Charcoal Shift Dress,181.04,82,DRESS,Textile World Co,01/24/2025
AB-OUT-00631-XS,Black Denim Jacket - XS,47.46,133,N/A,ApparelSolns,06/10/2025
AB-DRE-00632-XL,Camel Shirt Dress,130.44,82,dress,Textile World,11/09/2024
AB-FOO-00633-XL,White Espadrille,$121.10,57,Ftwr,ApparelSolns,05/25/2025
AB-OUT-00634-L,Blush Wool Peacoat,$259.90,6,outerwear,A. Nord,03/07/2025
AB-BOT-00635-S,Ivory Chino Pant,183.6,71,BOTTOM,Fashion Hub Ltd,03/29/2024
AB-BOT-00636-M,Ivory Wide-Leg Trouser,$214.56,100,Btms,FH Wholesale (old),03/21/2026
AB-DRE-00637-L,White Shirt Dress - L,164.38,41,9,Atelier Nord Studio,05/07/2025
AB-OUT-00638-XS,Charcoal Moto Jacket,192.09,41,Jackets/Outerwear,Textile World Co,04/01/2024
AB-ACC-00639-XL,Black Wide-Brim Hat,32.95,66,9,Textile World,06/08/2024
AB-FOO-00640-XL,Beige Heeled Mule,267.87,76,footwear,FH Wholesale (old),11/13/2023
AB-BOT-00641-L,Beige Chino Pant,74.05,102,,A. Nord,02/10/2025
AB-BOT-00642-S,Beige Midi Skirt - S,$71.00,101,Bottoms,Apparel Sol.,09/17/2024
AB-FOO-00643-S,White Loafer,136.44,27,Ftwr,Atelier Nord Studio,08/06/2023
AB-BOT-00644-XXL,Cognac Denim Short,276.46,10,BOTTOM,A. Nord,06/10/2024
AB-OUT-00645-XS,Beige Puffer Vest,47.73,44,Jackets/Outerwear,Fashion Hub,07/20/2025
AB-FOO-00646-XXL,Tan Ankle Boot,178.49,82,SHOES,A. Nord,02/07/2026
AB-TOP-00647-L,Charcoal Cardigan,111.05,17,TOP,Atelier Nord Studio,08/14/2024
AB-TOP-00647-L,Charcoal Cardigan ,111.05,17,TOP,Atelier Nord Studio,08/14/2024
AB-BOT-00648-S,Emerald Pleated Skirt - S,$105.86,152,Btms,FH Wholesale (old),08/05/2024
AB-DRE-00649-XXL,Black Midi Dress,$191.58,29,dress,Fashion Hub Ltd,11/15/2024
AB-TOP-00650-S,Tan Cardigan,143.06,27,Tshirts/Tops,,05/09/2024
AB-OUT-00651-M,Beige Blazer,$276.66,108,9,ApparelSolns,12/07/2024
AB-DRE-00652-XXL,Camel Slip Dress,$246.52,105,Drss,A. Nord,03/24/2025
AB-FOO-00653-M,Ivory Heeled Mule,$89.84,80,Shoes/Footwear,Atelier Nord Studio,12/20/2024
AB-DRE-00654-XXL,Indigo Shirt Dress,280.36,30,Dresses,Textile World,11/27/2025
AB-BOT-00655-S,Burgundy Chino Pant - S,88.35,104,Pants/Bottoms,FH Wholesale (old),09/27/2025
AB-DRE-00656-XXL,Beige Slip Dress,68.81,-3,DRESS,Fashion Hub,03/26/2026
AB-TOP-00657-XL,Emerald Silk Blouse - XL,43.46,67,TOPS,A. Nord,01/26/2024
AB-DRE-00658-XS,Beige Wrap Dress - XS,314.62,102,dress,Atelier Nord Studio,08/10/2025
AB-ACC-00659-XXL,Camel Wide-Brim Hat,$303.73,44,Accessories,Fashion Hub,07/04/2025
AB-OUT-00660-S,Black Denim Jacket,81.78,130,Outerwear,Apparel Sol.,02/04/2025
AB-ACC-00661-S,Beige Leather Tote,127.15,8,Accs,Fashion Hub,11/19/2023
AB-TOP-00662-M,Indigo Button-Up Shirt - M,$141.78,51,Tshirts/Tops,Atelier Nord,11/26/2024
AB-TOP-00663-XL,White V-Neck Sweater,230.73,89,top,ApparelSolns,11/03/2024
AB-DRE-00664-S,Beige Midi Dress,279.49,-3,dress,A. Nord,09/19/2024
AB-FOO-00666-XL,Cognac Ballet Flat,$222.48,91,SHOES,ApparelSolns,01/19/2025
AB-OUT-00667-L,Blush Trench Coat,285.5,7,OUTER,Atelier Nord,09/30/2024
AB-TOP-00668-L,White Button-Up Shirt,$222.29,58,TOP,Textile World Co,01/12/2026
AB-DRE-00669-XL,Blush Maxi Dress,238.32,67,DRESS,Fashion Hub,02/11/2024
AB-DRE-00670-XXL,Indigo Wrap Dress,40.71,45,Dresses,Apparel Solutions,12/03/2024
AB-DRE-00671-XL,Charcoal Shift Dress,72.76,48,dress,Apparel Sol.,11/24/2024
AB-DRE-00671-XL,Charcoal Shift Dre ss,72.76,48,dress,Apparel Sol.,11/24/2024
AB-ACC-00672-XXL,Charcoal Leather Tote,290.85,52,Accessories,TW Co.,07/14/2024
AB-BOT-00673-XL,Charcoal Midi Skirt,62.0,38,Pants/Bottoms,Apparel Solutions,03/02/2024
AB-TOP-00674-XS,Beige Henley,$275.53,95,Tshirts/Tops,Fashion Hub Ltd,04/01/2025
AB-DRE-00675-M,Beige Maxi Dress,$71.79,130,Dresses ,A. Nord,04/12/2024
AB-OUT-00676-S,Beige Trench Coat - S,$181.52,108,OUTER,FH Wholesale (old),03/18/2025
AB-FOO-00677-M,Cognac Ankle Boot,281.64,44,Ftwr,Atelier Nord,10/31/2024
AB-TOP-00678-XXL,Blush Henley,$21.87,53,Tops,Fashion Hub Ltd,12/17/2024
AB-FOO-00679-M,Blush Ankle Boot,72.0,67,Footwear,Apparel Sol.,06/23/2024
AB-DRE-00680-M,Beige Maxi Dress,$71.88,108,dress,Apparel Sol.,07/11/2024
AB-OUT-00681-M,Blush Blazer,94.53,35,OUTER,A. Nord,07/23/2025
AB-BOT-00682-S,Tan Denim Short,$238.97,60,Btms,Fashion Hub Ltd,11/27/2024
AB-OUT-00684-XXL,Ivory Denim Jacket - XXL,261.58,72,,Apparel Solutions,01/23/2024
AB-FOO-00685-L,Black Loafer,$228.69,15,Shoes/Footwear,FH Wholesale (old),03/05/2024
AB-DRE-00686-XS,Tan Maxi Dress,250.19,66,Dresses,A. Nord,08/31/2024
AB-DRE-00687-M,Cognac Slip Dress,$24.13,31,Dresses,Apparel Solutions,09/28/2024
AB-ACC-00688-XL,Charcoal Wide-Brim Hat - XL,$309.91,72,accessories,Textile World,05/16/2024
AB-DRE-00689-L,Cognac Shirt Dress,$285.94,97,dress,A. Nord,09/14/2025
AB-DRE-00690-S,Tan Maxi Dress,202.63,86,Dresses,Textile World Co,08/13/2024
AB-ACC-00691-L,Beige Wide-Brim Hat - L,$44.35,87,accessories,Fashion Hub,06/25/2024
AB-DRE-00692-M,Tan Shift Dress,$198.76,101,Dresses,ApparelSolns,02/11/2024
AB-OUT-00693-XL,Burgundy Wool Peacoat,$141.23,49,outerwear,Atelier Nord,02/02/2026
AB-TOP-00694-S,Burgundy Silk Blouse - S,291.54,20,TOP,ApparelSolns,04/25/2024
AB-BOT-00695-XS,White Chino Pant,$312.75,128,Bottoms,FH Wholesale (old),01/16/2025
AB-TOP-00696-XL,Indigo Crewneck Tee,$49.14,37,TOPS,Fashion Hub Ltd,03/13/2024
AB-ACC-00697-S,Camel Crossbody Bag,$259.44,113,Accessories,Textile World,04/17/2025
AB-BOT-00698-S,Cognac Wide-Leg Trouser,27.05,106,Bottoms,FH Wholesale (old),11/07/2025
AB-DRE-00699-XL,Emerald Maxi Dress,171.73,48,DRESS,ApparelSolns,05/06/2025
AB-FOO-00700-XL,Beige Low-Top Sneaker,206.26,111,Footwear,Atelier Nord,06/18/2025
AB-ACC-00701-M,Cognac Statement Earrings - M,163.29,58,ACC,Apparel Sol.,03/19/2026
AB-TOP-00702-M,Camel Henley,$91.93,73,TOP,Atelier Nord Studio,12/13/2023
AB-TOP-00703-M,Blush Silk Blouse,$182.09,125,Tops,,07/17/2025
AB-OUT-00704-L,Black Wool Peacoat,196.71,9,OUTER,Apparel Sol.,12/21/2024
AB-DRE-00705-XL,Indigo Midi Dress,133.96,41,DRESS,Atelier Nord Studio,05/26/2025
AB-ACC-00706-L,Indigo Statement Earrings,$95.17,108,ACC,Textile World Co,02/15/2025
AB-BOT-00707-XXL,Beige Denim Short - XXL,$103.93,136,Bottoms,Apparel Sol.,03/30/2026
AB-DRE-00708-XS,Charcoal Maxi Dress,56.64,28,dress,Textile World,04/17/2025
AB-OUT-00709-M,Emerald Puffer Vest - M,$74.97,4,N/A,Atelier Nord Studio,04/19/2024
AB-TOP-00710-XS,Ivory Crewneck Tee - XS,95.81,112,top,Apparel Sol.,09/17/2025
AB-TOP-00711-S,White Turtleneck,177.02,87,TOP,Fashion Hub Ltd,03/05/2025
AB-DRE-00712-L,Blush Maxi Dress,122.19,30,DRESS,Fashion Hub Ltd,02/25/2024
AB-DRE-00713-XL,White Maxi Dress - XL,$73.72,64,Dresses ,Atelier Nord Studio,02/01/2026
AB-OUT-00714-XXL,White Moto Jacket,$135.78,117,MISC,,08/14/2024
AB-ACC-00715-L,Charcoal Twill Scarf - L,$176.35,49,Accs,Fashion Hub,03/17/2025
AB-OUT-00716-M,Camel Blazer - M,220.39,25,OUTER,Textile World,06/08/2025
AB-FOO-00717-M,White Loafer,211.24,42,Ftwr,A. Nord,12/11/2024
AB-TOP-00718-S,White Turtleneck,124.81,42,Tops,Atelier Nord,08/04/2025
AB-DRE-00719-L,White Slip Dress - L,$20.73,10,Dresses ,TW Co.,02/17/2025
AB-ACC-00720-XL,Burgundy Crossbody Bag,$127.97,11,Accessory,TW Co.,07/07/2024
AB-BOT-00721-XXL,White Chino Pant,298.17,15,Btms,Apparel Sol.,10/11/2023
AB-DRE-00722-XXL,Ivory Shirt Dress,$56.00,59,Drss,Fashion Hub,05/13/2024
AB-FOO-00723-L,Blush Espadrille - L,22.54,101,footwear,Textile World Co,08/04/2024
AB-ACC-00724-XS,Camel Leather Tote,$245.42,75,ACC,Atelier Nord,04/25/2025
AB-ACC-00725-XL,Charcoal Crossbody Bag,171.94,75,ACC,Textile World Co,06/13/2025
AB-OUT-00726-XL,Beige Wool Peacoat,37.2,39,outerwear,TW Co.,01/05/2025
AB-DRE-00727-M,Cognac Shift Dress - M,17.99,118,DRESS,Atelier Nord Studio,10/09/2024
AB-ACC-00728-XL,Black Leather Tote,$243.62,70,ACC,Apparel Sol.,09/14/2024
AB-ACC-00729-XL,Tan Twill Scarf,$77.58,127,Accessories,Atelier Nord,12/27/2025
AB-FOO-00730-M,Beige Low-Top Sneaker - M,$130.58,82,Footwear,Apparel Sol.,01/14/2024
AB-TOP-00731-S,Black V-Neck Sweater,$282.75,51,TOP,Textile World,02/24/2024
AB-OUT-00732-XS,White Trench Coat - XS,$227.05,134,outerwear,Atelier Nord Studio,06/22/2025
AB-ACC-00733-XS,Camel Wide-Brim Hat - XS,80.86,32,Accs,Apparel Sol.,06/29/2023
AB-ACC-00733-XS,Came l Wide-Brim Hat - XS,80.86,32,Accs,Apparel Sol.,06/29/2023
AB-BOT-00734-XS,Emerald Linen Pant,269.57,15,Pants/Bottoms,A. Nord,05/10/2024
AB-FOO-00735-M,Indigo Espadrille,254.9,63,Shoes/Footwear,Fashion Hub,03/01/2025
AB-ACC-00737-L,Cognac Leather Tote,78.8,54,Accs,Textile World,04/16/2025
AB-ACC-00738-XXL,Cognac Leather Tote - XXL,248.98,91,Accs,Atelier Nord,09/06/2025
AB-OUT-00739-L,Tan Blazer - L,66.2,61,Jackets/Outerwear,Fashion Hub,02/14/2025
AB-OUT-00740-XXL,Blush Puffer Vest,$175.03,113,Jackets/Outerwear,Textile World Co,08/29/2024
AB-ACC-00742-S,Beige Woven Belt,133.08,140,Accessory,TW Co.,08/25/2025
AB-DRE-00743-L,Emerald Shift Dress,$19.45,8,Dresses ,A. Nord,03/12/2024
AB-FOO-00744-S,Cognac Ankle Boot - S,20.31,56,Ftwr,Apparel Sol.,05/23/2024
AB-DRE-00745-M,Burgundy Wrap Dress,46.54,117,Dresses ,TW Co.,11/19/2024
AB-BOT-00746-M,Camel Wide-Leg Trouser,80.52,76,Btms,TW Co.,12/13/2023
AB-FOO-00747-S,Beige Heeled Mule,228.25,123,Shoes/Footwear,Fashion Hub,04/28/2024
AB-OUT-00748-XL,Burgundy Blazer,$196.20,86,outerwear,,02/06/2024
AB-ACC-00749-XS,Indigo Wide-Brim Hat,302.96,85,Accessory,Fashion Hub Ltd,06/02/2024
AB-OUT-00750-S,White Denim Jacket,212.69,97,Outr,FH Wholesale (old),08/24/2023
AB-DRE-00751-M,Black Slip Dress,$120.10,56,DRESS,Textile World Co,05/03/2024
AB-TOP-00752-XL,Emerald Cardigan - XL,85.99,71,Tshirts/Tops,Fashion Hub,09/19/2025
AB-OUT-00753-M,Ivory Trench Coat,158.49,12,OUTER,FH Wholesale (old),05/25/2025
AB-OUT-00754-L,White Wool Peacoat - L,253.08,36,OUTER,A. Nord,01/31/2026
AB-BOT-00755-S,Cognac Chino Pant,$147.23,49,bottoms,Atelier Nord Studio,07/14/2025
AB-FOO-00756-S,Cognac Espadrille,$38.77,119,Shoes/Footwear,Textile World,06/04/2024
AB-ACC-00757-XS,White Wide-Brim Hat,155.45,89,Accs,Atelier Nord,01/17/2024
AB-DRE-00758-XXL,Beige Shift Dress,252.63,57,Dresses ,Fashion Hub,09/13/2024
AB-FOO-00759-S,Beige Heeled Mule - S,$31.59,66,SHOES,Atelier Nord,06/19/2024
AB-ACC-00760-XXL,Ivory Woven Belt - XXL,51.36,8,Accessory,FH Wholesale (old),08/09/2024
AB-FOO-00761-XS,Camel Low-Top Sneaker - XS,$243.57,28,SHOES,Apparel Sol.,08/15/2024
AB-OUT-00762-M,Black Denim Jacket,$234.43,54,OUTER,TW Co.,11/30/2023
AB-FOO-00763-XL,Camel Loafer,$206.27,36,Shoes/Footwear,A. Nord,06/26/2025
AB-ACC-00764-L,Black Statement Earrings - L,95.13,25,Accs,FH Wholesale (old),05/23/2024
AB-BOT-00765-XL,Burgundy Midi Skirt,34.01,2,Bottoms,Apparel Solutions,01/12/2024
AB-OUT-00766-XXL,Camel Blazer - XXL,$278.98,4,Jackets/Outerwear,ApparelSolns,05/22/2024
AB-FOO-00768-S,White Loafer,169.9,121,Shoes/Footwear,Textile World,02/20/2025
AB-ACC-00769-S,Black Twill Scarf,115.38,100,Accs,ApparelSolns,07/22/2025
AB-BOT-00770-XXL,Blush Skinny Jean,124.73,77,Pants/Bottoms,ApparelSolns,08/29/2024
AB-FOO-00771-XXL,Black Ballet Flat - XXL,277.16,7,Shoes/Footwear,ApparelSolns,11/24/2024
AB-DRE-00772-M,Ivory Midi Dress,221.53,22,Dresses,,07/23/2025
AB-OUT-00773-XL,Tan Puffer Vest,145.69,39,outerwear,TW Co.,02/23/2025
AB-DRE-00774-L,Blush Slip Dress - L,$79.96,34,Dresses ,TW Co.,05/28/2025
AB-FOO-00775-S,Charcoal Espadrille - S,225.72,121,SHOES,ApparelSolns,12/22/2023
AB-TOP-00777-S,Blush Silk Blouse,265.79,105,9,Fashion Hub Ltd,08/28/2024
AB-TOP-00777-S,Blush Silk Blouse ,265.79,105,9,Fashion Hub Ltd,08/28/2024
AB-DRE-00778-XXL,Burgundy Maxi Dress,61.68,48,dress,,11/27/2023
AB-BOT-00779-XL,Black Wide-Leg Trouser,$184.03,66,MISC,Apparel Sol.,01/08/2025
AB-OUT-00782-S,Ivory Trench Coat - S,26.87,-3,OUTER,Textile World Co,07/31/2024
AB-OUT-00783-XXL,Burgundy Trench Coat - XXL,242.95,6,OUTER,,05/26/2024
AB-OUT-00784-XXL,Emerald Puffer Vest - XXL,$272.64,62,OUTER,Apparel Sol.,12/18/2024
AB-OUT-00785-XXL,Beige Moto Jacket,$235.96,101,outerwear,Atelier Nord Studio,02/22/2025
AB-ACC-00786-XL,Beige Wide-Brim Hat,157.29,115,Accessory,Fashion Hub,08/17/2024
AB-TOP-00787-XL,Cognac Turtleneck,$339.29,10,Tshirts/Tops,Atelier Nord Studio,04/19/2025
AB-OUT-00788-XS,Tan Puffer Vest,$110.00,88,OUTER,TW Co.,06/23/2024
AB-DRE-00789-L,Ivory Maxi Dress - L,$203.92,13,dress,Apparel Sol.,09/17/2025
AB-FOO-00790-XXL,Emerald Low-Top Sneaker,$43.95,129,Ftwr,A. Nord,10/10/2023
AB-BOT-00791-XXL,Beige Midi Skirt,$144.38,82,Btms,Textile World,10/29/2024
AB-TOP-00792-XL,Emerald Silk Blouse,284.53,20,Tops,Textile World,04/14/2024
AB-DRE-00793-XXL,Tan Shirt Dress,$236.14,31,Dresses,Textile World,12/06/2023
AB-TOP-00794-M,Tan Henley,175.27,101,TOPS,Fashion Hub,09/22/2025
AB-FOO-00795-L,Ivory Loafer,$31.36,52,Shoes/Footwear,Atelier Nord,05/22/2024
AB-FOO-00796-S,Ivory Espadrille,$72.20,13,Footwear,Textile World Co,11/17/2024
AB-DRE-00797-L,Burgundy Shift Dress - L,$204.01,30,dress,Apparel Sol.,02/25/2024
AB-BOT-00798-M,Beige Skinny Jean,$160.58,127,MISC,FH Wholesale (old),06/17/2025
AB-TOP-00799-S,Charcoal Henley - S,157.91,113,TOP,Atelier Nord Studio,07/26/2023
AB-FOO-00800-S,Black Loafer,$195.51,53,Footwear,Apparel Solutions,06/25/2023
AB-BOT-00801-XXL,Black Wide-Leg Trouser - XXL,28.75,8,Pants/Bottoms,ApparelSolns,04/02/2025
AB-FOO-00802-M,Camel Loafer,$32.64,106,N/A,Fashion Hub,05/01/2024
AB-BOT-00803-XL,Camel Linen Pant,306.6,92,Pants/Bottoms,TW Co.,07/24/2023
AB-TOP-00804-M,Blush Button-Up Shirt - M,265.91,109,TOP,Atelier Nord,04/22/2026
AB-FOO-00805-L,Camel Ankle Boot,$54.58,70,9,TW Co.,08/05/2024
AB-FOO-00806-S,Cognac Heeled Mule,$218.33,27,Shoes/Footwear,Textile World Co,07/17/2025
AB-ACC-00807-XS,Cognac Statement Earrings,$207.38,73,ACC,Atelier Nord Studio,10/03/2024
AB-FOO-00808-XL,Camel Ballet Flat,283.75,127,Shoes/Footwear,Apparel Solutions,04/14/2025
AB-ACC-00809-L,Emerald Statement Earrings,286.54,59,ACC,Textile World Co,05/03/2025
AB-DRE-00810-XS,Black Midi Dress,147.96,30,DRESS,Fashion Hub,06/03/2025
AB-BOT-00811-L,Beige Midi Skirt,32.38,76,Pants/Bottoms,Atelier Nord,06/06/2025
AB-ACC-00812-XXL,Black Leather Tote,224.52,79,9,Textile World Co,02/27/2026
AB-TOP-00813-XL,Camel Button-Up Shirt,$238.47,17,Tshirts/Tops,Apparel Solutions,08/17/2025
AB-DRE-00814-XXL,Indigo Shift Dress - XXL,$270.10,39,Dresses ,FH Wholesale (old),12/02/2024
AB-DRE-00815-L,Emerald Shirt Dress,$214.81,123,Dresses ,Fashion Hub,03/03/2024
AB-ACC-00816-M,Cognac Crossbody Bag - M,271.93,114,accessories,A. Nord,11/12/2025
AB-TOP-00817-XXL,Beige Button-Up Shirt,182.12,4,TOPS,ApparelSolns,06/25/2024
AB-FOO-00818-M,Blush Espadrille - M,334.52,71,Ftwr,Fashion Hub,11/23/2025
AB-TOP-00819-XXL,Indigo Tank Top - XXL,$190.23,99,Tshirts/Tops,Textile World Co,01/07/2024
AB-TOP-00819-XXL,Indigo Tank Top - XXL ,$190.23,99,Tshirts/Tops,Textile World Co,01/07/2024
AB-FOO-00820-XXL,Camel Ankle Boot,227.06,69,Ftwr,ApparelSolns,02/09/2025
AB-FOO-00820-XXL,Came l Ankle Boot,227.06,69,Ftwr,ApparelSolns,02/09/2025
AB-TOP-00821-M,Charcoal Henley - M,$263.09,77,TOP,Atelier Nord Studio,07/23/2024
AB-FOO-00822-XS,Ivory Ballet Flat - XS,$255.08,51,footwear,Apparel Sol.,04/03/2024
AB-FOO-00824-S,Blush Ballet Flat - S,$242.74,129,Footwear,Fashion Hub Ltd,06/04/2025
AB-BOT-00825-XS,Burgundy Wide-Leg Trouser,138.43,133,BOTTOM,Atelier Nord,03/18/2024
AB-TOP-00826-XXL,Black Button-Up Shirt,113.94,11,top,Fashion Hub Ltd,01/20/2024
AB-FOO-00827-M,Burgundy Espadrille,206.85,76,Shoes/Footwear,,05/27/2025
AB-BOT-00828-S,Charcoal Pleated Skirt,102.13,81,bottoms,ApparelSolns,10/23/2025
AB-OUT-00829-M,White Blazer,64.1,29,Jackets/Outerwear,Textile World Co,12/06/2023
AB-FOO-00830-XS,Cognac Loafer,$180.49,140,footwear,TW Co.,06/25/2024
AB-DRE-00831-M,Burgundy Midi Dress,77.62,79,Drss,Textile World,02/26/2025
AB-DRE-00832-XS,Emerald Slip Dress,27.66,12,dress,Textile World Co,02/06/2024
AB-OUT-00833-L,White Moto Jacket - L,$71.81,114,outerwear,Atelier Nord Studio,06/04/2025
AB-DRE-00834-S,Blush Shift Dress - S,$308.31,119,Dresses,Fashion Hub,05/18/2025
AB-BOT-00835-L,Burgundy Skinny Jean,145.2,119,Pants/Bottoms,Fashion Hub Ltd,11/04/2024
AB-BOT-00836-XL,Ivory Wide-Leg Trouser - XL,303.28,99,Btms,Apparel Solutions,03/12/2024
AB-ACC-00837-M,Blush Statement Earrings,156.9,19,Accessory,A. Nord,02/12/2025
AB-TOP-00838-L,Emerald Tank Top,$99.78,89,TOP,TW Co.,04/24/2025
AB-FOO-00839-XS,Cognac Low-Top Sneaker,274.22,27,,Atelier Nord Studio,11/02/2024
AB-FOO-00840-M,White Espadrille,$146.35,105,Shoes/Footwear,Atelier Nord,06/06/2024
AB-FOO-00841-S,Cognac Low-Top Sneaker,136.98,87,Shoes/Footwear,A. Nord,07/27/2024
AB-ACC-00842-L,Indigo Wide-Brim Hat - L,$193.60,60,Accessories,ApparelSolns,12/11/2023
AB-ACC-00843-XXL,White Statement Earrings,52.02,118,Accessory,Atelier Nord Studio,09/15/2024
AB-FOO-00844-S,Emerald Ankle Boot,337.25,17,Footwear,Apparel Solutions,03/26/2025
AB-TOP-00845-L,Blush Cardigan,43.28,35,TOPS,Fashion Hub,01/19/2025
AB-ACC-00846-XXL,Ivory Twill Scarf - XXL,$156.79,74,Accessory,TW Co.,10/19/2024
AB-FOO-00847-S,Emerald Loafer,231.39,81,SHOES,Textile World Co,07/28/2024
AB-FOO-00849-M,Ivory Heeled Mule,128.03,140,Footwear,Fashion Hub Ltd,02/13/2024
AB-TOP-00850-M,White Tank Top,$83.77,100,Tops,FH Wholesale (old),04/03/2025
AB-BOT-00852-S,Ivory Chino Pant,281.55,92,bottoms,Atelier Nord Studio,04/20/2026
AB-OUT-00853-XXL,Camel Trench Coat,58.24,23,Jackets/Outerwear,Textile World Co,06/07/2025
AB-TOP-00854-L,Burgundy Silk Blouse - L,$322.18,34,top,Atelier Nord,02/18/2024
AB-BOT-00855-L,Indigo Linen Pant,$217.72,122,Pants/Bottoms,Atelier Nord Studio,12/23/2024
AB-OUT-00856-L,Emerald Puffer Vest,$94.67,102,Outerwear,ApparelSolns,01/16/2025
AB-TOP-00857-S,Burgundy Henley - S,141.78,139,Tshirts/Tops,Apparel Solutions,02/25/2025
AB-DRE-00858-XL,Black Wrap Dress,225.48,43,Dresses,Atelier Nord,06/11/2025
AB-OUT-00859-S,White Blazer - S,160.45,20,Outerwear,Apparel Sol.,03/20/2025
AB-FOO-00860-L,Charcoal Ankle Boot,230.9,153,Footwear,Fashion Hub Ltd,10/04/2025
AB-FOO-00860-L,Charcoal Ankle  Boot,230.9,153,Footwear,Fashion Hub Ltd,10/04/2025
AB-FOO-00861-XS,Beige Ballet Flat,168.99,2,SHOES,Apparel Sol.,12/22/2024
AB-OUT-00862-XL,Emerald Puffer Vest,$143.79,75,Outr,ApparelSolns,07/02/2024
AB-ACC-00864-S,Beige Crossbody Bag,$213.32,62,Accessory,Fashion Hub,12/20/2025
AB-ACC-00865-M,Black Wide-Brim Hat,$42.57,129,ACC,Atelier Nord,02/19/2024
AB-ACC-00867-S,Beige Twill Scarf,$199.82,94,Accs,TW Co.,12/11/2025
AB-BOT-00868-S,Burgundy Pleated Skirt,73.89,135,Btms,A. Nord,05/17/2026
AB-TOP-00869-S,White Tank Top,$295.19,105,Tops,Textile World Co,02/25/2026
AB-OUT-00870-L,Tan Trench Coat - L,82.55,88,OUTER,TW Co.,11/05/2023
AB-ACC-00871-XS,White Woven Belt,155.9,118,Accessories,TW Co.,08/17/2024
AB-OUT-00872-S,Cognac Blazer,$246.13,99,OUTER,Atelier Nord,11/05/2024
AB-DRE-00873-L,Cognac Midi Dress,$102.55,114,dress,Fashion Hub Ltd,08/02/2024
AB-ACC-00874-XXL,Cognac Woven Belt,49.38,136,Accs,FH Wholesale (old),09/01/2025
AB-DRE-00875-XXL,Beige Maxi Dress,$116.28,56,DRESS,Apparel Sol.,09/25/2025
AB-TOP-00876-XL,Tan Button-Up Shirt,$141.47,61,Tshirts/Tops,Atelier Nord,09/09/2025
AB-ACC-00877-XL,Charcoal Wide-Brim Hat,212.18,46,accessories,Apparel Solutions,04/03/2024
AB-TOP-00879-S,Blush Henley,98.92,8,Tops,Apparel Solutions,07/07/2023
AB-FOO-00880-XL,Black Ankle Boot,$305.05,31,Ftwr,Textile World Co,05/11/2025
AB-TOP-00881-S,Beige V-Neck Sweater,$217.13,33,Tshirts/Tops,Atelier Nord Studio,12/20/2023
AB-ACC-00882-M,Camel Leather Tote,216.14,19,ACC,Atelier Nord,10/12/2025
AB-OUT-00883-XXL,Indigo Wool Peacoat - XXL,$102.81,18,OUTER,ApparelSolns,08/11/2024
AB-TOP-00884-M,Indigo Cardigan - M,$99.23,54,TOP,Fashion Hub Ltd,06/18/2024
AB-OUT-00885-S,Emerald Moto Jacket - S,72.46,125,Jackets/Outerwear,Atelier Nord,02/28/2024
AB-TOP-00887-XL,White V-Neck Sweater - XL,$259.63,4,MISC,,09/26/2024
AB-BOT-00888-XS,Tan Linen Pant,221.25,68,Btms,FH Wholesale (old),11/17/2023
AB-ACC-00889-XL,Indigo Woven Belt,191.47,126,accessories,Fashion Hub Ltd,04/03/2025
AB-OUT-00890-XS,Burgundy Denim Jacket,$19.63,123,Outr,Textile World,03/22/2024
AB-FOO-00891-M,Blush Loafer - M,$140.90,23,footwear,Apparel Solutions,08/28/2024
AB-FOO-00892-L,White Ballet Flat,213.63,45,footwear,Apparel Sol.,02/17/2025
AB-TOP-00893-S,Tan Cardigan,232.03,27,,Apparel Sol.,08/04/2025
AB-ACC-00894-XS,Emerald Woven Belt,$250.83,35,Accessory,Atelier Nord Studio,12/20/2023
AB-BOT-00895-XL,Burgundy Skinny Jean - XL,162.73,16,Pants/Bottoms,TW Co.,11/09/2025
AB-FOO-00896-L,Camel Espadrille - L,313.48,4,Ftwr,A. Nord,11/11/2023
AB-DRE-00897-XXL,Blush Wrap Dress - XXL,$126.31,47,dress,FH Wholesale (old),12/31/2025
AB-ACC-00898-L,Cognac Statement Earrings - L,247.89,59,Accs,,11/13/2023
AB-TOP-00899-XXL,Emerald Silk Blouse,154.92,4,Tshirts/Tops,Fashion Hub Ltd,08/21/2024
AB-ACC-00900-XS,Ivory Statement Earrings,$223.31,78,,Textile World,12/05/2025
AB-TOP-00901-S,Beige Henley - S,$261.79,27,top,Fashion Hub Ltd,02/26/2024
AB-OUT-00902-S,Beige Puffer Vest,254.21,98,outerwear,Fashion Hub Ltd,09/13/2024
AB-ACC-00903-M,Indigo Statement Earrings,315.92,139,Accessory,Fashion Hub Ltd,03/03/2024
AB-DRE-00904-XL,Black Midi Dress,$120.34,29,Dresses ,Textile World,07/19/2024
AB-BOT-00905-S,Indigo Midi Skirt,$198.68,105,N/A,Apparel Sol.,05/19/2024
AB-FOO-00906-XS,Ivory Ankle Boot,239.71,4,Ftwr,Atelier Nord,03/24/2026
AB-OUT-00907-XS,Black Moto Jacket,$326.20,60,Outr,Textile World Co,09/17/2024
AB-ACC-00908-S,Burgundy Crossbody Bag - S,$59.62,65,accessories,Textile World Co,12/31/2024
AB-OUT-00909-S,Charcoal Denim Jacket - S,198.3,127,OUTER,FH Wholesale (old),01/24/2025
AB-FOO-00911-M,Beige Ankle Boot,154.96,55,9,Textile World Co,06/01/2024
AB-TOP-00912-S,White Turtleneck,166.25,28,TOP,Atelier Nord Studio,04/19/2025
AB-TOP-00913-M,Tan Crewneck Tee - M,80.04,64,TOPS,ApparelSolns,12/07/2024
AB-FOO-00914-XS,Black Heeled Mule - XS,$318.52,45,SHOES,Fashion Hub Ltd,05/11/2024
AB-TOP-00915-XS,Cognac Henley,$289.15,98,Tops,Fashion Hub,01/11/2025
AB-FOO-00916-S,Indigo Ballet Flat,86.1,23,SHOES,Apparel Solutions,11/20/2024
AB-BOT-00917-XXL,Charcoal Skinny Jean,276.58,96,bottoms,A. Nord,05/07/2024
AB-TOP-00918-L,Beige Henley,$279.36,37,Tshirts/Tops,Fashion Hub Ltd,12/14/2023
AB-TOP-00918-L,Be ige Henley,$279.36,37,Tshirts/Tops,Fashion Hub Ltd,12/14/2023
AB-FOO-00919-L,Ivory Heeled Mule - L,60.47,49,footwear,Apparel Solutions,07/08/2025
AB-DRE-00920-M,Charcoal Shift Dress - M,$27.85,15,Drss,Textile World Co,09/17/2024
AB-BOT-00921-L,Emerald Skinny Jean - L,69.75,87,bottoms,Atelier Nord Studio,05/16/2024
AB-DRE-00922-XXL,Ivory Slip Dress - XXL,$192.89,58,Dresses ,Textile World,10/01/2023
AB-OUT-00923-S,Emerald Puffer Vest,$266.37,79,OUTER,A. Nord,10/31/2023
AB-ACC-00924-S,Burgundy Crossbody Bag,$113.11,56,Accessories,Textile World Co,03/16/2025
AB-BOT-00925-L,Black Denim Short - L,28.6,130,Btms,Fashion Hub,01/07/2026
AB-BOT-00928-S,Camel Pleated Skirt,$22.59,78,Btms,Fashion Hub,12/07/2023
AB-ACC-00929-XXL,Beige Crossbody Bag,310.07,118,ACC,Fashion Hub Ltd,02/09/2026
AB-BOT-00930-L,Burgundy Midi Skirt - L,$244.36,79,BOTTOM,Textile World,08/21/2025
AB-BOT-00930-L,Burgundy Midi Skirt - L ,$244.36,79,BOTTOM,Textile World,08/21/2025
AB-OUT-00931-XS,Tan Blazer - XS,$130.38,78,Outerwear,Fashion Hub Ltd,04/12/2025
AB-DRE-00933-XL,Black Shirt Dress,$296.24,28,DRESS,Apparel Solutions,12/05/2024
AB-DRE-00933-XL,Black Shirt Dre ss,$296.24,28,DRESS,Apparel Solutions,12/05/2024
AB-DRE-00934-XS,Beige Maxi Dress - XS,120.61,17,Dresses ,Apparel Sol.,03/19/2025
AB-ACC-00935-M,Ivory Leather Tote - M,175.24,122,accessories,Textile World,11/04/2025
AB-FOO-00936-XXL,Charcoal Espadrille,$116.65,82,SHOES,Textile World Co,10/15/2024
AB-ACC-00937-XS,Camel Crossbody Bag,$127.38,127,Accessories,Fashion Hub,02/25/2025
AB-FOO-00938-L,White Loafer,165.45,94,Shoes/Footwear,Apparel Sol.,11/04/2025
AB-ACC-00939-S,White Statement Earrings,44.74,100,accessories,Atelier Nord Studio,04/24/2024
AB-DRE-00940-S,White Wrap Dress,53.32,37,Dresses ,,10/14/2024
AB-BOT-00941-XL,Charcoal Midi Skirt,107.7,138,BOTTOM,Fashion Hub Ltd,02/15/2024
AB-OUT-00942-L,Indigo Wool Peacoat - L,105.77,16,Outerwear,Fashion Hub,12/09/2023
AB-BOT-00943-XXL,Cognac Midi Skirt - XXL,143.9,87,Bottoms,Apparel Solutions,10/02/2025
AB-BOT-00943-XXL,Cognac Midi Skirt - XXL ,143.9,87,Bottoms,Apparel Solutions,10/02/2025
AB-ACC-00944-XL,Emerald Woven Belt,160.55,33,Accessory,,12/17/2025
AB-DRE-00945-S,Camel Midi Dress,$128.64,73,dress,Atelier Nord Studio,11/23/2025
AB-TOP-00946-M,Blush Silk Blouse,313.65,41,top,Atelier Nord,09/14/2025
AB-FOO-00947-S,Ivory Ballet Flat - S,73.66,36,Footwear,TW Co.,01/12/2024
AB-ACC-00949-M,Tan Twill Scarf,69.94,114,MISC,ApparelSolns,03/01/2025
AB-BOT-00950-XS,Camel Denim Short,145.4,127,Bottoms,Fashion Hub,07/20/2025
AB-BOT-00951-S,Blush Chino Pant,$317.82,139,Bottoms,Fashion Hub Ltd,04/07/2025
AB-DRE-00952-M,Burgundy Shirt Dress - M,$291.66,49,Dresses,Atelier Nord,10/28/2025
AB-FOO-00953-M,Emerald Espadrille,238.5,23,Ftwr,Fashion Hub Ltd,10/16/2023
AB-DRE-00955-XS,Blush Wrap Dress - XS,200.23,56,dress,Textile World Co,08/02/2025
AB-DRE-00955-XS,Blush Wrap Dre ss - XS,200.23,56,dress,Textile World Co,08/02/2025
AB-DRE-00956-XS,Black Midi Dress,$222.24,22,Drss,Atelier Nord Studio,05/24/2025
AB-OUT-00957-M,Emerald Trench Coat,$287.40,80,Outerwear,Fashion Hub,07/09/2024
AB-BOT-00958-M,Indigo Linen Pant,$135.57,66,Pants/Bottoms,A. Nord,12/19/2024
AB-DRE-00959-XL,Emerald Shift Dress,$76.62,113,Dresses ,FH Wholesale (old),01/03/2026
AB-OUT-00960-S,Camel Denim Jacket,$241.98,106,outerwear,Atelier Nord Studio,11/14/2023
AB-FOO-00961-S,White Loafer,109.56,124,Shoes/Footwear,Textile World Co,04/25/2024
AB-TOP-00962-XS,White Cardigan - XS,213.0,55,MISC,Atelier Nord,12/26/2024
AB-BOT-00963-XXL,Emerald Denim Short - XXL,$76.65,112,BOTTOM,TW Co.,07/21/2024
AB-FOO-00964-M,Black Heeled Mule,$165.24,118,SHOES,ApparelSolns,07/04/2024
AB-TOP-00965-M,Ivory Crewneck Tee,300.16,120,top,Apparel Sol.,12/17/2023
AB-ACC-00966-L,Camel Statement Earrings,$156.00,60,accessories,TW Co.,06/27/2023
AB-TOP-00967-XS,Emerald Button-Up Shirt,178.97,111,TOPS,ApparelSolns,03/22/2026
AB-DRE-00968-L,Tan Shirt Dress,$129.80,4,Dresses,FH Wholesale (old),01/13/2026
AB-DRE-00969-XS,Beige Midi Dress,117.24,34,Dresses ,,07/27/2024
AB-BOT-00970-M,Camel Skinny Jean - M,220.66,91,bottoms,A. Nord,11/01/2023
AB-DRE-00971-XXL,Cognac Shift Dress - XXL,$175.06,46,Dresses,FH Wholesale (old),10/10/2025
AB-TOP-00972-M,Cognac Silk Blouse,246.94,87,TOP,Apparel Sol.,09/26/2024
AB-ACC-00973-M,Burgundy Statement Earrings - M,$170.33,93,ACC,FH Wholesale (old),02/15/2026
AB-BOT-00974-XL,Ivory Skinny Jean,$130.54,124,Bottoms,ApparelSolns,01/02/2025
AB-DRE-00975-S,White Midi Dress - S,170.06,41,DRESS,Textile World,01/14/2026
AB-FOO-00976-XL,Burgundy Loafer,132.0,19,SHOES,Fashion Hub Ltd,04/28/2024
AB-BOT-00977-M,Emerald Skinny Jean,222.92,35,bottoms,Apparel Solutions,12/30/2025
AB-TOP-00979-XXL,Ivory Turtleneck,227.8,80,TOPS,Textile World Co,01/18/2024
AB-BOT-00980-L,White Wide-Leg Trouser,$44.28,138,BOTTOM,FH Wholesale (old),07/25/2025
AB-OUT-00981-XS,Charcoal Moto Jacket - XS,245.86,125,Outerwear,Fashion Hub Ltd,02/11/2025
AB-TOP-00982-M,White Henley - M,$38.06,2,9,Fashion Hub Ltd,07/27/2025
AB-TOP-00983-S,Beige V-Neck Sweater,75.78,94,TOP,TW Co.,10/13/2023
AB-TOP-00984-M,Burgundy Silk Blouse - M,$133.42,140,TOP,ApparelSolns,02/19/2026
AB-ACC-00985-XL,Charcoal Wide-Brim Hat,47.78,3,accessories,Fashion Hub Ltd,01/04/2025
AB-BOT-00986-M,Charcoal Linen Pant,292.18,135,Bottoms,TW Co.,05/12/2023
AB-ACC-00987-XL,Charcoal Twill Scarf,132.69,59,accessories,Atelier Nord,10/07/2024
AB-ACC-00988-M,Ivory Twill Scarf,139.12,131,Accessories,Atelier Nord Studio,01/18/2024
AB-OUT-00989-XS,Blush Moto Jacket,$48.89,34,Jackets/Outerwear,Atelier Nord Studio,02/16/2025
AB-DRE-00990-XL,Camel Shirt Dress,40.83,136,dress,FH Wholesale (old),01/21/2024
AB-OUT-00991-XL,Emerald Wool Peacoat,$218.08,105,Outr,Apparel Sol.,08/14/2024
AB-FOO-00992-L,Camel Heeled Mule,$255.84,121,Footwear,TW Co.,05/16/2025
AB-DRE-00993-XXL,Black Midi Dress,220.01,95,Dresses ,Atelier Nord,01/13/2025
AB-DRE-00993-XXL,Black Midi Dre ss,220.01,95,Dresses ,Atelier Nord,01/13/2025
AB-FOO-00994-XS,Tan Espadrille,$58.16,102,footwear,FH Wholesale (old),05/26/2025
AB-FOO-00995-S,Burgundy Ankle Boot,$127.88,50,SHOES,Fashion Hub Ltd,08/22/2024
AB-BOT-00996-XS,Indigo Denim Short - XS,$287.09,127,bottoms,Textile World,08/19/2024
AB-ACC-00997-M,Beige Wide-Brim Hat,$117.43,103,Accessories,A. Nord,12/30/2024
AB-FOO-00998-L,Ivory Ballet Flat,$54.98,125,Footwear,FH Wholesale (old),11/29/2024
AB-BOT-00999-XS,Ivory Linen Pant - XS,254.26,17,Pants/Bottoms,Fashion Hub Ltd,01/30/2025
AB-ACC-01000-L,Ivory Twill Scarf,$70.90,14,Accs,ApparelSolns,08/20/2025
AB-TOP-01001-S,Emerald Henley,200.03,125,Tshirts/Tops,,05/14/2025
AB-DRE-01002-XL,Blush Slip Dress,299.68,22,Drss,Fashion Hub Ltd,02/20/2025
AB-DRE-01002-XL,Blush Slip Dre ss,299.68,22,Drss,Fashion Hub Ltd,02/20/2025
AB-TOP-01003-M,Emerald Cardigan,155.94,-1,top,A. Nord,07/31/2023
AB-BOT-01004-M,Tan Denim Short,167.58,34,Btms,Textile World,09/28/2024
AB-BOT-01004-M,Tan De nim Short,167.58,34,Btms,Textile World,09/28/2024
AB-ACC-01005-XS,Emerald Crossbody Bag,223.11,138,accessories,A. Nord,07/06/2025
AB-OUT-01006-S,Cognac Denim Jacket,132.8,126,Outr,Fashion Hub,04/21/2025
AB-OUT-01007-M,Tan Puffer Vest - M,115.26,-2,Outr,Apparel Sol.,07/16/2025
AB-TOP-01008-M,Blush Silk Blouse,252.39,87,Tshirts/Tops,Fashion Hub,10/24/2024
AB-TOP-01009-M,Blush Cardigan,$125.09,62,TOPS,Atelier Nord,08/20/2024
AB-BOT-01010-XL,Camel Linen Pant,$278.33,16,Btms,FH Wholesale (old),02/24/2026
AB-DRE-01011-S,Blush Wrap Dress,$183.31,9,DRESS,FH Wholesale (old),02/06/2025
AB-ACC-01012-XL,Beige Crossbody Bag - XL,$99.15,106,ACC,Atelier Nord,07/10/2025
AB-TOP-01013-XL,Indigo Tank Top,$119.40,25,top,A. Nord,09/13/2025
AB-OUT-01014-XXL,Burgundy Moto Jacket,$122.71,128,OUTER,TW Co.,02/16/2026
AB-ACC-01015-XL,Ivory Woven Belt,$127.34,111,,Apparel Sol.,01/20/2024
AB-OUT-01016-XL,White Blazer,104.22,1,Outerwear,Textile World Co,10/06/2024
AB-FOO-01017-XL,Charcoal Heeled Mule,$243.35,24,Ftwr,FH Wholesale (old),08/27/2025
AB-DRE-01018-XL,White Shift Dress,142.25,96,dress,Atelier Nord Studio,03/11/2026
AB-TOP-01019-M,Cognac Button-Up Shirt,221.44,79,Tops,Atelier Nord Studio,07/11/2024
AB-OUT-01020-XL,Camel Denim Jacket,214.79,128,outerwear,A. Nord,01/03/2024
AB-TOP-01021-L,Beige Silk Blouse,$216.72,119,MISC,Textile World Co,06/25/2024
AB-ACC-01022-L,Beige Wide-Brim Hat,$179.63,93,Accessory,Fashion Hub,12/22/2024
AB-BOT-01023-XXL,Ivory Wide-Leg Trouser,288.93,105,Bottoms,ApparelSolns,07/15/2024
AB-TOP-01024-M,Indigo Turtleneck,221.36,59,TOPS,ApparelSolns,09/30/2025
AB-FOO-01025-S,Indigo Low-Top Sneaker - S,71.02,7,footwear,Fashion Hub Ltd,09/04/2024
AB-DRE-01026-XL,Emerald Maxi Dress,145.03,9,Drss,Atelier Nord Studio,07/06/2024
AB-BOT-01027-XS,Ivory Pleated Skirt - XS,256.75,69,Btms,Apparel Solutions,10/27/2025
AB-TOP-01029-M,Beige Tank Top - M,$289.96,117,Tops,Fashion Hub Ltd,10/17/2024
AB-FOO-01031-XL,Beige Espadrille,167.18,23,SHOES,Apparel Solutions,03/08/2024
AB-FOO-01032-M,Blush Ankle Boot,261.36,60,Footwear,A. Nord,12/08/2024
AB-BOT-01033-S,White Wide-Leg Trouser,318.45,119,Pants/Bottoms,Textile World,07/05/2024
AB-DRE-01034-L,Black Slip Dress - L,230.48,28,Drss,,09/18/2024
AB-FOO-01035-XXL,Emerald Heeled Mule,$301.93,37,Footwear,Textile World Co,06/10/2024
AB-OUT-01036-M,Blush Blazer - M,197.94,20,outerwear,Fashion Hub,12/21/2025
AB-ACC-01037-XXL,Black Statement Earrings - XXL,86.94,89,accessories,Textile World Co,08/12/2024
AB-ACC-01038-XXL,Blush Statement Earrings,177.95,48,Accessories,Fashion Hub Ltd,03/10/2026
AB-OUT-01039-L,Black Denim Jacket,110.39,51,Jackets/Outerwear,Apparel Solutions,08/07/2024
AB-BOT-01040-L,Ivory Midi Skirt,$265.15,104,Bottoms,Apparel Solutions,12/22/2025
AB-TOP-01041-L,White Button-Up Shirt,$235.85,85,Tops,,10/21/2025
AB-OUT-01042-XXL,Ivory Moto Jacket,$166.96,90,Outr,Apparel Sol.,12/07/2024
AB-FOO-01043-XXL,Cognac Espadrille - XXL,152.21,22,Ftwr,ApparelSolns,11/02/2025
AB-DRE-01045-XS,Beige Shift Dress,$67.38,132,Dresses ,Fashion Hub,12/30/2025
AB-ACC-01046-XXL,Beige Leather Tote,272.82,81,Accs,Atelier Nord,12/29/2024
AB-OUT-01047-M,Ivory Blazer - M,231.52,83,Outr,Textile World Co,11/10/2025
AB-DRE-01048-L,White Midi Dress,$72.31,108,Drss,ApparelSolns,03/17/2026
AB-FOO-01049-XS,Black Low-Top Sneaker - XS,292.07,118,Ftwr,Textile World Co,01/08/2024
AB-DRE-01050-XS,Ivory Shirt Dress,191.77,68,dress,Atelier Nord Studio,10/11/2023
AB-DRE-01050-XS,Ivory Shirt Dre ss,191.77,68,dress,Atelier Nord Studio,10/11/2023
AB-TOP-01051-XL,Ivory Tank Top - XL,$22.34,134,TOP,Fashion Hub,08/12/2024
AB-OUT-01052-XS,Emerald Blazer - XS,$233.18,48,Outr,Textile World Co,12/13/2025
AB-DRE-01053-L,Burgundy Shift Dress,$52.46,52,DRESS,Atelier Nord,04/06/2025
AB-BOT-01054-XXL,Camel Midi Skirt,149.64,114,bottoms,TW Co.,09/22/2025
AB-BOT-01055-M,Camel Skinny Jean,201.21,63,Btms,TW Co.,06/16/2024
AB-FOO-01056-L,Tan Espadrille,21.25,34,footwear,Fashion Hub Ltd,02/14/2026
AB-DRE-01057-XXL,Indigo Shirt Dress,214.35,108,DRESS,Textile World,08/03/2025
AB-FOO-01058-XS,White Ballet Flat - XS,34.92,69,footwear,FH Wholesale (old),04/27/2025
AB-OUT-01060-XXL,Indigo Wool Peacoat,$59.32,10,OUTER,ApparelSolns,06/12/2025
AB-BOT-01061-XL,Ivory Pleated Skirt - XL,300.62,119,9,Atelier Nord,04/01/2024
AB-TOP-01062-XL,Burgundy Tank Top,$59.52,29,top,A. Nord,03/28/2024
AB-TOP-01063-M,Emerald Silk Blouse,315.62,72,TOP,Apparel Sol.,06/10/2026
AB-DRE-01064-XL,Camel Slip Dress - XL,134.94,42,Dresses ,Apparel Solutions,10/22/2024
AB-ACC-01065-XL,Ivory Crossbody Bag,$34.13,38,Accs,Atelier Nord Studio,09/20/2023
AB-BOT-01066-L,Black Wide-Leg Trouser,74.56,119,bottoms,Apparel Solutions,12/19/2024
AB-TOP-01067-L,Black Henley - L,320.32,124,TOP,ApparelSolns,01/23/2025
AB-OUT-01068-S,Burgundy Moto Jacket,122.01,52,Outr,Fashion Hub,03/10/2026
AB-DRE-01069-XXL,Ivory Midi Dress,$191.53,62,Dresses ,ApparelSolns,07/23/2025
AB-TOP-01070-XS,Indigo Silk Blouse,248.24,20,TOPS,TW Co.,08/15/2024
AB-TOP-01071-XXL,Tan Button-Up Shirt - XXL,128.56,27,top,Fashion Hub,10/16/2025
AB-DRE-01072-XS,Black Midi Dress,267.72,122,dress,A. Nord,09/05/2024
AB-ACC-01073-XXL,Beige Woven Belt,$113.17,11,Accessories,Fashion Hub,09/01/2025
AB-FOO-01074-XXL,Blush Heeled Mule,$83.18,12,Shoes/Footwear,TW Co.,01/24/2026
AB-ACC-01075-XS,Blush Woven Belt - XS,187.45,97,ACC,FH Wholesale (old),10/24/2023
AB-OUT-01076-S,Ivory Wool Peacoat,42.12,47,outerwear,A. Nord,05/02/2024
AB-OUT-01077-XXL,Camel Denim Jacket,$50.76,125,Outr,Textile World,03/28/2026
AB-DRE-01079-L,Charcoal Slip Dress - L,$317.35,136,Dresses,A. Nord,07/11/2024
AB-FOO-01080-XS,Indigo Loafer,$266.63,60,Footwear,Atelier Nord Studio,10/28/2024
AB-ACC-01081-XS,White Crossbody Bag - XS,$309.36,57,ACC,Apparel Solutions,09/27/2025
AB-ACC-01082-L,Ivory Statement Earrings,105.14,124,ACC,Fashion Hub Ltd,08/23/2023
AB-OUT-01083-S,Ivory Wool Peacoat - S,284.74,133,Jackets/Outerwear,Apparel Sol.,12/05/2024
AB-DRE-01084-XL,Black Slip Dress,305.15,131,Dresses,Fashion Hub,04/13/2024
AB-FOO-01085-XS,Indigo Heeled Mule - XS,207.87,64,footwear,Atelier Nord,09/04/2024
AB-DRE-01086-XL,White Slip Dress,56.69,106,DRESS,Fashion Hub,06/05/2024
AB-BOT-01087-XS,Indigo Midi Skirt - XS,$129.15,69,Btms,Fashion Hub Ltd,10/13/2024
AB-FOO-01088-XXL,Emerald Espadrille - XXL,207.41,82,Shoes/Footwear,Atelier Nord,05/12/2024
AB-BOT-01089-XS,Ivory Wide-Leg Trouser,272.05,41,Btms,Apparel Sol.,11/10/2024
AB-FOO-01090-L,Black Ankle Boot - L,22.63,122,Ftwr,FH Wholesale (old),03/21/2025
AB-ACC-01091-XXL,Tan Crossbody Bag,$112.47,92,Accs,Atelier Nord,12/07/2025
AB-ACC-01092-L,Tan Statement Earrings,42.67,34,ACC,Apparel Solutions,01/01/2024
AB-BOT-01093-XXL,Black Skinny Jean - XXL,281.97,53,Bottoms,TW Co.,09/11/2024
AB-ACC-01094-S,Tan Leather Tote,260.6,137,Accessories,,06/26/2024
AB-TOP-01095-S,Emerald Button-Up Shirt,150.49,30,Tops,,02/23/2024
AB-TOP-01095-S,Eme rald Button-Up Shirt,150.49,30,Tops,,02/23/2024
AB-BOT-01096-L,Burgundy Linen Pant - L,157.04,115,BOTTOM,Atelier Nord Studio,07/19/2025
AB-BOT-01097-XL,Camel Wide-Leg Trouser,31.79,2,9,A. Nord,10/25/2023
AB-ACC-01098-L,Indigo Statement Earrings,236.06,61,Accessory,Atelier Nord,07/05/2023
AB-ACC-01098-L,Indigo State ment Earrings,236.06,61,Accessory,Atelier Nord,07/05/2023
AB-OUT-01099-XL,Emerald Denim Jacket,97.33,15,Outerwear,Atelier Nord Studio,11/07/2024
AB-TOP-01100-M,Beige Cardigan,$103.04,106,Tops,Fashion Hub,12/06/2024
AB-TOP-01101-XXL,Beige Henley,169.62,110,Tops,ApparelSolns,07/22/2023
AB-BOT-01102-S,Burgundy Pleated Skirt,$119.93,70,BOTTOM,A. Nord,03/14/2025
AB-BOT-01103-M,Tan Denim Short - M,55.24,75,bottoms,Atelier Nord,07/24/2025
AB-BOT-01103-M,Tan De nim Short - M,55.24,75,bottoms,Atelier Nord,07/24/2025
AB-ACC-01104-XXL,Indigo Crossbody Bag,243.14,41,Accs,Apparel Solutions,09/02/2025
AB-BOT-01105-XXL,Burgundy Pleated Skirt - XXL,194.0,33,Bottoms,FH Wholesale (old),11/04/2023
AB-BOT-01106-L,Beige Wide-Leg Trouser,277.66,115,Pants/Bottoms,Fashion Hub,06/08/2024
AB-BOT-01107-XS,Cognac Wide-Leg Trouser,$132.56,66,Pants/Bottoms,Fashion Hub Ltd,08/13/2024
AB-ACC-01108-XL,Ivory Leather Tote,258.41,85,ACC,FH Wholesale (old),08/20/2024
AB-TOP-01109-XL,White Turtleneck,165.36,87,TOPS,TW Co.,10/21/2025
AB-DRE-01110-M,Cognac Wrap Dress - M,$283.00,128,Dresses ,TW Co.,04/16/2025
AB-ACC-01111-XS,Burgundy Twill Scarf,269.5,15,ACC,Atelier Nord,08/27/2023
AB-FOO-01112-XL,White Loafer,$168.79,42,Shoes/Footwear,Fashion Hub,03/30/2025
AB-FOO-01112-XL,White  Loafer,$168.79,42,Shoes/Footwear,Fashion Hub,03/30/2025
AB-TOP-01113-S,Blush Turtleneck - S,$220.19,129,top,Apparel Solutions,02/11/2025
AB-ACC-01114-XXL,Ivory Twill Scarf,115.59,35,Accessory,,04/20/2024
AB-BOT-01115-XS,Indigo Chino Pant - XS,260.66,110,Bottoms,TW Co.,09/05/2024
AB-BOT-01115-XS,Indigo Chino Pant - XS ,260.66,110,Bottoms,TW Co.,09/05/2024
AB-DRE-01116-XS,Ivory Slip Dress,$136.85,106,DRESS,ApparelSolns,08/09/2024
AB-ACC-01117-S,Charcoal Statement Earrings,255.7,24,Accessory,Atelier Nord,09/20/2025
AB-OUT-01118-L,Indigo Denim Jacket,$316.12,113,Jackets/Outerwear,Apparel Solutions,03/19/2024
AB-TOP-01119-M,White V-Neck Sweater,149.07,37,Tops,ApparelSolns,12/28/2024
AB-TOP-01120-XXL,Black Cardigan,275.65,14,TOP,Textile World Co,09/02/2025
AB-ACC-01121-M,Cognac Statement Earrings,$131.60,75,Accs,Atelier Nord,06/03/2025
AB-ACC-01122-XS,Blush Woven Belt,291.65,42,accessories,Apparel Solutions,10/23/2025
AB-OUT-01123-S,Tan Denim Jacket - S,219.41,103,Outerwear,Atelier Nord Studio,09/12/2025
AB-BOT-01124-XS,White Pleated Skirt,$138.22,32,bottoms,ApparelSolns,01/03/2025
AB-FOO-01125-XS,Charcoal Ballet Flat - XS,$177.48,40,footwear,,06/02/2023
AB-TOP-01126-M,Charcoal Button-Up Shirt,$346.40,28,TOP,Atelier Nord Studio,12/27/2025
AB-TOP-01127-XXL,Camel Tank Top - XXL,53.96,31,Tops,Apparel Solutions,10/15/2024
AB-DRE-01128-XS,Burgundy Slip Dress,$121.41,60,DRESS,Atelier Nord,02/18/2026
AB-ACC-01129-XXL,Beige Wide-Brim Hat,120.39,87,Accs,Textile World Co,08/26/2025
AB-ACC-01130-S,Tan Wide-Brim Hat - S,$186.24,63,ACC,Atelier Nord,04/13/2024
AB-DRE-01131-S,Beige Slip Dress,157.59,37,dress,Apparel Solutions,09/01/2025
AB-OUT-01132-XS,White Denim Jacket,161.16,33,Outerwear,Fashion Hub,01/28/2025
AB-BOT-01133-M,White Chino Pant,$200.05,129,bottoms,Atelier Nord,01/07/2026
AB-OUT-01134-L,Beige Wool Peacoat,325.36,125,OUTER,Atelier Nord Studio,11/06/2025
AB-OUT-01135-XL,Ivory Trench Coat - XL,$159.87,117,Outerwear,Textile World,11/06/2023
AB-ACC-01136-XS,Cognac Wide-Brim Hat,154.06,8,ACC,,10/17/2025
AB-BOT-01137-XS,Blush Denim Short,$51.68,94,BOTTOM,Atelier Nord Studio,04/10/2025
AB-DRE-01138-S,Cognac Wrap Dress,132.58,95,DRESS,Fashion Hub Ltd,10/18/2024
AB-DRE-01139-S,Black Maxi Dress,$257.15,107,,Textile World Co,07/08/2023
AB-DRE-01140-S,Charcoal Shift Dress,$19.63,140,Drss,Atelier Nord Studio,05/27/2024
AB-TOP-01141-L,Indigo Crewneck Tee,177.51,86,TOP,ApparelSolns,02/09/2026
AB-OUT-01142-XL,Burgundy Denim Jacket,244.69,129,outerwear,TW Co.,10/11/2025
AB-OUT-01143-L,Tan Denim Jacket,307.9,83,Jackets/Outerwear,Textile World,11/08/2023
AB-FOO-01144-L,Beige Espadrille,$89.25,101,Shoes/Footwear,Atelier Nord Studio,12/06/2024
AB-TOP-01146-XXL,Cognac Button-Up Shirt,213.27,21,top,Fashion Hub Ltd,11/22/2023
AB-FOO-01147-XS,Beige Loafer,$243.76,128,SHOES,Textile World Co,08/08/2023
AB-TOP-01148-M,Black Silk Blouse,95.04,113,Tops,Textile World Co,08/27/2023
AB-FOO-01149-L,Blush Loafer,161.66,5,SHOES,Fashion Hub Ltd,04/26/2024
AB-OUT-01150-XS,Indigo Trench Coat,137.26,23,Outr,Apparel Solutions,10/30/2023
AB-TOP-01151-S,Camel Silk Blouse,98.93,29,top,Textile World Co,02/04/2024
AB-DRE-01152-S,Tan Maxi Dress - S,$199.50,88,Drss,Fashion Hub,11/12/2023
AB-TOP-01153-L,Camel Crewneck Tee,$117.24,105,TOP,Fashion Hub,10/04/2024
AB-DRE-01154-XS,White Maxi Dress - XS,90.67,60,Dresses,Textile World,03/08/2025
AB-FOO-01155-XS,Indigo Loafer,36.2,116,Footwear,ApparelSolns,02/22/2025
AB-FOO-01158-XS,Emerald Heeled Mule - XS,265.08,36,footwear,Textile World,11/23/2024
AB-FOO-01159-XL,Charcoal Low-Top Sneaker,307.37,100,SHOES,Atelier Nord Studio,07/06/2023
AB-TOP-01160-M,Beige Henley - M,16.52,123,TOP,TW Co.,08/10/2024
AB-FOO-01162-S,Black Ballet Flat,$108.21,107,9,Fashion Hub,05/08/2025
AB-TOP-01163-XL,Burgundy Silk Blouse - XL,283.01,53,top,ApparelSolns,03/25/2025
AB-FOO-01164-M,Tan Ballet Flat,$302.53,115,Ftwr,ApparelSolns,08/23/2024
AB-BOT-01165-M,Blush Linen Pant,$157.25,87,Pants/Bottoms,Textile World Co,08/30/2023
AB-ACC-01166-XS,Tan Leather Tote,$19.37,2,Accessories,Atelier Nord,06/21/2025
AB-BOT-01167-XXL,Cognac Chino Pant,244.91,128,bottoms,Atelier Nord Studio,12/01/2023
AB-ACC-01168-XL,White Statement Earrings,289.9,106,ACC,Fashion Hub,08/26/2025
AB-TOP-01169-XL,Indigo Tank Top,134.36,2,TOP,Apparel Solutions,09/26/2023
AB-OUT-01170-L,Charcoal Wool Peacoat,83.99,5,OUTER,Fashion Hub,11/17/2025
AB-DRE-01171-M,Burgundy Shirt Dress - M,$45.50,77,Dresses,Textile World Co,02/02/2026
AB-ACC-01172-L,Charcoal Leather Tote,27.41,126,ACC,Apparel Solutions,09/10/2025
AB-ACC-01173-XS,Charcoal Wide-Brim Hat,$331.25,101,Accessories,Textile World,03/16/2024
AB-DRE-01174-L,Cognac Slip Dress,184.14,44,Dresses ,Textile World Co,02/19/2024
AB-FOO-01175-XS,Burgundy Low-Top Sneaker,98.79,58,Ftwr,Textile World,10/26/2024
AB-ACC-01176-XXL,Charcoal Woven Belt,334.77,136,Accs,,02/16/2025
AB-DRE-01177-L,Cognac Shirt Dress,280.74,19,Drss,Fashion Hub Ltd,11/26/2025
AB-DRE-01178-M,Indigo Maxi Dress - M,222.03,104,DRESS,Fashion Hub,11/01/2024
AB-DRE-01179-XXL,Black Slip Dress,$32.10,107,Dresses ,Textile World Co,12/25/2024
AB-OUT-01180-L,Black Wool Peacoat,112.71,3,Outr,TW Co.,11/13/2025
AB-BOT-01181-XS,Indigo Linen Pant,$78.23,78,Bottoms,TW Co.,05/10/2024
AB-TOP-01182-L,Black V-Neck Sweater,265.96,85,top,A. Nord,11/23/2025
AB-DRE-01183-L,White Midi Dress - L,310.51,13,dress,TW Co.,09/30/2025
AB-DRE-01184-XS,Charcoal Slip Dress,257.14,119,Dresses,Atelier Nord,08/12/2025
AB-TOP-01185-XS,Black V-Neck Sweater,113.74,16,Tops,Atelier Nord,02/02/2026
AB-BOT-01186-XS,Emerald Skinny Jean - XS,182.68,110,BOTTOM,Apparel Solutions,02/22/2024
AB-TOP-01187-XS,Cognac Crewneck Tee,275.66,117,top,Apparel Sol.,10/31/2023
AB-FOO-01188-XL,Charcoal Heeled Mule,155.28,118,SHOES,Fashion Hub,01/16/2026
AB-OUT-01189-XS,Beige Puffer Vest - XS,$224.21,2,Jackets/Outerwear,,03/09/2025
AB-FOO-01190-S,Beige Ballet Flat - S,47.58,28,Footwear,Fashion Hub Ltd,07/18/2025
AB-BOT-01191-XXL,Ivory Denim Short,$127.74,108,BOTTOM,ApparelSolns,12/03/2025
AB-FOO-01192-S,Ivory Heeled Mule - S,268.92,15,Ftwr,Textile World,03/24/2024
AB-DRE-01193-XL,Indigo Slip Dress - XL,$114.84,138,Dresses,,08/23/2025
AB-BOT-01194-M,Emerald Wide-Leg Trouser,$108.26,6,bottoms,Apparel Solutions,11/18/2024
AB-FOO-01195-S,Tan Espadrille,96.98,13,Ftwr,FH Wholesale (old),09/09/2024
AB-DRE-01196-XXL,Charcoal Midi Dress,272.34,87,Dresses,TW Co.,01/03/2024
AB-ACC-01197-XXL,Burgundy Crossbody Bag - XXL,$202.39,84,Accessories,Atelier Nord Studio,04/24/2026
AB-FOO-01198-XL,Blush Loafer,$145.05,41,footwear,Apparel Solutions,11/04/2023
AB-OUT-01199-S,Emerald Moto Jacket,$213.51,67,Outr,FH Wholesale (old),12/27/2024
AB-OUT-01201-M,Black Trench Coat - M,38.65,7,Jackets/Outerwear,Fashion Hub Ltd,12/09/2024
AB-TOP-01202-L,Camel Silk Blouse,208.3,92,top,TW Co.,02/10/2024
AB-TOP-01203-M,Charcoal Turtleneck,86.86,75,TOP,Textile World Co,09/11/2025
AB-BOT-01204-S,Cognac Pleated Skirt,76.82,45,Bottoms,Textile World Co,11/12/2025
AB-DRE-01205-XXL,Black Wrap Dress,$127.52,13,Dresses,Textile World,05/25/2024
AB-BOT-01206-S,Emerald Pleated Skirt,$270.88,43,bottoms,Apparel Sol.,02/11/2025
AB-FOO-01207-XS,Burgundy Heeled Mule,$64.99,33,Ftwr,Fashion Hub,03/15/2026
AB-BOT-01208-L,Cognac Wide-Leg Trouser,103.4,109,BOTTOM,ApparelSolns,09/19/2025
AB-BOT-01209-XL,Beige Skinny Jean - XL,269.58,66,N/A,Textile World,11/10/2025
AB-BOT-01210-XS,Charcoal Pleated Skirt - XS,288.52,130,BOTTOM,,05/21/2025
AB-OUT-01211-XS,Burgundy Trench Coat,251.35,26,outerwear,Atelier Nord Studio,05/31/2024
AB-FOO-01212-XL,Tan Heeled Mule - XL,$177.99,118,footwear,ApparelSolns,01/22/2024
AB-DRE-01213-XL,Blush Shirt Dress,256.77,132,9,Atelier Nord Studio,02/20/2025
AB-DRE-01214-XXL,Indigo Slip Dress,$81.39,51,dress,FH Wholesale (old),01/22/2025
AB-BOT-01215-M,Charcoal Chino Pant - M,288.1,40,Pants/Bottoms,Atelier Nord Studio,04/03/2026
AB-FOO-01217-XL,Charcoal Ballet Flat,147.31,86,footwear,Fashion Hub,03/07/2025
AB-OUT-01218-L,Indigo Denim Jacket,271.01,81,Jackets/Outerwear,ApparelSolns,03/08/2024
AB-OUT-01219-L,Ivory Moto Jacket - L,100.7,19,Outerwear,Textile World Co,05/25/2024
AB-TOP-01220-XL,Cognac Button-Up Shirt,$265.53,58,Tshirts/Tops,Fashion Hub,01/02/2024
AB-TOP-01221-XS,Blush V-Neck Sweater,$113.15,84,top,Textile World Co,08/24/2024
AB-DRE-01222-M,Tan Shirt Dress - M,224.41,35,Dresses ,Textile World Co,03/19/2026
AB-DRE-01224-XL,Indigo Maxi Dress,$162.06,137,Dresses ,Fashion Hub,08/09/2025
AB-BOT-01225-S,Indigo Midi Skirt,239.45,53,bottoms,Textile World,10/20/2024
AB-BOT-01226-XL,Beige Denim Short,$233.91,115,Bottoms,Atelier Nord Studio,07/21/2024
AB-TOP-01227-L,Charcoal Tank Top,$80.17,115,TOPS,Atelier Nord Studio,04/02/2026
AB-FOO-01228-S,Blush Ankle Boot,$109.19,2,Shoes/Footwear,Textile World,02/02/2025
AB-ACC-01229-S,Blush Woven Belt,$137.73,103,Accessories,A. Nord,11/04/2025
AB-ACC-01230-M,Camel Wide-Brim Hat - M,$213.44,3,Accessories,FH Wholesale (old),10/29/2023
AB-BOT-01231-XXL,Beige Pleated Skirt,321.39,52,Pants/Bottoms,Atelier Nord Studio,10/30/2024
AB-TOP-01232-L,Charcoal Cardigan,$120.82,115,Tshirts/Tops,Fashion Hub Ltd,08/25/2025
AB-DRE-01233-XS,Ivory Wrap Dress - XS,$26.70,125,DRESS,TW Co.,08/21/2023
AB-BOT-01234-L,White Wide-Leg Trouser,84.59,74,Btms,,03/18/2025
AB-FOO-01235-XS,Emerald Ankle Boot,179.94,43,SHOES,ApparelSolns,08/08/2024
AB-TOP-01237-S,Charcoal Cardigan,$125.39,121,top,,05/02/2024
AB-FOO-01238-XL,Camel Loafer,172.05,131,footwear,Textile World,04/06/2024
AB-BOT-01239-L,Ivory Skinny Jean - L,264.15,63,Pants/Bottoms,FH Wholesale (old),01/11/2025
AB-DRE-01240-L,Emerald Slip Dress,$191.07,23,DRESS,A. Nord,04/10/2024
AB-DRE-01240-L,Eme rald Slip Dress,$191.07,23,DRESS,A. Nord,04/10/2024
AB-BOT-01242-XXL,Beige Wide-Leg Trouser - XXL,$161.76,46,N/A,A. Nord,05/17/2025
AB-FOO-01243-XXL,Indigo Ankle Boot,90.65,40,Shoes/Footwear,Fashion Hub,05/02/2024
AB-ACC-01244-XXL,Camel Wide-Brim Hat,226.58,70,Accs,Fashion Hub,01/05/2025
AB-OUT-01245-M,White Puffer Vest,$236.49,122,Jackets/Outerwear,Fashion Hub,09/14/2025
AB-DRE-01246-S,Emerald Maxi Dress - S,$79.69,11,Dresses ,Apparel Solutions,02/03/2025
AB-TOP-01247-XXL,Tan V-Neck Sweater,138.01,102,TOP,A. Nord,01/22/2026
AB-BOT-01248-XS,Black Chino Pant - XS,52.33,34,Pants/Bottoms,Apparel Solutions,07/16/2024
AB-ACC-01249-L,Emerald Statement Earrings,39.36,140,accessories,A. Nord,03/17/2025
AB-BOT-01250-S,Emerald Linen Pant - S,281.92,27,Btms,Atelier Nord Studio,05/21/2024
AB-TOP-01251-M,Ivory V-Neck Sweater,183.26,94,Tshirts/Tops,Fashion Hub,04/28/2024
AB-TOP-01252-M,Tan Crewneck Tee,$154.41,45,Tops,Textile World Co,06/20/2024
AB-ACC-01253-XL,Tan Twill Scarf,152.54,15,accessories,TW Co.,11/01/2025
AB-ACC-01254-XXL,Tan Wide-Brim Hat - XXL,127.56,90,Accs,FH Wholesale (old),01/07/2025
AB-TOP-01255-L,Black Crewneck Tee - L,295.34,95,TOPS,,06/11/2024
AB-BOT-01256-L,Black Skinny Jean,$312.45,86,Btms,Fashion Hub Ltd,10/01/2025
AB-BOT-01257-XS,Tan Linen Pant - XS,303.74,24,BOTTOM,TW Co.,08/24/2025
AB-ACC-01258-S,Burgundy Leather Tote,$142.89,27,Accessories,Fashion Hub,12/17/2025
AB-DRE-01259-XXL,Cognac Shift Dress,217.75,153,Dresses ,Textile World,08/13/2024
AB-OUT-01261-XS,Blush Blazer,80.81,62,Outerwear,A. Nord,02/17/2024
AB-ACC-01262-XL,Tan Woven Belt - XL,$31.21,55,Accs,Apparel Solutions,02/14/2025
AB-DRE-01263-XS,Emerald Slip Dress,$93.83,24,Dresses,TW Co.,03/06/2025
AB-DRE-01264-L,Burgundy Shirt Dress,$122.86,81,Dresses,TW Co.,01/31/2026
AB-ACC-01265-M,White Crossbody Bag - M,$203.40,114,Accessory,FH Wholesale (old),10/03/2024
AB-BOT-01267-S,Indigo Linen Pant,$35.68,95,Btms,Fashion Hub Ltd,11/17/2024
AB-DRE-01268-L,Ivory Midi Dress - L,221.49,58,dress,TW Co.,10/17/2025
AB-DRE-01268-L,Ivory Midi Dre ss - L,221.49,58,dress,TW Co.,10/17/2025
AB-FOO-01269-M,Burgundy Heeled Mule - M,101.78,10,footwear,TW Co.,04/16/2025
AB-OUT-01270-XS,Camel Blazer,267.31,84,Outr,,06/01/2024
AB-BOT-01271-XS,Cognac Wide-Leg Trouser,244.82,56,Bottoms,TW Co.,03/04/2025
AB-OUT-01272-S,Blush Puffer Vest,$206.60,16,Outr,A. Nord,12/05/2025
AB-OUT-01273-XS,Charcoal Moto Jacket,337.01,32,outerwear,Textile World Co,11/04/2023
AB-BOT-01274-S,Cognac Denim Short,175.24,109,Btms,Textile World,08/04/2025
AB-OUT-01275-XXL,Ivory Wool Peacoat,92.07,45,Jackets/Outerwear,Textile World,02/22/2025
AB-BOT-01276-XL,Camel Pleated Skirt,$285.93,51,Pants/Bottoms,A. Nord,09/20/2024
AB-OUT-01277-L,Blush Moto Jacket,$68.93,112,outerwear,Atelier Nord Studio,10/20/2024
AB-OUT-01277-L,Blush Moto Jacke t,$68.93,112,outerwear,Atelier Nord Studio,10/20/2024
AB-FOO-01278-L,Burgundy Loafer,$265.91,132,footwear,Textile World,10/14/2023
AB-OUT-01279-M,White Denim Jacket,$174.57,44,Jackets/Outerwear,Textile World,09/04/2024
AB-OUT-01280-L,Camel Denim Jacket,124.88,123,Outerwear,,12/03/2023
AB-DRE-01281-L,Burgundy Midi Dress,$64.26,48,9,TW Co.,07/15/2023
AB-TOP-01282-L,Emerald Tank Top,$298.06,95,Tshirts/Tops,Atelier Nord Studio,06/28/2024
AB-OUT-01283-XL,Tan Wool Peacoat - XL,$146.87,4,Outerwear,Fashion Hub,01/05/2024
AB-ACC-01285-XXL,Tan Crossbody Bag - XXL,$206.36,98,Accs,Apparel Solutions,09/15/2024
AB-ACC-01286-L,Charcoal Leather Tote,301.04,81,Accessory,Fashion Hub,05/10/2025
AB-BOT-01288-XL,Charcoal Pleated Skirt,21.62,23,Pants/Bottoms,Textile World Co,09/19/2025
AB-ACC-01289-XXL,Indigo Crossbody Bag,182.42,48,ACC,Fashion Hub,10/24/2025
AB-OUT-01290-M,Indigo Trench Coat,169.21,129,Jackets/Outerwear,Apparel Solutions,07/30/2025
AB-OUT-01291-XXL,Camel Puffer Vest,$245.61,22,Jackets/Outerwear,Atelier Nord Studio,09/09/2023
AB-ACC-01292-S,Blush Wide-Brim Hat,$244.92,101,accessories,,11/13/2025
AB-DRE-01293-L,Ivory Wrap Dress - L,46.65,106,Drss,FH Wholesale (old),01/09/2025
AB-OUT-01294-XXL,Camel Blazer - XXL,69.7,109,OUTER,Atelier Nord Studio,02/04/2024
AB-ACC-01295-L,Charcoal Leather Tote,$166.61,28,Accessory,TW Co.,12/23/2024
AB-FOO-01296-S,Ivory Low-Top Sneaker,$229.01,49,footwear,Fashion Hub Ltd,03/16/2024
AB-OUT-01297-XL,Tan Denim Jacket - XL,$286.24,42,Outr,Fashion Hub,01/09/2024
AB-BOT-01299-XXL,Emerald Chino Pant - XXL,21.16,72,Btms,Fashion Hub Ltd,11/20/2025
AB-TOP-01300-S,White Crewneck Tee,124.39,133,TOP,Fashion Hub Ltd,07/27/2025
AB-DRE-01301-M,Emerald Maxi Dress,118.55,90,N/A,Atelier Nord Studio,05/10/2024
AB-BOT-01302-L,Tan Pleated Skirt - L,205.67,91,bottoms,Atelier Nord Studio,11/21/2025
AB-DRE-01303-L,Black Wrap Dress - L,236.8,35,Dresses ,A. Nord,10/12/2023
AB-FOO-01304-M,Cognac Ankle Boot - M,120.53,121,footwear,Textile World,02/08/2025
AB-OUT-01305-XS,Charcoal Blazer,20.91,99,outerwear,Apparel Sol.,05/21/2026
AB-TOP-01306-L,Tan Tank Top,218.97,102,Tshirts/Tops,TW Co.,01/10/2026
AB-FOO-01307-L,Blush Ankle Boot,$315.30,35,Footwear,A. Nord,07/04/2025
AB-OUT-01308-S,Beige Wool Peacoat,$280.05,130,Outerwear,Textile World,01/13/2024
AB-BOT-01309-M,White Chino Pant,$67.54,99,Pants/Bottoms,Atelier Nord,10/10/2023
AB-OUT-01310-S,Cognac Blazer,$82.11,22,MISC,Textile World,08/27/2023
AB-OUT-01310-S,Cognac Blaze r,$82.11,22,MISC,Textile World,08/27/2023
AB-OUT-01311-S,Black Blazer,293.24,83,Outerwear,,01/24/2024
AB-ACC-01312-L,Tan Woven Belt - L,207.45,136,ACC,Fashion Hub,06/12/2025
AB-ACC-01312-L,Tan Wove n Belt - L,207.45,136,ACC,Fashion Hub,06/12/2025
AB-ACC-01313-XXL,White Crossbody Bag - XXL,272.03,16,ACC,Apparel Solutions,07/10/2025
AB-DRE-01314-XXL,Burgundy Maxi Dress - XXL,$218.87,100,dress,Atelier Nord Studio,12/17/2025
AB-BOT-01315-XS,Camel Wide-Leg Trouser,$45.45,24,MISC,ApparelSolns,08/03/2024
AB-ACC-01316-XXL,Charcoal Wide-Brim Hat,$200.66,30,accessories,FH Wholesale (old),10/15/2025
AB-DRE-01317-XXL,Beige Maxi Dress - XXL,112.36,137,DRESS,Fashion Hub Ltd,12/25/2023
AB-OUT-01318-M,Blush Denim Jacket - M,184.99,56,Jackets/Outerwear,Textile World Co,10/04/2023
AB-OUT-01319-L,Cognac Moto Jacket - L,63.54,89,outerwear,Apparel Sol.,03/19/2026
AB-ACC-01321-XL,Black Statement Earrings,111.75,43,accessories,Apparel Solutions,07/28/2024
AB-ACC-01322-XXL,Emerald Wide-Brim Hat,$166.21,96,accessories,TW Co.,11/25/2023
AB-DRE-01323-S,Burgundy Midi Dress,258.16,17,Dresses ,Textile World Co,02/06/2026
AB-BOT-01324-XXL,Emerald Midi Skirt,110.25,39,bottoms,Atelier Nord Studio,07/22/2023
AB-FOO-01325-L,Blush Heeled Mule - L,331.81,113,SHOES,Atelier Nord,06/13/2024
AB-TOP-01326-XXL,Camel Button-Up Shirt - XXL,$235.62,140,top,Textile World Co,01/04/2025
AB-TOP-01327-XL,Blush Silk Blouse,274.81,77,Tops,FH Wholesale (old),02/06/2025
AB-TOP-01327-XL,Blush Silk Blouse ,274.81,77,Tops,FH Wholesale (old),02/06/2025
AB-ACC-01328-S,Beige Leather Tote,$223.35,74,Accessory,Atelier Nord Studio,02/21/2024
AB-BOT-01329-S,Burgundy Wide-Leg Trouser - S,$130.61,26,Bottoms,Fashion Hub,05/11/2025
AB-BOT-01330-XXL,Indigo Chino Pant - XXL,$334.30,12,bottoms,Textile World,06/19/2024
AB-OUT-01331-XS,Black Trench Coat,196.78,35,outerwear,,03/21/2025
AB-ACC-01332-XS,Charcoal Crossbody Bag - XS,88.09,125,Accessories,FH Wholesale (old),08/30/2024
AB-ACC-01332-XS,Charcoal Crossbody Bag - XS ,88.09,125,Accessories,FH Wholesale (old),08/30/2024
AB-ACC-01333-XXL,Ivory Wide-Brim Hat,247.12,32,Accessories,Atelier Nord Studio,12/15/2025
AB-OUT-01334-M,Indigo Blazer,$130.95,30,Outr,Atelier Nord Studio,04/29/2024
AB-TOP-01335-XXL,Emerald V-Neck Sweater,25.18,122,TOP,TW Co.,02/13/2024
AB-ACC-01336-XL,White Statement Earrings,135.11,111,ACC,,07/12/2024
AB-FOO-01337-M,White Low-Top Sneaker,244.14,132,footwear,Fashion Hub Ltd,12/08/2023
AB-FOO-01337-M,White  Low-Top Sneaker,244.14,132,footwear,Fashion Hub Ltd,12/08/2023
AB-OUT-01338-L,Black Blazer,36.31,127,,A. Nord,08/25/2025
AB-ACC-01339-XXL,Charcoal Twill Scarf,$73.01,58,ACC,Fashion Hub Ltd,07/06/2023
AB-FOO-01340-XS,Blush Heeled Mule - XS,$61.19,52,Ftwr,,10/11/2025
AB-BOT-01341-M,Cognac Skinny Jean - M,44.21,31,Pants/Bottoms,FH Wholesale (old),12/19/2024
AB-DRE-01342-S,Cognac Shift Dress,314.47,-3,DRESS,Atelier Nord Studio,08/07/2024
AB-DRE-01343-M,Cognac Wrap Dress,61.08,125,Dresses,A. Nord,07/31/2025
AB-DRE-01344-XL,Blush Slip Dress,226.49,0,DRESS,TW Co.,02/10/2024
AB-TOP-01345-M,Ivory Turtleneck - M,304.54,55,top,Textile World Co,02/24/2025
AB-DRE-01346-XXL,Ivory Shift Dress,40.56,65,Drss,,03/02/2024
AB-OUT-01347-L,Ivory Blazer,$40.89,65,OUTER,Atelier Nord Studio,11/08/2025
AB-OUT-01348-XL,Ivory Blazer - XL,42.08,69,Jackets/Outerwear,Textile World Co,05/19/2025
AB-ACC-01349-XXL,Charcoal Statement Earrings,172.96,130,Accessories,Apparel Solutions,07/03/2025
AB-BOT-01350-M,Ivory Chino Pant - M,139.07,63,Pants/Bottoms,A. Nord,12/22/2023
AB-DRE-01351-XS,Cognac Wrap Dress - XS,39.79,12,DRESS,A. Nord,11/20/2024
AB-DRE-01352-S,Ivory Shift Dress,20.92,96,dress,Apparel Solutions,01/22/2024
AB-OUT-01353-S,White Moto Jacket,184.62,125,Jackets/Outerwear,Apparel Sol.,09/05/2023
AB-OUT-01353-S,White  Moto Jacket,184.62,125,Jackets/Outerwear,Apparel Sol.,09/05/2023
AB-FOO-01354-XL,Burgundy Ballet Flat,$184.69,27,Shoes/Footwear,Apparel Sol.,02/14/2024
AB-BOT-01355-S,Indigo Pleated Skirt,277.14,136,Bottoms,ApparelSolns,04/10/2025
AB-FOO-01356-XL,Emerald Heeled Mule - XL,92.37,138,SHOES,TW Co.,11/25/2025
AB-BOT-01357-S,Ivory Linen Pant,172.83,68,Btms,Atelier Nord,07/04/2023
AB-ACC-01358-XXL,Blush Statement Earrings - XXL,218.41,107,Accessory,TW Co.,11/29/2025
AB-OUT-01359-M,Emerald Trench Coat - M,168.24,70,OUTER,Atelier Nord,10/13/2024
AB-FOO-01360-M,Charcoal Espadrille,328.08,104,SHOES,FH Wholesale (old),07/20/2025
AB-DRE-01361-XS,Tan Wrap Dress - XS,239.53,23,Dresses ,FH Wholesale (old),02/23/2024
AB-FOO-01362-XXL,White Ankle Boot,181.75,126,Footwear,Apparel Solutions,03/09/2026
AB-ACC-01364-XS,Burgundy Wide-Brim Hat,20.75,48,Accs,A. Nord,11/01/2025
AB-ACC-01365-L,Burgundy Twill Scarf - L,91.89,135,Accessory,Apparel Sol.,07/13/2025
AB-FOO-01366-L,Beige Ankle Boot - L,235.63,134,9,Textile World,03/01/2024
AB-BOT-01367-S,Blush Skinny Jean,$309.26,108,bottoms,ApparelSolns,04/12/2025
AB-OUT-01368-XS,Blush Trench Coat,300.38,62,outerwear,ApparelSolns,04/25/2026
AB-FOO-01369-M,Camel Ankle Boot - M,119.26,54,SHOES,A. Nord,07/25/2023
AB-ACC-01370-L,Beige Statement Earrings,$303.75,117,Accs,Textile World Co,09/20/2025
AB-DRE-01372-XS,White Shift Dress - XS,306.83,38,Dresses ,ApparelSolns,12/02/2024
AB-DRE-01373-L,White Wrap Dress - L,$76.25,135,Dresses,,04/06/2025
AB-BOT-01374-L,White Chino Pant,66.05,50,Bottoms,Fashion Hub Ltd,05/08/2024
AB-OUT-01375-M,Blush Denim Jacket,144.45,46,Jackets/Outerwear,Apparel Sol.,06/07/2025
AB-DRE-01376-XXL,Emerald Wrap Dress,63.22,75,Drss,Atelier Nord Studio,11/09/2025
AB-OUT-01377-XXL,Blush Moto Jacket,48.98,72,OUTER,Textile World,01/15/2024
AB-BOT-01378-XXL,Indigo Chino Pant,290.71,33,Pants/Bottoms,ApparelSolns,10/29/2025
AB-BOT-01379-M,Tan Chino Pant,145.08,140,Btms,FH Wholesale (old),10/08/2024
AB-ACC-01380-M,Ivory Statement Earrings,$169.47,99,ACC,Atelier Nord Studio,11/20/2023
AB-TOP-01381-S,Black V-Neck Sweater,112.2,3,TOPS,Textile World,12/18/2025
AB-ACC-01382-XXL,Black Leather Tote,$140.21,-3,Accs,ApparelSolns,08/15/2024
AB-OUT-01383-L,Camel Wool Peacoat - L,232.91,61,OUTER,FH Wholesale (old),09/24/2025
AB-BOT-01384-S,Cognac Linen Pant,103.43,14,BOTTOM,TW Co.,02/23/2026
AB-DRE-01385-XXL,Charcoal Shirt Dress,$79.51,26,Drss,A. Nord,11/14/2025
AB-ACC-01386-S,Beige Wide-Brim Hat,$336.22,49,Accessory,Textile World,08/11/2024
AB-TOP-01387-XS,Indigo Silk Blouse,300.12,37,Tops,Apparel Sol.,02/13/2025
AB-TOP-01388-XS,White Turtleneck,$132.65,79,Tshirts/Tops,Atelier Nord Studio,09/17/2025
AB-ACC-01389-M,Charcoal Leather Tote - M,$170.24,130,Accessories,Atelier Nord Studio,01/04/2025
AB-ACC-01390-XS,Camel Twill Scarf,$138.02,76,accessories,ApparelSolns,05/26/2025
AB-OUT-01391-XS,Blush Trench Coat,$31.96,13,OUTER,Textile World Co,03/16/2025
AB-ACC-01392-M,Charcoal Woven Belt,$102.94,28,Accessories,A. Nord,02/05/2025
AB-BOT-01393-M,Emerald Pleated Skirt,$109.92,24,Bottoms,Apparel Sol.,11/09/2025
AB-TOP-01394-M,Blush Silk Blouse - M,264.58,139,TOPS,Apparel Solutions,05/25/2025
AB-DRE-01395-M,Tan Midi Dress,$191.24,36,dress,Textile World,02/09/2024
AB-BOT-01396-XL,Burgundy Linen Pant,31.27,35,BOTTOM,Fashion Hub Ltd,03/16/2024
AB-ACC-01397-XS,White Crossbody Bag,106.63,136,Accs,Apparel Solutions,12/11/2025
AB-BOT-01398-S,Burgundy Denim Short,62.34,107,bottoms,Fashion Hub,06/18/2025
AB-ACC-01399-M,Cognac Woven Belt - M,154.55,30,Accs,Apparel Solutions,01/19/2025
AB-TOP-01400-XL,Indigo Henley,$73.66,85,TOP,FH Wholesale (old),11/19/2025
AB-BOT-01401-XL,Black Pleated Skirt,257.98,36,bottoms,Fashion Hub,10/14/2025
AB-OUT-01402-XL,Tan Denim Jacket,$68.26,130,Jackets/Outerwear,FH Wholesale (old),01/24/2025
AB-FOO-01403-XL,Indigo Heeled Mule,80.42,0,,Apparel Solutions,10/18/2023
AB-FOO-01404-XXL,Beige Low-Top Sneaker,$279.11,123,footwear,Fashion Hub,11/06/2024
AB-FOO-01405-XL,Burgundy Espadrille,$109.53,56,Footwear,Apparel Solutions,10/12/2024
AB-ACC-01406-XS,Cognac Woven Belt - XS,85.16,123,Accessory,Textile World Co,08/12/2024
AB-DRE-01407-S,Tan Wrap Dress - S,297.76,69,DRESS,Apparel Solutions,01/12/2026
AB-TOP-01408-XL,Charcoal Turtleneck - XL,20.26,88,top,Fashion Hub Ltd,09/25/2025
AB-FOO-01409-XS,Blush Ballet Flat,$253.41,104,SHOES,Apparel Sol.,09/08/2025
AB-DRE-01410-XXL,Black Shift Dress - XXL,$267.99,45,Dresses ,Fashion Hub Ltd,12/09/2025
AB-DRE-01411-XS,Camel Midi Dress,239.04,105,Dresses ,,03/19/2025
AB-DRE-01412-XL,Tan Shirt Dress - XL,$257.86,61,dress,Textile World,06/07/2024
AB-DRE-01413-XXL,Beige Midi Dress,$69.31,59,Dresses,A. Nord,07/09/2025
AB-ACC-01414-S,Blush Crossbody Bag,47.33,46,Accessories,Atelier Nord,11/13/2024
AB-BOT-01415-S,Ivory Midi Skirt,296.89,46,Bottoms,Atelier Nord,05/28/2025
AB-DRE-01416-S,Camel Wrap Dress,247.15,47,dress,Textile World,07/16/2023
AB-BOT-01417-S,Indigo Skinny Jean,$298.84,107,Pants/Bottoms,Atelier Nord Studio,03/06/2024
AB-ACC-01418-XXL,Ivory Wide-Brim Hat,$200.75,102,Accessory,Fashion Hub Ltd,09/24/2024
AB-TOP-01419-XXL,Black V-Neck Sweater,$57.34,21,TOPS,Fashion Hub,07/29/2024
AB-BOT-01420-XS,Beige Linen Pant,$319.71,27,Pants/Bottoms,FH Wholesale (old),01/25/2025
AB-ACC-01421-XS,Burgundy Woven Belt,58.83,113,accessories,Textile World Co,02/22/2026
AB-BOT-01422-L,Blush Pleated Skirt - L,96.7,139,BOTTOM,TW Co.,11/04/2025
AB-BOT-01422-L,Blush Ple ated Skirt - L,96.7,139,BOTTOM,TW Co.,11/04/2025
AB-DRE-01423-XS,Cognac Shirt Dress,$270.69,26,Drss,Fashion Hub Ltd,01/31/2025
AB-ACC-01426-XXL,Tan Crossbody Bag,172.7,28,Accessories,Fashion Hub Ltd,03/11/2024
AB-TOP-01427-XS,Blush Button-Up Shirt - XS,55.99,21,TOP,Apparel Sol.,10/28/2023
AB-FOO-01428-L,Ivory Low-Top Sneaker - L,200.73,108,Footwear,ApparelSolns,03/16/2024
AB-ACC-01429-XL,Camel Statement Earrings,$117.13,26,ACC,Apparel Sol.,05/02/2024
AB-OUT-01430-M,Blush Blazer,234.61,38,OUTER,Fashion Hub Ltd,08/03/2025
AB-ACC-01431-S,Blush Leather Tote - S,$158.86,122,Accs,Atelier Nord,10/27/2025
AB-TOP-01432-L,Beige V-Neck Sweater,61.45,82,top,Apparel Sol.,12/08/2023
AB-BOT-01433-M,Indigo Midi Skirt,$166.31,126,MISC,,08/17/2025
AB-BOT-01433-M,Indigo Midi Skirt ,$166.31,126,MISC,,08/17/2025
AB-OUT-01434-M,Tan Puffer Vest,260.44,62,OUTER,Textile World Co,12/07/2024
AB-OUT-01435-XL,Emerald Puffer Vest,$179.37,59,Outr,Atelier Nord,08/22/2024
AB-TOP-01436-XL,Cognac Cardigan,$245.16,60,Tshirts/Tops,Textile World Co,06/24/2024
AB-TOP-01437-M,Black Turtleneck,345.39,28,TOPS,Atelier Nord,02/14/2024
AB-DRE-01438-M,Ivory Shift Dress,$63.47,105,Drss,A. Nord,06/20/2024
AB-BOT-01439-XS,Charcoal Midi Skirt - XS,53.96,36,Pants/Bottoms,Textile World,06/19/2024
AB-ACC-01440-L,Burgundy Twill Scarf - L,34.39,18,accessories,Apparel Solutions,08/03/2025
AB-FOO-01441-XL,Emerald Ankle Boot - XL,$28.35,99,Shoes/Footwear,Textile World Co,04/04/2024
AB-TOP-01442-XS,White Turtleneck,59.52,46,top,Atelier Nord,12/21/2024
AB-ACC-01443-XL,Burgundy Leather Tote,163.3,86,Accessories,Apparel Solutions,12/19/2024
AB-ACC-01444-M,Black Statement Earrings,63.24,8,ACC,Fashion Hub Ltd,02/07/2025
AB-BOT-01445-XS,Ivory Denim Short,$267.34,116,Bottoms,Atelier Nord,01/01/2025
AB-ACC-01446-XL,Beige Woven Belt - XL,$240.44,108,ACC,Apparel Solutions,12/19/2023
AB-DRE-01447-L,Cognac Wrap Dress,$229.62,114,DRESS,Textile World,02/05/2025
AB-TOP-01448-S,Indigo Turtleneck,$267.76,119,Tops,Fashion Hub,10/15/2024
AB-DRE-01449-L,Tan Shirt Dress,64.13,95,Dresses,Atelier Nord,08/08/2025
AB-OUT-01450-XS,Camel Trench Coat,44.02,85,Outr,,08/02/2023
AB-BOT-01451-XL,Ivory Pleated Skirt - XL,34.48,2,Pants/Bottoms,FH Wholesale (old),09/24/2025
AB-DRE-01452-S,Cognac Midi Dress,90.41,21,Dresses ,Fashion Hub,04/03/2025
AB-FOO-01453-L,Beige Ankle Boot,31.45,23,Shoes/Footwear,Fashion Hub,06/21/2024
AB-TOP-01454-L,Camel Tank Top,112.49,100,Tshirts/Tops,Textile World,08/09/2025
AB-DRE-01455-XXL,Burgundy Midi Dress,$112.07,125,dress,FH Wholesale (old),11/23/2023
AB-FOO-01456-XL,Black Low-Top Sneaker - XL,162.29,9,SHOES,A. Nord,05/05/2024
AB-BOT-01457-L,Tan Wide-Leg Trouser - L,$252.19,31,bottoms,FH Wholesale (old),09/01/2025
AB-FOO-01459-XXL,Beige Espadrille,$151.97,33,Footwear,ApparelSolns,12/01/2024
AB-DRE-01460-L,Beige Shift Dress - L,285.26,99,Dresses,Fashion Hub Ltd,01/30/2024
AB-BOT-01461-XS,Beige Denim Short - XS,190.55,127,Bottoms,Textile World,09/09/2023
AB-TOP-01462-XL,Camel Silk Blouse - XL,$169.06,116,TOP,,08/10/2024
AB-BOT-01463-XS,Ivory Pleated Skirt - XS,193.33,90,Pants/Bottoms,Apparel Sol.,01/03/2024
AB-OUT-01465-XS,Ivory Blazer,29.93,83,outerwear,Atelier Nord,12/16/2024
AB-OUT-01466-S,Tan Puffer Vest,129.44,81,outerwear,,08/07/2024
AB-TOP-01467-L,Cognac Cardigan,$264.07,10,TOPS,Apparel Sol.,04/15/2025
AB-OUT-01469-L,Beige Trench Coat,83.17,118,OUTER,Fashion Hub Ltd,06/08/2025
AB-TOP-01470-L,Emerald Tank Top,53.33,33,TOP,Atelier Nord Studio,01/15/2026
AB-TOP-01471-S,Indigo Cardigan - S,$109.05,84,Tops,Atelier Nord Studio,07/23/2024
AB-FOO-01473-S,Emerald Low-Top Sneaker,$111.88,8,,TW Co.,01/25/2025
AB-OUT-01474-L,Blush Moto Jacket - L,$81.94,63,outerwear,A. Nord,11/02/2025
AB-TOP-01475-M,Camel Cardigan,43.15,2,Tops,Textile World,02/26/2024
AB-OUT-01476-XXL,Camel Moto Jacket,$276.41,129,OUTER,Atelier Nord Studio,02/19/2024
AB-ACC-01477-XS,Ivory Woven Belt,$296.50,109,accessories,Fashion Hub,09/01/2024
AB-DRE-01478-M,Charcoal Midi Dress,164.62,151,dress,Atelier Nord Studio,06/23/2025
AB-BOT-01479-M,Indigo Linen Pant,245.56,50,Bottoms,A. Nord,09/15/2023
AB-BOT-01481-L,Ivory Chino Pant,49.04,104,BOTTOM,Apparel Sol.,02/06/2024
AB-FOO-01482-L,Black Espadrille,$211.34,24,footwear,,07/22/2023
AB-BOT-01483-L,Charcoal Linen Pant,$200.82,55,Pants/Bottoms,TW Co.,08/31/2024
AB-BOT-01483-L,Charcoal Line n Pant,$200.82,55,Pants/Bottoms,TW Co.,08/31/2024
AB-BOT-01484-XL,Tan Wide-Leg Trouser,129.47,93,Pants/Bottoms,Fashion Hub,10/04/2023
AB-DRE-01485-XS,Cognac Shift Dress - XS,$222.97,116,Dresses,Atelier Nord,08/10/2024
AB-OUT-01486-XL,Blush Wool Peacoat - XL,$189.25,85,Jackets/Outerwear,A. Nord,01/29/2024
AB-BOT-01487-M,Indigo Chino Pant,$191.83,41,bottoms,Textile World Co,11/19/2024
AB-OUT-01488-XXL,Camel Denim Jacket - XXL,$216.28,25,OUTER,Atelier Nord Studio,03/04/2024
AB-TOP-01489-XS,Tan V-Neck Sweater - XS,$49.62,140,TOP,A. Nord,02/22/2024
AB-ACC-01490-XL,Cognac Crossbody Bag,$236.39,107,ACC,Fashion Hub,03/08/2024
AB-BOT-01491-XL,Emerald Midi Skirt,52.93,120,Bottoms,A. Nord,03/08/2024
AB-DRE-01492-XXL,Indigo Maxi Dress - XXL,19.74,109,DRESS,Atelier Nord Studio,07/31/2025
AB-BOT-01493-M,Camel Denim Short,116.28,106,Btms,ApparelSolns,06/27/2025
AB-BOT-01494-XS,Indigo Skinny Jean,26.13,95,Pants/Bottoms,Fashion Hub,10/11/2025
AB-FOO-01495-M,Beige Espadrille,$63.88,110,Footwear,ApparelSolns,03/18/2024
AB-FOO-01496-XL,Charcoal Heeled Mule,257.54,108,Footwear,A. Nord,01/17/2024
AB-ACC-01497-S,Burgundy Crossbody Bag,$291.09,141,Accs,Atelier Nord,10/30/2023
AB-OUT-01498-XXL,White Trench Coat,166.29,100,Outerwear,Textile World,03/30/2026
AB-ACC-01499-S,Cognac Woven Belt - S,79.91,23,Accs,ApparelSolns,10/01/2023
AB-OUT-01500-XL,Tan Moto Jacket,$24.86,139,Outr,Textile World,12/05/2023
AB-FOO-01501-XXL,Black Heeled Mule - XXL,$329.83,104,Footwear,Textile World,01/18/2024
AB-BOT-01502-M,Charcoal Linen Pant - M,$178.16,66,bottoms,Textile World Co,07/24/2025
AB-OUT-01503-XS,Tan Wool Peacoat,$43.09,36,outerwear,Apparel Solutions,04/21/2025
AB-TOP-01504-L,White V-Neck Sweater,48.5,66,top,Fashion Hub Ltd,02/07/2024
AB-BOT-01505-L,White Skinny Jean,298.8,53,Bottoms,Apparel Sol.,10/09/2024
AB-BOT-01505-L,White  Skinny Jean,298.8,53,Bottoms,Apparel Sol.,10/09/2024
AB-TOP-01506-L,Black Henley,161.06,19,Tshirts/Tops,FH Wholesale (old),04/14/2024
AB-ACC-01507-M,Indigo Crossbody Bag,263.28,46,ACC,Atelier Nord,08/26/2024
AB-TOP-01508-XL,Tan Silk Blouse,$52.43,87,TOPS,Fashion Hub Ltd,05/31/2024
AB-OUT-01509-XL,Beige Puffer Vest,69.75,72,OUTER,FH Wholesale (old),02/02/2024
AB-BOT-01510-XL,Black Denim Short - XL,160.4,39,BOTTOM,Fashion Hub,03/29/2024
AB-DRE-01511-XS,Charcoal Wrap Dress - XS,$59.85,22,,Apparel Solutions,01/01/2026
AB-ACC-01512-M,Camel Leather Tote - M,75.15,23,Accessory,A. Nord,05/03/2024
AB-ACC-01513-M,Tan Wide-Brim Hat,$249.12,126,Accessories,Atelier Nord Studio,02/06/2025
AB-FOO-01514-M,Charcoal Heeled Mule,$79.59,62,footwear,Textile World Co,09/27/2024
AB-TOP-01515-S,Ivory Button-Up Shirt,149.17,114,TOP,Atelier Nord Studio,10/26/2024
AB-FOO-01516-M,Camel Espadrille,195.01,109,footwear,Fashion Hub Ltd,07/06/2024
AB-FOO-01517-XXL,Blush Ballet Flat - XXL,163.88,8,SHOES,Fashion Hub,10/11/2024
AB-DRE-01518-M,Indigo Slip Dress,$135.66,29,dress,ApparelSolns,12/07/2023
AB-DRE-01519-M,Ivory Maxi Dress,$43.74,95,Dresses ,Textile World,09/03/2024
AB-BOT-01520-XS,Blush Midi Skirt,$113.36,11,Btms,FH Wholesale (old),05/29/2025
AB-DRE-01521-XL,Emerald Midi Dress,$290.89,16,Dresses,ApparelSolns,09/03/2024
AB-DRE-01522-XL,Charcoal Slip Dress - XL,51.61,60,DRESS,Textile World Co,10/16/2025
AB-FOO-01523-XL,White Espadrille,$215.45,122,footwear,Atelier Nord,06/29/2024
AB-DRE-01524-XS,Charcoal Midi Dress - XS,166.5,70,Dresses ,,08/14/2024
AB-TOP-01525-S,Emerald V-Neck Sweater - S,210.51,54,TOP,Apparel Sol.,04/29/2025
AB-OUT-01527-XL,Cognac Moto Jacket,123.4,4,Outerwear,FH Wholesale (old),07/27/2023
AB-OUT-01528-XXL,Indigo Moto Jacket - XXL,111.26,88,Outerwear,ApparelSolns,08/31/2024
AB-TOP-01529-XL,Emerald Tank Top - XL,134.49,116,TOPS,Fashion Hub,01/09/2025
AB-ACC-01530-XL,Blush Twill Scarf - XL,$26.59,12,Accs,Fashion Hub,02/03/2026
AB-ACC-01532-XS,Cognac Woven Belt,$98.59,19,Accessory,Fashion Hub,12/17/2023
AB-TOP-01533-M,White Button-Up Shirt,235.83,97,Tops,Apparel Sol.,06/27/2024
AB-ACC-01534-XL,Ivory Leather Tote,$53.69,81,Accessories,Atelier Nord,01/21/2026
AB-BOT-01535-L,Beige Midi Skirt,235.39,133,bottoms,Atelier Nord Studio,10/29/2024
AB-BOT-01536-XXL,Emerald Denim Short,$321.78,77,Pants/Bottoms,Atelier Nord,08/21/2025
AB-ACC-01537-XS,Charcoal Crossbody Bag,$238.04,21,ACC,Apparel Solutions,11/08/2024
AB-FOO-01538-XXL,Tan Low-Top Sneaker,240.95,19,Ftwr,Textile World Co,10/29/2024
AB-TOP-01539-XXL,Black Turtleneck - XXL,$156.82,98,Tshirts/Tops,Textile World Co,02/14/2024
AB-OUT-01541-XL,Ivory Blazer,293.28,56,outerwear,FH Wholesale (old),11/24/2024
AB-OUT-01542-XL,Beige Denim Jacket,$242.69,62,OUTER,TW Co.,09/08/2023
AB-DRE-01543-XXL,Ivory Maxi Dress,323.27,26,Dresses ,Apparel Sol.,04/04/2024
AB-OUT-01544-XS,Burgundy Moto Jacket - XS,$23.55,117,Jackets/Outerwear,Textile World,01/04/2024
AB-DRE-01545-XXL,Emerald Wrap Dress,$124.82,30,DRESS,,06/20/2025
AB-TOP-01546-S,Indigo Tank Top,127.12,114,TOP,Textile World Co,10/15/2024
AB-DRE-01547-M,Emerald Wrap Dress,51.67,97,Dresses ,Apparel Solutions,07/17/2025
AB-OUT-01548-S,Camel Trench Coat,$73.88,70,Outr,A. Nord,03/11/2025
AB-FOO-01549-L,Cognac Heeled Mule - L,$203.38,63,Footwear,Fashion Hub Ltd,10/21/2023
AB-BOT-01550-XS,Black Skinny Jean,$98.42,139,BOTTOM,Apparel Sol.,10/13/2023
AB-DRE-01551-XXL,Beige Midi Dress,$148.50,15,Dresses ,Atelier Nord Studio,06/20/2024
AB-DRE-01551-XXL,Be ige Midi Dress,$148.50,15,Dresses ,Atelier Nord Studio,06/20/2024
AB-ACC-01552-L,Camel Statement Earrings - L,$63.98,52,ACC,Textile World,12/03/2024
AB-ACC-01553-XL,Burgundy Woven Belt,235.7,25,accessories,Apparel Solutions,01/26/2024
AB-FOO-01554-L,Beige Espadrille,$243.78,61,Footwear,ApparelSolns,12/27/2023
AB-DRE-01555-S,White Shirt Dress,$114.05,116,Dresses,Textile World,11/04/2023
AB-TOP-01556-M,Indigo Henley - M,69.15,67,Tops,FH Wholesale (old),12/08/2023
AB-BOT-01557-XL,Black Linen Pant - XL,$310.20,8,bottoms,Apparel Solutions,11/12/2024
AB-BOT-01559-S,Cognac Denim Short - S,$277.51,11,Btms,Textile World,04/13/2024
AB-ACC-01560-L,Emerald Woven Belt - L,$335.00,54,Accessories,Apparel Solutions,10/30/2025
AB-OUT-01561-L,Blush Wool Peacoat - L,$286.13,78,Outr,Fashion Hub Ltd,10/16/2025
AB-DRE-01562-XL,Tan Slip Dress,$51.73,132,dress,Atelier Nord,09/21/2025
AB-OUT-01564-XL,Charcoal Moto Jacket,128.95,24,Outr,Atelier Nord,12/13/2023
AB-OUT-01565-M,White Blazer,310.4,134,Outerwear,Atelier Nord Studio,06/16/2024
AB-DRE-01566-M,Blush Shirt Dress - M,204.89,70,Drss,Atelier Nord Studio,10/09/2024
AB-BOT-01567-XL,Beige Skinny Jean,273.29,31,Bottoms,ApparelSolns,09/27/2024
AB-OUT-01568-M,Blush Puffer Vest,$322.32,127,Jackets/Outerwear,FH Wholesale (old),05/05/2025
AB-BOT-01569-S,Tan Chino Pant,$200.71,41,bottoms,Apparel Solutions,03/19/2024
AB-OUT-01570-M,White Wool Peacoat,$151.99,55,Outr,Fashion Hub,05/01/2024
AB-FOO-01571-L,Black Ankle Boot - L,$19.54,90,Ftwr,ApparelSolns,09/09/2025
AB-TOP-01572-S,Camel Crewneck Tee,$282.78,128,TOP,Apparel Solutions,03/20/2025
AB-FOO-01573-XXL,White Low-Top Sneaker,59.21,55,footwear,Apparel Sol.,12/02/2024
AB-FOO-01574-S,Camel Ankle Boot,158.98,90,Footwear,FH Wholesale (old),09/11/2024
AB-ACC-01575-L,Indigo Statement Earrings,$312.36,25,Accessories,Atelier Nord,08/16/2024
AB-DRE-01576-S,Camel Slip Dress,$227.29,82,Dresses ,Atelier Nord,10/20/2025
AB-FOO-01577-S,Tan Low-Top Sneaker,$59.36,51,Ftwr,Apparel Solutions,04/12/2024
AB-DRE-01578-XL,Camel Wrap Dress,$190.34,81,Dresses,A. Nord,11/04/2025
AB-OUT-01579-XL,Ivory Moto Jacket,$230.30,128,Outr,Atelier Nord,10/21/2025
AB-ACC-01580-M,Emerald Woven Belt,157.86,105,accessories,A. Nord,01/20/2025
AB-BOT-01582-M,Cognac Denim Short,203.31,75,Pants/Bottoms,Textile World,02/15/2024
AB-OUT-01583-XXL,Indigo Trench Coat - XXL,163.26,142,Outr,FH Wholesale (old),08/21/2024
AB-TOP-01584-M,Black V-Neck Sweater - M,$129.97,30,top,FH Wholesale (old),11/09/2025
AB-DRE-01585-XXL,Emerald Slip Dress - XXL,279.32,31,Drss,Apparel Solutions,07/08/2025
AB-FOO-01586-XXL,Cognac Espadrille,241.06,139,Shoes/Footwear,Fashion Hub,02/03/2024
AB-FOO-01587-S,Emerald Espadrille,$294.97,45,Shoes/Footwear,Textile World,04/02/2024
AB-ACC-01588-XS,Burgundy Woven Belt,206.68,51,Accessories,Atelier Nord,11/25/2023
AB-TOP-01589-XL,Ivory Crewneck Tee - XL,$185.05,60,N/A,Fashion Hub,12/27/2023
AB-TOP-01590-XL,Black Henley,139.68,19,TOPS,,07/07/2024
AB-OUT-01591-S,Ivory Denim Jacket - S,263.92,112,Outr,ApparelSolns,12/13/2025
AB-ACC-01592-L,White Wide-Brim Hat,201.51,47,Accs,Textile World Co,05/24/2024
AB-ACC-01593-S,Charcoal Statement Earrings,152.86,75,Accessories,TW Co.,07/01/2024
AB-ACC-01593-S,Charcoal State ment Earrings,152.86,75,Accessories,TW Co.,07/01/2024
AB-ACC-01594-L,Beige Twill Scarf - L,$202.24,100,Accessories,,08/16/2024
AB-ACC-01595-L,Emerald Twill Scarf,65.47,64,accessories,Atelier Nord Studio,02/10/2025
AB-TOP-01596-XL,Black Cardigan,29.83,113,TOP,ApparelSolns,06/18/2023
AB-DRE-01597-XXL,Emerald Midi Dress - XXL,105.79,40,Dresses,Atelier Nord Studio,11/27/2024
AB-FOO-01598-M,Charcoal Loafer - M,$172.75,44,SHOES,Atelier Nord,08/06/2025
AB-BOT-01599-XXL,Tan Pleated Skirt,155.59,47,BOTTOM,Apparel Sol.,06/30/2024
AB-ACC-01601-XXL,Beige Leather Tote,$60.55,88,Accessories,Apparel Sol.,07/26/2025
AB-FOO-01602-XL,Beige Ballet Flat,38.71,7,Footwear,Atelier Nord,04/26/2026
AB-ACC-01603-XS,Charcoal Leather Tote,174.92,121,Accs,Fashion Hub Ltd,07/30/2024
AB-BOT-01604-S,Burgundy Midi Skirt,$285.51,56,Pants/Bottoms,FH Wholesale (old),05/20/2025
AB-OUT-01605-XS,White Denim Jacket,$50.61,18,Jackets/Outerwear,Apparel Sol.,01/07/2025
AB-BOT-01607-XL,Beige Linen Pant,$75.65,125,bottoms,Textile World Co,02/02/2025
AB-ACC-01608-S,Charcoal Woven Belt,$144.19,149,accessories,Textile World Co,02/05/2026
AB-BOT-01609-XS,Beige Skinny Jean - XS,$77.32,35,BOTTOM,FH Wholesale (old),11/21/2023
AB-DRE-01610-XL,Beige Maxi Dress,$119.99,135,Dresses ,Fashion Hub Ltd,04/20/2025
AB-BOT-01611-XL,Charcoal Midi Skirt,154.69,91,Pants/Bottoms,Atelier Nord,02/18/2025
AB-FOO-01612-L,White Low-Top Sneaker,181.86,18,SHOES,A. Nord,01/30/2025
AB-TOP-01613-M,Cognac Silk Blouse - M,48.38,59,Tshirts/Tops,Fashion Hub,12/18/2023
AB-FOO-01614-XS,Blush Loafer,269.22,74,SHOES,Textile World,02/11/2026
AB-DRE-01615-M,Burgundy Maxi Dress - M,$269.82,40,Dresses,Fashion Hub Ltd,06/15/2024
AB-TOP-01616-XL,Cognac Turtleneck,141.05,27,top,Apparel Sol.,03/14/2025
AB-ACC-01617-L,Beige Twill Scarf - L,201.11,1,accessories,Apparel Sol.,04/23/2024
AB-OUT-01618-M,Charcoal Wool Peacoat - M,$58.18,140,outerwear,Fashion Hub,11/21/2025
AB-ACC-01619-XS,Tan Woven Belt,184.91,2,accessories,TW Co.,07/26/2024
AB-TOP-01620-XXL,Beige Cardigan,$301.33,122,Tops,Fashion Hub Ltd,10/19/2023
AB-DRE-01621-XS,Black Shirt Dress,163.81,57,Dresses ,Fashion Hub,10/04/2025
AB-DRE-01622-M,Emerald Maxi Dress - M,21.98,14,Drss,Textile World Co,12/03/2023
AB-BOT-01623-L,Beige Denim Short,184.87,-1,bottoms,FH Wholesale (old),09/14/2024
AB-OUT-01624-L,Ivory Blazer,178.51,22,Outr,Atelier Nord,11/06/2024
AB-TOP-01625-S,Blush Tank Top,149.13,6,Tshirts/Tops,Apparel Solutions,02/16/2024
AB-BOT-01626-XS,Beige Skinny Jean - XS,$144.26,143,bottoms,TW Co.,12/16/2024
AB-TOP-01627-S,Burgundy Crewneck Tee,38.88,32,Tshirts/Tops,Fashion Hub,02/06/2025
AB-BOT-01628-M,Black Pleated Skirt - M,189.06,62,BOTTOM,Apparel Solutions,05/25/2024
AB-BOT-01629-L,Indigo Denim Short - L,214.72,4,Bottoms,,04/26/2024
AB-FOO-01630-XXL,Emerald Low-Top Sneaker,283.25,56,Ftwr,ApparelSolns,02/01/2025
AB-ACC-01631-XL,Blush Woven Belt,295.98,62,Accessories,Apparel Solutions,02/05/2025
AB-DRE-01632-XL,Burgundy Shift Dress,34.33,105,DRESS,Fashion Hub,04/28/2025
AB-FOO-01633-XS,Camel Heeled Mule,$310.28,133,Ftwr,TW Co.,05/13/2024
AB-DRE-01634-S,Cognac Shirt Dress - S,$130.21,26,Drss,FH Wholesale (old),08/01/2023
AB-BOT-01635-XXL,Emerald Linen Pant,$290.06,1,Pants/Bottoms,Atelier Nord,03/17/2025
AB-TOP-01636-XL,Camel Button-Up Shirt,106.97,21,TOP,Atelier Nord Studio,10/23/2023
AB-DRE-01637-L,Indigo Slip Dress,299.19,98,DRESS,Fashion Hub,10/28/2024
AB-TOP-01638-L,Charcoal Turtleneck,228.92,136,TOPS,TW Co.,12/27/2023
AB-ACC-01639-XL,Black Woven Belt - XL,294.66,86,MISC,Apparel Solutions,04/15/2026
AB-DRE-01640-XS,Charcoal Slip Dress,$235.75,111,Dresses ,Apparel Sol.,05/22/2026
AB-FOO-01642-XL,Indigo Heeled Mule,$64.72,97,Shoes/Footwear,Apparel Solutions,10/25/2024
AB-ACC-01643-XS,Ivory Leather Tote,258.18,85,Accessories,ApparelSolns,10/22/2023
AB-BOT-01644-M,Cognac Midi Skirt,197.08,9,bottoms,,01/26/2025
AB-DRE-01645-XXL,Camel Shift Dress - XXL,254.48,3,,ApparelSolns,11/13/2023
AB-DRE-01646-M,Tan Slip Dress - M,257.9,113,DRESS,Apparel Sol.,02/13/2025
AB-TOP-01647-L,Black Henley,336.55,133,Tshirts/Tops,Fashion Hub Ltd,09/02/2025
AB-FOO-01648-XS,Indigo Low-Top Sneaker - XS,$98.94,80,Ftwr,Fashion Hub Ltd,01/10/2024
AB-OUT-01649-M,Camel Trench Coat,283.95,37,outerwear,Apparel Solutions,06/21/2024
AB-ACC-01650-XL,Ivory Leather Tote,87.94,-3,,FH Wholesale (old),04/20/2024
AB-ACC-01651-XL,Emerald Wide-Brim Hat,29.66,58,Accessories,Apparel Sol.,12/18/2023
AB-ACC-01652-XS,Camel Woven Belt,179.41,11,accessories,ApparelSolns,01/28/2025
AB-BOT-01653-XS,White Pleated Skirt - XS,48.15,27,N/A,,04/23/2024
AB-BOT-01654-M,Beige Pleated Skirt,41.13,113,Pants/Bottoms,A. Nord,10/24/2025
AB-DRE-01655-M,Black Midi Dress,109.04,104,Dresses,Apparel Solutions,04/01/2025
AB-DRE-01656-XL,Camel Maxi Dress,$69.38,11,Dresses,Fashion Hub,03/07/2024
AB-DRE-01656-XL,Came l Maxi Dress,$69.38,11,Dresses,Fashion Hub,03/07/2024
AB-BOT-01657-XS,Black Denim Short - XS,$264.10,130,Bottoms,Textile World,12/15/2025
AB-ACC-01658-XXL,Beige Wide-Brim Hat,$332.82,96,ACC,Apparel Sol.,02/24/2026
AB-FOO-01659-XXL,Tan Ankle Boot,134.01,20,Shoes/Footwear,Textile World Co,09/16/2023
AB-BOT-01660-XL,Cognac Denim Short,179.48,29,bottoms,Atelier Nord Studio,03/23/2026
AB-FOO-01661-L,Beige Ankle Boot - L,$115.02,49,footwear,Atelier Nord,10/27/2025
AB-OUT-01663-XS,Burgundy Wool Peacoat,$152.61,91,outerwear,Textile World Co,10/01/2024
AB-TOP-01664-XL,Cognac Tank Top,$291.45,123,TOP,FH Wholesale (old),02/16/2025
AB-BOT-01665-S,Indigo Chino Pant,301.88,62,Pants/Bottoms,Textile World Co,10/05/2025
AB-OUT-01666-XXL,Beige Blazer - XXL,$199.42,73,Outerwear,TW Co.,09/25/2024
AB-DRE-01667-L,White Wrap Dress,$179.63,37,dress,A. Nord,06/10/2025
AB-OUT-01668-S,Charcoal Blazer,$22.70,30,Outr,Atelier Nord Studio,08/19/2024
AB-DRE-01669-L,Burgundy Slip Dress - L,56.36,8,MISC,Fashion Hub Ltd,04/21/2026
AB-OUT-01670-S,Burgundy Moto Jacket,55.82,135,Jackets/Outerwear,Fashion Hub Ltd,12/14/2024
AB-OUT-01671-L,Ivory Wool Peacoat - L,238.39,41,OUTER,Textile World,09/22/2024
AB-DRE-01672-XL,Beige Slip Dress,296.31,11,Dresses ,FH Wholesale (old),09/22/2023
AB-ACC-01673-L,Emerald Woven Belt - L,$244.50,121,Accessories,A. Nord,05/24/2024
AB-OUT-01674-XXL,Ivory Blazer,243.39,130,Outerwear,Textile World,02/15/2024
AB-OUT-01674-XXL,Ivory Blaze r,243.39,130,Outerwear,Textile World,02/15/2024
AB-BOT-01675-XL,Beige Skinny Jean - XL,$212.30,116,Bottoms,,08/08/2024
AB-DRE-01676-XL,Ivory Maxi Dress,312.29,24,DRESS,ApparelSolns,03/21/2024
AB-DRE-01677-XS,Blush Maxi Dress,105.09,107,Dresses ,A. Nord,10/27/2024
AB-BOT-01678-XXL,Black Wide-Leg Trouser,141.32,71,bottoms,TW Co.,08/06/2025
AB-FOO-01679-M,White Ballet Flat,63.34,73,Ftwr,Apparel Sol.,04/09/2024
AB-OUT-01680-S,Charcoal Denim Jacket,306.12,66,OUTER,Apparel Solutions,03/27/2025
AB-TOP-01681-M,Tan Turtleneck,46.24,130,TOPS,,07/07/2025
AB-BOT-01682-XS,Beige Skinny Jean,21.17,6,Btms,Textile World,11/18/2024
AB-BOT-01683-L,Beige Pleated Skirt,170.39,116,Pants/Bottoms,Atelier Nord,03/20/2024
AB-TOP-01684-L,Emerald V-Neck Sweater,$98.41,35,TOP,A. Nord,06/08/2024
AB-ACC-01685-M,White Statement Earrings - M,$236.24,56,ACC,Fashion Hub,06/01/2025
AB-TOP-01686-XL,Ivory Tank Top,113.27,131,Tshirts/Tops,Apparel Solutions,09/21/2025
AB-TOP-01687-L,Black Tank Top,305.71,133,Tshirts/Tops,Fashion Hub,08/09/2024
AB-BOT-01688-XXL,Cognac Midi Skirt - XXL,304.46,2,bottoms,Fashion Hub Ltd,08/27/2024
AB-BOT-01689-S,Indigo Denim Short,98.95,38,BOTTOM,Textile World,10/04/2024
AB-BOT-01689-S,Indigo De nim Short,98.95,38,BOTTOM,Textile World,10/04/2024
AB-BOT-01690-M,Emerald Linen Pant,77.08,22,BOTTOM,Textile World,04/09/2025
AB-BOT-01692-XXL,Indigo Skinny Jean - XXL,204.83,57,Btms,ApparelSolns,03/23/2025
AB-DRE-01693-XXL,Cognac Maxi Dress,284.14,59,dress,Textile World Co,04/06/2026
AB-DRE-01695-XS,Charcoal Wrap Dress,$138.78,114,dress,Apparel Sol.,07/11/2024
AB-BOT-01696-XS,Indigo Linen Pant - XS,176.66,72,Btms,Textile World Co,10/05/2025
AB-TOP-01697-L,Burgundy Tank Top - L,252.15,123,TOPS,Textile World Co,11/19/2025
AB-OUT-01698-XXL,Indigo Puffer Vest,28.25,80,Outr,Textile World Co,04/14/2025
AB-BOT-01699-XS,Indigo Midi Skirt,95.7,81,Btms,ApparelSolns,07/28/2024
AB-OUT-01700-L,Indigo Denim Jacket,$293.82,69,outerwear,Apparel Sol.,04/25/2025
AB-ACC-01701-XXL,Blush Leather Tote - XXL,$110.92,102,accessories,Fashion Hub,01/21/2024
AB-FOO-01702-S,Cognac Low-Top Sneaker,274.72,90,Ftwr,Fashion Hub Ltd,12/06/2023
AB-FOO-01703-XXL,Black Loafer,$269.25,23,SHOES,Fashion Hub,08/23/2025
AB-ACC-01704-XL,Blush Woven Belt - XL,$213.45,125,Accs,FH Wholesale (old),03/30/2024
AB-DRE-01705-S,Charcoal Slip Dress,274.32,59,DRESS,Atelier Nord,08/27/2024
AB-BOT-01706-L,Blush Pleated Skirt,184.67,66,N/A,Textile World Co,12/16/2023
AB-TOP-01707-XS,Cognac Crewneck Tee,228.87,10,Tshirts/Tops,,11/19/2023
AB-DRE-01708-S,Black Shift Dress,26.59,45,dress,TW Co.,10/31/2025
AB-OUT-01709-S,Indigo Blazer - S,$301.36,5,outerwear,Apparel Sol.,03/14/2024
AB-FOO-01710-XXL,Burgundy Espadrille,25.79,138,MISC,Atelier Nord Studio,03/10/2025
AB-BOT-01711-XL,Burgundy Skinny Jean,$75.17,79,Bottoms,A. Nord,01/30/2026
AB-DRE-01712-XXL,Cognac Maxi Dress,111.38,117,Drss,Fashion Hub Ltd,04/05/2024
AB-TOP-01713-XL,Tan Button-Up Shirt,123.05,98,Tshirts/Tops,A. Nord,02/24/2024
AB-BOT-01714-M,Cognac Chino Pant - M,112.34,135,Btms,A. Nord,11/01/2024
AB-BOT-01715-L,Black Chino Pant,306.13,144,Bottoms,Atelier Nord Studio,05/06/2025
AB-TOP-01716-XL,Charcoal Henley,$140.32,59,top,Fashion Hub,03/10/2025
AB-DRE-01717-XS,Beige Maxi Dress - XS,$120.02,21,Dresses,Apparel Solutions,02/26/2024
AB-OUT-01719-XL,Burgundy Puffer Vest - XL,35.01,126,OUTER,,04/01/2024
AB-OUT-01720-M,Burgundy Wool Peacoat,29.55,90,Outerwear,Textile World Co,05/05/2026
AB-TOP-01721-S,Burgundy Button-Up Shirt,$196.97,80,top,,10/10/2025
AB-BOT-01722-XXL,Emerald Pleated Skirt - XXL,$163.82,20,Btms,A. Nord,10/24/2023
AB-OUT-01723-L,White Blazer,$233.53,41,Jackets/Outerwear,Textile World Co,06/11/2025
AB-ACC-01724-S,Ivory Twill Scarf,$280.09,29,ACC,Atelier Nord Studio,01/11/2024
AB-OUT-01725-XXL,Ivory Denim Jacket,59.04,148,Jackets/Outerwear,Atelier Nord Studio,09/28/2024
AB-OUT-01726-XS,Camel Moto Jacket - XS,$318.70,70,Outerwear,Atelier Nord,05/26/2025
AB-DRE-01727-XL,Blush Slip Dress,$61.40,133,Drss,Textile World,10/15/2025
AB-BOT-01728-XXL,Beige Midi Skirt - XXL,171.23,54,N/A,ApparelSolns,11/13/2024
AB-OUT-01729-XXL,Blush Trench Coat,$67.20,125,outerwear,TW Co.,08/26/2023
AB-DRE-01730-S,Ivory Maxi Dress - S,37.35,1,dress,A. Nord,04/28/2024
AB-DRE-01730-S,Ivory Maxi Dre ss - S,37.35,1,dress,A. Nord,04/28/2024
AB-ACC-01731-XXL,Charcoal Leather Tote,168.31,84,Accessories,FH Wholesale (old),12/01/2023
AB-TOP-01732-S,Beige Henley - S,$127.90,51,TOP,Fashion Hub,09/03/2024
AB-ACC-01733-M,Charcoal Twill Scarf,247.37,109,ACC,ApparelSolns,03/19/2025
AB-ACC-01735-XL,White Leather Tote,$46.71,69,accessories,TW Co.,03/19/2024
AB-ACC-01735-XL,White  Leather Tote,$46.71,69,accessories,TW Co.,03/19/2024
AB-BOT-01736-XS,Beige Pleated Skirt,$253.11,98,Bottoms,Textile World Co,04/09/2024
AB-FOO-01737-M,Beige Loafer - M,72.26,5,SHOES,A. Nord,10/09/2025
AB-BOT-01738-XL,White Wide-Leg Trouser,60.27,117,Pants/Bottoms,Textile World Co,06/07/2026
AB-TOP-01739-XS,White Tank Top - XS,$178.41,112,Tshirts/Tops,Textile World,12/15/2024
AB-ACC-01740-M,Blush Crossbody Bag,$90.40,97,ACC,FH Wholesale (old),10/28/2024
AB-OUT-01741-M,Emerald Blazer,$271.50,81,9,Apparel Solutions,03/18/2025
AB-TOP-01742-XXL,Ivory Turtleneck,236.3,111,TOP,Apparel Solutions,03/01/2025
AB-OUT-01743-M,Burgundy Denim Jacket,180.45,100,outerwear,Fashion Hub,03/23/2025
AB-OUT-01743-M,Burgundy De nim Jacket,180.45,100,outerwear,Fashion Hub,03/23/2025
AB-DRE-01744-M,Black Midi Dress,254.21,85,Drss,Atelier Nord,12/29/2025
AB-OUT-01745-XL,Beige Trench Coat,138.42,45,Outerwear,TW Co.,08/19/2025
AB-TOP-01746-M,Emerald Turtleneck - M,$19.59,66,TOP,Textile World Co,07/04/2024
AB-TOP-01747-XL,Camel Tank Top - XL,$201.49,8,top,Fashion Hub,08/12/2025
AB-DRE-01748-L,Emerald Shirt Dress,320.45,64,dress,FH Wholesale (old),02/25/2024
AB-ACC-01749-XS,Beige Twill Scarf,309.73,116,Accessory,Atelier Nord,03/28/2025
AB-ACC-01749-XS,Be ige Twill Scarf,309.73,116,Accessory,Atelier Nord,03/28/2025
AB-BOT-01750-XXL,Burgundy Chino Pant,$26.41,7,Pants/Bottoms,FH Wholesale (old),07/19/2025
AB-ACC-01751-XXL,Burgundy Leather Tote,270.49,33,Accs,Textile World,01/29/2024
AB-OUT-01752-L,Black Moto Jacket - L,$113.87,128,outerwear,FH Wholesale (old),03/12/2024
AB-BOT-01753-XXL,Beige Linen Pant - XXL,$121.09,73,bottoms,FH Wholesale (old),11/04/2025
AB-BOT-01753-XXL,Be ige Linen Pant - XXL,$121.09,73,bottoms,FH Wholesale (old),11/04/2025
AB-BOT-01754-M,Burgundy Denim Short - M,$296.93,103,Btms,Fashion Hub Ltd,10/01/2024
AB-ACC-01755-XS,Black Statement Earrings,$284.39,137,Accs,Textile World,04/12/2024
AB-ACC-01756-S,White Woven Belt,30.82,51,9,Atelier Nord,10/23/2025
AB-FOO-01757-XXL,Ivory Heeled Mule - XXL,$114.81,89,MISC,Fashion Hub,01/30/2024
AB-DRE-01758-XXL,Beige Maxi Dress,189.49,118,dress,Fashion Hub,08/04/2023
AB-TOP-01759-XXL,Ivory V-Neck Sweater,$76.13,5,TOPS,Fashion Hub,01/25/2026
AB-ACC-01761-XXL,Charcoal Statement Earrings,111.71,97,accessories,,07/18/2025
AB-DRE-01762-S,Camel Midi Dress,146.09,35,Drss,Apparel Solutions,09/14/2024
AB-BOT-01763-M,Camel Wide-Leg Trouser,98.57,131,BOTTOM,Atelier Nord Studio,07/08/2024
AB-FOO-01764-XXL,Blush Ballet Flat - XXL,252.9,35,Footwear,Atelier Nord Studio,09/17/2023
AB-FOO-01765-XL,Ivory Heeled Mule - XL,325.6,111,Footwear,TW Co.,12/13/2024
AB-ACC-01766-S,Camel Statement Earrings,219.06,128,Accessories,ApparelSolns,07/12/2025
AB-TOP-01768-XXL,Cognac V-Neck Sweater,$151.66,119,top,Textile World,05/09/2025
AB-DRE-01769-L,Beige Shift Dress,$122.18,26,dress,,05/27/2025
AB-DRE-01770-L,Ivory Wrap Dress,$117.51,25,Dresses ,Atelier Nord Studio,01/13/2024
AB-DRE-01771-L,Ivory Shift Dress,241.57,103,DRESS,Textile World,09/10/2025
AB-FOO-01772-XL,Beige Heeled Mule,235.53,121,footwear,A. Nord,01/20/2026
AB-BOT-01773-M,Burgundy Pleated Skirt,$158.17,102,Btms,,07/09/2024
AB-TOP-01774-XS,Cognac Turtleneck,141.1,68,TOP,Atelier Nord Studio,05/19/2025
AB-OUT-01775-S,Black Puffer Vest,296.38,134,Outerwear,Textile World Co,06/19/2024
AB-FOO-01776-XXL,Ivory Low-Top Sneaker,252.37,13,Shoes/Footwear,Apparel Sol.,03/15/2024
AB-FOO-01776-XXL,Ivory Low-Top Sne aker,252.37,13,Shoes/Footwear,Apparel Sol.,03/15/2024
AB-DRE-01777-L,Blush Midi Dress - L,$67.23,0,Dresses ,Atelier Nord,10/25/2025
AB-BOT-01778-M,Ivory Wide-Leg Trouser,40.47,60,bottoms,Apparel Sol.,04/23/2026
AB-BOT-01779-XXL,White Chino Pant - XXL,64.2,95,9,Textile World Co,11/04/2023
AB-OUT-01780-XS,Blush Trench Coat,$183.67,100,outerwear,A. Nord,10/18/2025
AB-BOT-01781-L,Tan Chino Pant,$219.96,24,BOTTOM,A. Nord,09/04/2024
AB-BOT-01782-L,Ivory Pleated Skirt,280.67,108,Btms,ApparelSolns,05/10/2025
AB-OUT-01783-M,White Puffer Vest,217.14,6,9,A. Nord,02/29/2024
AB-FOO-01784-M,Charcoal Low-Top Sneaker - M,124.93,0,Shoes/Footwear,Apparel Sol.,03/10/2025
AB-FOO-01785-XXL,White Heeled Mule,$59.52,35,SHOES,Textile World,06/24/2023
AB-BOT-01786-XS,Indigo Pleated Skirt - XS,133.7,49,bottoms,ApparelSolns,10/29/2024
AB-BOT-01786-XS,Indigo Ple ated Skirt - XS,133.7,49,bottoms,ApparelSolns,10/29/2024
AB-BOT-01787-L,Camel Pleated Skirt,$28.90,107,Btms,Atelier Nord Studio,12/04/2023
AB-BOT-01787-L,Came l Pleated Skirt,$28.90,107,Btms,Atelier Nord Studio,12/04/2023
AB-BOT-01788-XL,Tan Chino Pant,$168.19,21,Pants/Bottoms,FH Wholesale (old),11/08/2024
AB-DRE-01790-XL,Beige Midi Dress,225.75,0,Dresses ,A. Nord,03/13/2025
AB-ACC-01791-L,Indigo Statement Earrings,120.41,66,accessories,Fashion Hub Ltd,01/09/2026
AB-FOO-01793-S,White Ballet Flat - S,$173.69,98,SHOES,Atelier Nord Studio,04/10/2026
AB-ACC-01794-XS,Ivory Twill Scarf,310.4,68,Accessory,Apparel Sol.,12/02/2023
AB-FOO-01795-L,Burgundy Loafer,$31.92,72,SHOES,Atelier Nord Studio,01/06/2024
AB-TOP-01796-M,Emerald Henley,306.24,94,TOP,,02/12/2024
AB-OUT-01797-M,Tan Wool Peacoat,$195.16,45,Outr,Fashion Hub Ltd,10/25/2024
AB-DRE-01798-L,Black Maxi Dress,112.84,9,N/A,Apparel Solutions,05/08/2025
AB-TOP-01799-XS,Burgundy Tank Top - XS,$93.74,8,top,A. Nord,04/21/2025
AB-TOP-01800-S,Burgundy Silk Blouse,$148.93,70,TOPS,A. Nord,09/23/2024
AB-OUT-01801-S,Beige Blazer,33.37,83,OUTER,A. Nord,07/06/2024
AB-TOP-01802-XXL,Beige Silk Blouse,120.61,12,Tshirts/Tops,Fashion Hub Ltd,07/10/2024
AB-TOP-01802-XXL,Be ige Silk Blouse,120.61,12,Tshirts/Tops,Fashion Hub Ltd,07/10/2024
AB-ACC-01803-L,Camel Statement Earrings,$26.67,65,ACC,A. Nord,09/22/2025
AB-ACC-01804-L,White Statement Earrings - L,$237.76,76,ACC,Fashion Hub,08/13/2024
AB-FOO-01805-S,Cognac Loafer - S,131.62,121,Ftwr,FH Wholesale (old),12/28/2023
AB-OUT-01806-XXL,Burgundy Wool Peacoat,$108.10,11,OUTER,Textile World,02/08/2025
AB-OUT-01807-M,Tan Trench Coat,$20.23,53,Jackets/Outerwear,Apparel Sol.,07/06/2023
AB-OUT-01808-M,Ivory Blazer,158.69,81,Jackets/Outerwear,ApparelSolns,01/24/2024
AB-BOT-01809-XXL,Black Wide-Leg Trouser,90.16,73,Bottoms,ApparelSolns,09/08/2025
AB-ACC-01810-XL,Emerald Wide-Brim Hat,228.04,84,accessories,A. Nord,11/15/2024
AB-ACC-01810-XL,Eme rald Wide-Brim Hat,228.04,84,accessories,A. Nord,11/15/2024
AB-OUT-01811-XS,Cognac Denim Jacket,124.65,88,Jackets/Outerwear,Apparel Sol.,01/22/2026
AB-OUT-01812-XXL,Emerald Trench Coat,82.38,35,Outerwear,Atelier Nord Studio,10/21/2025
AB-OUT-01812-XXL,Eme rald Trench Coat,82.38,35,Outerwear,Atelier Nord Studio,10/21/2025
AB-OUT-01813-XS,Indigo Wool Peacoat - XS,228.02,88,Outerwear,Fashion Hub Ltd,08/09/2023
AB-BOT-01814-M,Cognac Linen Pant - M,111.07,73,BOTTOM,Apparel Sol.,08/19/2024
AB-ACC-01815-S,Black Crossbody Bag,$213.74,110,accessories,Textile World Co,11/27/2024
AB-TOP-01816-XXL,Cognac Button-Up Shirt - XXL,311.95,96,top,Atelier Nord,01/26/2025
AB-BOT-01817-XS,Beige Chino Pant,130.77,54,Btms,FH Wholesale (old),09/26/2023
AB-FOO-01818-S,Ivory Ballet Flat,184.62,92,Ftwr,Atelier Nord Studio,08/21/2025
AB-BOT-01819-M,Beige Chino Pant,240.53,27,Pants/Bottoms,ApparelSolns,05/15/2025
AB-ACC-01820-M,Tan Statement Earrings - M,86.02,103,Accessories,A. Nord,10/10/2024
AB-OUT-01821-S,Emerald Wool Peacoat - S,$138.88,0,Outr,Textile World,05/19/2025
AB-DRE-01822-S,Tan Maxi Dress,125.67,100,Dresses,Fashion Hub,07/22/2024
AB-OUT-01823-XS,Tan Trench Coat,59.68,133,Outerwear,TW Co.,11/08/2023
AB-FOO-01824-L,Burgundy Loafer,105.91,63,Shoes/Footwear,Fashion Hub,04/12/2024
AB-FOO-01825-XXL,Emerald Espadrille,315.38,5,footwear,Fashion Hub,10/20/2025
AB-FOO-01826-XL,Indigo Espadrille,277.44,41,Footwear,Textile World Co,12/22/2024
AB-DRE-01827-S,Charcoal Shirt Dress,305.78,65,Dresses,Atelier Nord,06/04/2024
AB-BOT-01828-XS,White Pleated Skirt,186.43,117,Btms,Textile World,02/15/2024
AB-ACC-01829-S,Emerald Wide-Brim Hat,$307.70,114,ACC,Textile World,02/20/2025
AB-TOP-01830-S,Ivory Tank Top,247.61,17,Tshirts/Tops,Atelier Nord,10/14/2023
AB-ACC-01831-XXL,Tan Twill Scarf,$275.57,120,ACC,Atelier Nord,12/24/2025
AB-OUT-01832-M,Indigo Moto Jacket,237.18,136,outerwear,FH Wholesale (old),09/02/2025
AB-TOP-01833-XXL,Emerald Henley,109.84,95,top,Fashion Hub Ltd,03/07/2026
AB-ACC-01834-L,Blush Twill Scarf,$145.73,31,ACC,Atelier Nord,12/10/2023
AB-BOT-01835-XL,Camel Midi Skirt - XL,226.45,93,BOTTOM,FH Wholesale (old),08/01/2024
AB-ACC-01836-S,Ivory Woven Belt,76.71,24,accessories,Atelier Nord,10/16/2024
AB-ACC-01837-L,White Statement Earrings,241.02,57,Accessories,A. Nord,10/05/2024
AB-DRE-01838-M,Emerald Shirt Dress,233.32,66,Dresses ,A. Nord,04/04/2025
AB-TOP-01839-XL,Ivory Silk Blouse,$25.90,94,TOPS,Apparel Solutions,02/24/2025
AB-DRE-01840-M,Camel Shirt Dress,198.24,78,Drss,Textile World,12/26/2024
AB-ACC-01841-M,Tan Crossbody Bag - M,245.94,32,Accessories,TW Co.,10/15/2023
AB-FOO-01842-M,Indigo Ballet Flat,25.45,54,footwear,Textile World,01/15/2025
AB-FOO-01844-XL,Emerald Heeled Mule,318.65,39,SHOES,Textile World Co,06/02/2025
AB-FOO-01845-M,Cognac Ballet Flat,$261.38,124,Shoes/Footwear,Atelier Nord Studio,04/01/2025
AB-BOT-01846-L,Cognac Midi Skirt,166.92,104,Bottoms,Textile World Co,10/17/2023
AB-ACC-01847-S,Blush Twill Scarf,$85.18,38,Accessory,ApparelSolns,10/10/2024
AB-FOO-01848-XXL,White Espadrille,$129.14,117,Shoes/Footwear,Textile World Co,01/21/2025
AB-ACC-01849-XL,Burgundy Twill Scarf,226.78,93,Accs,Textile World,09/10/2025
AB-TOP-01850-XS,Tan Cardigan,169.97,69,,Apparel Sol.,03/05/2025
AB-BOT-01852-S,Burgundy Pleated Skirt,91.43,101,BOTTOM,Textile World Co,05/27/2024
AB-TOP-01853-M,Cognac Button-Up Shirt - M,234.64,16,TOPS,FH Wholesale (old),12/13/2023
AB-FOO-01854-S,Black Ballet Flat - S,91.16,121,Footwear,TW Co.,01/13/2025
AB-TOP-01855-XXL,Blush Crewneck Tee,$85.47,29,Tshirts/Tops,Fashion Hub,03/16/2025
AB-TOP-01856-XS,Charcoal Henley - XS,193.59,76,N/A,TW Co.,05/22/2025
AB-TOP-01857-XXL,White Cardigan,248.38,49,Tshirts/Tops,Atelier Nord,04/08/2025
AB-ACC-01858-XS,Emerald Wide-Brim Hat,$235.98,72,Accessory,ApparelSolns,12/09/2024
AB-ACC-01859-XL,Blush Leather Tote - XL,164.73,76,accessories,Atelier Nord,04/08/2024
AB-FOO-01860-M,Blush Low-Top Sneaker,$213.24,28,Footwear,ApparelSolns,01/19/2026
AB-BOT-01861-M,Black Chino Pant,159.36,46,BOTTOM,Atelier Nord Studio,12/03/2023
AB-OUT-01862-XS,Camel Blazer,124.17,136,,A. Nord,11/25/2025
AB-BOT-01863-S,White Wide-Leg Trouser,$116.34,78,Bottoms,Textile World,11/14/2024
AB-FOO-01864-XXL,White Heeled Mule,310.13,53,Shoes/Footwear,Apparel Solutions,01/29/2025
AB-FOO-01864-XXL,White  Heeled Mule,310.13,53,Shoes/Footwear,Apparel Solutions,01/29/2025
AB-ACC-01865-S,Blush Leather Tote,$247.24,46,Accessories,TW Co.,04/06/2026
AB-BOT-01866-S,Tan Denim Short,308.67,109,Btms,ApparelSolns,09/23/2025
AB-FOO-01867-M,Burgundy Heeled Mule,300.1,120,Footwear,Textile World Co,04/10/2026
AB-DRE-01868-M,Ivory Shift Dress,238.79,80,Drss,Apparel Solutions,02/25/2025
AB-DRE-01869-L,Beige Maxi Dress - L,$21.22,95,Drss,Atelier Nord,02/23/2024
AB-OUT-01870-S,Tan Wool Peacoat,265.25,4,outerwear,Atelier Nord Studio,01/01/2026
AB-ACC-01871-XXL,Charcoal Leather Tote,$107.06,80,Accessory,Apparel Sol.,11/20/2023
AB-DRE-01872-M,Indigo Maxi Dress,238.16,128,Drss,Textile World Co,10/29/2024
AB-DRE-01873-S,White Wrap Dress - S,108.81,120,Dresses ,Textile World,10/24/2025
AB-FOO-01874-XXL,Black Heeled Mule,236.14,124,Footwear,Atelier Nord,04/03/2024
AB-DRE-01875-L,Beige Slip Dress - L,47.84,87,dress,FH Wholesale (old),07/05/2024
AB-DRE-01875-L,Be ige Slip Dress - L,47.84,87,dress,FH Wholesale (old),07/05/2024
AB-ACC-01877-S,Ivory Crossbody Bag,191.54,22,ACC,ApparelSolns,12/26/2024
AB-BOT-01878-XL,Beige Pleated Skirt - XL,171.24,74,Btms,Apparel Solutions,05/15/2025
AB-TOP-01879-XXL,White Silk Blouse,309.54,92,TOP,Apparel Solutions,10/02/2025
AB-OUT-01880-S,Charcoal Blazer,151.86,117,outerwear,Apparel Solutions,11/25/2024
AB-DRE-01881-XXL,Tan Midi Dress - XXL,99.82,5,Drss,Apparel Solutions,11/25/2023
AB-TOP-01882-L,Indigo Cardigan,259.12,135,Tshirts/Tops,Atelier Nord,07/09/2023
AB-FOO-01883-XL,Black Ballet Flat,$314.02,129,Shoes/Footwear,Atelier Nord,02/14/2026
AB-DRE-01884-M,Emerald Slip Dress,220.01,7,Dresses ,ApparelSolns,06/02/2025
AB-TOP-01885-S,Cognac V-Neck Sweater,209.22,106,Tshirts/Tops,Fashion Hub Ltd,02/04/2025
AB-ACC-01886-XXL,White Leather Tote - XXL,274.9,132,Accs,Atelier Nord,11/08/2024
AB-ACC-01887-M,Tan Leather Tote,72.94,86,Accs,FH Wholesale (old),04/08/2025
AB-FOO-01888-L,Burgundy Espadrille - L,$140.99,78,SHOES,Fashion Hub,09/30/2023
AB-FOO-01889-XS,Black Heeled Mule,$122.83,38,Ftwr,Textile World Co,05/22/2024
AB-FOO-01891-XL,Burgundy Ballet Flat - XL,82.16,37,footwear,Textile World Co,03/12/2024
AB-DRE-01892-XS,White Midi Dress,254.63,149,Dresses,Fashion Hub Ltd,07/13/2024
AB-TOP-01893-S,Blush Tank Top,73.07,52,TOP,Textile World Co,12/04/2024
AB-TOP-01893-S,Blush Tank Top ,73.07,52,TOP,Textile World Co,12/04/2024
AB-DRE-01894-M,Charcoal Midi Dress,$60.78,112,DRESS,Fashion Hub,05/02/2024
AB-OUT-01895-XXL,Emerald Moto Jacket - XXL,$139.43,115,Jackets/Outerwear,TW Co.,01/07/2025
AB-OUT-01896-L,Charcoal Trench Coat - L,$50.07,59,outerwear,Fashion Hub,03/04/2025
AB-FOO-01897-XS,Cognac Espadrille,$245.98,30,Footwear,Textile World,04/15/2025
AB-ACC-01898-XXL,Blush Wide-Brim Hat,139.59,53,Accessory,,09/10/2023
AB-FOO-01899-M,Emerald Ballet Flat - M,$293.10,4,footwear,FH Wholesale (old),07/11/2023
AB-OUT-01900-XS,Indigo Denim Jacket - XS,125.85,84,outerwear,ApparelSolns,10/04/2025
AB-TOP-01901-M,Tan Cardigan,322.24,34,TOPS,TW Co.,09/16/2025
AB-ACC-01902-XS,Emerald Crossbody Bag,243.59,82,Accessory,ApparelSolns,11/26/2023
AB-ACC-01902-XS,Eme rald Crossbody Bag,243.59,82,Accessory,ApparelSolns,11/26/2023
AB-BOT-01903-S,Charcoal Midi Skirt - S,55.45,39,bottoms,Fashion Hub,10/03/2023
AB-BOT-01903-S,Charcoal Midi Skirt - S ,55.45,39,bottoms,Fashion Hub,10/03/2023
AB-ACC-01904-XS,Black Crossbody Bag,$288.84,75,Accessories,TW Co.,01/08/2025
AB-FOO-01905-L,Ivory Heeled Mule,75.45,132,Shoes/Footwear,,01/19/2024
AB-ACC-01906-M,Ivory Statement Earrings,256.37,7,Accs,Fashion Hub Ltd,01/18/2025
AB-BOT-01907-XXL,Indigo Pleated Skirt,323.96,73,Pants/Bottoms,Apparel Sol.,08/16/2025
AB-DRE-01908-M,Black Wrap Dress - M,$254.20,8,Dresses,Fashion Hub Ltd,10/07/2025
AB-BOT-01909-XL,Black Chino Pant,$240.01,134,Bottoms,Atelier Nord Studio,02/13/2024
AB-BOT-01910-M,Black Skinny Jean,45.77,16,bottoms,,09/12/2023
AB-OUT-01911-XL,Indigo Denim Jacket,58.76,0,outerwear,Atelier Nord,08/16/2024
AB-OUT-01912-S,Camel Denim Jacket,218.28,93,Outerwear,ApparelSolns,07/05/2025
AB-ACC-01913-L,White Statement Earrings,239.9,47,ACC,Atelier Nord Studio,09/23/2023
AB-BOT-01914-S,Ivory Denim Short,226.95,24,Pants/Bottoms,Textile World Co,01/01/2026
AB-OUT-01915-XS,Beige Wool Peacoat - XS,85.12,47,Outr,Textile World,09/16/2025
AB-ACC-01916-XXL,Blush Woven Belt,$227.04,133,Accessory,Atelier Nord,02/17/2025
AB-ACC-01916-XXL,Blush Wove n Belt,$227.04,133,Accessory,Atelier Nord,02/17/2025
AB-FOO-01917-M,Ivory Ballet Flat - M,117.36,34,SHOES,Atelier Nord Studio,02/17/2025
AB-ACC-01918-L,Burgundy Twill Scarf - L,$267.59,46,Accessories,FH Wholesale (old),07/30/2023
AB-BOT-01919-S,Black Linen Pant,$140.80,2,Pants/Bottoms,Textile World Co,05/11/2025
AB-OUT-01920-S,Blush Denim Jacket - S,156.56,54,,Atelier Nord,08/16/2024
AB-FOO-01921-L,Cognac Ballet Flat,229.38,131,N/A,FH Wholesale (old),12/08/2024
AB-FOO-01921-L,Cognac Balle t Flat,229.38,131,N/A,FH Wholesale (old),12/08/2024
AB-DRE-01922-M,Camel Midi Dress,248.32,108,dress,A. Nord,04/25/2025
AB-TOP-01923-M,Cognac Tank Top,257.43,109,top,FH Wholesale (old),06/07/2025
AB-TOP-01924-S,White Silk Blouse,$267.78,30,TOP,Atelier Nord,01/14/2025
AB-ACC-01925-M,Ivory Woven Belt - M,$151.99,32,Accessories,ApparelSolns,05/25/2026
AB-FOO-01926-XL,Indigo Low-Top Sneaker,$58.97,47,Ftwr,TW Co.,10/31/2025
AB-TOP-01927-XXL,Burgundy Turtleneck - XXL,172.59,38,top,Apparel Solutions,07/09/2025
AB-FOO-01928-XL,Black Loafer,$192.25,136,footwear,Apparel Solutions,06/18/2024
AB-ACC-01930-XL,Cognac Leather Tote - XL,266.44,71,Accessory,Atelier Nord,06/27/2023
AB-OUT-01931-XL,Indigo Wool Peacoat - XL,284.33,119,outerwear,Atelier Nord,09/27/2024
AB-BOT-01932-XS,Camel Linen Pant - XS,$91.71,79,Bottoms,Fashion Hub Ltd,07/15/2024
AB-ACC-01933-XS,Beige Wide-Brim Hat - XS,253.89,50,ACC,Fashion Hub Ltd,11/25/2023
AB-OUT-01934-L,Charcoal Trench Coat,$196.07,100,9,Textile World Co,04/22/2025
AB-OUT-01934-L,Charcoal Tre nch Coat,$196.07,100,9,Textile World Co,04/22/2025
AB-BOT-01935-XS,Blush Wide-Leg Trouser,$312.99,64,Pants/Bottoms,TW Co.,10/09/2023
AB-OUT-01936-XXL,Burgundy Moto Jacket - XXL,80.81,36,Jackets/Outerwear,Textile World Co,04/11/2025
AB-DRE-01937-XXL,Black Shift Dress,$170.36,140,Drss,Fashion Hub,03/04/2024
AB-ACC-01938-S,Emerald Wide-Brim Hat,$109.39,34,Accessories,A. Nord,06/21/2025
AB-ACC-01939-S,Emerald Wide-Brim Hat - S,297.2,93,ACC,Fashion Hub,03/14/2026
AB-DRE-01940-M,Indigo Wrap Dress,204.72,96,DRESS,FH Wholesale (old),04/04/2025
AB-BOT-01941-L,Burgundy Linen Pant,86.65,39,Pants/Bottoms,Apparel Solutions,01/11/2024
AB-ACC-01942-M,Beige Wide-Brim Hat,$280.51,126,Accessory,TW Co.,10/29/2025
AB-ACC-01943-XS,Indigo Crossbody Bag - XS,297.28,79,Accessory,Fashion Hub Ltd,05/06/2026
AB-ACC-01944-M,Camel Statement Earrings - M,133.05,64,Accs,ApparelSolns,06/08/2024
AB-TOP-01945-XXL,White Crewneck Tee - XXL,98.57,126,top,A. Nord,05/27/2024
AB-FOO-01946-M,Tan Heeled Mule,$316.88,124,SHOES,Fashion Hub Ltd,04/11/2025
AB-FOO-01947-XL,Indigo Loafer,$27.80,27,Ftwr,Atelier Nord,03/04/2025
AB-ACC-01948-XS,Beige Twill Scarf,316.61,61,accessories,Fashion Hub,09/21/2024
AB-FOO-01949-XL,Burgundy Espadrille,263.21,10,Ftwr,A. Nord,06/19/2024
AB-ACC-01950-XL,Emerald Crossbody Bag,$308.39,110,Accs,FH Wholesale (old),05/13/2025
AB-TOP-01951-S,Beige Turtleneck - S,221.31,83,Tshirts/Tops,Fashion Hub,10/10/2023
AB-DRE-01952-XXL,Black Maxi Dress,$257.68,64,DRESS,Atelier Nord,09/01/2024
AB-ACC-01953-S,Blush Woven Belt,156.79,12,Accessories,ApparelSolns,07/01/2024
AB-OUT-01954-M,Tan Blazer,$78.07,149,outerwear,TW Co.,09/28/2025
AB-DRE-01955-M,Indigo Shirt Dress,$246.75,32,DRESS,Textile World,05/23/2024
AB-DRE-01956-XXL,Cognac Slip Dress,$110.26,78,Dresses,TW Co.,01/07/2024
AB-ACC-01957-L,Tan Twill Scarf,$205.41,40,Accessories,Apparel Sol.,08/05/2025
AB-OUT-01958-XXL,Camel Trench Coat,$116.71,112,OUTER,Atelier Nord,09/14/2024
AB-BOT-01959-XS,Blush Wide-Leg Trouser,74.89,79,BOTTOM,FH Wholesale (old),05/06/2025
AB-ACC-01960-M,Cognac Statement Earrings - M,137.05,13,Accessory,Textile World,02/23/2024
AB-DRE-01962-L,Blush Slip Dress,$269.40,22,dress,Textile World,05/12/2026
AB-ACC-01963-XL,Beige Woven Belt,109.53,63,Accessories,Fashion Hub Ltd,10/16/2024
AB-TOP-01964-S,Cognac Turtleneck,$25.55,57,TOP,Apparel Solutions,01/03/2026
AB-ACC-01965-S,Charcoal Leather Tote,$236.12,55,Accessory,A. Nord,01/11/2024
AB-TOP-01966-XS,Charcoal Button-Up Shirt,275.64,101,Tshirts/Tops,,01/13/2025
AB-FOO-01968-M,Burgundy Heeled Mule - M,269.46,67,Ftwr,ApparelSolns,08/24/2024
AB-DRE-01972-L,Black Slip Dress - L,164.51,111,Dresses,Atelier Nord,02/13/2024
AB-BOT-01973-L,Cognac Skinny Jean,$309.10,122,Btms,Fashion Hub Ltd,10/21/2025
AB-ACC-01974-XXL,White Leather Tote,$37.56,70,MISC,Apparel Solutions,01/06/2025
AB-DRE-01975-XXL,Black Shirt Dress,151.74,33,Dresses,Atelier Nord Studio,11/29/2024
AB-BOT-01976-M,Emerald Linen Pant,117.58,130,Bottoms,Apparel Solutions,11/14/2024
AB-BOT-01977-XXL,Cognac Midi Skirt - XXL,$279.39,13,Btms,ApparelSolns,10/05/2025
AB-DRE-01978-XS,White Slip Dress - XS,185.12,41,DRESS,FH Wholesale (old),12/05/2025
AB-BOT-01979-S,Beige Wide-Leg Trouser,$26.83,135,Pants/Bottoms,Textile World,09/16/2025
AB-TOP-01980-XS,White Tank Top - XS,191.81,85,N/A,Atelier Nord Studio,11/03/2025
AB-OUT-01981-L,Burgundy Denim Jacket,259.74,39,Outr,TW Co.,12/19/2023
AB-DRE-01982-XXL,Ivory Shift Dress,284.69,127,DRESS,,10/26/2023
AB-BOT-01983-S,Indigo Pleated Skirt,124.95,20,Btms,TW Co.,05/12/2024
AB-OUT-01984-M,Cognac Moto Jacket - M,266.17,15,Jackets/Outerwear,FH Wholesale (old),04/08/2025
AB-TOP-01985-S,White Tank Top,$309.49,144,TOPS,FH Wholesale (old),12/02/2023
AB-TOP-01986-M,Indigo Tank Top,$280.78,95,N/A,Fashion Hub,05/22/2026
AB-TOP-01988-M,Beige Silk Blouse,280.61,45,Tshirts/Tops,Textile World,11/29/2024
AB-BOT-01989-XS,Emerald Midi Skirt,296.61,35,Btms,Fashion Hub,03/04/2026
AB-BOT-01989-XS,Eme rald Midi Skirt,296.61,35,Btms,Fashion Hub,03/04/2026
AB-DRE-01990-M,White Shift Dress,$189.37,42,Dresses ,Textile World,12/06/2023
AB-OUT-01991-S,Beige Trench Coat,$318.18,140,Outerwear,ApparelSolns,12/26/2025
AB-OUT-01992-XXL,White Denim Jacket - XXL,$131.43,93,Outr,Fashion Hub Ltd,02/24/2024
AB-BOT-01993-S,Emerald Midi Skirt,$29.47,15,BOTTOM,A. Nord,02/13/2025
AB-ACC-01994-XS,Beige Statement Earrings,$205.70,82,Accessory,Fashion Hub,04/29/2025
AB-FOO-01995-XL,Burgundy Loafer,$248.00,51,footwear,A. Nord,06/08/2024
AB-OUT-01997-L,White Denim Jacket,168.24,82,Jackets/Outerwear,FH Wholesale (old),06/10/2025
AB-OUT-01998-M,Indigo Puffer Vest - M,320.23,73,Outerwear,Atelier Nord,07/08/2025
AB-ACC-01999-XL,Black Statement Earrings,75.21,22,ACC,Fashion Hub,03/28/2024
AB-FOO-02000-XL,Beige Espadrille,$196.72,12,SHOES,TW Co.,03/20/2025
AB-TOP-02001-L,Camel Crewneck Tee,131.27,137,Tops,Textile World,01/15/2024
AB-ACC-02002-XL,Burgundy Crossbody Bag,$170.59,11,Accessories,Textile World Co,02/02/2024
AB-TOP-02003-S,Ivory Henley,$37.99,52,top,Apparel Solutions,03/12/2025
AB-BOT-02004-XL,Tan Denim Short - XL,30.5,97,bottoms,Fashion Hub Ltd,02/28/2024
AB-ACC-02005-XS,Camel Twill Scarf - XS,202.65,84,,Textile World,12/11/2023
AB-OUT-02006-L,Blush Trench Coat - L,70.68,63,Outr,FH Wholesale (old),03/07/2025
AB-ACC-02007-XXL,Indigo Woven Belt - XXL,79.86,76,Accs,ApparelSolns,09/23/2024
AB-ACC-02008-L,Indigo Twill Scarf,101.32,48,Accessory,Atelier Nord Studio,02/03/2026
AB-OUT-02009-XS,Beige Wool Peacoat - XS,30.75,114,outerwear,Atelier Nord,12/25/2023
AB-ACC-02010-XS,Charcoal Statement Earrings,$52.34,126,ACC,Fashion Hub,01/19/2024
AB-FOO-02012-XL,Camel Ballet Flat - XL,50.57,30,footwear,Apparel Sol.,08/29/2024
AB-BOT-02013-L,Cognac Skinny Jean - L,56.24,9,Pants/Bottoms,Textile World,11/06/2024
AB-OUT-02014-S,White Moto Jacket,251.65,47,Jackets/Outerwear,Fashion Hub,03/08/2024
AB-OUT-02014-S,White  Moto Jacket,251.65,47,Jackets/Outerwear,Fashion Hub,03/08/2024
AB-ACC-02015-L,Charcoal Twill Scarf,151.38,31,Accessories,ApparelSolns,02/04/2025
AB-FOO-02016-XL,Tan Ankle Boot,$264.58,71,Footwear,Textile World Co,10/25/2023
AB-FOO-02017-M,Ivory Ankle Boot,297.09,94,Footwear,Apparel Sol.,03/03/2025
AB-BOT-02018-L,Black Linen Pant,$67.33,61,bottoms,A. Nord,01/01/2025
AB-BOT-02018-L,Black Line n Pant,$67.33,61,bottoms,A. Nord,01/01/2025
AB-TOP-02019-XXL,Ivory Turtleneck - XXL,118.63,106,Tshirts/Tops,,07/25/2023
AB-OUT-02020-XL,Charcoal Moto Jacket,189.82,36,OUTER,ApparelSolns,05/12/2025
AB-DRE-02021-XXL,White Wrap Dress - XXL,141.9,150,Drss,FH Wholesale (old),09/26/2023
AB-FOO-02022-XXL,Ivory Espadrille,122.42,33,Shoes/Footwear,Apparel Sol.,04/13/2024
AB-ACC-02023-L,Black Leather Tote,$188.57,94,ACC,FH Wholesale (old),11/02/2025
AB-FOO-02024-XXL,Charcoal Ankle Boot - XXL,190.82,26,footwear,Fashion Hub,06/01/2023
AB-ACC-02025-XXL,Beige Crossbody Bag - XXL,104.39,99,Accessory,,02/24/2025
AB-ACC-02026-L,Tan Leather Tote,$135.30,116,Accessories,Apparel Sol.,10/20/2024
AB-BOT-02027-M,Cognac Chino Pant - M,$59.29,44,BOTTOM,Textile World,09/23/2024
AB-DRE-02028-XXL,Blush Midi Dress,144.37,76,DRESS,Fashion Hub Ltd,04/27/2024
AB-TOP-02029-XXL,Indigo Henley,317.02,32,Tops,TW Co.,10/29/2025
AB-ACC-02030-L,Charcoal Woven Belt,289.79,117,Accs,Atelier Nord Studio,01/17/2026
AB-OUT-02031-L,Indigo Denim Jacket,$117.97,115,Outerwear,Apparel Solutions,12/19/2023
AB-ACC-02032-S,Charcoal Wide-Brim Hat,223.97,49,9,TW Co.,06/01/2026
AB-ACC-02033-M,Beige Statement Earrings,184.55,109,Accs,Atelier Nord Studio,10/07/2024
AB-ACC-02034-L,Charcoal Woven Belt - L,169.0,138,Accs,TW Co.,05/27/2025
AB-OUT-02035-L,Beige Wool Peacoat - L,$78.56,82,Jackets/Outerwear,Fashion Hub,06/01/2025
AB-BOT-02036-XL,Indigo Linen Pant - XL,72.95,113,bottoms,Atelier Nord,10/02/2023
AB-ACC-02037-XL,Indigo Leather Tote,101.9,39,Accs,TW Co.,05/22/2025
AB-TOP-02040-M,Black Crewneck Tee,111.69,91,9,Fashion Hub Ltd,06/15/2024
AB-TOP-02040-M,Black Cre wneck Tee,111.69,91,9,Fashion Hub Ltd,06/15/2024
AB-ACC-02041-M,Charcoal Leather Tote,130.35,68,ACC,Fashion Hub Ltd,06/19/2025
AB-OUT-02042-XXL,Blush Denim Jacket,$105.23,28,Outr,TW Co.,01/17/2026
AB-FOO-02043-S,Ivory Low-Top Sneaker - S,53.25,104,footwear,Atelier Nord Studio,01/11/2024
AB-FOO-02044-L,Tan Loafer,227.69,63,footwear,Apparel Solutions,10/22/2023
AB-ACC-02045-XS,Emerald Leather Tote - XS,$62.49,97,Accessory,Fashion Hub Ltd,12/22/2024
AB-OUT-02046-XS,Ivory Denim Jacket - XS,$299.83,46,Outr,,03/26/2025
AB-TOP-02047-XL,Tan Henley,304.69,12,top,,10/15/2024
AB-TOP-02048-XL,Ivory Silk Blouse,$231.86,38,TOPS,ApparelSolns,04/05/2024
AB-ACC-02049-M,Tan Leather Tote - M,208.35,21,Accs,Apparel Sol.,08/31/2024
AB-FOO-02050-XL,Black Heeled Mule,315.55,93,Ftwr,Atelier Nord Studio,01/09/2026
AB-DRE-02051-M,Cognac Midi Dress,$163.49,42,dress,Fashion Hub,12/06/2023
AB-ACC-02052-M,Burgundy Leather Tote,$163.46,125,Accs,ApparelSolns,11/22/2024
AB-TOP-02053-XXL,Burgundy Button-Up Shirt,$217.39,85,top,Atelier Nord Studio,01/29/2025
AB-TOP-02054-XS,Beige Silk Blouse - XS,$104.87,51,top,FH Wholesale (old),04/05/2025
AB-OUT-02055-XXL,Black Denim Jacket,228.43,93,Jackets/Outerwear,Apparel Sol.,06/21/2024
AB-FOO-02056-XXL,Indigo Heeled Mule,$57.70,97,Shoes/Footwear,ApparelSolns,12/04/2025
AB-DRE-02057-L,Charcoal Slip Dress,98.64,106,Drss,Apparel Solutions,05/29/2025
AB-TOP-02058-XS,Cognac Tank Top - XS,247.38,27,top,Fashion Hub Ltd,01/17/2024
AB-TOP-02059-XS,Blush Silk Blouse,$186.71,55,Tops,Textile World Co,01/24/2026
AB-TOP-02060-XXL,Black V-Neck Sweater - XXL,$240.70,87,TOP,FH Wholesale (old),03/08/2026
AB-ACC-02062-XS,Beige Twill Scarf,231.08,51,Accessory,Fashion Hub,08/01/2025
AB-TOP-02063-XXL,White Silk Blouse - XXL,18.52,59,Tshirts/Tops,Fashion Hub Ltd,03/05/2024
AB-TOP-02064-M,Indigo V-Neck Sweater,165.38,50,TOP,TW Co.,06/27/2025
AB-OUT-02065-S,Burgundy Puffer Vest - S,105.96,3,MISC,Atelier Nord,03/04/2025
AB-BOT-02066-XS,Black Denim Short - XS,321.23,67,Pants/Bottoms,Textile World Co,02/22/2024
AB-FOO-02067-XXL,Charcoal Loafer,$230.27,31,Footwear,Fashion Hub,01/20/2024
AB-BOT-02068-S,Blush Midi Skirt - S,$138.42,75,Bottoms,TW Co.,01/16/2025
AB-OUT-02069-M,Tan Puffer Vest,$143.47,88,outerwear,TW Co.,08/02/2025
AB-BOT-02070-XXL,Black Denim Short,$109.66,30,Bottoms,ApparelSolns,10/02/2023
AB-TOP-02071-M,Emerald V-Neck Sweater - M,$202.49,110,top,Fashion Hub,12/29/2023
AB-ACC-02072-XS,Emerald Statement Earrings,121.74,80,ACC,Fashion Hub,11/22/2025
AB-ACC-02073-XS,Tan Wide-Brim Hat,234.66,81,Accessories,ApparelSolns,01/02/2025
AB-ACC-02073-XS,Tan Wide -Brim Hat,234.66,81,Accessories,ApparelSolns,01/02/2025
AB-FOO-02075-S,Charcoal Espadrille,29.77,90,Shoes/Footwear,Textile World,11/21/2024
AB-OUT-02076-L,Blush Denim Jacket,263.66,118,OUTER,Atelier Nord,02/15/2025
AB-BOT-02077-L,Burgundy Wide-Leg Trouser,305.12,31,BOTTOM,Atelier Nord Studio,07/26/2025
AB-DRE-02078-S,Tan Maxi Dress,128.47,116,Drss,A. Nord,11/13/2025
AB-ACC-02079-XL,Ivory Leather Tote - XL,83.25,4,Accessory,Textile World,11/01/2024
AB-OUT-02080-M,Camel Trench Coat,$24.43,112,Outr,Textile World,01/22/2024
AB-DRE-02081-S,Camel Slip Dress,172.27,127,Dresses,TW Co.,01/29/2025
AB-OUT-02082-XXL,Emerald Trench Coat - XXL,$127.57,27,OUTER,Fashion Hub Ltd,09/21/2023
AB-DRE-02083-XL,Emerald Shirt Dress - XL,$60.57,132,Dresses,Apparel Sol.,01/30/2025
AB-BOT-02084-XS,Emerald Chino Pant,199.72,86,Bottoms,Apparel Solutions,07/25/2025
AB-DRE-02085-L,Beige Shirt Dress,195.6,135,DRESS,Fashion Hub,06/15/2024
AB-DRE-02086-XXL,Blush Shirt Dress,129.68,121,Drss,Textile World Co,10/24/2023
AB-TOP-02087-L,Blush Henley,82.75,83,TOP,Textile World,08/10/2025
AB-BOT-02088-XXL,Blush Midi Skirt - XXL,$242.79,87,Btms,A. Nord,07/20/2025
AB-DRE-02089-S,Charcoal Shirt Dress - S,246.65,58,dress,Apparel Solutions,09/18/2025
AB-FOO-02090-S,Charcoal Loafer - S,185.88,4,Ftwr,A. Nord,06/26/2024
AB-FOO-02091-S,Indigo Ankle Boot - S,42.72,135,Ftwr,Apparel Sol.,02/15/2025
AB-FOO-02092-XS,Camel Espadrille,140.12,48,Ftwr,Atelier Nord,11/22/2025
AB-DRE-02093-M,Ivory Shirt Dress,$168.96,57,Dresses,Fashion Hub Ltd,07/05/2025
AB-TOP-02094-XL,Blush Tank Top,183.57,56,TOPS,Atelier Nord Studio,10/07/2024
AB-OUT-02095-XL,Beige Wool Peacoat,$256.51,34,OUTER,Textile World Co,07/18/2025
AB-FOO-02096-XXL,Camel Ankle Boot,$247.31,49,SHOES,Fashion Hub Ltd,02/28/2025
AB-FOO-02097-L,Charcoal Ballet Flat,$232.68,2,Shoes/Footwear,Atelier Nord Studio,06/22/2024
AB-DRE-02098-M,Ivory Midi Dress - M,24.52,107,DRESS,FH Wholesale (old),08/07/2023
AB-DRE-02099-L,Ivory Maxi Dress,185.6,113,Dresses ,Atelier Nord Studio,11/15/2025
AB-DRE-02100-L,Camel Wrap Dress,84.83,114,Dresses ,Apparel Solutions,08/20/2024
AB-BOT-02101-M,Ivory Denim Short,$52.05,83,Pants/Bottoms,,03/23/2025
AB-OUT-02102-M,Ivory Wool Peacoat,183.62,115,Outr,A. Nord,08/17/2025
AB-DRE-02103-M,Ivory Maxi Dress - M,$209.45,82,DRESS,Fashion Hub,03/21/2025
AB-FOO-02104-XS,Cognac Ankle Boot - XS,160.63,17,Ftwr,Textile World,11/05/2023
AB-BOT-02105-S,Cognac Skinny Jean,46.11,93,9,Textile World Co,12/23/2024
AB-DRE-02106-M,Indigo Wrap Dress,177.11,139,Dresses ,FH Wholesale (old),12/29/2023
AB-FOO-02107-L,Tan Heeled Mule,173.5,22,SHOES,Textile World Co,04/05/2026
AB-BOT-02108-XS,Ivory Chino Pant - XS,84.63,14,Btms,Apparel Solutions,09/05/2025
AB-ACC-02109-XS,Black Wide-Brim Hat - XS,149.83,14,accessories,Textile World,06/20/2024
AB-BOT-02110-XL,Ivory Wide-Leg Trouser,115.59,101,bottoms,ApparelSolns,12/26/2023
AB-FOO-02111-XS,Emerald Ballet Flat,203.29,23,Shoes/Footwear,Atelier Nord,05/17/2024
AB-FOO-02111-XS,Eme rald Ballet Flat,203.29,23,Shoes/Footwear,Atelier Nord,05/17/2024
AB-DRE-02113-L,Ivory Slip Dress - L,$63.84,4,DRESS,TW Co.,09/05/2025
AB-ACC-02114-M,Camel Wide-Brim Hat,171.73,53,Accs,Apparel Sol.,10/18/2025
AB-BOT-02115-M,Beige Midi Skirt - M,$77.63,62,BOTTOM,Apparel Sol.,10/26/2024
AB-TOP-02116-XS,Emerald Button-Up Shirt,$199.99,131,TOP,Atelier Nord Studio,10/05/2025
AB-OUT-02117-XS,Ivory Trench Coat,$134.13,34,Outr,FH Wholesale (old),10/05/2025
AB-BOT-02118-XXL,Beige Wide-Leg Trouser,$269.82,54,Btms,Apparel Sol.,03/25/2025
AB-DRE-02119-XS,Emerald Shift Dress,$178.46,72,Drss,Textile World,06/24/2024
AB-DRE-02119-XS,Eme rald Shift Dress,$178.46,72,Drss,Textile World,06/24/2024
AB-FOO-02120-XS,Camel Ankle Boot,$267.48,85,footwear,TW Co.,02/20/2024
AB-OUT-02121-XXL,Indigo Blazer,163.36,87,Jackets/Outerwear,ApparelSolns,06/27/2025
AB-BOT-02122-XL,Emerald Chino Pant,233.43,54,Bottoms,,01/09/2024
AB-FOO-02123-XS,Black Ankle Boot,287.46,70,Footwear,Fashion Hub Ltd,05/07/2023
AB-DRE-02124-XXL,Indigo Maxi Dress,44.58,98,Dresses ,Textile World Co,03/26/2024
AB-ACC-02125-XXL,Indigo Leather Tote,$41.60,111,Accessories,ApparelSolns,04/07/2025
AB-TOP-02126-XS,Black Button-Up Shirt - XS,58.26,101,Tshirts/Tops,ApparelSolns,01/15/2026
AB-BOT-02127-XXL,Tan Skinny Jean,$276.05,121,bottoms,Fashion Hub Ltd,06/09/2024
AB-TOP-02128-XXL,White V-Neck Sweater - XXL,$156.47,69,TOPS,TW Co.,05/24/2024
AB-TOP-02129-XXL,White Henley - XXL,80.16,101,TOPS,Textile World,10/14/2025
AB-OUT-02130-L,Black Moto Jacket - L,250.65,100,OUTER,Atelier Nord Studio,11/22/2023
AB-TOP-02131-XS,Tan Crewneck Tee,219.17,119,Tops,,02/01/2024
AB-TOP-02133-L,Beige Crewneck Tee,$242.84,12,Tshirts/Tops,Atelier Nord Studio,07/04/2024
AB-DRE-02134-M,Beige Wrap Dress - M,253.89,142,DRESS,Atelier Nord Studio,03/25/2024
AB-DRE-02135-XXL,Blush Shirt Dress - XXL,$111.06,99,Dresses,TW Co.,01/05/2025
AB-BOT-02136-M,Indigo Denim Short - M,$315.54,74,bottoms,Atelier Nord Studio,02/23/2024
AB-ACC-02137-XL,Tan Crossbody Bag,126.59,110,accessories,Atelier Nord Studio,03/25/2024
AB-FOO-02139-XS,Ivory Espadrille,161.64,37,Ftwr,Apparel Solutions,08/24/2025
AB-FOO-02139-XS,Ivory Espadrille ,161.64,37,Ftwr,Apparel Solutions,08/24/2025
AB-DRE-02140-XXL,Tan Slip Dress,277.06,35,dress,Textile World,01/22/2026
AB-BOT-02141-L,Burgundy Midi Skirt,271.54,28,Btms,,11/27/2024
AB-FOO-02142-XS,Cognac Ankle Boot - XS,$94.11,135,Ftwr,Fashion Hub,06/12/2025
AB-BOT-02143-XXL,Charcoal Linen Pant,161.5,89,Bottoms,ApparelSolns,10/07/2025
AB-DRE-02144-XL,Indigo Slip Dress,84.95,89,Drss,Atelier Nord Studio,10/01/2025
AB-OUT-02145-S,White Blazer,64.81,61,Outerwear,A. Nord,09/22/2025
AB-OUT-02145-S,White  Blazer,64.81,61,Outerwear,A. Nord,09/22/2025
AB-TOP-02146-S,Emerald V-Neck Sweater,$226.90,66,Tops,Fashion Hub,06/18/2024
AB-OUT-02147-XL,Charcoal Wool Peacoat - XL,291.89,48,outerwear,Fashion Hub Ltd,07/29/2023
AB-TOP-02148-XS,Camel Crewneck Tee,$74.01,18,TOP,Textile World,09/09/2023
AB-DRE-02149-L,White Maxi Dress,$219.60,2,Dresses,Apparel Solutions,05/28/2025
AB-FOO-02150-L,Blush Ballet Flat,$79.69,109,Footwear,Apparel Sol.,07/15/2025
AB-FOO-02151-XL,Tan Heeled Mule,250.03,22,Ftwr,Fashion Hub Ltd,04/22/2025
AB-DRE-02152-M,Black Shift Dress,293.83,96,Drss,Atelier Nord Studio,10/29/2025
AB-FOO-02153-XXL,Indigo Ankle Boot,$294.95,125,Ftwr,ApparelSolns,11/15/2023
AB-OUT-02154-XS,Emerald Moto Jacket - XS,95.1,23,N/A,A. Nord,12/03/2023
AB-OUT-02154-XS,Eme rald Moto Jacket - XS,95.1,23,N/A,A. Nord,12/03/2023
AB-BOT-02155-XXL,Burgundy Linen Pant,155.49,86,Pants/Bottoms,FH Wholesale (old),01/27/2024
AB-FOO-02156-M,Black Heeled Mule - M,$171.92,115,Shoes/Footwear,ApparelSolns,01/27/2024
AB-FOO-02157-XS,White Heeled Mule,$195.81,7,footwear,Textile World Co,05/11/2025
AB-OUT-02158-S,Cognac Moto Jacket - S,101.07,104,Outr,Atelier Nord,10/21/2025
AB-FOO-02159-XS,Burgundy Espadrille - XS,192.98,136,SHOES,Apparel Solutions,05/15/2025
AB-TOP-02161-S,White Silk Blouse,164.85,1,TOPS,,12/18/2024
AB-ACC-02162-L,Ivory Statement Earrings,116.56,57,MISC,,06/17/2024
AB-ACC-02163-S,Emerald Wide-Brim Hat,$264.84,18,ACC,A. Nord,01/26/2024
AB-BOT-02164-XXL,Ivory Wide-Leg Trouser,$153.69,93,Bottoms,Fashion Hub,11/23/2025
AB-ACC-02165-XXL,Black Crossbody Bag,$201.83,27,Accs,Apparel Solutions,01/21/2025
AB-OUT-02166-L,Camel Moto Jacket,38.91,22,Outr,A. Nord,03/31/2024
AB-ACC-02167-L,Emerald Woven Belt,295.55,35,accessories,Textile World,11/24/2023
AB-ACC-02167-L,Eme rald Woven Belt,295.55,35,accessories,Textile World,11/24/2023
AB-TOP-02168-XL,White Silk Blouse,$231.63,114,top,Textile World,06/12/2025
AB-FOO-02169-M,Cognac Ballet Flat,$38.86,59,Ftwr,Atelier Nord,03/05/2025
AB-OUT-02170-XS,Cognac Moto Jacket,74.79,91,Outr,Textile World Co,11/12/2023
AB-ACC-02171-XS,Indigo Statement Earrings,34.68,3,Accs,ApparelSolns,03/09/2024
AB-FOO-02172-XL,Camel Espadrille,117.77,35,Shoes/Footwear,FH Wholesale (old),06/18/2024
AB-BOT-02173-S,Emerald Midi Skirt,$214.39,122,Bottoms,,02/15/2025
AB-BOT-02174-L,Ivory Skinny Jean,$62.84,40,Btms,FH Wholesale (old),10/12/2025
AB-FOO-02175-L,White Low-Top Sneaker - L,$196.38,63,Shoes/Footwear,Fashion Hub Ltd,03/02/2025
AB-OUT-02176-S,Blush Blazer,$143.14,107,OUTER,ApparelSolns,11/03/2023
AB-DRE-02177-S,Black Maxi Dress,$134.13,63,N/A,Apparel Solutions,06/23/2025
AB-BOT-02178-XL,Beige Chino Pant,219.15,40,BOTTOM,Atelier Nord Studio,08/30/2024
AB-FOO-02179-L,Camel Loafer - L,149.04,7,Shoes/Footwear,Fashion Hub,08/25/2024
AB-TOP-02180-S,Burgundy V-Neck Sweater,124.31,100,TOPS,Fashion Hub,09/14/2024
AB-OUT-02181-M,Blush Blazer - M,$294.17,120,outerwear,ApparelSolns,01/18/2025
AB-OUT-02182-XL,Burgundy Denim Jacket - XL,161.41,23,OUTER,Textile World,12/07/2025
AB-OUT-02183-XL,Cognac Wool Peacoat,95.25,68,Outr,Fashion Hub Ltd,07/29/2024
AB-DRE-02184-S,Cognac Slip Dress,295.26,82,dress,Apparel Solutions,07/29/2024
AB-OUT-02186-XL,Camel Wool Peacoat - XL,220.77,48,Outerwear,Atelier Nord Studio,08/05/2025
AB-FOO-02187-M,Burgundy Low-Top Sneaker,226.08,92,SHOES,TW Co.,09/13/2025
AB-FOO-02188-S,Blush Loafer - S,193.87,56,,Atelier Nord,10/12/2023
AB-ACC-02189-XXL,Camel Statement Earrings - XXL,$79.77,86,Accs,TW Co.,05/07/2024
AB-ACC-02190-S,Blush Crossbody Bag - S,$171.54,69,accessories,A. Nord,12/16/2024
AB-OUT-02192-XS,Indigo Puffer Vest,77.26,56,outerwear,Fashion Hub,12/25/2024
AB-OUT-02193-M,Beige Puffer Vest,$78.50,8,Jackets/Outerwear,A. Nord,07/23/2024
AB-BOT-02195-M,White Wide-Leg Trouser,$28.91,17,Pants/Bottoms,FH Wholesale (old),04/18/2024
AB-TOP-02196-XS,Ivory Button-Up Shirt - XS,77.93,4,Tops,Atelier Nord,08/29/2023
AB-TOP-02197-XXL,Beige Tank Top,106.18,61,Tops,ApparelSolns,01/01/2024
AB-BOT-02198-XL,Beige Denim Short,296.5,90,BOTTOM,ApparelSolns,12/24/2025
AB-OUT-02200-XL,Cognac Trench Coat,$316.39,33,Outr,FH Wholesale (old),07/30/2025
AB-ACC-02201-L,Camel Wide-Brim Hat - L,$46.84,104,ACC,Fashion Hub Ltd,04/29/2024
AB-BOT-02202-S,Beige Chino Pant,311.3,76,BOTTOM,Textile World,03/25/2024
AB-TOP-02203-M,Tan Turtleneck,$190.51,98,TOPS,Atelier Nord Studio,11/10/2024
AB-BOT-02204-XS,White Wide-Leg Trouser,230.31,113,bottoms,,12/10/2023
AB-ACC-02205-L,Beige Crossbody Bag,184.71,69,Accessory,Fashion Hub Ltd,03/02/2024
AB-ACC-02206-XL,Indigo Crossbody Bag,114.35,123,Accessory,Apparel Sol.,11/30/2024
AB-FOO-02207-XL,Emerald Heeled Mule,129.69,16,footwear,Textile World Co,08/04/2025
AB-ACC-02208-S,Indigo Statement Earrings,82.18,80,Accessory,Atelier Nord,05/15/2024
AB-OUT-02209-XXL,Charcoal Wool Peacoat,$270.31,97,Jackets/Outerwear,Apparel Solutions,07/13/2025
AB-OUT-02210-XL,Tan Moto Jacket,216.64,16,Outr,Textile World,12/08/2024
AB-OUT-02212-L,Emerald Blazer - L,152.01,89,OUTER,Fashion Hub Ltd,07/06/2024
AB-DRE-02213-L,Camel Shift Dress - L,69.52,132,,Textile World Co,03/05/2025
AB-FOO-02214-L,Black Low-Top Sneaker,$30.82,65,,Apparel Solutions,08/17/2023
AB-ACC-02215-XL,White Leather Tote,93.31,134,Accessories,Fashion Hub Ltd,07/21/2024
AB-OUT-02216-S,Camel Trench Coat,101.97,47,Jackets/Outerwear,A. Nord,05/09/2024
AB-OUT-02217-XL,Ivory Wool Peacoat,80.24,23,Jackets/Outerwear,FH Wholesale (old),09/03/2025
AB-TOP-02218-XL,Camel Silk Blouse - XL,$309.43,56,Tops,Atelier Nord Studio,08/26/2024
AB-TOP-02218-XL,Came l Silk Blouse - XL,$309.43,56,Tops,Atelier Nord Studio,08/26/2024
AB-TOP-02219-XXL,Beige Turtleneck - XXL,$38.69,25,Tops,,06/18/2024
AB-BOT-02220-L,White Denim Short,232.96,46,bottoms,Apparel Solutions,01/14/2025
AB-BOT-02221-M,Black Wide-Leg Trouser - M,$249.18,131,Bottoms,TW Co.,03/12/2026
AB-BOT-02223-M,Beige Wide-Leg Trouser - M,145.11,116,Btms,ApparelSolns,03/30/2024
AB-ACC-02224-S,Burgundy Twill Scarf - S,214.11,24,Accessory,TW Co.,11/18/2023
AB-OUT-02225-M,Black Trench Coat,$179.93,125,Outerwear,Atelier Nord Studio,07/10/2025
AB-OUT-02226-XXL,Cognac Puffer Vest,290.34,110,Jackets/Outerwear,Atelier Nord Studio,09/16/2025
AB-FOO-02227-XL,Beige Ballet Flat,$225.82,149,footwear,Atelier Nord,11/13/2024
AB-BOT-02228-S,Emerald Denim Short,80.0,79,bottoms,Fashion Hub Ltd,12/24/2025
AB-DRE-02229-L,Beige Wrap Dress - L,131.57,100,Dresses,Atelier Nord,10/25/2023
AB-DRE-02230-XS,Charcoal Maxi Dress,$157.47,37,dress,TW Co.,12/09/2024
AB-FOO-02231-XXL,Ivory Espadrille,142.56,37,Shoes/Footwear,Apparel Solutions,05/28/2023
AB-BOT-02232-L,Camel Chino Pant,$158.70,108,bottoms,Atelier Nord,09/14/2024
AB-BOT-02233-L,Ivory Chino Pant,$92.68,37,Bottoms,FH Wholesale (old),05/21/2025
AB-TOP-02234-XS,Blush Button-Up Shirt - XS,157.49,113,Tops,,03/09/2025
AB-OUT-02235-M,Beige Moto Jacket - M,289.09,122,outerwear,,12/19/2023
AB-OUT-02236-M,Blush Moto Jacket - M,112.68,129,Outr,Textile World Co,04/13/2024
AB-TOP-02237-XXL,Ivory V-Neck Sweater,36.12,116,top,ApparelSolns,01/28/2024
AB-ACC-02238-XS,Blush Wide-Brim Hat,154.34,117,accessories,A. Nord,06/18/2024
AB-FOO-02239-M,Camel Ballet Flat,$255.63,31,SHOES,Fashion Hub Ltd,01/28/2025
AB-OUT-02240-XS,Cognac Denim Jacket,$309.80,39,OUTER,Fashion Hub,03/11/2026
AB-OUT-02241-XXL,Tan Wool Peacoat - XXL,237.51,79,OUTER,A. Nord,01/09/2024
AB-BOT-02242-XS,Charcoal Midi Skirt,$102.31,56,bottoms,Atelier Nord Studio,08/16/2023
AB-TOP-02243-S,Black Button-Up Shirt - S,142.58,49,Tshirts/Tops,TW Co.,02/17/2025
AB-BOT-02244-XL,Cognac Chino Pant,$331.05,53,bottoms,,10/01/2023
AB-TOP-02245-M,Black Silk Blouse - M,263.05,42,Tops,Atelier Nord,04/04/2025
AB-BOT-02246-XS,Emerald Linen Pant,$218.26,79,Btms,FH Wholesale (old),04/28/2025
AB-ACC-02247-M,Emerald Woven Belt,$223.16,83,accessories,ApparelSolns,12/07/2024
AB-BOT-02248-XXL,Tan Linen Pant,268.51,62,BOTTOM,Apparel Sol.,04/30/2024
AB-ACC-02250-XL,Black Crossbody Bag,269.57,65,Accs,Apparel Sol.,02/09/2024
AB-BOT-02251-S,Charcoal Denim Short,$142.64,39,MISC,Textile World Co,08/28/2023
AB-ACC-02252-M,Cognac Wide-Brim Hat,243.64,107,Accessories,Atelier Nord Studio,07/29/2025
AB-DRE-02253-S,White Shift Dress - S,$204.54,5,DRESS,Textile World,09/13/2025
AB-DRE-02254-L,Indigo Wrap Dress - L,61.06,121,DRESS,A. Nord,07/02/2023
AB-DRE-02255-M,White Shift Dress,172.76,125,,Textile World,09/18/2024
AB-FOO-02256-L,Indigo Low-Top Sneaker,$101.55,29,Footwear,Textile World,10/26/2024
AB-BOT-02257-XL,Blush Denim Short,283.27,13,Bottoms,Atelier Nord Studio,03/25/2024
AB-TOP-02258-XL,Ivory Crewneck Tee,156.78,38,top,Atelier Nord,03/22/2026
AB-ACC-02259-XS,Ivory Statement Earrings - XS,$159.47,3,Accs,FH Wholesale (old),01/16/2024
AB-DRE-02260-XXL,Tan Shift Dress - XXL,$219.19,30,Dresses ,ApparelSolns,08/02/2023
AB-BOT-02261-XS,Blush Pleated Skirt,327.58,32,Pants/Bottoms,FH Wholesale (old),01/26/2024
AB-FOO-02262-S,Charcoal Ankle Boot,264.02,135,SHOES,Atelier Nord,02/25/2024
AB-DRE-02263-XL,Camel Slip Dress,255.79,63,DRESS,FH Wholesale (old),04/21/2024
AB-TOP-02264-M,Beige Henley,212.82,131,Tops,Textile World,08/27/2023
AB-OUT-02265-XXL,Charcoal Puffer Vest,28.77,73,Outr,ApparelSolns,04/18/2025
AB-BOT-02266-L,Emerald Linen Pant,$284.42,78,Pants/Bottoms,ApparelSolns,05/16/2024
AB-ACC-02267-L,Indigo Statement Earrings,$261.90,79,accessories,Textile World Co,05/07/2025
AB-DRE-02268-L,Charcoal Midi Dress,227.16,9,Drss,Textile World Co,09/16/2023
AB-TOP-02269-XS,Ivory V-Neck Sweater,$55.22,16,TOP,Atelier Nord Studio,08/04/2024
AB-DRE-02270-XL,Blush Shirt Dress,227.13,102,Drss,Textile World Co,10/13/2024
AB-TOP-02271-S,Burgundy Button-Up Shirt,$215.88,79,Tops,A. Nord,10/17/2023
AB-OUT-02272-XS,Blush Trench Coat,$28.04,64,Outerwear,FH Wholesale (old),10/06/2024
AB-BOT-02274-XXL,Blush Midi Skirt - XXL,210.04,47,Bottoms,Atelier Nord Studio,09/13/2023
AB-BOT-02275-XS,Indigo Pleated Skirt,$290.24,85,Bottoms,Atelier Nord,04/19/2024
AB-TOP-02276-XL,Charcoal Silk Blouse,282.16,43,top,Atelier Nord,12/04/2025
AB-BOT-02277-XS,Black Chino Pant - XS,230.49,95,Bottoms,ApparelSolns,07/20/2024
AB-TOP-02278-XL,Emerald V-Neck Sweater,$88.47,96,top,Textile World Co,07/10/2025
AB-ACC-02279-XL,Burgundy Statement Earrings,174.71,135,Accessories,Apparel Sol.,06/21/2025
AB-FOO-02280-L,Charcoal Loafer,148.93,144,footwear,FH Wholesale (old),06/07/2024
AB-FOO-02281-M,Black Heeled Mule - M,$23.31,16,Shoes/Footwear,ApparelSolns,01/02/2025
AB-FOO-02281-M,Black He eled Mule - M,$23.31,16,Shoes/Footwear,ApparelSolns,01/02/2025
AB-OUT-02282-XL,Beige Denim Jacket,281.0,57,outerwear,TW Co.,09/06/2024
AB-DRE-02283-XS,Tan Shift Dress,212.09,62,dress,TW Co.,06/14/2024
AB-DRE-02284-S,Cognac Wrap Dress - S,81.99,109,DRESS,Fashion Hub,08/30/2024
AB-OUT-02285-XS,Indigo Moto Jacket,$256.57,70,Outerwear,Fashion Hub,12/24/2024
AB-FOO-02286-XL,Black Heeled Mule - XL,248.13,13,Ftwr,ApparelSolns,11/16/2024
AB-FOO-02287-XXL,Cognac Low-Top Sneaker,238.38,60,Ftwr,Apparel Sol.,09/02/2024
AB-FOO-02288-S,Blush Espadrille,$22.93,109,Ftwr,TW Co.,10/30/2023
AB-DRE-02289-L,Charcoal Shirt Dress - L,$48.07,66,N/A,Fashion Hub,01/09/2024
AB-ACC-02290-M,Tan Woven Belt,64.43,104,Accs,A. Nord,05/19/2024
AB-ACC-02291-XS,Blush Leather Tote,106.41,138,Accs,Apparel Solutions,10/24/2025
AB-FOO-02292-XS,White Espadrille - XS,278.17,0,Ftwr,,03/31/2024
AB-TOP-02293-XS,Ivory Button-Up Shirt - XS,118.02,128,TOP,Atelier Nord Studio,10/04/2025
AB-FOO-02294-XS,Cognac Heeled Mule - XS,$237.84,71,Ftwr,Atelier Nord Studio,02/06/2026
AB-TOP-02295-M,White Tank Top - M,$135.32,48,TOP,Textile World,06/05/2025
AB-DRE-02296-XL,Black Shirt Dress,333.34,41,Dresses ,Fashion Hub Ltd,03/23/2024
AB-DRE-02297-XXL,Cognac Midi Dress,168.03,89,DRESS,Textile World Co,06/15/2023
AB-DRE-02298-XS,Indigo Maxi Dress - XS,$82.08,51,DRESS,A. Nord,08/23/2025
AB-ACC-02299-XXL,Beige Crossbody Bag,$327.35,72,Accs,Fashion Hub Ltd,02/25/2026
AB-ACC-02300-L,Cognac Crossbody Bag,112.26,94,ACC,A. Nord,04/21/2024
AB-TOP-02301-S,Emerald Crewneck Tee,196.97,4,TOPS,FH Wholesale (old),10/31/2025
AB-DRE-02302-L,Blush Shirt Dress - L,$327.96,118,Drss,Fashion Hub,10/10/2023
AB-BOT-02303-XL,White Midi Skirt,$194.56,121,bottoms,FH Wholesale (old),05/10/2025
AB-FOO-02304-M,Burgundy Loafer,$209.42,8,SHOES,Fashion Hub,01/09/2026
AB-ACC-02305-M,Charcoal Woven Belt,$106.27,27,accessories,Atelier Nord,08/21/2023
AB-DRE-02306-XXL,Ivory Shirt Dress - XXL,275.29,39,Dresses ,Apparel Sol.,06/02/2024
AB-DRE-02307-XL,White Maxi Dress,41.35,78,Dresses,Apparel Sol.,09/07/2025
AB-DRE-02308-XS,Black Maxi Dress - XS,116.14,23,,,10/31/2025
AB-BOT-02309-XL,Beige Denim Short,$126.43,21,Pants/Bottoms,Fashion Hub,05/15/2024
AB-DRE-02310-S,White Shift Dress - S,187.56,20,Dresses,Textile World,01/14/2024
AB-TOP-02311-XL,Camel Button-Up Shirt - XL,$237.70,125,Tops,Fashion Hub Ltd,04/29/2025
AB-ACC-02312-XL,Camel Wide-Brim Hat - XL,48.56,100,Accs,Apparel Solutions,08/02/2025
AB-TOP-02313-XS,Indigo Button-Up Shirt - XS,$96.38,13,Tshirts/Tops,Apparel Sol.,02/21/2024
AB-TOP-02314-XS,Beige V-Neck Sweater,$287.82,10,TOPS,FH Wholesale (old),03/20/2025
AB-DRE-02315-XS,Cognac Maxi Dress,68.03,74,dress,Apparel Solutions,12/28/2023
AB-DRE-02316-XXL,Ivory Midi Dress,$208.95,4,Dresses ,,10/08/2024
AB-BOT-02317-S,Burgundy Linen Pant,$236.74,130,bottoms,TW Co.,04/10/2024
AB-OUT-02318-XL,Tan Moto Jacket,191.81,53,Outr,Apparel Sol.,11/14/2024
AB-FOO-02319-L,Black Low-Top Sneaker,219.2,99,Footwear,Textile World,01/27/2024
AB-FOO-02320-S,Blush Ballet Flat,298.27,105,9,Atelier Nord,04/13/2025
AB-DRE-02321-XL,Charcoal Shift Dress,228.67,70,Dresses,FH Wholesale (old),06/15/2025
AB-FOO-02322-XS,Black Heeled Mule,$195.66,68,footwear,Atelier Nord Studio,10/26/2025
AB-BOT-02323-XXL,Ivory Denim Short,308.84,63,Pants/Bottoms,FH Wholesale (old),12/17/2023
AB-ACC-02324-S,Charcoal Twill Scarf - S,$260.78,101,Accs,FH Wholesale (old),11/29/2023
AB-BOT-02325-XL,White Pleated Skirt,226.44,28,BOTTOM,FH Wholesale (old),02/28/2026
AB-ACC-02326-XS,Indigo Twill Scarf,$76.75,36,ACC,ApparelSolns,12/31/2023
AB-ACC-02327-M,White Statement Earrings,$312.06,96,Accessory,Apparel Solutions,08/04/2025
AB-FOO-02328-L,Camel Espadrille,$288.58,28,SHOES,TW Co.,01/26/2024
AB-OUT-02329-XXL,Charcoal Wool Peacoat,168.55,70,outerwear,TW Co.,02/15/2025
AB-TOP-02330-L,Black Button-Up Shirt,72.31,15,Tops,A. Nord,07/25/2025
AB-OUT-02331-S,Camel Puffer Vest - S,$51.01,73,Outr,A. Nord,01/17/2024
AB-DRE-02332-L,Ivory Shift Dress - L,158.38,135,DRESS,FH Wholesale (old),09/08/2023
AB-FOO-02333-M,Blush Heeled Mule,155.48,66,Ftwr,Textile World Co,09/22/2025
AB-OUT-02334-S,Camel Denim Jacket,$84.87,22,OUTER,Atelier Nord,09/06/2023
AB-BOT-02335-L,Emerald Linen Pant,$314.12,143,bottoms,TW Co.,06/20/2025
AB-BOT-02336-XXL,Camel Skinny Jean,170.78,25,Btms,ApparelSolns,05/29/2024
AB-ACC-02337-XXL,Camel Wide-Brim Hat,24.19,16,accessories,A. Nord,06/02/2024
AB-DRE-02338-XXL,Charcoal Shift Dress - XXL,212.74,135,DRESS,Textile World,12/28/2023
AB-BOT-02339-XXL,Blush Skinny Jean - XXL,214.61,6,Btms,Atelier Nord,01/16/2025
AB-BOT-02340-XXL,White Wide-Leg Trouser,221.75,108,Btms,Apparel Sol.,07/27/2024
AB-ACC-02341-S,Beige Woven Belt - S,230.3,91,ACC,Atelier Nord Studio,02/13/2024
AB-OUT-02342-S,Beige Denim Jacket,104.59,86,outerwear,Textile World Co,05/17/2024
AB-OUT-02343-M,Cognac Trench Coat,$82.04,15,Outerwear,A. Nord,06/29/2025
AB-TOP-02344-S,Beige V-Neck Sweater,$145.41,11,Tops,TW Co.,04/21/2024
AB-OUT-02345-XXL,Cognac Denim Jacket,53.25,127,Outerwear,Fashion Hub,03/05/2025
AB-ACC-02346-XXL,Charcoal Leather Tote - XXL,84.12,13,ACC,TW Co.,01/16/2024
AB-DRE-02347-L,Beige Wrap Dress,$319.40,115,dress,FH Wholesale (old),02/20/2024
AB-TOP-02348-XL,Charcoal Tank Top,$45.66,64,,Fashion Hub,12/02/2025
AB-TOP-02348-XL,Charcoal Tank Top ,$45.66,64,,Fashion Hub,12/02/2025
AB-FOO-02349-XXL,Burgundy Loafer,$32.52,70,Footwear,Textile World Co,05/10/2025
AB-BOT-02350-XXL,Burgundy Linen Pant,$307.45,127,Btms,Fashion Hub Ltd,12/07/2025
AB-BOT-02351-M,Indigo Midi Skirt,$43.28,58,BOTTOM,Fashion Hub Ltd,05/14/2025
AB-DRE-02352-XXL,Indigo Wrap Dress,297.3,115,dress,Apparel Sol.,03/30/2025
AB-ACC-02353-XXL,Black Leather Tote - XXL,$306.13,0,Accs,Fashion Hub Ltd,10/25/2025
AB-DRE-02354-S,Ivory Midi Dress,251.72,45,Dresses ,Textile World,05/25/2024
AB-BOT-02355-M,Ivory Wide-Leg Trouser,$36.99,115,BOTTOM,Atelier Nord,03/27/2024
AB-FOO-02356-XS,Black Low-Top Sneaker,130.8,76,Shoes/Footwear,TW Co.,12/14/2025
AB-ACC-02357-XXL,Ivory Crossbody Bag,262.91,40,Accessory,Fashion Hub Ltd,04/17/2025
AB-OUT-02358-M,Ivory Moto Jacket,178.25,107,Jackets/Outerwear,FH Wholesale (old),09/23/2023
AB-TOP-02359-XS,Charcoal Silk Blouse,$148.79,122,TOP,Textile World,03/17/2024
AB-ACC-02360-XXL,Camel Leather Tote - XXL,$287.90,32,accessories,ApparelSolns,01/30/2026
AB-FOO-02361-XL,Tan Loafer,$303.49,108,MISC,TW Co.,06/24/2024
AB-FOO-02362-M,Camel Heeled Mule,207.73,5,MISC,Apparel Sol.,11/26/2023
AB-OUT-02363-XL,Indigo Wool Peacoat,$320.23,43,outerwear,Atelier Nord Studio,11/30/2025
AB-ACC-02364-S,Black Leather Tote - S,191.88,101,accessories,,04/07/2025
AB-FOO-02365-S,Burgundy Espadrille,$166.75,132,Footwear,Fashion Hub,05/03/2026
AB-BOT-02366-S,Ivory Midi Skirt,$160.05,130,Bottoms,Fashion Hub Ltd,01/28/2024
AB-BOT-02367-XS,Cognac Denim Short,171.74,21,Bottoms,Apparel Solutions,06/27/2024
AB-DRE-02368-S,Cognac Shift Dress,31.17,113,dress,,10/29/2025
AB-BOT-02369-XXL,Charcoal Wide-Leg Trouser - XXL,179.76,113,Pants/Bottoms,FH Wholesale (old),09/23/2023
AB-BOT-02369-XXL,Charcoal Wide -Leg Trouser - XXL,179.76,113,Pants/Bottoms,FH Wholesale (old),09/23/2023
AB-OUT-02370-XL,Tan Blazer,$238.56,93,Jackets/Outerwear,FH Wholesale (old),09/17/2024
AB-BOT-02371-M,Camel Linen Pant,$28.16,8,N/A,FH Wholesale (old),01/07/2026
AB-TOP-02372-XS,Burgundy Crewneck Tee,113.49,20,top,Fashion Hub,02/10/2024
AB-ACC-02373-XS,Emerald Leather Tote,$261.50,137,Accessories,Atelier Nord,07/07/2025
AB-DRE-02374-XXL,Tan Wrap Dress - XXL,$242.12,104,Drss,FH Wholesale (old),05/07/2024
AB-OUT-02375-XL,White Blazer,258.73,66,Outerwear,Apparel Sol.,03/14/2024
AB-OUT-02375-XL,White  Blazer,258.73,66,Outerwear,Apparel Sol.,03/14/2024
AB-TOP-02376-XXL,Beige Silk Blouse - XXL,$103.47,133,TOP,Atelier Nord Studio,07/30/2025
AB-TOP-02377-M,Ivory Silk Blouse,$104.25,120,top,FH Wholesale (old),09/26/2023
AB-FOO-02378-XS,Emerald Heeled Mule - XS,198.64,0,SHOES,Fashion Hub,09/27/2025
AB-DRE-02379-M,Indigo Midi Dress,$45.48,129,,,05/27/2024
AB-BOT-02382-L,Beige Midi Skirt,$190.89,24,Btms,Fashion Hub Ltd,08/04/2025
AB-OUT-02383-S,Indigo Moto Jacket,141.79,117,Jackets/Outerwear,Textile World Co,09/07/2025
AB-DRE-02384-XXL,Beige Wrap Dress,$55.65,3,dress,Textile World,08/04/2024
AB-TOP-02385-M,Indigo V-Neck Sweater,284.54,135,top,FH Wholesale (old),10/14/2025
AB-TOP-02386-XXL,Tan Button-Up Shirt,306.65,40,Tshirts/Tops,Apparel Solutions,07/12/2025
AB-OUT-02387-XL,Charcoal Denim Jacket,$127.46,48,Outr,Textile World,11/21/2024
AB-ACC-02388-M,Indigo Twill Scarf,65.28,22,Accessories,TW Co.,03/23/2024
AB-ACC-02389-XXL,Beige Crossbody Bag,236.04,133,ACC,Apparel Solutions,03/25/2025
AB-ACC-02390-XXL,Tan Statement Earrings,144.77,40,Accessory,Apparel Solutions,01/06/2024
AB-BOT-02391-S,Burgundy Chino Pant,$236.61,123,BOTTOM,Apparel Solutions,10/26/2024
AB-BOT-02392-M,Camel Skinny Jean,142.43,10,Btms,Fashion Hub,12/22/2025
AB-OUT-02393-L,Tan Wool Peacoat - L,128.69,101,Jackets/Outerwear,Textile World Co,07/27/2025
AB-DRE-02394-L,Ivory Wrap Dress,236.83,94,Dresses ,Textile World Co,07/20/2024
AB-DRE-02394-L,Ivory Wrap Dre ss,236.83,94,Dresses ,Textile World Co,07/20/2024
AB-FOO-02395-M,Ivory Espadrille,$308.42,8,Footwear,Textile World,05/29/2025
AB-TOP-02396-M,Indigo Henley,$259.20,86,9,A. Nord,12/15/2024
AB-FOO-02397-XS,Cognac Loafer,$212.84,94,Ftwr,Textile World Co,01/26/2024
AB-FOO-02398-XL,Cognac Espadrille,$253.74,70,Footwear,TW Co.,12/01/2024
AB-ACC-02399-XL,Emerald Leather Tote - XL,$221.12,87,Accs,Fashion Hub,09/24/2023
AB-DRE-02400-XS,Tan Shirt Dress,$90.04,57,Drss,Apparel Solutions,06/30/2024
AB-DRE-02400-XS,Tan Shirt Dre ss,$90.04,57,Drss,Apparel Solutions,06/30/2024
AB-DRE-02401-M,Cognac Midi Dress,304.41,33,Dresses,Apparel Solutions,12/07/2024
AB-ACC-02402-XS,Ivory Leather Tote,46.91,116,Accessories,Fashion Hub,12/21/2024
AB-OUT-02403-XL,White Blazer - XL,$201.01,50,OUTER,Fashion Hub,07/12/2024
AB-FOO-02404-XXL,Tan Ankle Boot,$167.67,34,Shoes/Footwear,TW Co.,02/17/2025
AB-ACC-02405-XS,Charcoal Woven Belt - XS,246.46,19,ACC,Atelier Nord Studio,12/28/2023
AB-ACC-02405-XS,Charcoal Wove n Belt - XS,246.46,19,ACC,Atelier Nord Studio,12/28/2023
AB-FOO-02406-M,Emerald Loafer - M,$48.94,128,SHOES,A. Nord,12/20/2025
AB-OUT-02407-XL,Burgundy Puffer Vest,$21.33,47,outerwear,Fashion Hub,06/02/2024
AB-TOP-02408-XS,Beige Crewneck Tee,253.0,26,Tops,ApparelSolns,05/20/2025
AB-BOT-02409-XL,Beige Midi Skirt,101.79,96,Pants/Bottoms,FH Wholesale (old),11/25/2024
AB-OUT-02410-L,Burgundy Blazer,237.79,30,Outr,Apparel Sol.,07/30/2025
AB-OUT-02411-XXL,Beige Moto Jacket,$142.58,87,OUTER,,12/06/2023
AB-TOP-02412-XL,Camel V-Neck Sweater,253.74,134,Tops,Fashion Hub,03/05/2025
AB-FOO-02413-XL,White Ballet Flat,89.37,112,footwear,ApparelSolns,11/11/2024
AB-OUT-02414-XL,Black Wool Peacoat,$268.70,104,Jackets/Outerwear,Textile World Co,07/03/2024
AB-BOT-02415-S,Burgundy Midi Skirt,201.85,129,BOTTOM,Textile World Co,04/01/2024
AB-TOP-02416-M,Emerald Turtleneck,119.98,11,Tops,ApparelSolns,08/23/2023
AB-DRE-02417-XXL,Burgundy Wrap Dress,62.44,137,Drss,Apparel Sol.,06/29/2024
AB-ACC-02418-XXL,Blush Twill Scarf - XXL,256.08,97,N/A,FH Wholesale (old),06/10/2024
AB-OUT-02419-L,Indigo Denim Jacket - L,$171.82,39,Outr,Fashion Hub Ltd,01/18/2024
AB-ACC-02420-XS,Indigo Leather Tote,299.01,14,ACC,FH Wholesale (old),05/03/2025
AB-BOT-02421-L,Indigo Pleated Skirt,$274.64,8,BOTTOM,Fashion Hub,07/30/2024
AB-BOT-02422-XS,Emerald Linen Pant,$310.27,62,BOTTOM,Apparel Solutions,10/17/2023
AB-BOT-02423-M,Charcoal Midi Skirt - M,$126.23,110,Btms,,10/11/2024
AB-FOO-02424-XL,Indigo Low-Top Sneaker,$146.83,124,Ftwr,Fashion Hub Ltd,02/08/2025
AB-FOO-02425-XL,Ivory Espadrille - XL,324.05,67,footwear,Textile World,07/30/2024
AB-ACC-02426-S,White Twill Scarf,$285.44,1,Accessory,Apparel Solutions,12/07/2025
AB-FOO-02427-M,Charcoal Heeled Mule - M,97.98,140,Shoes/Footwear,ApparelSolns,12/06/2025
AB-FOO-02428-XS,Indigo Low-Top Sneaker,$77.31,95,SHOES,Textile World Co,06/23/2025
AB-ACC-02429-XS,Black Twill Scarf - XS,157.33,3,Accessories,ApparelSolns,03/19/2025
AB-TOP-02430-XL,Beige Tank Top,278.99,80,N/A,Fashion Hub Ltd,02/11/2025
AB-BOT-02431-L,Burgundy Skinny Jean,204.89,42,Pants/Bottoms,Apparel Solutions,07/15/2024
AB-FOO-02432-XL,Beige Espadrille - XL,$249.97,96,SHOES,Atelier Nord,05/27/2026
AB-FOO-02432-XL,Be ige Espadrille - XL,$249.97,96,SHOES,Atelier Nord,05/27/2026
AB-ACC-02433-XXL,Cognac Woven Belt,44.34,136,Accs,Atelier Nord,04/15/2024
AB-BOT-02434-XL,Blush Denim Short,209.59,51,Bottoms,A. Nord,10/28/2023
AB-DRE-02435-M,White Slip Dress,240.38,68,dress,Fashion Hub Ltd,03/29/2025
AB-FOO-02436-S,Ivory Low-Top Sneaker,$70.57,57,Footwear,FH Wholesale (old),09/07/2024
AB-BOT-02437-L,Indigo Midi Skirt - L,$148.94,5,bottoms,Fashion Hub,06/01/2025
AB-OUT-02438-XXL,Indigo Trench Coat,154.09,96,Outr,Fashion Hub Ltd,06/17/2023
AB-OUT-02438-XXL,Indigo Tre nch Coat,154.09,96,Outr,Fashion Hub Ltd,06/17/2023
AB-ACC-02439-XXL,Ivory Crossbody Bag - XXL,113.86,44,Accessory,TW Co.,02/23/2025
AB-FOO-02440-XXL,Blush Low-Top Sneaker,$200.91,121,Ftwr,Apparel Sol.,05/13/2024
AB-ACC-02441-M,Black Wide-Brim Hat,283.37,98,Accessories,Fashion Hub Ltd,05/02/2025
AB-TOP-02442-XL,Burgundy Silk Blouse,121.45,140,Tshirts/Tops,Atelier Nord,11/09/2025
AB-BOT-02443-M,Beige Chino Pant,156.28,68,bottoms,Textile World,09/08/2023
AB-FOO-02444-L,Beige Heeled Mule,151.28,18,SHOES,Apparel Solutions,01/20/2026
AB-BOT-02445-L,Cognac Skinny Jean,$48.17,37,Pants/Bottoms,A. Nord,09/16/2025
AB-BOT-02446-M,Cognac Midi Skirt,$305.28,38,Bottoms,Apparel Sol.,07/08/2024
AB-BOT-02447-L,Camel Midi Skirt,$90.35,88,Pants/Bottoms,TW Co.,10/09/2025
AB-FOO-02448-XS,Tan Ballet Flat,$269.63,42,Shoes/Footwear,Fashion Hub Ltd,11/22/2024
AB-BOT-02449-XXL,Black Skinny Jean,201.56,99,Pants/Bottoms,Atelier Nord Studio,01/10/2024
AB-TOP-02450-XL,Indigo V-Neck Sweater,41.75,49,TOPS,TW Co.,12/03/2025
AB-FOO-02451-XS,Black Ballet Flat,$130.24,14,Footwear,FH Wholesale (old),08/21/2025
AB-ACC-02452-M,White Woven Belt,279.9,73,ACC,FH Wholesale (old),10/19/2023
AB-OUT-02453-XXL,Ivory Denim Jacket,287.38,113,OUTER,TW Co.,07/06/2025
AB-OUT-02454-XS,Ivory Blazer,81.78,71,outerwear,Apparel Sol.,02/11/2024
AB-TOP-02455-L,Emerald Henley,140.9,14,Tshirts/Tops,Apparel Solutions,12/02/2025
AB-OUT-02456-L,Burgundy Trench Coat,212.59,29,Outr,Atelier Nord Studio,11/18/2024
AB-TOP-02457-L,Burgundy V-Neck Sweater,281.46,12,Tops,,01/03/2024
AB-FOO-02458-XS,Beige Espadrille - XS,24.86,128,Footwear,Apparel Sol.,07/07/2025
AB-BOT-02460-XXL,Blush Pleated Skirt,$77.97,102,BOTTOM,TW Co.,12/27/2023
AB-OUT-02461-L,White Puffer Vest,$84.77,33,Jackets/Outerwear,FH Wholesale (old),11/09/2025
AB-TOP-02462-S,Beige V-Neck Sweater,141.77,56,top,FH Wholesale (old),08/08/2025
AB-OUT-02463-XXL,Cognac Trench Coat,56.29,126,Outr,,04/08/2025
AB-FOO-02464-XS,Indigo Ballet Flat - XS,81.18,19,Shoes/Footwear,Textile World Co,11/08/2025
AB-FOO-02465-M,Camel Ballet Flat,$219.95,43,SHOES,Fashion Hub Ltd,10/26/2025
AB-FOO-02466-S,Black Ballet Flat,117.05,11,Footwear,A. Nord,01/04/2026
AB-TOP-02467-M,Camel Cardigan,87.63,52,Tops,Fashion Hub Ltd,07/29/2025
AB-DRE-02468-L,Indigo Wrap Dress,300.31,118,Dresses ,Fashion Hub Ltd,12/21/2025
AB-DRE-02468-L,Indigo Wrap Dre ss,300.31,118,Dresses ,Fashion Hub Ltd,12/21/2025
AB-OUT-02469-S,Cognac Blazer,40.61,41,OUTER,Textile World,04/20/2025
AB-TOP-02470-XL,Beige Henley,48.26,52,Tops,Textile World Co,08/08/2024
AB-FOO-02471-XL,Ivory Heeled Mule,238.18,125,Shoes/Footwear,Apparel Solutions,09/17/2025
AB-ACC-02472-L,Beige Statement Earrings - L,$239.96,59,accessories,Textile World,06/14/2026
AB-FOO-02473-XL,White Low-Top Sneaker,193.03,81,footwear,Textile World Co,02/15/2025
AB-TOP-02474-XL,Charcoal Tank Top,$289.69,5,TOP,,01/09/2025
AB-ACC-02475-XXL,Cognac Wide-Brim Hat,137.17,23,ACC,Atelier Nord Studio,09/05/2024
AB-OUT-02476-L,Black Blazer - L,$88.73,103,Outerwear,A. Nord,11/17/2024
AB-ACC-02478-S,Ivory Leather Tote - S,118.14,40,Accessories,ApparelSolns,01/24/2024
AB-OUT-02479-M,Tan Blazer,247.35,130,Jackets/Outerwear,Fashion Hub,02/26/2025
AB-TOP-02480-XL,Indigo Button-Up Shirt,$255.08,133,top,TW Co.,08/17/2025
AB-BOT-02481-S,Beige Skinny Jean - S,187.7,102,bottoms,ApparelSolns,07/13/2025
AB-FOO-02482-XL,Cognac Ankle Boot,99.69,138,SHOES,ApparelSolns,06/12/2024
AB-FOO-02483-S,Ivory Ankle Boot - S,255.69,8,footwear,FH Wholesale (old),08/29/2025
AB-ACC-02484-XXL,Charcoal Statement Earrings,$305.34,49,Accessories,Atelier Nord Studio,10/21/2024
AB-DRE-02485-M,Ivory Shirt Dress,280.7,137,Drss,,11/24/2024
AB-ACC-02486-XS,Tan Twill Scarf - XS,123.46,142,accessories,Apparel Solutions,05/04/2025
AB-OUT-02487-XXL,Burgundy Moto Jacket,43.02,55,Outerwear,Atelier Nord Studio,02/09/2024
AB-FOO-02488-L,Emerald Heeled Mule,$80.13,47,Footwear,Atelier Nord,12/29/2023
AB-FOO-02489-L,Camel Heeled Mule,321.04,16,SHOES,,10/30/2025
AB-ACC-02490-L,Emerald Statement Earrings - L,129.86,30,Accs,Atelier Nord,01/25/2026
AB-FOO-02491-XL,Indigo Loafer,234.85,42,SHOES,Atelier Nord,10/21/2025
AB-FOO-02491-XL,Indigo Loafe r,234.85,42,SHOES,Atelier Nord,10/21/2025
AB-BOT-02492-XL,Cognac Pleated Skirt,156.19,7,BOTTOM,TW Co.,09/26/2025
AB-ACC-02493-XXL,Blush Wide-Brim Hat - XXL,$142.56,47,Accessory,Fashion Hub Ltd,06/09/2025
AB-ACC-02494-XS,Blush Leather Tote,284.67,82,Accs,ApparelSolns,11/14/2025
AB-OUT-02495-XL,Burgundy Denim Jacket - XL,221.58,9,Jackets/Outerwear,Apparel Solutions,10/08/2023
AB-ACC-02496-M,Ivory Twill Scarf - M,253.05,87,Accessory,Textile World,01/02/2026
AB-ACC-02496-M,Ivory Twill Scarf - M ,253.05,87,Accessory,Textile World,01/02/2026
AB-DRE-02497-S,Camel Shift Dress,143.47,100,DRESS,A. Nord,03/05/2024
AB-BOT-02498-M,Beige Pleated Skirt,226.82,34,BOTTOM,Textile World,11/16/2025
AB-FOO-02499-M,Beige Espadrille - M,$254.79,56,Shoes/Footwear,Atelier Nord Studio,12/17/2025
AB-BOT-02500-XS,Beige Denim Short,$140.59,58,BOTTOM,Apparel Sol.,09/16/2023
AB-ACC-02501-S,Blush Statement Earrings - S,243.07,108,Accessories,ApparelSolns,05/01/2024
AB-DRE-02502-XL,Ivory Maxi Dress,140.22,56,Drss,Textile World Co,02/27/2026
AB-ACC-02503-XL,Blush Leather Tote,$49.27,130,Accs,Apparel Solutions,03/02/2024
AB-FOO-02504-M,Indigo Espadrille - M,24.98,125,Ftwr,Apparel Sol.,03/13/2025
AB-DRE-02505-M,Cognac Maxi Dress - M,200.97,138,Drss,FH Wholesale (old),11/04/2025
AB-ACC-02506-S,Camel Woven Belt,75.8,16,Accessories,FH Wholesale (old),12/24/2025
AB-ACC-02507-XS,Beige Wide-Brim Hat,293.74,123,Accs,FH Wholesale (old),01/12/2024
AB-TOP-02508-XXL,Cognac Turtleneck - XXL,195.41,68,TOPS,Apparel Solutions,08/07/2025
AB-OUT-02510-M,Blush Moto Jacket,56.14,44,Outr,Textile World,09/27/2024
AB-FOO-02511-L,Indigo Low-Top Sneaker,90.37,109,Shoes/Footwear,,01/17/2025
AB-ACC-02513-XS,Camel Twill Scarf,$247.92,45,Accs,Fashion Hub,11/11/2024
AB-OUT-02514-XS,Cognac Puffer Vest,190.88,33,9,Atelier Nord,06/20/2025
AB-OUT-02515-M,Camel Moto Jacket - M,$91.27,131,OUTER,Textile World,10/28/2024
AB-FOO-02516-S,Indigo Ballet Flat - S,301.85,120,SHOES,Textile World,12/26/2024
AB-TOP-02517-XL,Beige Tank Top,256.54,105,Tops,A. Nord,03/20/2025
AB-OUT-02518-S,Camel Wool Peacoat,$167.00,86,N/A,TW Co.,01/22/2025
AB-DRE-02520-M,Beige Shirt Dress,173.33,66,Dresses ,TW Co.,04/11/2025
AB-TOP-02521-L,Burgundy V-Neck Sweater,25.28,1,TOPS,ApparelSolns,01/14/2024
AB-TOP-02522-M,Camel Silk Blouse - M,181.75,59,Tops,,01/22/2024
AB-BOT-02523-XS,Tan Wide-Leg Trouser,279.93,11,bottoms,Apparel Solutions,03/19/2024
AB-TOP-02524-L,Blush Tank Top,$192.97,108,Tops,,03/26/2025
AB-ACC-02525-XS,Tan Leather Tote,$110.30,135,Accessory,Apparel Solutions,12/18/2024
AB-FOO-02526-XL,Indigo Heeled Mule,67.59,56,Footwear,Atelier Nord Studio,02/12/2025
AB-OUT-02527-XXL,Emerald Blazer - XXL,$239.44,43,OUTER,Apparel Sol.,08/31/2025
AB-TOP-02528-XL,Blush Silk Blouse - XL,274.36,58,TOPS,Textile World,07/12/2024
AB-TOP-02529-XXL,Ivory Turtleneck,238.72,48,Tops,Fashion Hub,10/31/2025
AB-TOP-02530-XL,Charcoal Silk Blouse,274.33,1,Tshirts/Tops,Textile World,05/16/2025
AB-DRE-02531-XS,White Slip Dress,223.38,23,MISC,A. Nord,03/13/2025
AB-BOT-02532-L,Camel Chino Pant,$78.64,109,Pants/Bottoms,,11/03/2024
AB-TOP-02533-L,Emerald Silk Blouse,$222.58,45,Tshirts/Tops,FH Wholesale (old),11/10/2025
AB-BOT-02534-L,Emerald Pleated Skirt,95.39,106,Bottoms,Apparel Sol.,12/28/2024
AB-ACC-02535-S,Emerald Woven Belt,$63.96,8,Accs,Atelier Nord,09/17/2024
AB-BOT-02536-XL,White Denim Short,$132.18,72,bottoms,Atelier Nord Studio,07/02/2025
AB-TOP-02537-XL,Black Cardigan,241.83,30,TOPS,Textile World Co,03/05/2025
AB-OUT-02538-L,White Trench Coat,$76.86,55,Outerwear,TW Co.,05/09/2025
AB-FOO-02540-XXL,Charcoal Loafer,$285.96,25,SHOES,Atelier Nord Studio,06/30/2025
AB-FOO-02540-XXL,Charcoal Loafe r,$285.96,25,SHOES,Atelier Nord Studio,06/30/2025
AB-OUT-02541-XL,Tan Wool Peacoat,222.25,60,OUTER,Fashion Hub,03/11/2025
AB-FOO-02542-S,Charcoal Low-Top Sneaker,$197.22,62,Shoes/Footwear,ApparelSolns,11/11/2025
AB-FOO-02543-M,Charcoal Loafer - M,94.4,31,SHOES,Apparel Solutions,12/09/2024
AB-ACC-02544-XXL,Emerald Statement Earrings,$84.50,100,Accs,Atelier Nord,04/06/2024
AB-BOT-02545-M,Beige Skinny Jean,$260.45,113,Bottoms,Apparel Solutions,03/08/2025
AB-ACC-02546-S,White Statement Earrings,$209.21,111,Accs,Atelier Nord Studio,08/27/2023
AB-BOT-02547-L,Ivory Denim Short - L,72.44,73,Bottoms,Fashion Hub Ltd,06/06/2024
AB-ACC-02548-XL,Emerald Wide-Brim Hat,233.02,54,Accessories,Atelier Nord,02/25/2025
AB-ACC-02549-XL,Ivory Woven Belt,$56.42,17,N/A,Textile World Co,04/05/2026
AB-ACC-02550-M,Ivory Twill Scarf,233.47,13,accessories,Atelier Nord Studio,05/25/2025
AB-BOT-02551-XS,Black Wide-Leg Trouser - XS,274.75,125,Btms,ApparelSolns,03/01/2025
AB-ACC-02552-XL,Cognac Crossbody Bag,129.25,48,Accs,Atelier Nord,07/14/2025
AB-ACC-02553-M,Burgundy Statement Earrings,$72.97,137,Accessories,Apparel Solutions,07/21/2024
AB-TOP-02554-XS,Charcoal Crewneck Tee - XS,291.44,60,Tshirts/Tops,ApparelSolns,11/18/2024
AB-ACC-02555-XL,Beige Twill Scarf,49.18,8,accessories,Apparel Sol.,07/05/2024
AB-ACC-02555-XL,Be ige Twill Scarf,49.18,8,accessories,Apparel Sol.,07/05/2024
AB-BOT-02556-XL,Burgundy Wide-Leg Trouser,$25.83,38,Pants/Bottoms,FH Wholesale (old),03/10/2025
AB-FOO-02557-XL,Burgundy Low-Top Sneaker - XL,211.95,9,Footwear,Apparel Sol.,03/31/2024
AB-BOT-02558-XXL,Camel Chino Pant - XXL,$35.72,50,N/A,,12/09/2023
AB-FOO-02559-XS,Emerald Heeled Mule,$227.18,127,Shoes/Footwear,TW Co.,12/24/2023
AB-BOT-02561-XXL,White Wide-Leg Trouser,133.24,35,Bottoms,Atelier Nord,09/24/2023
AB-BOT-02561-XXL,White  Wide-Leg Trouser,133.24,35,Bottoms,Atelier Nord,09/24/2023
AB-TOP-02562-XS,White V-Neck Sweater,130.73,36,TOPS,A. Nord,04/18/2024
AB-TOP-02563-XXL,Beige V-Neck Sweater,157.84,76,Tops,,07/18/2025
AB-TOP-02563-XXL,Be ige V-Neck Sweater,157.84,76,Tops,,07/18/2025
AB-ACC-02564-S,Emerald Wide-Brim Hat - S,$320.89,52,Accessories,Textile World Co,08/30/2023
AB-DRE-02565-L,Charcoal Slip Dress - L,$117.09,137,Dresses ,A. Nord,08/24/2023
AB-ACC-02566-XXL,Emerald Leather Tote,258.54,26,Accessory,ApparelSolns,12/20/2023
AB-DRE-02567-XS,White Midi Dress,24.88,116,Dresses,Apparel Solutions,05/25/2025
AB-FOO-02568-XS,Blush Low-Top Sneaker,315.56,38,SHOES,Apparel Solutions,03/30/2025
AB-DRE-02569-XS,Ivory Maxi Dress - XS,$229.97,93,dress,TW Co.,06/12/2024
AB-ACC-02571-M,Beige Wide-Brim Hat,231.53,127,Accessories,TW Co.,02/22/2026
AB-TOP-02572-L,Charcoal V-Neck Sweater,61.43,48,TOPS,Fashion Hub Ltd,10/05/2024
AB-DRE-02573-XL,Blush Slip Dress,135.11,21,Drss,,07/06/2024
AB-TOP-02574-XXL,White Button-Up Shirt,24.9,123,Tshirts/Tops,,11/16/2023
AB-OUT-02575-XL,Blush Moto Jacket,$163.88,115,Outerwear,Textile World Co,03/25/2024
AB-TOP-02576-XL,Beige Silk Blouse,151.63,21,top,FH Wholesale (old),10/17/2024
AB-OUT-02577-L,Black Puffer Vest,59.71,73,outerwear,TW Co.,04/07/2025
AB-ACC-02578-M,Blush Twill Scarf,336.26,48,Accessories,Apparel Sol.,11/08/2025
AB-ACC-02579-XS,Tan Statement Earrings,$221.60,78,accessories,Textile World,12/30/2023
AB-BOT-02580-XS,White Skinny Jean,321.46,103,Pants/Bottoms,Apparel Sol.,12/17/2024
AB-FOO-02581-M,Emerald Espadrille - M,287.75,78,Footwear,Atelier Nord,05/26/2025
AB-TOP-02582-XL,Emerald Tank Top,135.65,108,Tops,Apparel Solutions,02/24/2026
AB-BOT-02583-L,Camel Wide-Leg Trouser,$59.22,64,Bottoms,Fashion Hub Ltd,08/22/2024
AB-OUT-02584-XS,White Moto Jacket,236.55,127,Outr,Fashion Hub Ltd,09/13/2023
AB-TOP-02585-XXL,Black Turtleneck - XXL,$182.86,25,top,Atelier Nord,12/31/2024
AB-OUT-02586-L,White Wool Peacoat - L,145.82,10,OUTER,TW Co.,04/03/2025
AB-TOP-02587-XXL,Burgundy V-Neck Sweater,152.5,37,top,Apparel Sol.,04/06/2025
AB-TOP-02588-XXL,Blush V-Neck Sweater,155.86,50,TOPS,FH Wholesale (old),02/21/2025
AB-TOP-02589-XS,Emerald Cardigan - XS,34.59,64,Tshirts/Tops,Textile World Co,11/30/2024
AB-TOP-02590-M,Camel Crewneck Tee - M,170.22,51,TOPS,Apparel Solutions,03/13/2026
AB-OUT-02591-XXL,White Trench Coat,$22.94,106,Jackets/Outerwear,Textile World Co,11/21/2023
AB-DRE-02592-XXL,Cognac Slip Dress - XXL,$160.45,109,dress,Apparel Solutions,05/16/2025
AB-DRE-02593-S,Black Maxi Dress - S,178.51,85,DRESS,Fashion Hub Ltd,06/10/2024
AB-ACC-02594-L,Beige Leather Tote - L,268.64,112,Accs,Textile World,02/14/2024
AB-OUT-02595-S,Indigo Denim Jacket - S,125.72,16,Jackets/Outerwear,Fashion Hub Ltd,12/15/2024
AB-BOT-02596-XXL,Ivory Midi Skirt,$23.98,14,Btms,Atelier Nord Studio,02/16/2024
AB-OUT-02597-XS,Indigo Denim Jacket - XS,307.23,15,Jackets/Outerwear,Apparel Sol.,12/09/2025
AB-TOP-02598-L,Black V-Neck Sweater - L,215.87,31,Tops,Atelier Nord,06/02/2024
AB-TOP-02599-XXL,Burgundy Crewneck Tee - XXL,193.54,139,top,Apparel Solutions,07/22/2025
AB-FOO-02600-XL,Burgundy Ankle Boot,$183.24,80,SHOES,ApparelSolns,04/30/2024
AB-ACC-02601-M,White Statement Earrings,30.08,142,accessories,Textile World,06/20/2023
AB-FOO-02602-XL,Tan Ballet Flat - XL,297.07,116,SHOES,,03/06/2026
AB-FOO-02603-XXL,Emerald Loafer - XXL,$216.26,46,Shoes/Footwear,Textile World Co,12/21/2024
AB-FOO-02604-XS,Tan Heeled Mule,$144.22,74,Footwear,A. Nord,01/28/2024
AB-OUT-02605-S,White Denim Jacket,152.78,6,Outr,TW Co.,10/08/2024
AB-OUT-02606-S,Camel Puffer Vest - S,283.62,82,Jackets/Outerwear,Textile World Co,01/21/2025
AB-BOT-02607-XXL,Burgundy Wide-Leg Trouser - XXL,198.17,29,Pants/Bottoms,Apparel Sol.,05/24/2025
AB-OUT-02608-XXL,White Moto Jacket - XXL,$67.92,110,outerwear,Apparel Sol.,04/02/2026
AB-ACC-02609-S,Black Leather Tote,32.62,117,Accs,A. Nord,02/16/2026
AB-FOO-02610-XS,White Low-Top Sneaker - XS,$35.92,53,footwear,Atelier Nord,03/19/2025
AB-ACC-02611-XXL,Black Statement Earrings - XXL,49.11,139,Accessory,Apparel Sol.,08/02/2025
AB-TOP-02612-XXL,Blush Turtleneck,$284.33,30,TOPS,Atelier Nord Studio,01/24/2024
AB-OUT-02613-XL,Burgundy Moto Jacket - XL,$300.09,130,Outerwear,Apparel Solutions,09/20/2023
AB-TOP-02614-M,Camel Cardigan,58.53,30,top,Textile World,10/27/2024
AB-DRE-02615-XXL,Cognac Slip Dress,196.81,112,Dresses,TW Co.,05/26/2025
AB-DRE-02616-XL,Black Maxi Dress,40.11,6,Drss,,07/14/2024
AB-FOO-02617-L,Indigo Ankle Boot,161.95,12,Shoes/Footwear,Apparel Solutions,09/30/2025
AB-BOT-02618-L,Charcoal Midi Skirt,110.55,103,Pants/Bottoms,Fashion Hub,12/06/2023
AB-ACC-02619-S,White Statement Earrings,225.73,69,Accessory,Atelier Nord Studio,12/04/2025
AB-ACC-02619-S,White  Statement Earrings,225.73,69,Accessory,Atelier Nord Studio,12/04/2025
AB-BOT-02620-L,Tan Denim Short,148.89,87,BOTTOM,TW Co.,01/28/2025
AB-ACC-02621-XXL,Tan Crossbody Bag,101.49,90,Accessories,Fashion Hub Ltd,03/12/2024
AB-ACC-02622-XS,Camel Twill Scarf,54.57,109,ACC,Atelier Nord Studio,06/27/2023
AB-OUT-02623-S,Tan Puffer Vest,$173.14,66,OUTER,Textile World,05/08/2024
AB-ACC-02624-XS,Blush Crossbody Bag - XS,$184.05,86,Accs,A. Nord,06/29/2024
AB-ACC-02624-XS,Blush Crossbody Bag - XS ,$184.05,86,Accs,A. Nord,06/29/2024
AB-DRE-02625-XL,Black Shirt Dress - XL,$234.63,72,Drss,A. Nord,04/17/2026
AB-FOO-02626-XL,Indigo Heeled Mule - XL,$234.87,94,Ftwr,Textile World,11/15/2023
AB-DRE-02627-M,Cognac Maxi Dress,37.82,2,dress,Textile World,11/14/2023
AB-FOO-02628-L,White Ballet Flat,66.87,91,Shoes/Footwear,TW Co.,02/06/2025
AB-BOT-02629-L,Tan Midi Skirt,188.22,42,Pants/Bottoms,Apparel Sol.,11/25/2023
AB-FOO-02630-M,Charcoal Loafer,$182.29,128,footwear,Atelier Nord Studio,01/21/2024
AB-FOO-02631-S,Indigo Ankle Boot - S,$144.49,38,footwear,Apparel Sol.,02/07/2026
AB-FOO-02632-XL,Beige Heeled Mule,$139.48,16,Footwear,Fashion Hub Ltd,08/27/2023
AB-DRE-02633-XS,Charcoal Wrap Dress - XS,130.68,41,dress,Textile World,04/01/2026
AB-BOT-02634-XS,Indigo Linen Pant - XS,78.2,104,Bottoms,Textile World,10/24/2023
AB-DRE-02635-XS,Charcoal Midi Dress,$106.20,130,DRESS,Apparel Sol.,03/20/2024
AB-OUT-02636-XS,Burgundy Wool Peacoat,135.11,71,outerwear,TW Co.,09/27/2025
AB-DRE-02637-M,Ivory Maxi Dress - M,207.21,105,Drss,Fashion Hub Ltd,11/06/2024
AB-ACC-02638-XXL,Charcoal Twill Scarf,91.63,106,ACC,Apparel Sol.,08/13/2024
AB-TOP-02639-L,Burgundy Henley,265.57,21,Tshirts/Tops,FH Wholesale (old),08/24/2025
AB-DRE-02640-XL,Cognac Slip Dress,$182.59,-3,dress,Fashion Hub Ltd,11/29/2025
AB-OUT-02641-S,Cognac Denim Jacket,107.98,113,N/A,,06/23/2024
AB-OUT-02642-S,White Puffer Vest,$201.52,100,Jackets/Outerwear,Apparel Solutions,05/10/2025
AB-OUT-02643-L,Cognac Wool Peacoat,241.28,99,outerwear,,05/10/2025
AB-FOO-02644-M,Emerald Loafer,185.07,27,Ftwr,Atelier Nord,07/18/2024
AB-DRE-02645-M,Camel Slip Dress,$49.37,45,dress,FH Wholesale (old),05/17/2025
AB-FOO-02646-XS,Ivory Espadrille,$293.08,63,Shoes/Footwear,A. Nord,11/09/2025
AB-OUT-02647-M,Black Blazer,36.72,20,Outerwear,FH Wholesale (old),01/09/2025
AB-ACC-02648-S,Black Statement Earrings,$77.62,80,Accs,A. Nord,06/25/2024
AB-OUT-02649-S,Tan Blazer - S,$165.25,66,outerwear,Fashion Hub,09/14/2024
AB-DRE-02650-L,Black Slip Dress,20.67,6,Dresses ,A. Nord,01/17/2025
AB-ACC-02651-M,Beige Statement Earrings - M,$107.75,60,Accs,TW Co.,06/21/2024
AB-TOP-02652-L,Indigo Button-Up Shirt - L,242.83,117,MISC,ApparelSolns,12/24/2024
AB-OUT-02653-M,Black Denim Jacket,88.81,10,Outerwear,A. Nord,03/18/2026
AB-DRE-02654-M,Indigo Shift Dress,236.83,87,DRESS,Atelier Nord,07/02/2025
AB-TOP-02655-M,Camel Henley - M,72.88,129,MISC,Textile World Co,01/01/2026
AB-OUT-02657-XXL,Ivory Denim Jacket,256.9,86,outerwear,Textile World,07/27/2025
AB-DRE-02658-L,White Wrap Dress,199.12,88,Dresses,ApparelSolns,02/06/2024
AB-TOP-02659-XXL,Burgundy Crewneck Tee,$65.48,47,Tshirts/Tops,A. Nord,10/26/2023
AB-BOT-02660-S,Camel Wide-Leg Trouser,158.94,122,BOTTOM,A. Nord,07/01/2025
AB-ACC-02661-L,Camel Crossbody Bag - L,255.33,17,accessories,TW Co.,07/24/2024
AB-TOP-02662-S,White V-Neck Sweater - S,$238.17,25,TOPS,Apparel Sol.,02/19/2024
AB-DRE-02663-XL,Camel Slip Dress,$325.62,-3,Dresses,Atelier Nord Studio,12/03/2025
AB-FOO-02664-L,White Ankle Boot,165.35,126,SHOES,A. Nord,05/03/2025
AB-BOT-02665-S,White Wide-Leg Trouser - S,162.87,3,Pants/Bottoms,ApparelSolns,12/11/2025
AB-DRE-02666-XXL,Ivory Maxi Dress,254.09,42,Drss,Atelier Nord,05/13/2025
AB-OUT-02667-XXL,Ivory Moto Jacket - XXL,299.77,5,OUTER,FH Wholesale (old),02/24/2024
AB-FOO-02668-XXL,Charcoal Ballet Flat,123.07,97,Shoes/Footwear,A. Nord,05/20/2024
AB-FOO-02668-XXL,Charcoal Balle t Flat,123.07,97,Shoes/Footwear,A. Nord,05/20/2024
AB-ACC-02669-L,Burgundy Wide-Brim Hat - L,$171.28,74,Accessories,FH Wholesale (old),03/18/2026
AB-ACC-02670-M,Blush Leather Tote - M,112.3,31,Accs,,07/22/2025
AB-FOO-02671-XL,Charcoal Espadrille - XL,$290.84,92,MISC,ApparelSolns,11/08/2025
AB-DRE-02672-XXL,Black Wrap Dress - XXL,94.85,95,Drss,Atelier Nord Studio,03/04/2024
AB-ACC-02673-XXL,Blush Crossbody Bag,282.29,19,Accessory,Textile World,03/11/2024
AB-BOT-02674-XXL,Ivory Wide-Leg Trouser - XXL,$103.38,135,Bottoms,A. Nord,01/30/2025
AB-ACC-02675-XXL,Emerald Statement Earrings,$160.56,101,Accessory,FH Wholesale (old),10/03/2025
AB-BOT-02676-M,Tan Wide-Leg Trouser,$174.47,-1,Pants/Bottoms,TW Co.,06/01/2024
AB-FOO-02677-XXL,Indigo Loafer,266.54,121,Shoes/Footwear,Textile World,12/04/2024
AB-ACC-02678-XL,Tan Twill Scarf,270.38,17,Accessories,Fashion Hub,08/05/2025
AB-OUT-02679-M,Black Trench Coat - M,233.79,49,Outerwear,ApparelSolns,06/30/2023
AB-OUT-02680-M,Charcoal Puffer Vest,102.28,58,OUTER,Textile World,12/02/2024
AB-BOT-02681-XS,Black Pleated Skirt - XS,$171.88,109,Pants/Bottoms,Fashion Hub,01/28/2025
AB-OUT-02682-XL,Camel Puffer Vest,$276.20,88,OUTER,Fashion Hub,02/01/2024
AB-DRE-02683-XXL,Camel Shift Dress,104.08,109,Dresses,Apparel Sol.,08/30/2023
AB-FOO-02684-M,Cognac Low-Top Sneaker,164.36,55,Footwear,,11/15/2024
AB-ACC-02685-XS,White Wide-Brim Hat,$92.36,17,ACC,ApparelSolns,12/26/2023
AB-FOO-02686-XL,Cognac Heeled Mule - XL,279.76,98,N/A,ApparelSolns,12/22/2025
AB-DRE-02688-XXL,Beige Maxi Dress,271.09,26,dress,Textile World,05/05/2024
AB-OUT-02689-M,Ivory Blazer,$85.51,22,Outr,Atelier Nord,03/24/2026
AB-ACC-02690-XXL,Cognac Wide-Brim Hat - XXL,234.92,44,ACC,A. Nord,04/01/2024
AB-BOT-02691-XXL,Cognac Wide-Leg Trouser,$209.91,35,Btms,Textile World,02/02/2025
AB-BOT-02692-XS,Beige Wide-Leg Trouser,$304.38,153,Pants/Bottoms,Textile World,10/12/2024
AB-TOP-02693-XL,Ivory Cardigan - XL,$304.57,132,TOPS,Textile World,03/04/2026
AB-FOO-02694-XL,Burgundy Ankle Boot,$69.33,33,footwear,TW Co.,01/26/2024
AB-TOP-02695-S,Ivory Crewneck Tee,$292.16,4,TOP,TW Co.,11/14/2023
AB-ACC-02696-L,Indigo Wide-Brim Hat,134.18,9,ACC,A. Nord,12/26/2023
AB-FOO-02697-XXL,Beige Espadrille,235.52,31,MISC,A. Nord,06/16/2023
AB-FOO-02698-S,Camel Ankle Boot,$125.29,37,footwear,Apparel Solutions,09/29/2024
AB-TOP-02699-M,Cognac Turtleneck - M,$189.37,13,Tops,Apparel Sol.,01/25/2025
AB-FOO-02700-M,Emerald Ankle Boot,256.28,149,Footwear,Atelier Nord,04/17/2025
AB-BOT-02701-M,Blush Wide-Leg Trouser - M,$269.92,94,bottoms,A. Nord,01/03/2026
AB-ACC-02702-XS,Black Twill Scarf,$243.94,4,ACC,Textile World,09/14/2024
AB-OUT-02703-M,Black Trench Coat,$316.99,92,Jackets/Outerwear,Apparel Solutions,09/14/2024
AB-TOP-02704-XXL,Black Tank Top,141.92,99,TOP,Fashion Hub,10/12/2024
AB-DRE-02705-XS,White Wrap Dress,$292.00,76,Dresses,A. Nord,01/08/2026
AB-TOP-02706-S,Burgundy V-Neck Sweater,17.97,124,Tshirts/Tops,ApparelSolns,05/18/2025
AB-DRE-02707-XL,Indigo Wrap Dress,$243.41,120,Dresses,Apparel Sol.,07/20/2023
AB-TOP-02710-L,Cognac Turtleneck - L,157.69,124,top,Fashion Hub,11/15/2025
AB-FOO-02711-XS,Blush Ankle Boot,237.8,109,Footwear,Apparel Sol.,01/18/2024
AB-DRE-02712-XL,White Maxi Dress,289.48,5,Dresses ,Atelier Nord Studio,10/01/2025
AB-FOO-02713-XS,Ivory Low-Top Sneaker,$59.39,91,footwear,FH Wholesale (old),02/26/2025
AB-ACC-02714-XL,Beige Wide-Brim Hat,131.06,69,ACC,Textile World Co,08/04/2023
AB-FOO-02715-M,Beige Ankle Boot,308.23,118,footwear,TW Co.,07/26/2024
AB-DRE-02716-XS,Blush Slip Dress,170.0,74,Drss,A. Nord,07/22/2025
AB-TOP-02717-M,Emerald Silk Blouse - M,219.84,12,TOP,Atelier Nord,12/18/2023
AB-FOO-02718-XL,Tan Espadrille - XL,$96.90,103,footwear,,03/19/2024
AB-OUT-02719-S,Ivory Wool Peacoat - S,$177.96,122,Jackets/Outerwear,Textile World,06/12/2024
AB-OUT-02719-S,Ivory Wool Pe acoat - S,$177.96,122,Jackets/Outerwear,Textile World,06/12/2024
AB-FOO-02720-L,White Loafer,$253.25,67,Footwear,Fashion Hub,05/28/2025
AB-ACC-02721-S,Camel Woven Belt,280.24,88,Accs,FH Wholesale (old),07/02/2025
AB-DRE-02722-XS,Emerald Shift Dress - XS,149.48,127,dress,Apparel Solutions,11/12/2023
AB-TOP-02723-M,Ivory Silk Blouse,268.41,17,N/A,,11/14/2025
AB-TOP-02727-XL,Emerald V-Neck Sweater - XL,69.04,67,TOP,Textile World,08/27/2025
AB-OUT-02728-S,White Trench Coat - S,$35.90,146,MISC,A. Nord,02/26/2026
AB-DRE-02729-XS,Emerald Wrap Dress,$260.58,15,dress,FH Wholesale (old),02/14/2024
AB-TOP-02730-XL,Black Tank Top - XL,271.59,37,TOPS,TW Co.,10/11/2025
AB-ACC-02731-S,Blush Twill Scarf,44.9,17,accessories,A. Nord,08/11/2025
AB-DRE-02732-XS,Emerald Midi Dress,75.03,-3,Dresses,TW Co.,09/17/2024
AB-TOP-02733-M,Beige Cardigan,18.62,123,Tshirts/Tops,Fashion Hub,03/26/2024
AB-ACC-02734-XL,White Statement Earrings,187.22,82,accessories,Apparel Solutions,10/07/2025
AB-DRE-02735-S,Tan Midi Dress - S,$138.00,39,Drss,A. Nord,04/23/2026
AB-OUT-02736-XL,Ivory Wool Peacoat,101.73,111,Jackets/Outerwear,Apparel Sol.,11/07/2025
AB-TOP-02737-XS,Burgundy Cardigan,313.77,51,Tshirts/Tops,Textile World Co,11/07/2025
AB-DRE-02738-S,White Slip Dress,29.18,85,Drss,Fashion Hub Ltd,10/13/2023
AB-BOT-02739-XXL,Cognac Pleated Skirt,82.26,35,Pants/Bottoms,Atelier Nord,11/26/2023
AB-OUT-02740-XXL,Charcoal Wool Peacoat - XXL,$146.50,134,Jackets/Outerwear,Apparel Solutions,07/19/2025
AB-BOT-02741-L,Ivory Pleated Skirt,$143.83,63,N/A,FH Wholesale (old),03/19/2025
AB-OUT-02742-L,Burgundy Moto Jacket,76.4,140,Outr,Atelier Nord,06/08/2024
AB-ACC-02743-XL,Camel Woven Belt,189.3,45,Accessory,Textile World,06/10/2024
AB-BOT-02744-M,Tan Chino Pant,297.75,138,MISC,A. Nord,07/31/2023
AB-DRE-02745-L,Black Shift Dress,260.37,12,dress,A. Nord,12/21/2024
AB-DRE-02746-M,Beige Maxi Dress,44.38,110,DRESS,Apparel Sol.,01/16/2024
AB-BOT-02747-XXL,Ivory Denim Short,198.05,138,Pants/Bottoms,Fashion Hub,06/30/2024
AB-BOT-02747-XXL,Ivory De nim Short,198.05,138,Pants/Bottoms,Fashion Hub,06/30/2024
AB-DRE-02748-L,Black Wrap Dress,$251.28,26,dress,ApparelSolns,02/22/2024
AB-TOP-02749-L,White V-Neck Sweater,$43.10,4,top,Atelier Nord,05/17/2024
AB-DRE-02750-L,Burgundy Shift Dress,34.3,45,Dresses,Atelier Nord Studio,04/19/2024
AB-ACC-02751-XXL,Indigo Twill Scarf,313.57,74,Accessories,ApparelSolns,11/22/2025
AB-DRE-02752-XXL,White Shirt Dress,319.16,21,Dresses ,Textile World Co,05/07/2025
AB-BOT-02753-M,Emerald Wide-Leg Trouser,272.21,15,bottoms,Apparel Solutions,06/10/2023
AB-BOT-02754-XXL,Indigo Midi Skirt,41.84,28,Btms,Fashion Hub Ltd,11/22/2024
AB-ACC-02756-XS,Blush Wide-Brim Hat - XS,$102.63,126,Accs,Atelier Nord,04/07/2024
AB-OUT-02757-S,Charcoal Blazer,206.21,12,Jackets/Outerwear,Atelier Nord Studio,12/21/2024
AB-ACC-02758-XXL,Beige Statement Earrings,$202.82,59,accessories,Apparel Solutions,09/28/2025
AB-TOP-02759-L,Black Crewneck Tee,$307.18,55,Tshirts/Tops,ApparelSolns,06/18/2024
AB-ACC-02760-XXL,Charcoal Twill Scarf - XXL,$19.04,89,ACC,Fashion Hub Ltd,12/31/2023
AB-TOP-02761-XS,Indigo Turtleneck - XS,39.15,138,TOPS,,05/28/2024
AB-ACC-02762-S,White Wide-Brim Hat,$293.96,44,Accs,Apparel Solutions,06/29/2025
AB-DRE-02763-M,Charcoal Shift Dress - M,67.35,107,Drss,Apparel Solutions,12/18/2024
AB-TOP-02764-L,Black Crewneck Tee - L,187.57,3,TOP,Atelier Nord Studio,03/09/2025
AB-TOP-02765-L,Beige Cardigan,35.06,99,Tops,Fashion Hub,07/08/2025
AB-OUT-02766-XS,Camel Denim Jacket - XS,$319.15,128,OUTER,Textile World,07/28/2024
AB-FOO-02768-S,Blush Espadrille,19.18,111,Shoes/Footwear,FH Wholesale (old),11/22/2024
AB-OUT-02769-M,Blush Trench Coat,$78.52,89,OUTER,Fashion Hub,09/03/2025
AB-TOP-02770-S,Emerald V-Neck Sweater,$112.36,33,TOPS,Atelier Nord,11/12/2024
AB-BOT-02771-L,White Pleated Skirt,$69.47,19,Pants/Bottoms,Apparel Solutions,08/10/2025
AB-BOT-02772-XXL,Beige Linen Pant,$84.74,56,BOTTOM,TW Co.,05/12/2024
AB-DRE-02773-XS,White Wrap Dress,194.89,107,DRESS,Fashion Hub,04/09/2026
AB-ACC-02774-S,Blush Twill Scarf,215.09,128,Accs,Fashion Hub,01/05/2025
AB-OUT-02775-S,Camel Puffer Vest,$63.99,29,Jackets/Outerwear,Fashion Hub Ltd,12/24/2023
AB-OUT-02776-S,Emerald Denim Jacket,202.09,1,Outr,Textile World Co,08/09/2024
AB-ACC-02777-M,Emerald Woven Belt - M,$115.75,47,Accessory,Atelier Nord,03/15/2024
AB-BOT-02778-XL,Burgundy Denim Short,110.08,101,Btms,Atelier Nord Studio,11/30/2023
AB-BOT-02779-L,Charcoal Midi Skirt,277.61,42,Bottoms,Textile World,10/01/2024
AB-ACC-02781-XS,Ivory Wide-Brim Hat - XS,$52.26,88,Accs,Atelier Nord Studio,02/12/2026
AB-BOT-02782-XL,Burgundy Wide-Leg Trouser - XL,66.65,110,bottoms,Fashion Hub,05/26/2025
AB-BOT-02783-XL,Tan Skinny Jean - XL,37.82,134,Btms,TW Co.,11/13/2025
AB-TOP-02784-XS,Burgundy Henley - XS,183.13,111,TOP,Apparel Sol.,08/31/2023
AB-TOP-02785-XL,Charcoal Cardigan,119.26,140,top,Apparel Solutions,08/26/2023
AB-ACC-02786-XL,Blush Wide-Brim Hat - XL,$222.50,120,accessories,A. Nord,02/23/2024
AB-ACC-02787-L,White Statement Earrings - L,$217.08,78,ACC,Fashion Hub Ltd,04/22/2024
AB-OUT-02788-XL,Burgundy Puffer Vest,$38.45,96,outerwear,Textile World,09/14/2025
AB-BOT-02789-L,Beige Denim Short - L,272.44,70,Bottoms,Textile World,06/20/2024
AB-DRE-02790-XS,Tan Wrap Dress,$73.62,122,DRESS,,04/28/2024
AB-TOP-02791-XL,Ivory Crewneck Tee,$188.07,146,TOP,TW Co.,04/24/2024
AB-ACC-02792-XXL,Ivory Leather Tote,35.55,22,Accs,Textile World Co,06/13/2024
AB-DRE-02793-XXL,Camel Maxi Dress,$240.49,134,Dresses,Textile World Co,12/29/2025
AB-TOP-02794-M,Indigo V-Neck Sweater,233.88,29,Tshirts/Tops,Textile World Co,01/11/2026
AB-ACC-02795-S,Black Statement Earrings - S,$212.74,12,Accessories,Fashion Hub,08/02/2024
AB-ACC-02796-S,Ivory Statement Earrings,53.84,112,ACC,Textile World,12/15/2024
AB-DRE-02797-XS,Burgundy Midi Dress,123.04,49,DRESS,Textile World,10/17/2023
AB-BOT-02798-L,White Denim Short,286.34,119,Pants/Bottoms,Apparel Solutions,03/12/2024
AB-OUT-02799-XXL,Black Trench Coat - XXL,$125.52,63,Jackets/Outerwear,Fashion Hub,03/20/2026
AB-OUT-02800-M,Emerald Denim Jacket,305.54,24,Jackets/Outerwear,,06/22/2025
AB-FOO-02801-XS,Ivory Low-Top Sneaker - XS,224.84,20,Ftwr,Fashion Hub Ltd,09/02/2024
AB-ACC-02802-XS,Burgundy Statement Earrings,104.9,10,ACC,Atelier Nord Studio,05/23/2026
AB-BOT-02803-XL,Burgundy Denim Short - XL,$54.04,4,bottoms,Textile World Co,02/19/2024
AB-BOT-02804-XL,Burgundy Midi Skirt,36.61,99,Bottoms,,10/08/2024
AB-BOT-02805-XS,Beige Wide-Leg Trouser - XS,$325.49,95,Btms,Textile World Co,11/30/2024
AB-TOP-02806-L,Blush Crewneck Tee,$342.10,98,top,ApparelSolns,02/02/2026
AB-OUT-02807-L,Black Denim Jacket,249.04,39,Outerwear,TW Co.,09/06/2023
AB-FOO-02808-M,Indigo Loafer,$36.31,73,SHOES,Apparel Sol.,09/05/2025
AB-DRE-02809-XS,Tan Shift Dress,307.97,100,DRESS,A. Nord,01/14/2024
AB-DRE-02811-L,Beige Shirt Dress,149.81,40,dress,Textile World Co,11/19/2025
AB-BOT-02812-L,Ivory Chino Pant,$40.18,37,Pants/Bottoms,FH Wholesale (old),08/24/2024
AB-BOT-02813-XXL,Indigo Midi Skirt,$295.58,87,Btms,Textile World Co,09/25/2025
AB-FOO-02814-M,Blush Espadrille - M,51.31,122,Ftwr,TW Co.,05/10/2026
AB-FOO-02815-XL,Black Espadrille,$292.85,40,Shoes/Footwear,A. Nord,12/04/2025
AB-FOO-02816-XXL,Ivory Heeled Mule,229.14,23,footwear,Textile World Co,06/24/2025
AB-FOO-02817-L,Tan Loafer,$86.44,86,footwear,Apparel Solutions,02/08/2026
AB-FOO-02817-L,Tan Loafe r,$86.44,86,footwear,Apparel Solutions,02/08/2026
AB-BOT-02818-M,Burgundy Wide-Leg Trouser,$300.85,61,Btms,A. Nord,08/09/2024
AB-ACC-02819-XL,Blush Twill Scarf,84.63,66,ACC,TW Co.,05/18/2024
AB-TOP-02820-XS,White Turtleneck,$286.39,135,TOP,,04/07/2025
AB-OUT-02821-XXL,Blush Moto Jacket,131.41,119,Outerwear,ApparelSolns,12/23/2025
AB-ACC-02822-XL,Burgundy Crossbody Bag - XL,167.37,128,Accessories,Apparel Sol.,11/17/2024
AB-ACC-02822-XL,Burgundy Crossbody Bag - XL ,167.37,128,Accessories,Apparel Sol.,11/17/2024
AB-FOO-02823-M,Burgundy Espadrille,305.34,92,Ftwr,ApparelSolns,06/04/2024
AB-TOP-02825-M,Charcoal Cardigan,42.23,87,TOP,Textile World,03/06/2024
AB-DRE-02826-XXL,Cognac Wrap Dress - XXL,$196.10,68,Dresses,Fashion Hub Ltd,11/11/2024
AB-TOP-02827-L,Ivory Tank Top,110.07,95,TOPS,Textile World Co,02/17/2025
AB-OUT-02828-L,Camel Denim Jacket,$50.26,61,Outr,TW Co.,06/09/2023
AB-OUT-02829-S,Ivory Wool Peacoat,$244.58,24,OUTER,Apparel Solutions,02/10/2024
AB-BOT-02830-M,White Chino Pant - M,318.28,73,MISC,Fashion Hub,09/19/2025
AB-FOO-02831-S,Charcoal Loafer,295.66,15,Footwear,Textile World,03/27/2024
AB-DRE-02832-XXL,Charcoal Shift Dress,$158.73,105,,Fashion Hub,01/31/2024
AB-ACC-02833-XS,Charcoal Crossbody Bag,$26.12,31,ACC,Fashion Hub Ltd,10/21/2024
AB-FOO-02834-S,Ivory Ballet Flat,$38.82,140,SHOES,Fashion Hub Ltd,03/12/2025
AB-TOP-02835-S,Blush Button-Up Shirt,122.19,71,Tshirts/Tops,,09/17/2025
AB-BOT-02836-L,Cognac Chino Pant - L,$98.07,127,bottoms,Apparel Solutions,12/03/2023
AB-TOP-02837-XXL,Charcoal Henley - XXL,$262.73,6,TOPS,Textile World Co,05/20/2025
AB-BOT-02840-XS,Black Chino Pant,$275.32,19,Pants/Bottoms,Apparel Solutions,10/27/2025
AB-DRE-02842-XL,Tan Shift Dress,29.17,38,DRESS,Fashion Hub,10/02/2024
AB-ACC-02843-S,Burgundy Leather Tote,113.74,81,Accessories,FH Wholesale (old),03/25/2025
AB-ACC-02844-L,White Leather Tote - L,200.28,70,ACC,FH Wholesale (old),04/28/2025
AB-BOT-02846-L,Charcoal Skinny Jean - L,121.51,39,BOTTOM,Apparel Sol.,05/24/2025
AB-OUT-02847-XS,Burgundy Trench Coat - XS,198.2,124,Jackets/Outerwear,Textile World Co,11/27/2025
AB-BOT-02848-XXL,Ivory Pleated Skirt - XXL,297.31,90,Pants/Bottoms,Apparel Sol.,12/30/2025
AB-ACC-02849-S,Charcoal Statement Earrings,$65.50,121,Accessories,Textile World,03/13/2024
AB-ACC-02850-XL,Charcoal Wide-Brim Hat,$18.68,93,Accs,TW Co.,11/26/2025
AB-OUT-02851-S,Burgundy Blazer,$79.40,45,MISC,Apparel Sol.,11/19/2024
AB-OUT-02852-M,Cognac Moto Jacket,164.04,23,Outr,Fashion Hub,08/05/2023
AB-FOO-02853-XL,Black Heeled Mule,136.17,127,SHOES,Textile World,01/04/2026
AB-TOP-02854-L,Charcoal Silk Blouse,$49.33,125,top,Fashion Hub Ltd,03/12/2024
AB-BOT-02855-M,White Chino Pant,283.1,39,BOTTOM,TW Co.,07/20/2025
AB-TOP-02856-XXL,Tan Henley - XXL,317.39,67,Tshirts/Tops,Atelier Nord,06/06/2025
AB-DRE-02857-S,Emerald Maxi Dress,152.7,67,,Apparel Sol.,11/28/2023
AB-BOT-02858-XXL,Charcoal Wide-Leg Trouser - XXL,57.3,41,bottoms,TW Co.,12/26/2025
AB-FOO-02860-XL,Burgundy Espadrille,234.26,57,footwear,Textile World,03/20/2024
AB-ACC-02861-XS,Indigo Woven Belt - XS,77.48,89,ACC,A. Nord,05/18/2024
AB-DRE-02862-L,Black Shirt Dress,$267.87,122,Dresses,TW Co.,11/13/2025
AB-BOT-02863-XS,Tan Skinny Jean - XS,$95.60,125,bottoms,Fashion Hub Ltd,10/09/2024
AB-TOP-02864-L,Black Turtleneck,$87.42,90,Tops,Apparel Sol.,01/22/2026
AB-TOP-02865-XS,Ivory Tank Top,86.92,92,top,Fashion Hub,04/02/2024
AB-TOP-02865-XS,Ivory Tank Top ,86.92,92,top,Fashion Hub,04/02/2024
AB-OUT-02866-XL,Black Blazer,$227.23,58,outerwear,ApparelSolns,03/09/2025
AB-ACC-02867-M,Tan Crossbody Bag - M,36.46,65,ACC,A. Nord,11/18/2025
AB-OUT-02868-M,Blush Moto Jacket - M,185.37,44,Jackets/Outerwear,,02/26/2025
AB-ACC-02869-XS,Blush Twill Scarf,306.98,68,accessories,Atelier Nord Studio,10/20/2023
AB-TOP-02870-L,Blush Tank Top,22.62,23,Tops,Apparel Sol.,05/27/2025
AB-ACC-02871-S,Beige Crossbody Bag,151.93,127,Accessories,Apparel Sol.,11/25/2024
AB-BOT-02872-XS,Emerald Skinny Jean,$24.36,30,Pants/Bottoms,Textile World,02/16/2025
AB-BOT-02873-XS,Black Linen Pant,47.05,22,Bottoms,Atelier Nord Studio,03/28/2024
AB-DRE-02874-XL,Charcoal Wrap Dress,244.3,110,Drss,Textile World,03/21/2025
AB-OUT-02875-XL,Cognac Denim Jacket,$139.97,125,OUTER,Atelier Nord,09/17/2024
AB-BOT-02876-L,Ivory Skinny Jean,299.89,59,BOTTOM,A. Nord,01/04/2024
AB-FOO-02877-L,Ivory Low-Top Sneaker,$231.80,7,Shoes/Footwear,Atelier Nord Studio,09/29/2024
AB-DRE-02878-XL,Beige Shirt Dress,200.51,107,Drss,A. Nord,09/10/2024
AB-BOT-02879-S,Tan Midi Skirt,$78.65,8,bottoms,Apparel Sol.,08/12/2025
AB-OUT-02880-S,Camel Wool Peacoat - S,$305.52,85,Jackets/Outerwear,FH Wholesale (old),02/14/2024
AB-BOT-02881-XS,Ivory Skinny Jean,53.63,17,bottoms,Textile World Co,09/08/2024
AB-TOP-02882-L,Emerald Tank Top,328.43,116,TOP,Apparel Solutions,12/18/2025
AB-DRE-02883-XXL,Black Maxi Dress,16.6,107,DRESS,Fashion Hub,03/31/2025
AB-OUT-02884-M,Camel Denim Jacket,$170.38,76,Jackets/Outerwear,Atelier Nord Studio,04/15/2025
AB-OUT-02885-M,Emerald Puffer Vest - M,$145.42,51,Outerwear,Fashion Hub,11/10/2024
AB-OUT-02885-M,Eme rald Puffer Vest - M,$145.42,51,Outerwear,Fashion Hub,11/10/2024
AB-DRE-02886-XS,Burgundy Maxi Dress,$286.86,18,MISC,Apparel Solutions,06/14/2023
AB-OUT-02887-M,Blush Trench Coat,154.59,9,Outerwear,TW Co.,08/10/2025
AB-ACC-02888-XL,Camel Crossbody Bag,$206.38,119,ACC,Atelier Nord Studio,08/02/2024
AB-TOP-02889-XL,Tan V-Neck Sweater,$59.48,97,Tshirts/Tops,ApparelSolns,04/20/2024
AB-DRE-02891-S,White Shift Dress,157.73,52,Dresses ,Textile World,10/15/2024
AB-DRE-02892-M,White Midi Dress - M,$295.16,85,dress,ApparelSolns,09/01/2025
AB-OUT-02893-L,Camel Wool Peacoat - L,86.42,84,Outr,A. Nord,01/23/2026
AB-DRE-02894-S,Burgundy Shift Dress,$227.35,18,Dresses,ApparelSolns,12/25/2025
AB-DRE-02895-L,White Slip Dress,$245.62,62,Drss,Textile World Co,03/15/2026
AB-ACC-02896-XL,Camel Woven Belt,109.61,69,Accessories,A. Nord,02/20/2026
AB-ACC-02896-XL,Came l Woven Belt,109.61,69,Accessories,A. Nord,02/20/2026
AB-OUT-02897-XL,Black Wool Peacoat,$61.95,12,Jackets/Outerwear,TW Co.,08/22/2025
AB-DRE-02898-S,Indigo Slip Dress,230.63,55,dress,Atelier Nord,07/12/2025
AB-ACC-02899-XL,Tan Wide-Brim Hat - XL,52.5,40,Accessories,Apparel Solutions,01/05/2024
AB-TOP-02900-XS,Ivory Henley,$51.96,122,top,Textile World Co,07/20/2025
AB-DRE-02902-S,Beige Maxi Dress,28.15,8,Dresses,TW Co.,07/14/2023
AB-DRE-02903-L,Beige Shift Dress,$140.09,16,Drss,Apparel Solutions,03/20/2024
AB-DRE-02903-L,Be ige Shift Dress,$140.09,16,Drss,Apparel Solutions,03/20/2024
AB-ACC-02904-XL,Charcoal Wide-Brim Hat,290.18,36,accessories,Fashion Hub,07/07/2025
AB-DRE-02905-XS,Ivory Wrap Dress,$246.20,124,dress,TW Co.,09/09/2024
AB-OUT-02906-XXL,Cognac Wool Peacoat,$72.04,86,OUTER,Atelier Nord,09/15/2025
AB-ACC-02907-XL,Black Crossbody Bag,$304.17,20,Accs,Atelier Nord Studio,04/28/2025
AB-FOO-02908-M,White Low-Top Sneaker - M,$199.90,48,Ftwr,Apparel Sol.,06/07/2024
AB-ACC-02909-L,Indigo Woven Belt,43.64,57,ACC,Textile World Co,02/20/2025
AB-FOO-02910-S,Black Ballet Flat,280.29,48,Ftwr,Apparel Solutions,02/07/2026
AB-OUT-02911-XXL,Tan Trench Coat,$26.48,63,9,Textile World Co,07/15/2024
AB-DRE-02912-S,Camel Maxi Dress,$155.32,31,DRESS,,08/04/2023
AB-DRE-02913-L,Tan Midi Dress - L,186.69,101,Dresses,Atelier Nord Studio,09/03/2025
AB-FOO-02914-XL,Black Ankle Boot,232.7,36,Shoes/Footwear,,01/27/2025
AB-DRE-02915-XS,Beige Maxi Dress,288.84,7,dress,TW Co.,09/13/2025
AB-ACC-02916-M,Emerald Crossbody Bag,166.5,48,Accessories,FH Wholesale (old),12/17/2023
AB-DRE-02917-XS,Blush Midi Dress,86.61,93,DRESS,Textile World Co,07/14/2023
AB-BOT-02918-XL,Cognac Wide-Leg Trouser,158.61,89,MISC,Apparel Sol.,05/11/2024
AB-BOT-02918-XL,Cognac Wide -Leg Trouser,158.61,89,MISC,Apparel Sol.,05/11/2024
AB-OUT-02919-S,Burgundy Wool Peacoat,75.64,121,OUTER,Textile World Co,11/11/2023
AB-FOO-02920-S,Black Low-Top Sneaker,$62.21,117,Ftwr,Fashion Hub Ltd,03/10/2025
AB-TOP-02921-XS,Charcoal Turtleneck - XS,26.52,57,top,TW Co.,04/30/2024
AB-OUT-02922-XS,Emerald Denim Jacket,$202.56,106,Outr,Fashion Hub,10/11/2025
AB-OUT-02923-L,Black Wool Peacoat - L,$61.08,122,outerwear,,07/29/2025
AB-FOO-02924-S,Blush Ballet Flat,$65.31,94,Footwear,FH Wholesale (old),03/13/2024
AB-TOP-02925-S,Ivory V-Neck Sweater - S,$267.37,34,Tshirts/Tops,ApparelSolns,01/02/2024
AB-TOP-02926-XXL,Camel Turtleneck,30.24,138,top,Textile World,09/25/2024
AB-OUT-02927-XXL,Beige Moto Jacket - XXL,$46.21,41,Outr,Fashion Hub Ltd,11/11/2023
AB-ACC-02928-XS,Camel Leather Tote,$35.68,90,accessories,Apparel Solutions,09/18/2025
AB-DRE-02929-L,Cognac Shirt Dress,292.22,121,Dresses ,FH Wholesale (old),03/03/2025
AB-DRE-02929-L,Cognac Shirt Dre ss,292.22,121,Dresses ,FH Wholesale (old),03/03/2025
AB-ACC-02930-M,Emerald Statement Earrings - M,150.15,46,ACC,Apparel Solutions,07/27/2024
AB-TOP-02931-XXL,Blush Cardigan - XXL,194.7,112,Tops,Textile World Co,02/16/2024
AB-ACC-02932-S,Tan Crossbody Bag,$170.45,16,accessories,ApparelSolns,04/15/2024
AB-BOT-02933-XS,Beige Pleated Skirt,$133.44,136,Btms,ApparelSolns,03/12/2024
AB-ACC-02934-XXL,Cognac Woven Belt,$264.46,117,ACC,Textile World Co,07/17/2024
AB-ACC-02935-XL,Emerald Leather Tote - XL,$253.94,38,Accessory,FH Wholesale (old),04/20/2024
AB-TOP-02936-XS,Black V-Neck Sweater,273.84,3,Tops,Atelier Nord Studio,01/23/2024
AB-ACC-02937-XL,Burgundy Woven Belt - XL,253.27,21,Accessory,A. Nord,05/14/2025
AB-TOP-02938-L,Black Henley,$227.41,65,TOPS,Apparel Solutions,06/30/2025
AB-BOT-02939-XL,White Pleated Skirt,252.21,32,Pants/Bottoms,ApparelSolns,04/12/2025
AB-DRE-02940-L,White Shirt Dress,$69.83,33,Dresses,Fashion Hub,10/08/2024
AB-OUT-02941-S,Camel Blazer,186.61,46,Outerwear,Textile World Co,03/04/2024
AB-TOP-02942-S,Camel Tank Top,$51.59,45,TOP,Textile World,11/16/2024
AB-ACC-02943-M,Tan Woven Belt,$266.38,58,accessories,Atelier Nord Studio,01/18/2024
AB-ACC-02944-XXL,Black Statement Earrings,$72.81,74,accessories,TW Co.,09/22/2024
AB-DRE-02945-M,Black Maxi Dress,$169.82,85,Dresses ,Atelier Nord Studio,10/24/2023
AB-DRE-02946-S,Black Maxi Dress,$285.10,96,Dresses,FH Wholesale (old),02/13/2026
AB-FOO-02947-XS,Blush Espadrille,73.82,114,Footwear,Apparel Solutions,11/29/2024
AB-DRE-02948-S,Burgundy Slip Dress,163.09,53,Dresses ,Atelier Nord Studio,11/28/2023
AB-FOO-02949-L,Blush Espadrille,$97.21,115,footwear,Textile World,11/02/2024
AB-OUT-02950-S,Ivory Wool Peacoat - S,171.53,4,Outr,ApparelSolns,09/04/2024
AB-TOP-02951-XL,Blush Cardigan,$54.91,34,top,Fashion Hub,11/16/2023
AB-ACC-02952-XXL,Beige Woven Belt,$63.00,73,accessories,TW Co.,12/21/2023
AB-TOP-02953-S,Indigo Tank Top - S,65.14,92,Tops,,04/21/2024
AB-ACC-02954-L,Beige Statement Earrings,$151.50,118,ACC,Textile World Co,07/18/2025
AB-BOT-02956-L,Indigo Skinny Jean,117.46,66,Bottoms,,04/12/2025
AB-FOO-02957-XXL,Tan Ankle Boot,47.87,52,footwear,ApparelSolns,12/01/2025
AB-TOP-02958-XL,Tan Turtleneck,30.91,150,top,Fashion Hub,10/30/2025
AB-BOT-02960-M,White Midi Skirt - M,173.06,28,BOTTOM,ApparelSolns,06/04/2025
AB-DRE-02961-L,Ivory Slip Dress,193.41,99,dress,Atelier Nord Studio,06/22/2024
AB-TOP-02962-XS,Beige V-Neck Sweater - XS,$97.89,137,TOPS,,07/30/2023
AB-OUT-02963-S,Camel Wool Peacoat - S,30.58,99,OUTER,FH Wholesale (old),12/10/2023
AB-FOO-02964-L,Emerald Loafer,$101.96,80,Ftwr,Atelier Nord,03/30/2025
AB-DRE-02965-XXL,Indigo Shirt Dress - XXL,$105.50,102,Drss,Atelier Nord Studio,11/17/2025
AB-DRE-02966-XL,White Shirt Dress,243.64,55,dress,Atelier Nord,08/22/2024
AB-ACC-02967-XL,White Leather Tote,$240.82,111,Accessory,Textile World,02/28/2026
AB-BOT-02968-S,White Wide-Leg Trouser,$22.20,16,MISC,Textile World,08/19/2023
AB-DRE-02969-M,Beige Midi Dress,263.2,28,Dresses ,Textile World Co,03/02/2024
AB-DRE-02969-M,Be ige Midi Dress,263.2,28,Dresses ,Textile World Co,03/02/2024
AB-ACC-02970-XL,Cognac Crossbody Bag,$44.86,114,Accessory,Fashion Hub,03/01/2024
AB-OUT-02971-XL,Beige Puffer Vest - XL,191.42,143,OUTER,Apparel Sol.,09/29/2023
AB-ACC-02972-XXL,Cognac Leather Tote - XXL,$49.92,140,accessories,Textile World Co,11/15/2023
AB-TOP-02973-L,Indigo Turtleneck,$24.88,43,TOPS,Atelier Nord Studio,07/18/2025
AB-TOP-02974-M,Black Crewneck Tee,$249.92,138,TOPS,Textile World Co,05/01/2024
AB-BOT-02975-S,Indigo Denim Short,$18.97,11,BOTTOM,FH Wholesale (old),11/05/2024
AB-BOT-02976-XL,Charcoal Pleated Skirt,171.97,-3,Btms,Textile World,09/06/2024
AB-FOO-02977-L,Ivory Espadrille,$204.86,14,Ftwr,Textile World,10/20/2023
AB-OUT-02978-XXL,Cognac Denim Jacket - XXL,71.48,117,Outerwear,Atelier Nord Studio,11/17/2025
AB-OUT-02979-S,Charcoal Trench Coat,290.51,128,Jackets/Outerwear,Textile World Co,07/15/2025
AB-DRE-02981-XXL,White Shirt Dress,70.27,116,dress,Atelier Nord,09/15/2023
AB-BOT-02982-M,Cognac Chino Pant,$19.18,32,BOTTOM,FH Wholesale (old),02/27/2024
AB-BOT-02983-S,Cognac Linen Pant,287.45,39,bottoms,Textile World,12/12/2023
AB-ACC-02984-XXL,Cognac Wide-Brim Hat,$124.39,47,Accs,Textile World,03/06/2025
AB-ACC-02985-XS,Burgundy Wide-Brim Hat,$105.27,5,Accessory,Atelier Nord,07/15/2024
AB-OUT-02986-XS,Indigo Denim Jacket - XS,140.59,98,Jackets/Outerwear,Fashion Hub Ltd,12/29/2025
AB-FOO-02987-XXL,Black Low-Top Sneaker,275.93,68,Ftwr,Fashion Hub,04/11/2024
AB-TOP-02988-XL,Emerald Silk Blouse,$291.09,29,Tshirts/Tops,Atelier Nord Studio,02/21/2025
AB-FOO-02989-M,White Espadrille - M,178.44,136,N/A,A. Nord,09/26/2025
AB-BOT-02990-M,Burgundy Denim Short,$222.23,45,bottoms,ApparelSolns,12/12/2025
AB-ACC-02991-XXL,Burgundy Twill Scarf,233.76,96,Accs,Textile World Co,07/05/2024
AB-TOP-02993-L,Blush Silk Blouse,106.43,129,top,TW Co.,07/08/2025
AB-ACC-02995-XXL,Emerald Twill Scarf,273.33,5,ACC,ApparelSolns,10/26/2024
AB-DRE-02996-S,Emerald Shirt Dress,145.73,77,Drss,Atelier Nord Studio,08/18/2023
AB-OUT-02997-L,Beige Puffer Vest,$25.32,0,Jackets/Outerwear,Atelier Nord,05/30/2025
AB-FOO-02998-XXL,Camel Heeled Mule,$88.96,90,Ftwr,Atelier Nord Studio,10/16/2025
AB-FOO-02999-L,Camel Loafer,$41.09,130,SHOES,Apparel Solutions,02/21/2024
AB-FOO-03000-XS,Camel Loafer,$176.06,73,SHOES,Atelier Nord,12/29/2025
AB-OUT-03001-M,Tan Puffer Vest - M,$147.07,137,outerwear,TW Co.,11/13/2025
AB-FOO-03002-M,Indigo Ankle Boot - M,$95.18,80,footwear,FH Wholesale (old),11/30/2023
AB-FOO-03003-XXL,Tan Low-Top Sneaker,281.27,70,Shoes/Footwear,Atelier Nord,11/23/2023
AB-TOP-03004-L,Ivory Crewneck Tee,330.5,-3,Tshirts/Tops,Textile World,08/29/2024
AB-OUT-03005-XL,Cognac Wool Peacoat - XL,25.8,139,Jackets/Outerwear,FH Wholesale (old),11/07/2023
AB-DRE-03006-M,Camel Slip Dress - M,249.63,0,DRESS,,04/05/2025
AB-FOO-03007-S,Cognac Loafer,115.7,78,SHOES,Fashion Hub Ltd,05/03/2025
AB-FOO-03008-XL,Charcoal Loafer,$93.93,38,Shoes/Footwear,A. Nord,04/19/2025
AB-DRE-03009-XS,Charcoal Maxi Dress,295.37,114,Dresses,,09/10/2025
AB-OUT-03011-XS,Indigo Blazer - XS,228.92,-3,outerwear,ApparelSolns,10/25/2024
AB-OUT-03012-XL,White Wool Peacoat,246.08,59,outerwear,ApparelSolns,10/25/2025
AB-OUT-03013-M,Tan Puffer Vest,154.89,13,OUTER,Atelier Nord Studio,05/24/2025
AB-OUT-03014-XXL,Black Blazer,157.85,41,OUTER,FH Wholesale (old),08/12/2024
AB-OUT-03017-M,Tan Wool Peacoat,182.4,102,Outr,Atelier Nord Studio,11/22/2025
AB-DRE-03018-XS,Camel Midi Dress,$55.97,32,Dresses ,A. Nord,09/30/2023
AB-OUT-03020-S,Ivory Trench Coat,200.17,84,Jackets/Outerwear,Fashion Hub,06/22/2024
AB-BOT-03021-XXL,Tan Linen Pant,$150.67,7,Bottoms,ApparelSolns,09/15/2024
AB-OUT-03022-L,Emerald Wool Peacoat,181.35,83,Jackets/Outerwear,Apparel Solutions,12/13/2024
AB-OUT-03022-L,Eme rald Wool Peacoat,181.35,83,Jackets/Outerwear,Apparel Solutions,12/13/2024
AB-FOO-03023-L,Beige Low-Top Sneaker,65.02,59,Footwear,Apparel Sol.,05/28/2025
AB-BOT-03024-L,Black Pleated Skirt,$280.84,73,BOTTOM,Fashion Hub Ltd,07/19/2024
AB-ACC-03025-XS,Charcoal Woven Belt,225.08,14,Accessory,Textile World,09/04/2023
AB-ACC-03026-S,Indigo Leather Tote,$311.70,17,Accs,Textile World,01/04/2026
AB-OUT-03027-S,Tan Trench Coat - S,$158.62,108,Outerwear,Atelier Nord,11/05/2025
AB-DRE-03028-XL,Tan Slip Dress,208.02,68,Drss,Textile World,12/18/2025
AB-ACC-03029-M,Cognac Woven Belt,$70.03,78,Accessory,Textile World Co,05/30/2024
AB-ACC-03030-XXL,Ivory Woven Belt - XXL,49.66,29,Accessory,Apparel Sol.,03/22/2025
AB-DRE-03031-XL,Blush Maxi Dress,$151.26,3,DRESS,Fashion Hub,07/25/2024
AB-TOP-03032-M,Blush Crewneck Tee - M,87.93,116,Tshirts/Tops,FH Wholesale (old),10/09/2024
AB-DRE-03033-M,Charcoal Maxi Dress,130.1,36,Dresses ,TW Co.,10/10/2024
AB-OUT-03034-XXL,Burgundy Puffer Vest,48.18,118,Outr,,03/20/2024
AB-DRE-03035-XXL,Camel Slip Dress - XXL,78.49,68,Dresses,Atelier Nord Studio,05/13/2026
AB-FOO-03036-M,Black Low-Top Sneaker - M,179.79,136,footwear,TW Co.,07/07/2023
AB-BOT-03037-XL,White Wide-Leg Trouser,$127.16,30,bottoms,Textile World,07/14/2025
AB-BOT-03038-XL,Tan Wide-Leg Trouser - XL,161.86,-3,bottoms,Textile World Co,10/29/2024
AB-OUT-03039-S,Cognac Puffer Vest - S,121.65,44,Outr,FH Wholesale (old),11/16/2024
AB-FOO-03040-XS,Charcoal Heeled Mule,254.06,111,footwear,Apparel Solutions,05/25/2024
AB-DRE-03041-M,White Shirt Dress - M,57.39,78,DRESS,Textile World Co,02/15/2025
AB-DRE-03042-M,Charcoal Shirt Dress - M,164.87,131,Drss,Textile World Co,06/29/2023
AB-TOP-03043-L,Blush V-Neck Sweater - L,72.19,71,top,A. Nord,12/27/2025
AB-OUT-03044-XXL,White Denim Jacket - XXL,$146.75,96,Jackets/Outerwear,A. Nord,01/03/2024
AB-FOO-03046-M,Beige Loafer,$191.95,110,footwear,A. Nord,07/06/2024
AB-DRE-03047-XL,Beige Wrap Dress - XL,$220.08,28,Dresses ,FH Wholesale (old),08/17/2023
AB-FOO-03048-M,Cognac Loafer,$83.23,4,SHOES,Atelier Nord Studio,06/09/2025
AB-FOO-03050-XL,Tan Heeled Mule - XL,292.43,50,footwear,Apparel Sol.,10/15/2025
AB-DRE-03051-XXL,Camel Maxi Dress - XXL,$186.83,112,Drss,ApparelSolns,06/07/2025
AB-DRE-03052-XL,Ivory Maxi Dress,$270.86,125,Dresses,Apparel Solutions,08/05/2024
AB-ACC-03053-M,Beige Statement Earrings,330.29,28,accessories,Textile World,04/10/2026
AB-FOO-03054-S,Ivory Ankle Boot,$156.74,117,Ftwr,FH Wholesale (old),11/21/2025
AB-FOO-03055-XXL,Tan Loafer - XXL,282.01,65,Footwear,FH Wholesale (old),11/25/2024
AB-FOO-03056-XL,Tan Low-Top Sneaker,292.93,118,SHOES,Atelier Nord Studio,01/10/2024
AB-DRE-03057-M,Cognac Slip Dress,279.23,25,DRESS,Apparel Solutions,10/13/2025
AB-DRE-03058-L,Indigo Midi Dress - L,$195.60,100,Dresses ,Textile World Co,12/27/2024
AB-TOP-03059-XXL,Ivory V-Neck Sweater,$224.41,53,Tops,TW Co.,03/26/2025
AB-FOO-03060-XL,Indigo Ballet Flat - XL,250.2,58,Footwear,Fashion Hub Ltd,01/24/2025
AB-OUT-03061-M,White Puffer Vest - M,187.49,12,Jackets/Outerwear,ApparelSolns,08/27/2025
AB-OUT-03061-M,White  Puffer Vest - M,187.49,12,Jackets/Outerwear,ApparelSolns,08/27/2025
AB-FOO-03062-XL,Burgundy Espadrille,$277.93,113,footwear,Textile World Co,03/28/2025
AB-FOO-03063-M,Blush Ankle Boot,$181.68,108,SHOES,Textile World Co,11/13/2024
AB-FOO-03064-M,Charcoal Low-Top Sneaker,207.33,80,SHOES,FH Wholesale (old),10/04/2025
AB-FOO-03065-XXL,Black Loafer - XXL,$321.58,3,SHOES,Atelier Nord Studio,07/13/2025
AB-ACC-03066-S,Charcoal Woven Belt,22.58,25,Accs,A. Nord,01/10/2024
AB-FOO-03067-XS,Beige Low-Top Sneaker - XS,87.71,141,Ftwr,Fashion Hub,02/09/2024
AB-FOO-03068-S,Camel Heeled Mule,$122.17,54,SHOES,ApparelSolns,12/02/2025
AB-OUT-03069-XS,Beige Moto Jacket - XS,$286.76,32,Outr,ApparelSolns,01/26/2026
AB-BOT-03071-S,Emerald Linen Pant,$37.25,87,bottoms,Atelier Nord,05/08/2025
AB-FOO-03072-L,Charcoal Heeled Mule,63.01,112,Ftwr,Atelier Nord Studio,12/03/2023
AB-BOT-03073-XL,Blush Linen Pant,187.66,53,Btms,Atelier Nord,05/27/2024
AB-BOT-03074-XS,Beige Midi Skirt,207.14,139,BOTTOM,Fashion Hub Ltd,09/18/2024
AB-OUT-03075-XXL,Blush Moto Jacket,148.56,63,OUTER,ApparelSolns,09/22/2023
AB-ACC-03076-L,Indigo Woven Belt,198.27,47,accessories,Textile World Co,10/30/2024
AB-DRE-03077-L,White Wrap Dress,95.33,10,DRESS,Apparel Sol.,06/02/2025
AB-BOT-03079-L,Beige Denim Short,133.51,80,Btms,A. Nord,04/01/2024
AB-DRE-03080-XS,Cognac Midi Dress,264.47,53,Dresses,Atelier Nord,09/03/2023
AB-ACC-03081-XS,Indigo Statement Earrings - XS,$269.28,107,Accs,FH Wholesale (old),05/11/2024
AB-ACC-03082-XL,Blush Leather Tote,$138.57,67,accessories,Apparel Solutions,08/16/2023
AB-DRE-03083-S,Black Wrap Dress - S,$58.22,54,Drss,FH Wholesale (old),09/22/2023
AB-DRE-03084-L,Emerald Midi Dress,147.27,130,Dresses,Textile World,11/25/2025
AB-TOP-03085-M,Tan Button-Up Shirt,141.12,137,TOP,ApparelSolns,12/24/2025
AB-FOO-03086-M,Beige Low-Top Sneaker,288.44,105,Shoes/Footwear,Textile World Co,07/31/2025
AB-TOP-03087-L,Emerald Cardigan - L,$232.63,12,TOPS,Apparel Sol.,01/16/2025
AB-BOT-03088-XL,Cognac Wide-Leg Trouser,282.46,130,bottoms,ApparelSolns,11/13/2024
AB-DRE-03089-XS,Blush Shift Dress,269.25,80,Dresses ,TW Co.,04/29/2025
AB-ACC-03090-L,Ivory Crossbody Bag - L,161.53,50,accessories,Fashion Hub,12/23/2023
AB-ACC-03091-XL,Cognac Crossbody Bag,254.76,98,Accs,FH Wholesale (old),12/09/2025
AB-DRE-03092-S,Black Shirt Dress,$310.52,128,DRESS,Apparel Solutions,09/28/2025
AB-DRE-03092-S,Black Shirt Dre ss,$310.52,128,DRESS,Apparel Solutions,09/28/2025
AB-FOO-03093-L,Cognac Ankle Boot,$195.14,113,Footwear,TW Co.,03/07/2025
AB-OUT-03095-M,Black Denim Jacket,93.41,2,Outr,FH Wholesale (old),01/24/2025
AB-TOP-03096-S,Blush V-Neck Sweater,288.79,47,Tshirts/Tops,Atelier Nord,11/28/2024
AB-BOT-03097-M,Ivory Chino Pant,279.5,10,Pants/Bottoms,Apparel Sol.,03/16/2024
AB-TOP-03098-XS,Charcoal Silk Blouse,$240.22,91,TOP,FH Wholesale (old),10/26/2024
AB-OUT-03099-M,Black Trench Coat,$36.37,14,Outerwear,ApparelSolns,12/13/2025
AB-ACC-03100-XL,Burgundy Crossbody Bag,45.63,55,Accessory,Apparel Sol.,12/28/2023
AB-DRE-03101-XL,Charcoal Shift Dress - XL,38.64,132,Dresses,Fashion Hub Ltd,12/29/2025
AB-FOO-03102-XXL,White Ballet Flat - XXL,60.49,70,Footwear,Textile World Co,06/03/2025
AB-OUT-03103-XXL,Beige Moto Jacket,62.77,95,Outr,A. Nord,08/10/2024
AB-FOO-03104-S,Charcoal Heeled Mule,127.37,126,footwear,Textile World Co,02/09/2026
AB-DRE-03105-M,Ivory Midi Dress,$97.53,54,Dresses,FH Wholesale (old),01/26/2024
AB-OUT-03106-XL,White Moto Jacket,$28.55,78,Outerwear,Fashion Hub,01/11/2025
AB-FOO-03107-XXL,White Heeled Mule,77.17,121,SHOES,Atelier Nord Studio,10/21/2023
AB-BOT-03108-L,Indigo Denim Short,37.35,38,Bottoms,Textile World,10/09/2025
AB-TOP-03109-M,Beige Crewneck Tee,135.88,106,TOPS,Textile World,07/26/2025
AB-BOT-03110-M,Beige Skinny Jean - M,134.94,141,Bottoms,TW Co.,05/15/2025
AB-TOP-03111-L,Blush Crewneck Tee,$193.04,7,TOPS,,10/29/2023
AB-TOP-03112-S,Charcoal Henley,$329.91,3,MISC,Apparel Solutions,12/13/2023
AB-OUT-03113-L,Beige Trench Coat,$74.25,8,Outerwear,FH Wholesale (old),05/17/2025
AB-TOP-03115-XXL,White Henley,$170.84,47,top,Atelier Nord Studio,03/19/2024
AB-TOP-03116-XXL,Blush Button-Up Shirt,231.85,28,N/A,Apparel Solutions,01/01/2025
AB-TOP-03117-XS,Cognac Silk Blouse,$266.62,117,Tshirts/Tops,Atelier Nord,03/06/2024
AB-DRE-03118-XS,Indigo Midi Dress,267.83,88,Drss,Textile World Co,08/05/2024
AB-BOT-03119-S,Blush Wide-Leg Trouser,220.65,3,Btms,Fashion Hub Ltd,02/28/2024
AB-DRE-03120-XL,Charcoal Midi Dress,223.52,36,Dresses,ApparelSolns,06/18/2025
AB-ACC-03121-XL,Black Statement Earrings,107.32,114,ACC,Apparel Sol.,03/11/2026
AB-OUT-03122-XL,Indigo Trench Coat,$77.91,50,OUTER,FH Wholesale (old),08/13/2024
AB-ACC-03123-M,Blush Statement Earrings,87.27,33,Accessories,Fashion Hub Ltd,08/29/2024
AB-OUT-03124-L,Tan Moto Jacket,226.16,6,Outr,,07/13/2025
AB-BOT-03125-XXL,Blush Pleated Skirt,$196.50,89,Bottoms,Apparel Solutions,02/08/2024
AB-OUT-03126-XS,Ivory Moto Jacket - XS,174.63,28,Outr,Fashion Hub Ltd,08/31/2024
AB-FOO-03127-S,White Loafer,$196.82,100,footwear,Atelier Nord Studio,02/10/2026
AB-ACC-03128-XL,Burgundy Woven Belt,$92.50,109,Accessory,Atelier Nord Studio,01/18/2026
AB-FOO-03129-S,Indigo Espadrille,149.05,8,SHOES,Textile World Co,12/30/2023
AB-FOO-03130-M,Camel Loafer,$103.31,130,Ftwr,,01/21/2026
AB-BOT-03131-XL,Tan Chino Pant,340.76,28,bottoms,FH Wholesale (old),03/21/2025
AB-TOP-03132-XL,Camel Henley - XL,$41.09,76,N/A,Textile World Co,07/04/2023
AB-TOP-03133-XXL,Beige Cardigan,$127.60,39,top,TW Co.,10/05/2025
AB-BOT-03134-S,Blush Midi Skirt,182.46,130,Btms,ApparelSolns,08/02/2024
AB-DRE-03135-XL,Black Maxi Dress - XL,53.36,135,Drss,Textile World,09/07/2024
AB-DRE-03136-S,Indigo Shift Dress,240.71,2,dress,TW Co.,04/04/2024
AB-TOP-03137-XXL,Charcoal Silk Blouse - XXL,229.5,37,top,Atelier Nord Studio,02/04/2026
AB-TOP-03138-XS,Blush Tank Top,230.73,11,Tshirts/Tops,Textile World Co,12/19/2023
AB-TOP-03139-XL,Cognac Crewneck Tee,92.98,74,TOPS,A. Nord,10/05/2025
AB-ACC-03140-S,Emerald Crossbody Bag,$197.21,0,Accessories,Fashion Hub,04/26/2025
AB-FOO-03141-XS,Beige Loafer,100.22,103,Shoes/Footwear,FH Wholesale (old),08/20/2025
AB-TOP-03142-XS,Beige Crewneck Tee,189.08,38,Tshirts/Tops,Atelier Nord,11/10/2025
AB-BOT-03143-L,Tan Wide-Leg Trouser,295.72,135,Bottoms,,07/18/2025
AB-FOO-03144-XXL,Emerald Espadrille - XXL,131.12,138,footwear,,11/15/2025
AB-ACC-03145-XL,Camel Woven Belt,$301.94,140,Accessories,FH Wholesale (old),02/21/2025
AB-OUT-03146-S,Indigo Wool Peacoat - S,$33.63,123,OUTER,Fashion Hub Ltd,03/08/2024
AB-ACC-03147-L,Charcoal Leather Tote,278.31,62,ACC,FH Wholesale (old),10/15/2024
AB-TOP-03148-XS,Cognac V-Neck Sweater,46.65,94,Tops,Apparel Sol.,04/28/2025
AB-DRE-03149-S,Cognac Shift Dress - S,63.59,-3,dress,Apparel Solutions,04/03/2024
AB-ACC-03150-XS,Tan Woven Belt,128.6,82,accessories,FH Wholesale (old),10/20/2025
AB-BOT-03151-L,Indigo Pleated Skirt,139.15,107,Pants/Bottoms,Fashion Hub,07/22/2025
AB-FOO-03152-M,Camel Loafer - M,$285.53,110,footwear,Apparel Solutions,10/26/2024
AB-BOT-03153-XS,Black Linen Pant - XS,171.99,73,Pants/Bottoms,Fashion Hub,09/18/2025
AB-ACC-03155-L,Cognac Leather Tote - L,$305.00,38,Accs,ApparelSolns,01/21/2025
AB-BOT-03156-M,Cognac Skinny Jean - M,$177.54,83,BOTTOM,Fashion Hub,02/03/2024
AB-OUT-03157-XXL,Blush Trench Coat,142.47,40,outerwear,Textile World,06/18/2024
AB-DRE-03158-XS,Black Maxi Dress,$43.27,14,Drss,Apparel Sol.,09/21/2025
AB-FOO-03159-XXL,Cognac Low-Top Sneaker - XXL,$50.36,29,Ftwr,Apparel Sol.,07/22/2025
AB-OUT-03160-S,Tan Moto Jacket,$124.15,1,outerwear,Apparel Solutions,07/05/2024
AB-ACC-03161-XS,White Crossbody Bag - XS,157.5,55,ACC,Fashion Hub Ltd,03/04/2024
AB-TOP-03162-L,Indigo Button-Up Shirt,34.77,17,Tops,Fashion Hub Ltd,12/24/2024
AB-BOT-03163-L,Ivory Denim Short,$26.32,44,bottoms,Fashion Hub,07/16/2024
AB-BOT-03164-XXL,Burgundy Denim Short,$38.67,22,Pants/Bottoms,Atelier Nord Studio,01/06/2024
AB-TOP-03165-XXL,Cognac Button-Up Shirt,20.32,109,TOPS,Apparel Solutions,09/06/2024
AB-DRE-03166-M,Burgundy Midi Dress - M,139.78,16,Drss,Apparel Solutions,11/30/2025
AB-DRE-03167-S,Ivory Shirt Dress,146.19,56,Dresses ,Atelier Nord Studio,10/02/2025
AB-ACC-03168-XS,Indigo Woven Belt,220.75,85,accessories,FH Wholesale (old),07/31/2024
AB-TOP-03169-XXL,Emerald Tank Top,$305.57,90,Tshirts/Tops,Textile World Co,02/04/2025
AB-BOT-03170-M,Charcoal Pleated Skirt - M,43.61,104,BOTTOM,Atelier Nord,01/31/2025
AB-BOT-03171-XS,Blush Wide-Leg Trouser,267.07,46,BOTTOM,Textile World Co,09/10/2024
AB-OUT-03172-L,Cognac Moto Jacket - L,222.54,99,Jackets/Outerwear,Atelier Nord Studio,11/18/2024
AB-ACC-03173-S,Ivory Crossbody Bag,$310.33,113,Accessory,ApparelSolns,02/06/2025
AB-FOO-03174-M,Cognac Heeled Mule - M,$142.50,20,Footwear,Apparel Sol.,04/15/2025
AB-BOT-03175-XXL,Black Denim Short,122.96,18,Bottoms,Textile World,10/07/2024
AB-TOP-03176-XL,Cognac Button-Up Shirt - XL,331.05,37,TOPS,Atelier Nord Studio,01/27/2024
AB-BOT-03177-S,Camel Pleated Skirt,$34.34,107,BOTTOM,Apparel Solutions,01/30/2026
AB-ACC-03178-S,Cognac Crossbody Bag,70.24,86,Accs,Fashion Hub Ltd,10/18/2025
AB-ACC-03179-XL,Camel Crossbody Bag,67.43,65,ACC,Apparel Sol.,07/26/2025
AB-BOT-03180-XXL,Indigo Skinny Jean - XXL,$274.50,13,Pants/Bottoms,,10/08/2025
AB-TOP-03181-XXL,Tan V-Neck Sweater - XXL,242.07,139,Tshirts/Tops,Atelier Nord Studio,05/17/2025
AB-TOP-03182-S,Emerald Silk Blouse,282.03,109,Tshirts/Tops,FH Wholesale (old),01/07/2024
AB-DRE-03183-XXL,Blush Midi Dress,$167.56,128,DRESS,Apparel Solutions,10/07/2025
AB-BOT-03184-XL,White Linen Pant,195.29,103,bottoms,,05/01/2025
AB-TOP-03185-M,Indigo Cardigan,110.1,25,top,Fashion Hub Ltd,04/03/2026
AB-TOP-03186-XS,Ivory Crewneck Tee - XS,256.24,82,TOP,Textile World,08/07/2024
AB-BOT-03187-M,Burgundy Linen Pant,$281.30,47,BOTTOM,Fashion Hub Ltd,05/31/2024
AB-TOP-03188-L,Burgundy V-Neck Sweater,123.77,150,TOP,Fashion Hub,08/01/2024
AB-TOP-03189-S,Emerald Turtleneck,235.53,144,TOPS,FH Wholesale (old),12/01/2024
AB-TOP-03190-S,Charcoal Crewneck Tee,$308.48,51,TOP,Fashion Hub,12/21/2023
AB-TOP-03193-XL,Tan Henley,$30.74,19,top,A. Nord,10/02/2025
AB-TOP-03193-XL,Tan He nley,$30.74,19,top,A. Nord,10/02/2025
AB-OUT-03194-XXL,Blush Trench Coat,$232.84,71,Outr,FH Wholesale (old),03/28/2024
AB-FOO-03195-XXL,Camel Espadrille - XXL,257.02,93,footwear,,11/13/2025
AB-DRE-03196-XS,Tan Wrap Dress,73.77,114,Dresses ,Fashion Hub,08/30/2024
AB-BOT-03197-S,Cognac Pleated Skirt,$24.97,42,Btms,Fashion Hub,03/14/2025
AB-FOO-03198-XL,Emerald Espadrille,170.32,119,SHOES,Fashion Hub,06/03/2025
AB-TOP-03199-XS,Emerald Turtleneck,53.41,-3,top,Atelier Nord,06/08/2025
AB-ACC-03200-XL,White Wide-Brim Hat,$303.84,39,Accs,,12/13/2023
AB-BOT-03201-XL,Beige Linen Pant - XL,93.62,125,BOTTOM,Atelier Nord,08/12/2025
AB-TOP-03202-M,Emerald Turtleneck,30.01,107,Tops,Textile World Co,06/24/2025
AB-TOP-03203-M,Ivory Crewneck Tee,201.27,140,TOPS,Fashion Hub Ltd,07/17/2024
AB-DRE-03204-XS,Cognac Maxi Dress,70.81,55,Dresses ,FH Wholesale (old),08/19/2025
AB-DRE-03205-S,Ivory Midi Dress,280.53,41,Drss,Atelier Nord,10/08/2025
AB-TOP-03206-XS,Beige Cardigan,186.19,97,Tshirts/Tops,Atelier Nord Studio,04/03/2025
AB-DRE-03207-L,Camel Maxi Dress,24.62,113,Dresses ,Atelier Nord,10/26/2025
AB-ACC-03208-L,White Woven Belt,91.28,93,Accessory,Fashion Hub,10/27/2025
AB-ACC-03209-M,White Leather Tote,242.35,104,accessories,Fashion Hub,08/03/2024
AB-BOT-03210-XS,White Chino Pant - XS,$289.19,55,Bottoms,A. Nord,01/09/2024
AB-DRE-03211-XL,Tan Wrap Dress,265.77,42,dress,Apparel Sol.,02/18/2024
AB-BOT-03212-XXL,Burgundy Linen Pant - XXL,$212.54,52,Bottoms,Fashion Hub,06/21/2025
AB-BOT-03213-M,Cognac Pleated Skirt - M,82.88,2,Btms,Fashion Hub,04/22/2024
AB-TOP-03214-XS,Beige Cardigan - XS,128.48,58,Tshirts/Tops,FH Wholesale (old),12/24/2023
AB-BOT-03215-XS,Blush Skinny Jean - XS,169.23,93,BOTTOM,A. Nord,10/18/2025
AB-ACC-03216-XXL,Indigo Wide-Brim Hat - XXL,140.52,54,Accessories,Apparel Solutions,03/01/2024
AB-ACC-03217-S,Blush Wide-Brim Hat - S,184.83,23,Accs,Apparel Sol.,08/11/2023
AB-DRE-03218-M,White Wrap Dress,$151.37,39,Dresses ,Atelier Nord,11/28/2024
AB-ACC-03220-XL,Ivory Twill Scarf - XL,295.38,139,Accessories,FH Wholesale (old),10/13/2024
AB-TOP-03221-XL,Charcoal Silk Blouse,$248.00,127,TOPS,Apparel Sol.,01/08/2025
AB-TOP-03222-M,Blush Tank Top,$123.71,6,Tshirts/Tops,Textile World,09/11/2025
AB-ACC-03223-S,Emerald Wide-Brim Hat,$240.19,4,ACC,Textile World,12/20/2023
AB-DRE-03224-XXL,Indigo Shift Dress,$253.73,108,DRESS,ApparelSolns,07/22/2025
AB-OUT-03225-XS,Ivory Denim Jacket,36.71,26,Outerwear,Apparel Solutions,06/09/2023
AB-OUT-03226-XL,Black Trench Coat,$57.51,98,Jackets/Outerwear,Atelier Nord Studio,12/03/2025
AB-DRE-03227-XL,Emerald Shirt Dress - XL,162.71,2,dress,Textile World,01/07/2024
AB-DRE-03227-XL,Eme rald Shirt Dress - XL,162.71,2,dress,Textile World,01/07/2024
AB-TOP-03228-M,Blush Henley - M,161.08,47,TOP,Textile World Co,11/12/2024
AB-DRE-03229-XL,Camel Wrap Dress,$225.00,44,Drss,Apparel Sol.,09/25/2024
AB-TOP-03230-S,Beige Silk Blouse - S,$96.67,100,TOP,Apparel Solutions,05/17/2025
AB-FOO-03231-L,Ivory Heeled Mule - L,$201.82,76,Footwear,,12/10/2023
AB-OUT-03232-M,Indigo Denim Jacket,21.1,99,OUTER,TW Co.,05/11/2025
AB-BOT-03233-XS,Emerald Wide-Leg Trouser,303.37,53,bottoms,,10/10/2025
AB-FOO-03234-L,Emerald Heeled Mule,123.88,17,N/A,Textile World,05/09/2024
AB-FOO-03235-XL,Burgundy Heeled Mule - XL,199.62,104,Footwear,A. Nord,06/09/2025
AB-ACC-03236-XL,Camel Twill Scarf,197.37,59,Accs,A. Nord,02/10/2024
AB-TOP-03237-S,Blush Tank Top,20.13,-3,top,Apparel Sol.,11/20/2025
AB-FOO-03238-L,Ivory Loafer,178.87,21,Ftwr,,05/07/2024
AB-FOO-03239-M,Indigo Heeled Mule,113.05,82,SHOES,FH Wholesale (old),11/01/2024
AB-OUT-03240-L,Burgundy Moto Jacket,168.94,86,Outr,A. Nord,07/14/2024
AB-DRE-03241-XS,Indigo Midi Dress - XS,$89.67,120,Dresses,FH Wholesale (old),04/13/2024
AB-BOT-03242-L,Ivory Midi Skirt - L,281.71,33,bottoms,,04/03/2025
AB-ACC-03243-XS,Ivory Leather Tote - XS,$68.61,37,Accessories,Textile World Co,10/09/2024
AB-TOP-03244-L,White V-Neck Sweater - L,199.15,115,top,Apparel Sol.,09/26/2024
AB-FOO-03245-XS,Emerald Ankle Boot,$62.66,75,Ftwr,Atelier Nord Studio,01/05/2024
AB-FOO-03246-XS,Blush Loafer - XS,100.83,103,SHOES,Apparel Solutions,04/02/2025
AB-FOO-03247-M,Black Low-Top Sneaker,275.52,108,Ftwr,Textile World,02/11/2025
AB-TOP-03248-S,Beige Turtleneck - S,24.45,46,Tops,Textile World,01/30/2026
AB-OUT-03249-XS,Cognac Puffer Vest - XS,$297.36,68,OUTER,Fashion Hub Ltd,07/01/2024
AB-ACC-03250-L,Camel Crossbody Bag - L,$39.64,139,ACC,Fashion Hub,01/01/2024
AB-ACC-03250-L,Came l Crossbody Bag - L,$39.64,139,ACC,Fashion Hub,01/01/2024
AB-TOP-03251-XS,Emerald Henley,252.23,19,Tshirts/Tops,Textile World Co,08/13/2024
AB-BOT-03252-M,Black Chino Pant,$316.15,74,bottoms,Fashion Hub Ltd,04/10/2025
AB-BOT-03253-L,Ivory Wide-Leg Trouser,$70.87,71,bottoms,A. Nord,07/28/2024
AB-FOO-03254-L,White Low-Top Sneaker,193.41,110,footwear,Textile World,01/14/2025
AB-BOT-03255-XL,Black Denim Short,$319.23,8,Pants/Bottoms,Textile World,11/07/2025
AB-OUT-03256-XS,Camel Wool Peacoat - XS,291.81,140,OUTER,Textile World Co,06/02/2024
AB-TOP-03257-XL,Burgundy Turtleneck,60.04,40,Tops,TW Co.,08/07/2025
AB-OUT-03258-XS,Cognac Trench Coat,318.88,30,outerwear,TW Co.,01/25/2026
AB-OUT-03259-XXL,Blush Trench Coat,$110.90,109,outerwear,FH Wholesale (old),08/08/2023
AB-BOT-03260-XXL,Indigo Midi Skirt,156.7,84,Pants/Bottoms,Atelier Nord Studio,11/22/2025
AB-BOT-03261-XL,Ivory Chino Pant,$121.77,52,Btms,Apparel Solutions,07/18/2025
AB-OUT-03262-XXL,Beige Wool Peacoat - XXL,26.01,0,Outerwear,Apparel Solutions,01/18/2025
AB-FOO-03263-XS,Camel Heeled Mule - XS,245.33,80,Ftwr,,12/10/2025
AB-OUT-03264-XS,Ivory Moto Jacket,226.22,27,Outr,Fashion Hub,01/04/2025
AB-OUT-03264-XS,Ivory Moto Jacke t,226.22,27,Outr,Fashion Hub,01/04/2025
AB-BOT-03265-S,Black Denim Short,254.75,95,Bottoms,TW Co.,10/26/2025
AB-DRE-03266-XS,Beige Midi Dress,$99.80,8,9,Apparel Sol.,06/03/2025
AB-BOT-03267-M,Ivory Wide-Leg Trouser,$97.78,44,9,TW Co.,11/13/2023
AB-BOT-03268-XS,Blush Wide-Leg Trouser,60.19,95,bottoms,Fashion Hub Ltd,06/16/2025
AB-DRE-03269-XS,Black Shift Dress,311.15,72,dress,TW Co.,05/06/2024
AB-ACC-03270-S,Black Statement Earrings - S,208.7,72,accessories,A. Nord,05/29/2025
AB-BOT-03271-S,Charcoal Denim Short - S,257.77,75,Btms,TW Co.,09/30/2025
AB-BOT-03272-XL,Ivory Chino Pant,57.96,137,Pants/Bottoms,A. Nord,12/31/2023
AB-DRE-03273-XXL,Burgundy Slip Dress - XXL,$53.67,68,Dresses,Textile World,06/14/2025
AB-BOT-03276-S,Indigo Chino Pant,153.0,79,bottoms,Fashion Hub Ltd,03/17/2025
AB-DRE-03277-XS,Ivory Shift Dress - XS,134.93,75,Dresses,Fashion Hub,08/27/2025
AB-TOP-03278-M,Emerald Turtleneck,201.67,46,top,Fashion Hub,12/20/2024
AB-OUT-03279-S,Burgundy Moto Jacket,167.56,59,OUTER,Fashion Hub Ltd,08/06/2025
AB-OUT-03280-M,Indigo Trench Coat,$114.96,130,Jackets/Outerwear,,06/15/2025
AB-OUT-03281-XS,Indigo Wool Peacoat,$206.02,108,OUTER,Textile World,11/12/2023
AB-OUT-03282-XS,Black Trench Coat,$214.28,136,Outerwear,Textile World Co,05/23/2024
AB-DRE-03283-XS,Camel Midi Dress,$73.75,27,Dresses,Textile World,01/10/2024
AB-DRE-03284-M,Charcoal Shirt Dress,20.96,24,dress,ApparelSolns,06/10/2024
AB-BOT-03285-XS,Ivory Linen Pant,111.27,9,Bottoms,Fashion Hub Ltd,03/28/2025
AB-OUT-03286-L,Beige Denim Jacket,94.47,32,Jackets/Outerwear,Textile World,06/08/2024
AB-ACC-03287-S,Camel Statement Earrings,300.84,128,accessories,TW Co.,03/07/2025
AB-BOT-03288-XXL,Camel Linen Pant - XXL,236.79,138,Pants/Bottoms,ApparelSolns,02/17/2026
AB-TOP-03289-XS,Burgundy Silk Blouse,256.38,123,Tops,Apparel Sol.,05/08/2025
AB-TOP-03290-XXL,Emerald Cardigan,264.92,50,top,Atelier Nord Studio,05/15/2024
AB-BOT-03291-XL,Ivory Midi Skirt,130.75,91,bottoms,Atelier Nord,05/25/2026
AB-FOO-03292-M,Ivory Ankle Boot,245.07,61,footwear,Atelier Nord Studio,11/03/2024
AB-DRE-03293-M,Cognac Wrap Dress,241.84,135,Dresses,ApparelSolns,07/10/2024
AB-ACC-03294-M,Ivory Wide-Brim Hat,233.69,122,accessories,Atelier Nord,05/07/2024
AB-FOO-03296-M,Blush Low-Top Sneaker,288.14,91,footwear,TW Co.,01/21/2026
AB-DRE-03297-L,Beige Wrap Dress,178.63,44,Dresses ,Textile World Co,05/10/2024
AB-DRE-03298-XL,White Wrap Dress - XL,$127.64,103,dress,TW Co.,02/24/2024
AB-DRE-03299-XL,Ivory Maxi Dress,$78.94,64,dress,A. Nord,11/07/2023
AB-ACC-03300-S,White Twill Scarf - S,92.65,70,Accs,TW Co.,09/12/2023
AB-DRE-03301-S,Beige Slip Dress,247.79,106,DRESS,FH Wholesale (old),10/13/2024
AB-BOT-03302-L,Burgundy Midi Skirt - L,56.76,102,BOTTOM,FH Wholesale (old),09/11/2023
AB-DRE-03303-XL,Black Shift Dress,$153.92,47,DRESS,,03/08/2024
AB-OUT-03304-XS,Tan Wool Peacoat,208.56,23,Outr,Fashion Hub,12/30/2023
AB-ACC-03305-S,Beige Twill Scarf,$146.91,51,Accs,Textile World Co,11/17/2024
AB-FOO-03306-S,Ivory Low-Top Sneaker - S,277.78,23,footwear,Apparel Sol.,09/14/2023
AB-FOO-03307-XS,Indigo Low-Top Sneaker,145.94,5,Footwear,Fashion Hub Ltd,05/01/2025
AB-BOT-03308-XXL,Emerald Chino Pant,116.72,72,bottoms,Fashion Hub,10/13/2024
AB-TOP-03309-L,Black Cardigan,$292.91,108,Tshirts/Tops,,05/27/2024
AB-BOT-03310-XXL,Cognac Linen Pant - XXL,19.31,83,bottoms,Apparel Sol.,05/18/2024
AB-OUT-03311-M,Charcoal Trench Coat,44.48,108,Outerwear,,07/31/2025
AB-BOT-03312-XXL,Charcoal Midi Skirt,81.25,42,BOTTOM,Fashion Hub Ltd,02/28/2026
AB-OUT-03313-XXL,Black Moto Jacket,111.35,23,Jackets/Outerwear,ApparelSolns,10/31/2024
AB-DRE-03314-XXL,Charcoal Midi Dress - XXL,138.42,84,dress,FH Wholesale (old),11/12/2025
AB-DRE-03315-S,Burgundy Wrap Dress,$70.90,114,dress,A. Nord,09/24/2025
AB-OUT-03316-L,Blush Puffer Vest - L,$286.13,9,outerwear,Atelier Nord Studio,10/30/2024
AB-ACC-03317-XL,Camel Leather Tote,75.98,11,Accessories,ApparelSolns,01/04/2026
AB-DRE-03318-L,White Maxi Dress - L,291.88,25,Drss,Apparel Solutions,02/22/2025
AB-FOO-03319-XS,Black Heeled Mule,$204.34,48,Shoes/Footwear,Atelier Nord Studio,04/13/2024
AB-DRE-03320-XS,Ivory Shirt Dress,105.15,63,Drss,Textile World,10/26/2024
AB-DRE-03321-XS,Camel Shift Dress,$71.40,68,DRESS,Atelier Nord Studio,08/27/2024
AB-TOP-03323-M,Blush Silk Blouse - M,$226.82,96,TOP,ApparelSolns,09/25/2025
AB-BOT-03324-XL,Cognac Chino Pant - XL,102.78,119,Bottoms,Fashion Hub,11/29/2023
AB-BOT-03325-XXL,Indigo Denim Short,$37.98,3,bottoms,ApparelSolns,12/15/2023
AB-FOO-03326-XL,Charcoal Ballet Flat - XL,197.3,80,N/A,Apparel Sol.,10/13/2024
AB-FOO-03328-XS,Black Loafer,161.49,15,,Textile World,05/06/2024
AB-ACC-03329-M,Black Crossbody Bag,$293.42,105,ACC,Atelier Nord Studio,10/05/2025
AB-TOP-03330-L,Charcoal Button-Up Shirt,100.77,117,Tops,Apparel Sol.,07/26/2023
AB-OUT-03331-XS,Indigo Blazer,$283.26,89,Outr,A. Nord,12/23/2025
AB-OUT-03331-XS,Indigo Blaze r,$283.26,89,Outr,A. Nord,12/23/2025
AB-OUT-03332-L,Indigo Wool Peacoat,231.71,99,Outr,Textile World,08/14/2025
AB-BOT-03333-XS,Cognac Chino Pant - XS,$229.35,22,bottoms,Apparel Sol.,03/02/2025
AB-DRE-03334-XL,Burgundy Slip Dress,303.96,38,Dresses,Fashion Hub,10/02/2024
AB-OUT-03335-XL,Ivory Blazer,$21.98,132,Jackets/Outerwear,Fashion Hub Ltd,06/10/2024
AB-DRE-03336-L,Burgundy Wrap Dress,$22.03,60,Dresses,A. Nord,12/01/2024
AB-OUT-03337-M,Black Denim Jacket - M,92.64,63,outerwear,Fashion Hub Ltd,11/13/2024
AB-DRE-03338-XL,Beige Maxi Dress,79.09,86,MISC,TW Co.,10/20/2024
AB-ACC-03339-S,Tan Crossbody Bag - S,263.32,120,Accs,FH Wholesale (old),12/12/2025
AB-TOP-03340-XXL,Ivory Silk Blouse,144.46,121,TOP,TW Co.,02/11/2025
AB-ACC-03341-XL,White Woven Belt,$274.63,115,Accs,Fashion Hub,03/07/2025
AB-ACC-03342-M,Indigo Wide-Brim Hat,165.67,84,Accessory,Textile World,09/30/2025
AB-FOO-03343-L,Indigo Ankle Boot,$203.83,52,Footwear,TW Co.,09/21/2024
AB-ACC-03344-XL,Burgundy Leather Tote - XL,309.4,6,Accessories,A. Nord,12/17/2025
AB-DRE-03345-XS,Blush Shirt Dress - XS,196.85,35,Drss,Apparel Sol.,04/26/2026
AB-TOP-03346-M,Black Henley,$259.91,19,TOPS,Atelier Nord Studio,03/31/2025
AB-OUT-03347-L,Burgundy Blazer,$144.73,52,Outerwear,Fashion Hub Ltd,11/29/2023
AB-TOP-03348-S,Indigo V-Neck Sweater - S,176.52,32,Tshirts/Tops,Fashion Hub Ltd,08/19/2025
AB-FOO-03349-XXL,White Loafer,$159.48,51,N/A,TW Co.,12/27/2024
AB-ACC-03350-S,Charcoal Woven Belt - S,42.73,-3,Accessory,A. Nord,02/14/2025
AB-OUT-03351-M,Beige Wool Peacoat,153.97,74,Outerwear,Textile World,03/11/2024
AB-TOP-03352-XXL,Burgundy Turtleneck,302.58,22,Tshirts/Tops,TW Co.,07/24/2025
AB-BOT-03353-XXL,Camel Pleated Skirt,$52.69,91,Btms,Fashion Hub,07/24/2025
AB-BOT-03353-XXL,Came l Pleated Skirt,$52.69,91,Btms,Fashion Hub,07/24/2025
AB-FOO-03354-L,Indigo Loafer,332.46,45,footwear,FH Wholesale (old),10/29/2023
AB-FOO-03355-L,Cognac Ballet Flat - L,18.95,66,footwear,Textile World Co,06/09/2025
AB-FOO-03356-S,Camel Low-Top Sneaker - S,$214.49,62,Shoes/Footwear,ApparelSolns,11/12/2025
AB-TOP-03357-XXL,Burgundy Silk Blouse - XXL,149.41,137,Tshirts/Tops,Fashion Hub Ltd,11/22/2023
AB-OUT-03358-XS,Cognac Denim Jacket,205.83,69,Outr,Atelier Nord Studio,06/10/2025
AB-BOT-03359-M,White Linen Pant - M,48.72,58,Bottoms,Fashion Hub,09/10/2025
AB-FOO-03360-S,Tan Espadrille,$125.91,51,Footwear,FH Wholesale (old),02/03/2025
AB-TOP-03361-XS,Emerald V-Neck Sweater,141.71,76,top,Textile World,10/13/2023
AB-OUT-03362-XS,Charcoal Moto Jacket,172.42,16,Outerwear,FH Wholesale (old),03/07/2025
AB-BOT-03363-XL,Ivory Chino Pant - XL,201.9,99,bottoms,Textile World Co,05/20/2025
AB-BOT-03364-M,Camel Linen Pant,251.02,12,Btms,Apparel Solutions,04/19/2025
AB-TOP-03365-XL,Ivory Henley,302.18,47,top,ApparelSolns,08/31/2025
AB-ACC-03366-M,Tan Crossbody Bag,$39.68,138,Accs,Fashion Hub,08/30/2023
AB-OUT-03368-S,Indigo Denim Jacket,$184.51,135,Outerwear,Fashion Hub,01/03/2024
AB-BOT-03370-M,Camel Linen Pant - M,88.14,97,bottoms,ApparelSolns,07/10/2025
AB-ACC-03371-M,Tan Leather Tote,320.34,124,Accessories,Apparel Sol.,11/04/2023
AB-TOP-03372-XXL,Black Silk Blouse,$253.64,26,TOPS,Apparel Solutions,08/14/2024
AB-BOT-03373-S,Blush Linen Pant,198.44,13,bottoms,Atelier Nord,03/05/2024
AB-BOT-03374-S,Blush Chino Pant,$71.54,68,bottoms,FH Wholesale (old),07/16/2025
AB-OUT-03375-XS,Burgundy Denim Jacket - XS,$195.12,114,Jackets/Outerwear,Textile World,05/13/2023
AB-BOT-03376-S,Camel Midi Skirt,117.75,66,bottoms,A. Nord,09/10/2023
AB-FOO-03378-M,Blush Heeled Mule,$320.54,102,,FH Wholesale (old),09/17/2025
AB-FOO-03378-M,Blush He eled Mule,$320.54,102,,FH Wholesale (old),09/17/2025
AB-ACC-03379-XL,Cognac Woven Belt,$53.02,111,accessories,TW Co.,10/11/2024
AB-BOT-03380-M,Blush Denim Short - M,$147.22,50,BOTTOM,A. Nord,01/20/2024
AB-BOT-03381-L,Black Chino Pant,256.24,135,Btms,Atelier Nord Studio,08/03/2024
AB-DRE-03382-S,White Slip Dress - S,190.46,111,dress,Apparel Sol.,12/19/2025
AB-ACC-03383-XXL,Ivory Leather Tote,$279.39,47,Accessory,,05/01/2025
AB-ACC-03383-XXL,Ivory Le ather Tote,$279.39,47,Accessory,,05/01/2025
AB-FOO-03384-S,Ivory Heeled Mule - S,$188.38,32,SHOES,Atelier Nord,06/20/2023
AB-OUT-03385-XS,Indigo Denim Jacket,$332.66,111,Outr,A. Nord,06/02/2024
AB-BOT-03387-XXL,Cognac Pleated Skirt,$277.31,114,Btms,Atelier Nord,04/21/2025
AB-FOO-03388-L,Burgundy Heeled Mule - L,202.88,95,footwear,A. Nord,01/19/2026
AB-OUT-03389-XS,Camel Moto Jacket,94.05,44,Outerwear,TW Co.,12/06/2023
AB-OUT-03389-XS,Came l Moto Jacket,94.05,44,Outerwear,TW Co.,12/06/2023
AB-FOO-03390-S,Beige Ballet Flat,120.75,142,Ftwr,FH Wholesale (old),02/01/2026
AB-TOP-03392-M,White Crewneck Tee - M,33.05,116,Tshirts/Tops,ApparelSolns,09/01/2024
AB-BOT-03393-XXL,Beige Midi Skirt,$322.42,79,Bottoms,FH Wholesale (old),01/19/2026
AB-ACC-03394-XS,Charcoal Statement Earrings,$232.56,18,Accs,Apparel Solutions,04/07/2024
AB-DRE-03395-S,Black Wrap Dress,112.08,139,dress,A. Nord,12/02/2024
AB-BOT-03396-XL,Beige Skinny Jean - XL,229.66,98,Pants/Bottoms,Atelier Nord Studio,06/17/2024
AB-BOT-03397-XXL,Tan Linen Pant,107.63,2,Bottoms,Textile World Co,04/26/2024
AB-FOO-03398-S,Tan Espadrille,$163.22,59,footwear,FH Wholesale (old),05/28/2024
AB-BOT-03399-L,Beige Skinny Jean - L,148.91,26,Pants/Bottoms,A. Nord,05/18/2025
AB-DRE-03400-L,Beige Slip Dress,295.05,139,dress,Textile World,10/14/2025
AB-DRE-03400-L,Be ige Slip Dress,295.05,139,dress,Textile World,10/14/2025
AB-TOP-03401-XL,Indigo Tank Top,295.46,17,top,TW Co.,11/16/2024
AB-ACC-03402-XXL,Charcoal Woven Belt,$148.44,107,accessories,FH Wholesale (old),12/15/2024
AB-TOP-03403-M,Beige Cardigan,57.01,83,Tops,A. Nord,11/29/2025
AB-BOT-03405-S,Tan Skinny Jean,218.86,80,bottoms,,11/04/2025
AB-OUT-03406-XS,Black Moto Jacket,$164.90,50,Outr,Atelier Nord Studio,02/22/2025
AB-BOT-03407-M,Emerald Skinny Jean,89.96,20,Btms,Fashion Hub Ltd,01/30/2026
AB-BOT-03409-S,Emerald Denim Short,161.08,48,9,TW Co.,04/03/2024
AB-ACC-03410-M,Camel Leather Tote,261.07,73,Accessories,ApparelSolns,05/28/2025
AB-FOO-03411-L,Camel Ankle Boot - L,23.97,136,Ftwr,A. Nord,12/30/2024
AB-BOT-03412-M,Charcoal Midi Skirt,$293.96,1,Btms,Fashion Hub Ltd,07/13/2025
AB-OUT-03413-XS,Blush Denim Jacket,259.59,8,outerwear,Fashion Hub Ltd,09/17/2025
AB-FOO-03414-L,White Ballet Flat,$311.95,42,footwear,Textile World,03/09/2026
AB-FOO-03415-XS,Blush Loafer,122.08,49,footwear,Apparel Solutions,05/13/2024
AB-TOP-03416-M,Cognac V-Neck Sweater - M,125.5,144,Tops,Fashion Hub Ltd,07/18/2025
AB-TOP-03417-L,Blush V-Neck Sweater,$105.85,100,TOP,Apparel Sol.,09/28/2025
AB-DRE-03418-XXL,Beige Midi Dress,290.39,7,Dresses ,FH Wholesale (old),06/21/2025
AB-OUT-03419-XS,Black Denim Jacket - XS,21.76,62,MISC,Apparel Solutions,02/11/2026
AB-TOP-03420-M,Blush Button-Up Shirt - M,185.3,4,Tshirts/Tops,,11/07/2025
AB-BOT-03421-XL,Burgundy Denim Short,$73.20,138,BOTTOM,,08/07/2023
AB-FOO-03423-XL,Cognac Ballet Flat,$217.79,71,Footwear,Atelier Nord,07/10/2025
AB-OUT-03425-XL,Ivory Wool Peacoat,$45.84,97,Outr,Apparel Solutions,06/10/2024
AB-ACC-03426-XL,Burgundy Crossbody Bag,$278.09,60,Accessories,TW Co.,08/23/2024
AB-ACC-03427-S,Ivory Crossbody Bag,307.24,119,Accessory,Fashion Hub,03/31/2024
AB-DRE-03428-XL,Cognac Wrap Dress,272.47,110,DRESS,Fashion Hub,02/15/2025
AB-TOP-03429-XL,Black Henley,32.64,30,Tshirts/Tops,Textile World,07/21/2025
AB-ACC-03430-XL,White Wide-Brim Hat,280.85,27,Accessory,ApparelSolns,08/18/2023
AB-BOT-03431-L,Ivory Linen Pant - L,53.33,85,Btms,Atelier Nord Studio,02/04/2025
AB-DRE-03432-XL,Blush Slip Dress,133.9,102,Dresses ,Fashion Hub Ltd,06/30/2024
AB-BOT-03433-XS,White Linen Pant,$30.08,121,Btms,Atelier Nord,03/28/2026
AB-ACC-03434-S,Ivory Statement Earrings,103.62,120,Accessories,Fashion Hub Ltd,07/24/2025
AB-TOP-03435-M,Emerald Henley - M,231.5,75,Tops,Apparel Sol.,03/29/2025
AB-ACC-03436-XL,Black Statement Earrings,303.36,50,Accessory,Textile World,01/03/2024
AB-OUT-03437-L,Camel Moto Jacket,$269.56,96,Outr,Fashion Hub,06/25/2025
AB-BOT-03438-L,Camel Denim Short - L,252.58,104,Bottoms,A. Nord,02/15/2024
AB-OUT-03439-M,Charcoal Trench Coat,304.33,93,outerwear,,02/05/2024
AB-TOP-03440-L,Burgundy Silk Blouse,235.37,77,TOP,Fashion Hub Ltd,05/27/2023
AB-BOT-03441-XL,Emerald Pleated Skirt,$17.63,98,Btms,Atelier Nord Studio,04/09/2025
AB-OUT-03442-XS,Blush Moto Jacket,93.43,87,Outr,Atelier Nord,07/16/2024
AB-BOT-03443-M,Black Chino Pant,$50.76,122,Btms,Fashion Hub,09/02/2025
AB-TOP-03445-XS,Ivory V-Neck Sweater,208.34,24,TOP,Textile World,01/04/2025
AB-BOT-03446-M,Beige Skinny Jean,63.78,51,Btms,Apparel Sol.,11/08/2025
AB-ACC-03448-XS,Indigo Leather Tote,217.47,131,9,FH Wholesale (old),09/23/2024
AB-TOP-03449-M,Emerald Silk Blouse - M,323.14,82,TOP,Atelier Nord,09/19/2024
AB-DRE-03450-S,Beige Shirt Dress - S,$118.77,72,Drss,FH Wholesale (old),09/24/2025
AB-DRE-03451-XL,Charcoal Shift Dress - XL,$52.79,13,dress,Fashion Hub,10/01/2025
AB-BOT-03453-M,Camel Pleated Skirt - M,311.24,40,Btms,Atelier Nord Studio,11/04/2025
AB-BOT-03454-M,Tan Denim Short,54.83,130,Btms,Textile World,10/27/2023
AB-DRE-03455-L,Indigo Shirt Dress,89.7,116,Dresses,Fashion Hub Ltd,02/01/2024
AB-OUT-03456-XL,Camel Trench Coat - XL,$27.44,9,Outr,Atelier Nord Studio,05/12/2024
AB-OUT-03457-L,Ivory Blazer,21.85,50,OUTER,A. Nord,12/25/2024
AB-TOP-03458-M,Cognac Tank Top,$39.72,50,Tshirts/Tops,Fashion Hub,11/02/2025
AB-TOP-03459-S,Emerald V-Neck Sweater - S,$134.32,23,TOPS,Fashion Hub,07/06/2024
AB-OUT-03460-XL,Blush Moto Jacket,$186.80,95,outerwear,A. Nord,03/26/2024
AB-BOT-03461-XS,Camel Pleated Skirt,$87.11,83,bottoms,Textile World,08/08/2024
AB-TOP-03463-L,Burgundy Tank Top - L,115.48,123,Tops,Fashion Hub Ltd,09/13/2023
AB-FOO-03464-XXL,White Espadrille - XXL,141.82,84,Ftwr,Atelier Nord,09/22/2025
AB-ACC-03465-S,Beige Crossbody Bag,116.78,31,Accs,Atelier Nord Studio,03/17/2025
AB-BOT-03466-XXL,Blush Wide-Leg Trouser,99.65,117,Btms,A. Nord,02/08/2025
AB-FOO-03467-XXL,Blush Ankle Boot - XXL,31.79,37,Ftwr,Atelier Nord,03/05/2024
AB-ACC-03468-L,Emerald Statement Earrings - L,182.46,62,Accessory,FH Wholesale (old),10/01/2025
AB-OUT-03470-S,Charcoal Trench Coat,$233.13,112,Outr,Textile World Co,03/12/2024
AB-ACC-03471-XL,Charcoal Leather Tote - XL,96.42,-1,accessories,A. Nord,12/17/2023
AB-FOO-03472-S,Blush Low-Top Sneaker,$261.82,103,Footwear,Textile World Co,07/24/2024
AB-FOO-03473-S,Tan Loafer - S,67.21,127,Footwear,Apparel Solutions,03/24/2024
AB-FOO-03474-S,Ivory Espadrille - S,$225.83,-3,Footwear,Apparel Sol.,10/25/2023
AB-BOT-03475-XS,Ivory Linen Pant - XS,$89.92,-3,BOTTOM,Fashion Hub Ltd,11/14/2023
AB-OUT-03476-S,Charcoal Puffer Vest,$194.38,75,Jackets/Outerwear,,04/16/2024
AB-BOT-03477-XXL,Emerald Pleated Skirt,$191.78,134,Bottoms,,04/26/2024
AB-FOO-03478-L,Tan Ankle Boot,281.3,21,Footwear,Apparel Solutions,08/13/2024
AB-DRE-03479-S,Blush Shirt Dress,$33.39,113,Dresses ,A. Nord,08/18/2024
AB-OUT-03480-XL,Burgundy Puffer Vest,76.32,58,Jackets/Outerwear,Fashion Hub,10/06/2023
AB-TOP-03481-L,Burgundy Crewneck Tee,318.68,54,TOPS,Apparel Solutions,09/18/2025
AB-BOT-03482-XXL,Indigo Wide-Leg Trouser,$283.38,126,BOTTOM,Textile World Co,03/02/2025
AB-OUT-03483-S,Charcoal Denim Jacket,144.51,129,Outr,Fashion Hub,09/03/2025
AB-TOP-03484-M,Indigo Cardigan,27.37,123,Tops,A. Nord,07/30/2023
AB-BOT-03485-XS,Blush Denim Short,125.88,8,Pants/Bottoms,TW Co.,05/06/2024
AB-FOO-03486-XL,Ivory Ballet Flat,59.01,73,Ftwr,ApparelSolns,03/23/2024
AB-ACC-03487-L,Tan Twill Scarf,$236.73,30,Accessories,Apparel Solutions,12/04/2024
AB-DRE-03488-XXL,Tan Wrap Dress,$151.69,93,Drss,Atelier Nord Studio,05/10/2025
AB-BOT-03489-L,Emerald Chino Pant,$135.37,0,Bottoms,Textile World,12/05/2025
AB-OUT-03490-XS,Black Trench Coat - XS,234.38,48,Outerwear,Textile World,12/09/2025
AB-FOO-03491-XXL,Blush Espadrille - XXL,$281.68,67,Ftwr,Atelier Nord Studio,02/15/2025
AB-ACC-03492-XL,Camel Twill Scarf,104.38,123,Accessories,A. Nord,05/04/2025
AB-FOO-03493-XL,White Low-Top Sneaker,$311.47,124,Shoes/Footwear,Textile World,08/02/2025
AB-FOO-03494-M,Burgundy Loafer,$94.85,129,Footwear,Fashion Hub Ltd,02/14/2025
AB-TOP-03495-XS,Blush Tank Top - XS,212.81,53,Tshirts/Tops,Apparel Solutions,12/09/2023
AB-OUT-03496-S,Camel Denim Jacket,$56.49,63,Outerwear,TW Co.,08/10/2025
AB-DRE-03497-S,White Maxi Dress,$66.15,129,DRESS,FH Wholesale (old),04/23/2025
AB-DRE-03499-XS,Camel Midi Dress,$226.33,58,DRESS,Fashion Hub,06/15/2025
AB-OUT-03500-XXL,Burgundy Denim Jacket - XXL,54.55,49,Outerwear,,01/06/2026
AB-FOO-03501-M,Burgundy Loafer,113.78,50,footwear,A. Nord,07/21/2024
AB-OUT-03502-XXL,Emerald Blazer - XXL,36.78,131,Outr,Atelier Nord Studio,01/08/2026
AB-FOO-03503-S,Ivory Loafer,164.74,139,Shoes/Footwear,TW Co.,08/05/2025
AB-OUT-03504-XXL,Blush Moto Jacket,38.92,119,Outr,ApparelSolns,09/22/2023
AB-OUT-03505-XXL,White Blazer,$229.68,65,Outerwear,Textile World,07/29/2025
AB-ACC-03506-M,Indigo Woven Belt - M,$241.38,137,Accessories,Atelier Nord Studio,11/15/2025
AB-DRE-03507-XXL,Black Maxi Dress - XXL,$173.79,128,Drss,Apparel Solutions,08/07/2025
AB-DRE-03508-S,Indigo Slip Dress - S,338.22,113,DRESS,Textile World Co,03/18/2024
AB-BOT-03509-XS,White Chino Pant - XS,193.75,36,MISC,FH Wholesale (old),11/25/2024
AB-TOP-03510-S,Indigo Cardigan,$48.11,82,Tops,Fashion Hub,06/24/2024
AB-DRE-03511-XXL,Emerald Shirt Dress,303.47,84,DRESS,Atelier Nord,12/06/2024
AB-ACC-03512-M,Indigo Wide-Brim Hat,$245.20,91,accessories,Apparel Solutions,04/27/2025
AB-DRE-03513-M,Ivory Wrap Dress - M,154.41,1,Dresses ,,06/07/2023
AB-TOP-03514-L,Cognac Cardigan,171.82,116,Tshirts/Tops,Apparel Solutions,09/05/2025
AB-FOO-03515-XXL,Camel Low-Top Sneaker - XXL,141.43,106,footwear,FH Wholesale (old),10/19/2024
AB-DRE-03516-XS,Blush Shift Dress,$67.36,65,Drss,Textile World,05/20/2026
AB-DRE-03517-XL,White Shift Dress - XL,268.64,1,DRESS,Atelier Nord,11/27/2023
AB-BOT-03518-L,Cognac Wide-Leg Trouser,23.47,59,bottoms,A. Nord,12/02/2025
AB-DRE-03519-XXL,Black Maxi Dress - XXL,$159.00,62,DRESS,Fashion Hub,06/28/2024
AB-BOT-03520-M,Beige Skinny Jean - M,62.83,54,Bottoms,Apparel Sol.,02/27/2025
AB-ACC-03521-S,Black Crossbody Bag,254.79,85,Accs,Fashion Hub Ltd,11/07/2025
AB-TOP-03522-XL,Black Turtleneck,$227.55,53,top,Apparel Sol.,06/30/2024
AB-ACC-03523-XL,Black Wide-Brim Hat,197.83,121,,A. Nord,04/02/2025
AB-OUT-03524-S,Emerald Puffer Vest,$127.27,39,Outerwear,ApparelSolns,04/10/2025
AB-DRE-03525-M,Charcoal Wrap Dress,$199.56,134,Drss,Atelier Nord,08/13/2023
AB-DRE-03526-L,Black Shift Dress,$121.60,96,Dresses ,Textile World,07/12/2025
AB-DRE-03526-L,Black Shift Dre ss,$121.60,96,Dresses ,Textile World,07/12/2025
AB-ACC-03527-XL,Camel Crossbody Bag,199.3,127,Accs,,02/27/2025
AB-ACC-03527-XL,Came l Crossbody Bag,199.3,127,Accs,,02/27/2025
AB-ACC-03528-M,Beige Leather Tote,$315.67,128,Accessories,,09/11/2023
AB-BOT-03529-XS,Indigo Linen Pant - XS,$241.34,64,bottoms,TW Co.,07/23/2024
AB-BOT-03530-S,Black Linen Pant,$124.13,135,Bottoms,Fashion Hub Ltd,01/14/2025
AB-BOT-03531-M,Cognac Pleated Skirt - M,156.51,79,bottoms,Fashion Hub Ltd,02/21/2024
AB-TOP-03532-XL,White Turtleneck,$218.81,120,TOP,Atelier Nord Studio,05/27/2024
AB-TOP-03532-XL,White  Turtleneck,$218.81,120,TOP,Atelier Nord Studio,05/27/2024
AB-FOO-03533-M,Emerald Heeled Mule,$322.48,29,footwear,Apparel Solutions,05/19/2025
AB-DRE-03534-L,Cognac Wrap Dress - L,$304.98,133,DRESS,ApparelSolns,07/31/2025
AB-BOT-03535-XL,Black Wide-Leg Trouser,258.61,81,Btms,,03/15/2026
AB-ACC-03536-XXL,Indigo Wide-Brim Hat - XXL,$48.00,95,Accessory,Apparel Solutions,04/06/2024
AB-BOT-03537-S,Charcoal Linen Pant,28.24,92,Pants/Bottoms,A. Nord,05/14/2025
AB-FOO-03538-XL,Burgundy Heeled Mule,$71.12,107,footwear,Apparel Solutions,12/21/2025
AB-OUT-03539-S,Cognac Wool Peacoat,251.03,125,Outerwear,FH Wholesale (old),06/29/2024
AB-ACC-03540-L,Indigo Twill Scarf,$276.34,54,Accessory,,07/11/2025
AB-ACC-03541-M,White Statement Earrings,327.73,135,ACC,Fashion Hub,10/07/2025
AB-TOP-03542-XL,Cognac Henley,$100.55,37,TOPS,,11/15/2024
AB-DRE-03543-M,Beige Shift Dress,208.03,5,DRESS,A. Nord,10/10/2024
AB-BOT-03544-L,Ivory Wide-Leg Trouser,92.21,110,bottoms,TW Co.,10/02/2023
AB-OUT-03545-XL,Cognac Puffer Vest,$345.51,43,Jackets/Outerwear,Fashion Hub Ltd,06/12/2024
AB-OUT-03546-XS,Beige Blazer - XS,$226.55,109,outerwear,FH Wholesale (old),09/24/2024
AB-OUT-03546-XS,Be ige Blazer - XS,$226.55,109,outerwear,FH Wholesale (old),09/24/2024
AB-DRE-03547-XXL,Cognac Shirt Dress,34.08,71,dress,Atelier Nord,01/30/2026
AB-OUT-03548-M,Beige Denim Jacket,38.8,113,Outerwear,Apparel Sol.,10/11/2024
AB-OUT-03549-S,Blush Wool Peacoat - S,307.6,139,Jackets/Outerwear,,12/22/2024
AB-FOO-03550-L,Black Espadrille,158.55,16,Footwear,Textile World,10/04/2024
AB-FOO-03551-L,Blush Ankle Boot,$183.92,77,Ftwr,Fashion Hub,10/09/2024
AB-FOO-03552-XXL,Burgundy Loafer - XXL,69.35,140,SHOES,Atelier Nord,04/30/2024
AB-FOO-03553-XL,Cognac Ballet Flat - XL,141.05,134,Footwear,Atelier Nord Studio,07/17/2023
AB-OUT-03555-S,White Blazer - S,$315.34,-3,Outr,FH Wholesale (old),06/29/2025
AB-DRE-03556-XL,White Shirt Dress - XL,59.68,138,MISC,Fashion Hub Ltd,12/16/2024
AB-ACC-03557-XS,Tan Crossbody Bag - XS,$255.84,6,Accessories,TW Co.,10/06/2025
AB-FOO-03559-L,Charcoal Low-Top Sneaker - L,200.47,22,Footwear,Textile World,07/21/2024
AB-FOO-03560-S,Charcoal Loafer,318.67,130,,ApparelSolns,10/03/2025
AB-OUT-03561-XL,Camel Blazer - XL,$276.91,69,OUTER,Atelier Nord Studio,12/05/2025
AB-DRE-03562-L,Indigo Wrap Dress,$170.52,109,DRESS,Apparel Sol.,05/26/2026
AB-FOO-03563-S,Charcoal Espadrille,$121.55,119,Footwear,Apparel Solutions,09/24/2023
AB-OUT-03564-XXL,Charcoal Denim Jacket,250.06,70,outerwear,Fashion Hub Ltd,01/24/2024
AB-DRE-03565-XXL,Blush Shift Dress - XXL,$220.25,81,9,FH Wholesale (old),02/19/2025
AB-ACC-03566-S,Blush Twill Scarf,$195.63,61,accessories,Fashion Hub,02/09/2025
AB-DRE-03567-M,Camel Shirt Dress,115.82,138,Drss,Fashion Hub,11/09/2024
AB-BOT-03568-M,White Skinny Jean,112.54,123,bottoms,Fashion Hub,12/17/2023
AB-ACC-03569-S,White Statement Earrings,330.28,82,accessories,TW Co.,03/17/2026
AB-ACC-03569-S,White  Statement Earrings,330.28,82,accessories,TW Co.,03/17/2026
AB-TOP-03570-XL,Indigo Turtleneck,53.85,100,TOPS,A. Nord,09/18/2025
AB-FOO-03571-XXL,White Loafer - XXL,$197.61,112,SHOES,FH Wholesale (old),04/29/2026
AB-OUT-03572-XL,Emerald Puffer Vest,$250.44,45,Outerwear,FH Wholesale (old),07/05/2024
AB-ACC-03573-M,Tan Woven Belt - M,$146.33,74,Accessory,Apparel Sol.,05/14/2024
AB-OUT-03574-M,Beige Denim Jacket,$295.13,59,OUTER,Fashion Hub Ltd,03/24/2026
AB-OUT-03575-M,Indigo Blazer,39.59,55,outerwear,Fashion Hub,05/17/2024
AB-FOO-03576-S,Emerald Ballet Flat,154.69,56,Shoes/Footwear,Atelier Nord Studio,10/31/2025
AB-TOP-03577-L,Beige Tank Top,$144.86,41,N/A,Apparel Solutions,07/15/2025
AB-ACC-03578-XXL,Ivory Statement Earrings,$88.57,130,Accessory,Atelier Nord Studio,01/11/2025
AB-FOO-03579-XXL,Charcoal Espadrille,$55.49,22,Footwear,,05/14/2024
AB-FOO-03580-XXL,Burgundy Ballet Flat - XXL,$229.57,58,Shoes/Footwear,Apparel Solutions,05/08/2024
AB-BOT-03581-L,White Pleated Skirt - L,$38.61,88,Bottoms,ApparelSolns,05/27/2025
AB-BOT-03583-L,Camel Pleated Skirt - L,224.68,107,MISC,,06/28/2024
AB-ACC-03584-XXL,Blush Twill Scarf,$182.22,14,accessories,Apparel Sol.,02/13/2025
AB-DRE-03586-S,Ivory Wrap Dress - S,171.44,24,MISC,FH Wholesale (old),07/21/2024
AB-FOO-03587-XXL,White Loafer,$310.64,33,footwear,ApparelSolns,02/06/2024
AB-DRE-03588-L,Tan Shift Dress - L,$227.32,26,Dresses,Atelier Nord,06/16/2025
AB-FOO-03589-S,Cognac Ballet Flat,273.02,73,Shoes/Footwear,A. Nord,11/23/2023
AB-ACC-03590-XXL,Beige Leather Tote - XXL,177.45,73,Accessory,TW Co.,08/18/2025
AB-ACC-03591-XS,Charcoal Leather Tote - XS,$148.97,89,Accessory,TW Co.,01/04/2026
AB-TOP-03592-S,Burgundy Cardigan - S,203.22,54,Tshirts/Tops,Fashion Hub Ltd,07/19/2024
AB-OUT-03593-XS,Emerald Denim Jacket - XS,319.75,105,Outr,Atelier Nord Studio,11/28/2024
AB-TOP-03594-M,Ivory Crewneck Tee,282.75,66,TOPS,A. Nord,12/10/2023
AB-TOP-03595-S,Ivory Silk Blouse - S,$99.02,139,TOPS,Textile World,08/25/2023
AB-TOP-03596-L,Burgundy Turtleneck - L,186.5,107,TOPS,A. Nord,03/26/2025
AB-DRE-03597-XS,Burgundy Slip Dress - XS,$171.67,115,DRESS,FH Wholesale (old),09/20/2025
AB-TOP-03598-XXL,Ivory Tank Top,$101.80,111,top,Apparel Solutions,03/27/2024
AB-DRE-03599-XL,Black Shift Dress,$73.19,95,Dresses ,TW Co.,08/27/2023
AB-OUT-03600-M,Indigo Wool Peacoat - M,264.31,46,Outerwear,Atelier Nord Studio,05/26/2026
AB-OUT-03601-XL,White Moto Jacket - XL,95.62,32,Outr,A. Nord,09/24/2024
AB-BOT-03602-XL,Beige Skinny Jean,254.52,97,Btms,ApparelSolns,04/18/2025
AB-ACC-03603-XL,Blush Woven Belt,$207.52,136,Accs,Textile World Co,08/22/2025
AB-OUT-03604-XS,Camel Denim Jacket - XS,213.07,6,Outr,Apparel Solutions,07/13/2024
AB-FOO-03605-S,Black Ballet Flat - S,121.67,53,Ftwr,ApparelSolns,11/22/2025
AB-DRE-03606-M,Tan Shift Dress,$144.26,34,Dresses ,Atelier Nord Studio,06/12/2025
AB-FOO-03607-XS,Beige Low-Top Sneaker - XS,$163.41,64,Ftwr,ApparelSolns,06/25/2024
AB-TOP-03608-M,Blush Button-Up Shirt,$251.95,9,TOPS,Atelier Nord,09/02/2024
AB-ACC-03609-XL,Camel Crossbody Bag - XL,68.8,23,Accessory,TW Co.,01/27/2024
AB-DRE-03610-L,Beige Shirt Dress,$178.65,81,dress,Atelier Nord Studio,02/11/2024
AB-TOP-03611-XS,Burgundy Silk Blouse,$22.95,91,TOP,Apparel Solutions,06/08/2024
AB-BOT-03612-XXL,Emerald Chino Pant,146.48,131,Pants/Bottoms,Atelier Nord Studio,02/29/2024
AB-TOP-03613-XS,Cognac Tank Top - XS,48.08,137,TOPS,FH Wholesale (old),09/18/2024
AB-BOT-03614-S,Camel Skinny Jean,$116.04,6,bottoms,FH Wholesale (old),07/03/2024
AB-BOT-03614-S,Came l Skinny Jean,$116.04,6,bottoms,FH Wholesale (old),07/03/2024
AB-BOT-03615-XL,Emerald Chino Pant,67.39,26,bottoms,Atelier Nord,11/02/2025
AB-TOP-03616-XS,Cognac Henley,45.2,103,Tops,A. Nord,07/12/2025
AB-FOO-03617-M,Indigo Ballet Flat,$128.28,116,Ftwr,Textile World,12/14/2025
AB-TOP-03618-XL,Tan Cardigan,65.83,109,TOPS,Fashion Hub,01/01/2026
AB-FOO-03619-S,Charcoal Espadrille,$128.01,67,Ftwr,Fashion Hub,12/27/2023
AB-ACC-03620-XS,Charcoal Statement Earrings,26.05,47,Accessory,A. Nord,02/06/2024
AB-TOP-03622-S,Ivory Tank Top,234.45,24,top,,07/07/2024
AB-BOT-03623-L,Indigo Skinny Jean,31.84,80,Btms,A. Nord,12/08/2023
AB-DRE-03624-XL,Burgundy Shift Dress - XL,24.41,102,DRESS,Textile World,09/19/2024
AB-BOT-03625-XL,Burgundy Wide-Leg Trouser - XL,55.52,34,BOTTOM,,10/09/2024
AB-TOP-03626-S,Blush Crewneck Tee,69.99,45,top,TW Co.,10/07/2023
AB-DRE-03627-XXL,Ivory Maxi Dress,46.88,9,Drss,Fashion Hub,12/11/2025
AB-TOP-03628-M,Charcoal V-Neck Sweater,$80.34,25,Tops,ApparelSolns,05/09/2024
AB-BOT-03629-M,Ivory Linen Pant,173.76,29,bottoms,Textile World,02/28/2026
AB-BOT-03630-XXL,Charcoal Wide-Leg Trouser - XXL,$115.43,105,Btms,Apparel Solutions,09/26/2025
AB-DRE-03631-S,Ivory Shift Dress,74.45,102,dress,,03/14/2024
AB-DRE-03632-L,Emerald Slip Dress,$68.63,131,dress,Fashion Hub Ltd,09/13/2024
AB-OUT-03633-S,Camel Trench Coat,215.11,79,Jackets/Outerwear,Fashion Hub,09/09/2024
AB-OUT-03633-S,Came l Trench Coat,215.11,79,Jackets/Outerwear,Fashion Hub,09/09/2024
AB-OUT-03634-XXL,Tan Denim Jacket - XXL,202.1,62,Jackets/Outerwear,Atelier Nord,07/02/2024
AB-ACC-03635-XXL,Cognac Wide-Brim Hat - XXL,$68.20,120,,ApparelSolns,01/08/2026
AB-BOT-03636-XS,Indigo Pleated Skirt,226.24,98,bottoms,ApparelSolns,12/05/2024
AB-DRE-03637-XS,Beige Shift Dress,$162.49,99,Dresses ,Apparel Solutions,11/17/2023
AB-DRE-03638-XL,Tan Midi Dress - XL,$205.12,106,Dresses ,FH Wholesale (old),02/19/2025
AB-DRE-03639-L,Camel Wrap Dress - L,85.06,103,Dresses ,Apparel Solutions,10/19/2025
AB-DRE-03639-L,Came l Wrap Dress - L,85.06,103,Dresses ,Apparel Solutions,10/19/2025
AB-FOO-03640-S,Blush Espadrille,$286.56,69,Ftwr,Apparel Solutions,01/13/2026
AB-OUT-03641-M,Burgundy Denim Jacket - M,$120.33,116,Outr,Textile World Co,11/19/2023
AB-ACC-03642-M,Cognac Wide-Brim Hat,68.33,37,ACC,Textile World,01/18/2026
AB-ACC-03643-XL,Emerald Crossbody Bag - XL,106.38,86,Accessories,,01/27/2025
AB-TOP-03644-L,Tan Silk Blouse,$307.21,153,TOPS,,02/24/2024
AB-DRE-03645-XXL,Charcoal Shift Dress - XXL,$126.92,84,Dresses,Apparel Solutions,01/17/2025
AB-ACC-03646-XXL,Charcoal Crossbody Bag,$148.75,25,accessories,Fashion Hub,09/17/2024
AB-ACC-03647-M,Ivory Wide-Brim Hat,192.72,60,ACC,A. Nord,07/21/2025
AB-FOO-03648-XS,Tan Loafer - XS,47.18,49,Shoes/Footwear,Atelier Nord,05/26/2025
AB-FOO-03649-L,White Ankle Boot,227.79,12,SHOES,TW Co.,12/03/2023
AB-BOT-03650-S,Emerald Skinny Jean,$53.78,4,MISC,Atelier Nord Studio,01/03/2025
AB-ACC-03651-XS,Black Leather Tote,180.24,108,Accessory,Apparel Solutions,10/09/2025
AB-OUT-03652-XS,Burgundy Puffer Vest,135.28,70,Outr,Textile World,04/21/2025
AB-BOT-03653-XS,Ivory Skinny Jean,138.72,55,BOTTOM,Apparel Solutions,05/01/2025
AB-DRE-03654-S,Indigo Maxi Dress - S,$193.86,32,DRESS,ApparelSolns,09/23/2025
AB-FOO-03655-L,Ivory Espadrille,125.14,103,SHOES,ApparelSolns,03/08/2024
AB-BOT-03656-L,White Denim Short - L,$232.31,76,BOTTOM,Textile World,08/14/2023
AB-BOT-03657-M,Beige Chino Pant,$342.72,28,Btms,FH Wholesale (old),04/10/2024
AB-ACC-03658-L,Burgundy Crossbody Bag,189.18,22,Accs,Apparel Solutions,09/02/2025
AB-OUT-03659-XS,Tan Denim Jacket - XS,227.04,140,outerwear,Atelier Nord,02/27/2024
AB-BOT-03660-XL,Charcoal Pleated Skirt - XL,28.18,99,Pants/Bottoms,FH Wholesale (old),10/18/2023
AB-BOT-03661-XS,Beige Pleated Skirt - XS,$126.13,49,bottoms,FH Wholesale (old),03/29/2025
AB-FOO-03662-XL,Burgundy Ballet Flat,274.0,20,Shoes/Footwear,FH Wholesale (old),02/14/2024
AB-BOT-03663-M,Camel Wide-Leg Trouser - M,$143.85,95,Pants/Bottoms,Textile World Co,02/22/2026
AB-OUT-03664-XXL,Charcoal Blazer,$177.56,34,Jackets/Outerwear,ApparelSolns,05/29/2024
AB-TOP-03665-XXL,White Button-Up Shirt,303.74,111,top,Fashion Hub Ltd,04/20/2025
AB-FOO-03666-XS,Black Low-Top Sneaker - XS,296.87,23,Shoes/Footwear,ApparelSolns,09/10/2023
AB-OUT-03667-XL,Camel Moto Jacket,225.07,12,Outerwear,Fashion Hub Ltd,04/19/2026
AB-DRE-03668-XS,Ivory Shirt Dress,$177.77,106,DRESS,Textile World Co,04/25/2026
AB-OUT-03669-XL,Indigo Moto Jacket - XL,238.81,18,OUTER,FH Wholesale (old),05/20/2026
AB-FOO-03670-S,Black Loafer,$61.75,51,Ftwr,ApparelSolns,06/18/2024
AB-FOO-03671-M,Blush Espadrille,264.99,15,Shoes/Footwear,Apparel Solutions,07/13/2024
AB-DRE-03672-L,White Midi Dress,251.11,24,Dresses ,FH Wholesale (old),10/07/2024
AB-FOO-03673-XL,Charcoal Ankle Boot - XL,$32.52,82,Shoes/Footwear,Atelier Nord,01/11/2026
AB-OUT-03674-XS,Burgundy Moto Jacket,56.4,34,Jackets/Outerwear,Atelier Nord,07/30/2025
AB-ACC-03675-XXL,Beige Twill Scarf - XXL,264.79,4,ACC,ApparelSolns,05/13/2024
AB-ACC-03675-XXL,Be ige Twill Scarf - XXL,264.79,4,ACC,ApparelSolns,05/13/2024
AB-DRE-03676-XS,Tan Maxi Dress - XS,314.97,134,dress,Textile World Co,05/29/2025
AB-ACC-03677-XS,Camel Twill Scarf,54.91,138,Accessory,Fashion Hub Ltd,01/07/2025
AB-ACC-03678-S,Blush Woven Belt,304.69,19,Accessory,A. Nord,11/27/2025
AB-FOO-03679-L,Indigo Low-Top Sneaker,$167.53,75,Footwear,Apparel Solutions,10/22/2025
AB-ACC-03681-XL,Camel Crossbody Bag,$234.94,96,accessories,Fashion Hub,12/09/2023
AB-FOO-03682-S,Ivory Ballet Flat,53.41,75,SHOES,TW Co.,02/14/2026
AB-TOP-03683-S,Burgundy V-Neck Sweater,296.05,55,TOPS,FH Wholesale (old),09/01/2024
AB-TOP-03684-XXL,Beige Cardigan,319.61,61,Tshirts/Tops,A. Nord,09/30/2024
AB-TOP-03685-M,Cognac Cardigan - M,$120.56,82,top,Apparel Solutions,12/18/2023
AB-OUT-03687-XXL,White Blazer - XXL,$184.57,70,outerwear,,02/11/2025
AB-FOO-03688-L,Indigo Ballet Flat - L,168.81,56,Ftwr,ApparelSolns,01/11/2024
AB-TOP-03689-XL,White Tank Top,$157.95,89,TOP,ApparelSolns,05/29/2025
AB-OUT-03690-M,Blush Trench Coat - M,277.51,47,outerwear,Apparel Solutions,03/31/2025
AB-ACC-03691-L,White Statement Earrings - L,$135.01,34,ACC,Textile World Co,12/17/2025
AB-ACC-03692-M,Indigo Woven Belt,$95.73,2,Accessories,Fashion Hub Ltd,03/20/2025
AB-TOP-03693-M,White Crewneck Tee,47.96,46,Tshirts/Tops,Apparel Sol.,09/14/2023
AB-OUT-03694-L,Tan Puffer Vest - L,$91.00,131,Jackets/Outerwear,Textile World,10/11/2024
AB-TOP-03695-XXL,Black Crewneck Tee,141.6,15,Tshirts/Tops,Atelier Nord Studio,06/23/2025
AB-DRE-03696-S,Emerald Wrap Dress,19.31,104,Drss,TW Co.,11/01/2023
AB-BOT-03697-XS,Burgundy Denim Short,114.35,41,Btms,FH Wholesale (old),11/23/2023
AB-BOT-03698-S,Cognac Wide-Leg Trouser - S,71.21,39,bottoms,Textile World Co,05/02/2024
AB-BOT-03698-S,Cognac Wide -Leg Trouser - S,71.21,39,bottoms,Textile World Co,05/02/2024
AB-TOP-03699-M,Emerald Button-Up Shirt,169.3,85,Tops,Textile World,06/18/2025
AB-FOO-03700-XS,Camel Loafer,100.83,9,Ftwr,Fashion Hub,05/21/2025
AB-FOO-03701-XL,Emerald Ballet Flat - XL,90.22,11,Footwear,Fashion Hub,09/04/2025
AB-TOP-03702-XXL,Blush Turtleneck,275.08,90,TOP,FH Wholesale (old),05/28/2024
AB-TOP-03702-XXL,Blush Turtle neck,275.08,90,TOP,FH Wholesale (old),05/28/2024
AB-DRE-03703-S,Ivory Maxi Dress,$297.80,1,dress,Textile World,02/22/2026
AB-OUT-03704-XXL,White Wool Peacoat,308.98,10,Jackets/Outerwear,Apparel Sol.,09/01/2025
AB-TOP-03706-XS,Camel Crewneck Tee - XS,290.0,84,top,Apparel Solutions,05/04/2024
AB-DRE-03707-M,Beige Wrap Dress,274.53,119,Dresses ,TW Co.,12/21/2025
AB-TOP-03708-L,Camel Button-Up Shirt,255.54,73,TOP,Atelier Nord,12/03/2025
AB-ACC-03709-XS,Cognac Leather Tote,43.38,130,Accs,TW Co.,05/17/2025
AB-FOO-03710-XS,Charcoal Loafer,$83.42,103,SHOES,A. Nord,01/29/2025
AB-FOO-03711-XS,Burgundy Espadrille,$157.68,29,Ftwr,Textile World Co,07/18/2025
AB-BOT-03712-XXL,Charcoal Skinny Jean,90.5,61,Btms,,01/10/2026
AB-ACC-03713-XL,Beige Crossbody Bag,$105.59,85,Accessory,Fashion Hub Ltd,03/30/2025
AB-DRE-03714-M,Emerald Shift Dress - M,221.05,-3,Drss,ApparelSolns,05/30/2025
AB-DRE-03715-XXL,Beige Midi Dress,$273.27,110,DRESS,Fashion Hub Ltd,05/23/2025
AB-ACC-03716-M,Burgundy Twill Scarf - M,281.67,133,Accs,Apparel Sol.,04/17/2025
AB-FOO-03717-L,Black Heeled Mule,232.26,86,Footwear,Fashion Hub Ltd,08/21/2024
AB-OUT-03718-S,Charcoal Denim Jacket,$242.72,95,outerwear,Atelier Nord Studio,09/13/2024
AB-TOP-03719-M,Indigo V-Neck Sweater - M,155.54,22,top,Textile World,02/08/2024
AB-OUT-03720-XS,Cognac Blazer - XS,192.72,14,Outr,Apparel Sol.,10/28/2023
AB-DRE-03721-XS,Tan Midi Dress,$78.40,102,Drss,ApparelSolns,07/25/2025
AB-FOO-03722-XL,Tan Low-Top Sneaker,$112.34,85,Ftwr,A. Nord,03/18/2025
AB-OUT-03723-XS,Blush Trench Coat,236.93,61,Outr,Apparel Sol.,01/25/2026
AB-OUT-03723-XS,Blush Tre nch Coat,236.93,61,Outr,Apparel Sol.,01/25/2026
AB-BOT-03724-S,Ivory Pleated Skirt - S,172.32,8,N/A,ApparelSolns,04/16/2024
AB-TOP-03725-S,Burgundy Henley - S,$54.45,84,Tshirts/Tops,ApparelSolns,08/03/2024
AB-BOT-03726-XL,Indigo Midi Skirt,$117.67,86,Bottoms,Fashion Hub,10/10/2024
AB-OUT-03727-XS,Beige Wool Peacoat - XS,67.02,127,OUTER,A. Nord,04/02/2025
AB-OUT-03728-M,Ivory Moto Jacket,$142.22,23,Outerwear,TW Co.,08/01/2024
AB-BOT-03729-S,Tan Wide-Leg Trouser,$203.77,74,9,Apparel Sol.,08/27/2024
AB-BOT-03730-M,White Wide-Leg Trouser,186.53,56,BOTTOM,Textile World Co,02/04/2024
AB-DRE-03731-XL,Ivory Wrap Dress - XL,144.35,23,dress,Atelier Nord Studio,02/07/2025
AB-BOT-03732-M,Emerald Skinny Jean,183.27,18,BOTTOM,TW Co.,10/08/2023
AB-BOT-03734-L,Ivory Denim Short,$209.92,121,Bottoms,A. Nord,05/26/2026
AB-TOP-03735-S,Charcoal Cardigan - S,242.52,55,top,Apparel Sol.,04/10/2024
AB-BOT-03736-XL,Ivory Denim Short,105.41,91,Btms,Fashion Hub,07/21/2023
AB-BOT-03737-L,Black Wide-Leg Trouser,$218.31,24,MISC,Fashion Hub,04/07/2024
AB-FOO-03738-S,Tan Low-Top Sneaker,$126.32,57,Ftwr,Textile World,12/24/2024
AB-FOO-03739-XL,White Heeled Mule,$18.62,5,SHOES,Fashion Hub Ltd,01/03/2024
AB-ACC-03740-M,Tan Wide-Brim Hat,$49.40,37,MISC,A. Nord,12/15/2023
AB-DRE-03741-XXL,Burgundy Maxi Dress,234.34,28,Dresses ,Apparel Sol.,01/07/2025
AB-ACC-03742-XL,Blush Woven Belt,18.85,119,Accs,Apparel Solutions,06/27/2025
AB-BOT-03744-S,Burgundy Wide-Leg Trouser,294.91,119,Pants/Bottoms,FH Wholesale (old),01/20/2025
AB-FOO-03745-M,Camel Ankle Boot - M,106.57,67,9,Atelier Nord,09/15/2025
AB-BOT-03746-XXL,Black Chino Pant,205.35,90,Btms,,06/17/2024
AB-ACC-03747-XS,Burgundy Wide-Brim Hat,$218.39,127,Accessories,FH Wholesale (old),11/04/2024
AB-OUT-03748-M,Indigo Blazer,$122.07,120,OUTER,Fashion Hub,06/11/2025
AB-OUT-03749-XS,Ivory Moto Jacket,$193.51,82,OUTER,Textile World Co,01/24/2025
AB-FOO-03750-XXL,Indigo Ankle Boot,270.75,15,footwear,Fashion Hub Ltd,01/30/2024
AB-BOT-03751-XXL,White Wide-Leg Trouser - XXL,$137.34,140,bottoms,FH Wholesale (old),09/22/2025
AB-OUT-03752-XXL,Indigo Moto Jacket,214.7,52,Outerwear,Atelier Nord,06/14/2024
AB-BOT-03753-S,Ivory Wide-Leg Trouser,53.35,91,BOTTOM,Atelier Nord,01/31/2025
AB-BOT-03754-L,Ivory Skinny Jean,202.89,94,bottoms,Apparel Sol.,10/05/2024
AB-TOP-03756-XXL,Black Crewneck Tee,$156.35,79,Tops,Textile World Co,07/18/2025
AB-BOT-03757-XL,Cognac Denim Short,291.69,18,MISC,TW Co.,01/29/2024
AB-BOT-03758-M,Indigo Pleated Skirt,$131.68,49,bottoms,Atelier Nord,03/04/2024
AB-ACC-03760-M,Indigo Crossbody Bag,$291.14,87,Accessory,Fashion Hub,07/26/2024
AB-FOO-03761-XS,Black Low-Top Sneaker,$260.20,14,SHOES,Fashion Hub,09/25/2025
AB-OUT-03762-XXL,Ivory Wool Peacoat - XXL,$130.84,47,Jackets/Outerwear,A. Nord,12/29/2024
AB-OUT-03763-XS,Blush Trench Coat - XS,$165.80,63,MISC,Textile World Co,09/21/2024
AB-DRE-03764-L,Charcoal Midi Dress - L,228.12,80,Drss,Apparel Sol.,01/09/2026
AB-OUT-03765-L,Emerald Puffer Vest,176.93,130,OUTER,Apparel Sol.,04/27/2024
AB-FOO-03766-S,Ivory Heeled Mule,$248.56,73,footwear,Apparel Solutions,11/17/2025
AB-DRE-03767-M,Black Wrap Dress,206.77,80,DRESS,Atelier Nord Studio,08/30/2023
AB-OUT-03768-XL,Ivory Puffer Vest - XL,105.47,150,Outr,A. Nord,10/15/2024
AB-TOP-03769-XS,Tan Silk Blouse,227.76,126,top,Atelier Nord Studio,05/26/2026
AB-OUT-03770-S,Emerald Blazer - S,$232.41,5,Outerwear,Textile World,05/12/2025
AB-FOO-03772-L,Camel Ankle Boot - L,$296.31,35,Footwear,Apparel Sol.,01/22/2024
AB-BOT-03773-L,Emerald Pleated Skirt,$105.64,84,N/A,Fashion Hub Ltd,01/31/2025
AB-ACC-03774-S,Emerald Wide-Brim Hat,50.2,133,Accs,,03/22/2024
AB-ACC-03775-L,Black Statement Earrings,$81.65,132,Accessories,Fashion Hub Ltd,11/07/2023
AB-TOP-03776-XL,Emerald Button-Up Shirt,248.59,49,Tops,Textile World,03/29/2025
AB-ACC-03777-XXL,Ivory Statement Earrings,$313.03,77,ACC,Fashion Hub,09/22/2024
AB-ACC-03779-S,Tan Leather Tote,77.66,30,accessories,Atelier Nord Studio,08/22/2023
AB-BOT-03780-XS,Ivory Midi Skirt,275.1,128,Bottoms,Fashion Hub Ltd,05/14/2024
AB-FOO-03781-L,Ivory Ballet Flat,$252.11,139,footwear,Apparel Sol.,02/10/2024
AB-BOT-03782-L,Charcoal Midi Skirt,229.39,108,BOTTOM,A. Nord,12/31/2023
AB-FOO-03783-XL,Burgundy Low-Top Sneaker,176.91,9,N/A,Atelier Nord,06/02/2025
AB-FOO-03785-XL,Black Low-Top Sneaker - XL,$298.89,71,Shoes/Footwear,Apparel Solutions,06/26/2025
AB-ACC-03786-S,White Twill Scarf,$93.97,94,Accessory,TW Co.,12/18/2025
AB-TOP-03787-XS,Blush Turtleneck,39.08,84,Tshirts/Tops,Fashion Hub Ltd,10/18/2024
AB-OUT-03788-M,Emerald Moto Jacket,177.29,12,outerwear,Fashion Hub Ltd,03/20/2024
AB-DRE-03790-S,Camel Wrap Dress,121.73,98,Dresses,FH Wholesale (old),04/24/2025
AB-DRE-03791-S,Tan Wrap Dress,77.08,35,DRESS,ApparelSolns,09/11/2024
AB-DRE-03791-S,Tan Wrap Dre ss,77.08,35,DRESS,ApparelSolns,09/11/2024
AB-TOP-03793-XL,Black Turtleneck,$49.40,113,Tops,Fashion Hub,03/30/2025
AB-DRE-03795-XL,White Wrap Dress,$64.68,118,Dresses ,FH Wholesale (old),09/25/2025
AB-ACC-03796-XL,Indigo Twill Scarf,164.16,26,Accs,Textile World,01/13/2025
AB-TOP-03797-XL,Blush V-Neck Sweater,$141.76,132,Tops,Atelier Nord,08/19/2024
AB-TOP-03798-XL,Beige V-Neck Sweater,264.92,96,Tops,Atelier Nord Studio,08/19/2024
AB-DRE-03799-XXL,Burgundy Slip Dress,$211.97,40,Dresses,Textile World Co,11/27/2024
AB-TOP-03800-XXL,Black Henley - XXL,288.42,85,MISC,,06/06/2025
AB-BOT-03801-M,Charcoal Pleated Skirt - M,$198.31,17,Bottoms,,06/06/2025
AB-DRE-03802-L,Blush Maxi Dress - L,168.54,63,Drss,Textile World Co,10/26/2024
AB-BOT-03803-XXL,Beige Wide-Leg Trouser,$102.90,96,Bottoms,TW Co.,08/01/2024
AB-ACC-03804-L,White Leather Tote,120.58,6,Accessories,Atelier Nord,11/15/2023
AB-ACC-03805-M,Cognac Woven Belt,142.63,124,accessories,Atelier Nord Studio,04/10/2025
AB-BOT-03806-XS,Charcoal Skinny Jean - XS,$280.61,87,bottoms,Textile World Co,04/22/2024
AB-BOT-03807-S,Emerald Midi Skirt,$240.64,110,bottoms,Atelier Nord,04/20/2025
AB-BOT-03807-S,Eme rald Midi Skirt,$240.64,110,bottoms,Atelier Nord,04/20/2025
AB-FOO-03808-M,Charcoal Espadrille,39.6,106,footwear,Apparel Sol.,09/28/2025
AB-BOT-03811-XL,Cognac Skinny Jean - XL,55.68,2,bottoms,Atelier Nord Studio,08/11/2025
AB-OUT-03812-XXL,Cognac Trench Coat,297.03,121,Outerwear,TW Co.,11/19/2024
AB-OUT-03813-XS,White Blazer,59.74,32,OUTER,Apparel Sol.,12/09/2025
AB-ACC-03814-XL,Tan Crossbody Bag,$77.61,1,Accessories,A. Nord,07/13/2023
AB-OUT-03815-XS,Ivory Moto Jacket - XS,268.21,71,outerwear,Fashion Hub Ltd,10/10/2023
AB-BOT-03816-M,Tan Pleated Skirt,$81.10,20,Btms,Atelier Nord,10/31/2024
AB-ACC-03817-XXL,Emerald Statement Earrings - XXL,$300.05,24,Accessory,Atelier Nord Studio,09/23/2025
AB-FOO-03818-XS,Indigo Espadrille - XS,$52.36,93,Footwear,A. Nord,09/29/2025
AB-FOO-03819-L,Blush Heeled Mule,262.64,104,Footwear,Atelier Nord Studio,10/12/2024
AB-TOP-03820-S,Cognac Cardigan,114.12,68,TOPS,TW Co.,11/17/2023
AB-TOP-03821-S,Ivory Tank Top,$286.65,97,TOP,Apparel Sol.,04/15/2025
AB-ACC-03822-L,Charcoal Woven Belt - L,$311.88,46,Accessory,Textile World Co,03/19/2024
AB-DRE-03824-S,Tan Maxi Dress,34.48,29,dress,A. Nord,10/01/2024
AB-OUT-03825-XS,Beige Blazer - XS,$287.97,84,OUTER,FH Wholesale (old),09/22/2023
AB-ACC-03826-XS,White Statement Earrings,139.68,52,accessories,FH Wholesale (old),09/12/2024
AB-TOP-03827-XS,Cognac Crewneck Tee,$135.69,65,top,Textile World Co,04/22/2025
AB-DRE-03828-XL,Blush Maxi Dress - XL,$303.70,42,DRESS,Atelier Nord,02/03/2024
AB-BOT-03830-XL,Camel Skinny Jean,$154.66,34,BOTTOM,Atelier Nord,02/15/2026
AB-DRE-03831-XXL,Charcoal Maxi Dress,$334.59,88,Dresses ,A. Nord,01/27/2026
AB-DRE-03832-S,Charcoal Shirt Dress - S,289.5,23,DRESS,Fashion Hub Ltd,05/14/2025
AB-ACC-03833-L,Tan Leather Tote,129.14,140,accessories,A. Nord,01/25/2024
AB-DRE-03834-M,Cognac Maxi Dress,282.01,42,MISC,Apparel Solutions,11/23/2025
AB-OUT-03835-M,Ivory Blazer,29.67,8,Outr,FH Wholesale (old),07/19/2025
AB-ACC-03836-S,Tan Statement Earrings - S,166.64,12,ACC,Fashion Hub Ltd,01/25/2024
AB-DRE-03837-L,Burgundy Shirt Dress,$110.51,6,Dresses,,03/06/2025
AB-DRE-03838-S,Charcoal Shift Dress,257.34,102,Drss,Atelier Nord,07/13/2025
AB-ACC-03840-XL,Indigo Leather Tote,262.1,22,accessories,TW Co.,08/19/2023
AB-TOP-03841-XS,Beige Crewneck Tee,38.63,106,top,Textile World Co,03/20/2025
AB-TOP-03842-XL,Camel Crewneck Tee - XL,$74.58,59,TOP,Fashion Hub Ltd,11/25/2024
AB-ACC-03843-M,White Woven Belt,207.12,12,accessories,TW Co.,09/02/2025
AB-ACC-03844-M,Black Leather Tote,213.64,106,accessories,Textile World,08/29/2024
AB-TOP-03845-L,Indigo Turtleneck - L,$175.87,6,TOPS,TW Co.,04/03/2025
AB-TOP-03846-XXL,Ivory Silk Blouse,189.56,86,Tops,A. Nord,12/20/2025
AB-FOO-03847-XXL,Emerald Ballet Flat,238.21,0,Footwear,ApparelSolns,12/21/2025
AB-DRE-03848-XS,Charcoal Shirt Dress - XS,$28.97,89,N/A,Fashion Hub,10/23/2025
AB-FOO-03849-XXL,Tan Low-Top Sneaker,21.01,120,footwear,Textile World Co,03/02/2025
AB-BOT-03850-XL,Emerald Denim Short - XL,314.59,15,BOTTOM,Apparel Solutions,12/08/2024
AB-FOO-03851-M,Burgundy Ankle Boot,$219.00,71,footwear,Textile World Co,03/23/2025
AB-OUT-03852-XXL,Blush Blazer - XXL,246.41,26,Outerwear,Fashion Hub,08/02/2024
AB-OUT-03853-XXL,Emerald Denim Jacket,$167.00,135,Jackets/Outerwear,FH Wholesale (old),12/11/2024
AB-BOT-03854-XL,Cognac Linen Pant - XL,132.29,73,BOTTOM,Textile World,09/13/2024
AB-FOO-03855-XXL,Tan Loafer,$22.94,101,Ftwr,Apparel Sol.,04/10/2026
AB-ACC-03856-L,Emerald Leather Tote,219.77,47,Accessories,TW Co.,03/08/2025
AB-OUT-03857-XL,Emerald Denim Jacket,204.23,49,outerwear,Fashion Hub,09/19/2024
AB-ACC-03858-L,White Crossbody Bag,$65.77,138,ACC,Apparel Solutions,09/25/2025
AB-ACC-03858-L,White  Crossbody Bag,$65.77,138,ACC,Apparel Solutions,09/25/2025
AB-FOO-03859-XL,Burgundy Espadrille,$156.10,60,SHOES,Fashion Hub,12/26/2025
AB-DRE-03860-XS,Cognac Slip Dress,110.73,122,Dresses ,Textile World Co,02/15/2025
AB-DRE-03860-XS,Cognac Slip Dre ss,110.73,122,Dresses ,Textile World Co,02/15/2025
AB-OUT-03861-M,Indigo Trench Coat,$131.71,6,OUTER,A. Nord,04/01/2025
AB-BOT-03862-XXL,Blush Denim Short,110.58,18,Pants/Bottoms,FH Wholesale (old),12/18/2025
AB-DRE-03863-XS,Emerald Wrap Dress,120.95,35,N/A,Atelier Nord Studio,01/18/2025
AB-TOP-03864-M,Beige Silk Blouse,123.6,8,Tshirts/Tops,Atelier Nord Studio,03/29/2025
AB-FOO-03865-XXL,White Heeled Mule,$256.96,78,Ftwr,FH Wholesale (old),12/20/2024
AB-OUT-03866-XXL,Black Moto Jacket - XXL,248.1,-3,Outerwear,ApparelSolns,06/26/2025
AB-FOO-03867-M,Camel Low-Top Sneaker,175.16,128,Shoes/Footwear,TW Co.,04/26/2025
AB-OUT-03868-L,Tan Wool Peacoat,196.32,4,outerwear,Fashion Hub,09/16/2025
AB-BOT-03869-XS,Charcoal Denim Short,50.5,28,Btms,Fashion Hub Ltd,10/03/2024
AB-ACC-03870-XXL,White Twill Scarf,269.44,9,Accessory,Atelier Nord Studio,05/13/2025
AB-DRE-03871-XS,Beige Midi Dress - XS,$214.48,88,DRESS,A. Nord,12/30/2023
AB-BOT-03872-S,Charcoal Wide-Leg Trouser,$188.74,30,bottoms,Atelier Nord Studio,04/15/2025
AB-FOO-03873-S,Indigo Ankle Boot,$23.31,127,footwear,Fashion Hub,07/10/2025
AB-FOO-03873-S,Indigo Ankle  Boot,$23.31,127,footwear,Fashion Hub,07/10/2025
AB-BOT-03874-M,Ivory Skinny Jean,$286.03,123,Btms,Textile World,05/05/2024
AB-DRE-03875-L,Beige Shirt Dress - L,$89.91,73,Dresses,Apparel Solutions,07/22/2023
AB-ACC-03876-XXL,Emerald Woven Belt,$262.78,70,accessories,FH Wholesale (old),08/28/2024
AB-OUT-03877-M,Beige Blazer,210.87,126,Jackets/Outerwear,Atelier Nord,07/03/2024
AB-TOP-03878-L,Cognac Cardigan,$126.67,77,Tshirts/Tops,Textile World,08/05/2024
AB-FOO-03880-M,Indigo Espadrille,215.85,53,Shoes/Footwear,TW Co.,03/28/2025
AB-BOT-03881-XL,Camel Midi Skirt - XL,232.1,78,bottoms,TW Co.,05/02/2025
AB-FOO-03882-S,Tan Heeled Mule,266.58,55,footwear,Atelier Nord,08/17/2024
AB-OUT-03883-M,Cognac Wool Peacoat - M,$64.59,106,Outr,Textile World,10/29/2024
AB-DRE-03884-XS,Emerald Slip Dress,91.09,104,DRESS,Apparel Solutions,07/19/2025
AB-FOO-03885-XXL,Charcoal Loafer - XXL,$108.75,110,Shoes/Footwear,Apparel Solutions,02/27/2025
AB-ACC-03886-XS,Cognac Woven Belt - XS,$24.57,78,ACC,Apparel Sol.,06/03/2024
AB-TOP-03887-XS,Burgundy Tank Top - XS,167.62,102,TOP,TW Co.,11/06/2024
AB-BOT-03888-XS,Black Linen Pant - XS,76.03,44,Bottoms,Atelier Nord,12/26/2025
AB-BOT-03888-XS,Black Line n Pant - XS,76.03,44,Bottoms,Atelier Nord,12/26/2025
AB-FOO-03889-XS,Beige Low-Top Sneaker,$148.83,132,Footwear,A. Nord,04/01/2024
AB-FOO-03890-XXL,Camel Ballet Flat,$220.97,-3,Shoes/Footwear,ApparelSolns,03/19/2024
AB-FOO-03891-L,White Ankle Boot,$129.54,89,footwear,Textile World,11/21/2023
AB-DRE-03892-S,Tan Wrap Dress - S,$115.55,83,Dresses,Fashion Hub,07/11/2023
AB-ACC-03893-XS,Cognac Leather Tote - XS,$85.28,61,ACC,ApparelSolns,01/01/2024
AB-BOT-03894-M,Beige Chino Pant,263.29,132,bottoms,,02/24/2025
AB-DRE-03895-XXL,White Midi Dress,47.92,61,dress,Fashion Hub,07/01/2025
AB-DRE-03896-M,Black Slip Dress - M,138.93,41,dress,Textile World Co,04/08/2025
AB-ACC-03898-M,Cognac Twill Scarf,79.84,56,Accessory,A. Nord,06/26/2025
AB-ACC-03899-M,Blush Statement Earrings,126.07,20,Accessory,Apparel Sol.,07/09/2024
AB-ACC-03900-XL,Black Crossbody Bag,$196.87,88,Accessories,Fashion Hub,10/06/2023
AB-TOP-03901-M,Tan Henley,259.41,80,TOPS,Apparel Solutions,08/09/2025
AB-ACC-03902-L,Burgundy Leather Tote,318.21,106,Accs,Fashion Hub Ltd,10/13/2023
AB-OUT-03903-XS,Cognac Trench Coat,151.87,72,outerwear,,10/03/2024
AB-DRE-03904-S,White Maxi Dress,$224.07,121,9,Fashion Hub,10/03/2024
AB-OUT-03905-XXL,Burgundy Blazer,$250.90,66,OUTER,Textile World,12/23/2023
AB-BOT-03906-XS,Indigo Midi Skirt - XS,$166.11,130,MISC,ApparelSolns,08/13/2025
AB-ACC-03907-S,Indigo Crossbody Bag - S,$186.48,15,ACC,FH Wholesale (old),02/25/2025
AB-FOO-03908-XL,White Low-Top Sneaker,88.61,60,SHOES,A. Nord,09/04/2025
AB-FOO-03909-L,White Ballet Flat - L,$304.05,79,Ftwr,Atelier Nord Studio,10/27/2024
AB-TOP-03910-XL,Burgundy Tank Top,259.13,32,top,TW Co.,03/31/2025
AB-ACC-03911-L,Indigo Statement Earrings - L,$200.04,25,Accessory,Textile World,12/18/2023
AB-BOT-03912-XL,Charcoal Pleated Skirt - XL,105.12,88,BOTTOM,FH Wholesale (old),03/06/2026
AB-TOP-03913-S,Tan Button-Up Shirt - S,61.52,56,Tops,FH Wholesale (old),12/14/2024
AB-DRE-03914-XXL,Black Shift Dress,$185.89,60,dress,Textile World,12/01/2023
AB-BOT-03915-L,Ivory Pleated Skirt,257.84,99,Btms,ApparelSolns,08/19/2024
AB-OUT-03916-XL,Beige Trench Coat,47.61,84,Outr,Fashion Hub Ltd,06/30/2024
AB-FOO-03917-M,Burgundy Ankle Boot,$76.20,21,SHOES,Apparel Sol.,12/30/2024
AB-FOO-03917-M,Burgundy Ankle  Boot,$76.20,21,SHOES,Apparel Sol.,12/30/2024
AB-ACC-03918-M,Tan Leather Tote,146.58,95,Accessory,TW Co.,03/02/2024
AB-ACC-03918-M,Tan Le ather Tote,146.58,95,Accessory,TW Co.,03/02/2024
AB-TOP-03919-XXL,Tan Crewneck Tee,232.44,123,TOPS,Textile World,02/11/2025
AB-TOP-03920-XS,Blush V-Neck Sweater,57.54,29,top,Atelier Nord Studio,10/06/2025
AB-OUT-03921-L,Ivory Puffer Vest,265.12,115,Jackets/Outerwear,ApparelSolns,03/11/2024
AB-BOT-03922-L,White Denim Short,223.27,21,Pants/Bottoms,Textile World Co,06/18/2025
AB-TOP-03923-XL,Charcoal Henley - XL,$66.46,140,TOP,TW Co.,04/30/2024
AB-OUT-03925-M,Black Moto Jacket,196.79,115,Outr,Textile World Co,11/03/2024
AB-OUT-03925-M,Black Moto Jacke t,196.79,115,Outr,Textile World Co,11/03/2024
AB-TOP-03926-M,Tan Henley - M,278.53,20,Tshirts/Tops,Apparel Solutions,07/14/2024
AB-BOT-03927-M,Camel Skinny Jean,$32.76,45,Pants/Bottoms,ApparelSolns,10/12/2023
AB-BOT-03928-L,Tan Midi Skirt,$199.26,23,Pants/Bottoms,TW Co.,07/03/2024
AB-ACC-03929-M,Tan Woven Belt - M,69.38,80,Accessories,FH Wholesale (old),12/27/2024
AB-OUT-03930-XS,Indigo Denim Jacket,$214.76,12,Outr,Textile World,08/02/2024
AB-TOP-03931-L,Camel Turtleneck,$241.50,62,Tshirts/Tops,Atelier Nord,03/07/2025
AB-TOP-03932-L,Charcoal Silk Blouse,30.78,62,TOP,Fashion Hub,10/03/2025
AB-FOO-03933-L,Ivory Espadrille,40.17,80,Shoes/Footwear,Textile World,12/02/2023
AB-BOT-03934-L,Camel Wide-Leg Trouser - L,47.59,79,Btms,FH Wholesale (old),04/16/2024
AB-BOT-03935-S,White Skinny Jean,$126.95,60,Bottoms,Textile World,11/07/2023
AB-TOP-03937-L,Charcoal Cardigan - L,$89.44,22,Tops,,06/05/2025
AB-ACC-03938-XXL,Charcoal Crossbody Bag,$194.62,119,Accessory,Atelier Nord,07/27/2025
AB-FOO-03939-M,Burgundy Loafer,$143.93,50,footwear,A. Nord,10/12/2023
AB-TOP-03940-S,Blush Crewneck Tee,$92.06,25,Tshirts/Tops,Fashion Hub,12/06/2025
AB-TOP-03941-L,Black Henley - L,140.64,62,Tops,Fashion Hub Ltd,02/17/2025
AB-DRE-03942-XXL,Tan Wrap Dress,$48.93,66,dress,,03/20/2025
AB-TOP-03943-XS,White Tank Top - XS,198.45,77,TOPS,Fashion Hub,12/14/2024
AB-DRE-03944-XL,Indigo Shift Dress,$61.07,101,Dresses,Atelier Nord Studio,09/25/2024
AB-DRE-03945-XL,White Maxi Dress,155.21,117,Dresses ,Textile World,02/27/2024
AB-BOT-03946-XXL,Emerald Chino Pant - XXL,$234.70,128,bottoms,FH Wholesale (old),04/11/2025
AB-OUT-03947-S,Indigo Trench Coat - S,132.35,34,Jackets/Outerwear,ApparelSolns,07/23/2025
AB-OUT-03948-XL,Emerald Denim Jacket,301.87,95,outerwear,Textile World Co,06/30/2024
AB-OUT-03949-XS,Emerald Trench Coat,171.27,144,OUTER,TW Co.,11/12/2024
AB-ACC-03950-S,Black Woven Belt,77.83,76,Accs,Textile World Co,05/08/2025
AB-OUT-03951-M,Camel Moto Jacket - M,$297.14,45,OUTER,Atelier Nord,05/05/2025
AB-OUT-03952-S,Burgundy Trench Coat,$110.79,30,Jackets/Outerwear,Fashion Hub Ltd,08/05/2023
AB-OUT-03953-XXL,White Denim Jacket,65.99,26,Outr,ApparelSolns,01/15/2025
AB-BOT-03954-S,Cognac Pleated Skirt,$183.02,136,Btms,Fashion Hub Ltd,01/03/2026
AB-OUT-03955-M,Indigo Trench Coat - M,25.62,64,Outr,Atelier Nord,06/22/2024
AB-DRE-03956-XL,Cognac Maxi Dress,$202.08,123,DRESS,A. Nord,11/24/2023
AB-BOT-03957-XL,Cognac Chino Pant,$18.86,71,Btms,Textile World Co,06/16/2025
AB-BOT-03958-XL,Tan Chino Pant,$139.26,71,bottoms,Textile World Co,06/05/2025
AB-TOP-03959-S,Beige Tank Top - S,$250.84,29,top,Textile World,08/04/2025
AB-ACC-03960-XS,Emerald Leather Tote - XS,$115.80,57,ACC,,03/30/2024
AB-TOP-03961-XS,Camel Crewneck Tee,241.8,43,TOP,A. Nord,06/29/2025
AB-TOP-03962-L,Cognac V-Neck Sweater,56.21,40,TOPS,TW Co.,08/20/2024
AB-OUT-03963-S,Cognac Moto Jacket - S,44.35,29,OUTER,Fashion Hub Ltd,01/12/2025
AB-ACC-03964-XXL,Indigo Wide-Brim Hat,$283.93,122,Accessories,FH Wholesale (old),04/12/2024
AB-ACC-03965-XL,Cognac Crossbody Bag,259.33,122,Accessory,ApparelSolns,06/12/2024
AB-FOO-03966-XL,Emerald Loafer,114.69,34,footwear,Fashion Hub Ltd,02/17/2024
AB-OUT-03967-M,White Moto Jacket - M,254.08,106,N/A,A. Nord,08/27/2024
AB-FOO-03968-XL,White Espadrille,$291.02,2,SHOES,Fashion Hub Ltd,11/28/2024
AB-OUT-03970-S,White Trench Coat,304.91,92,Outerwear,Atelier Nord Studio,12/09/2025
AB-DRE-03971-XXL,Ivory Maxi Dress - XXL,49.13,69,Dresses,Atelier Nord,02/22/2025
AB-OUT-03972-XL,Emerald Trench Coat,$47.20,54,Outr,Fashion Hub Ltd,01/27/2025
AB-ACC-03973-XXL,Beige Statement Earrings,133.68,42,ACC,Fashion Hub,08/15/2025
AB-TOP-03974-XXL,Charcoal V-Neck Sweater,157.98,109,TOP,Fashion Hub Ltd,12/14/2024
AB-DRE-03975-XXL,Tan Midi Dress,53.72,56,Dresses ,Textile World,10/28/2025
AB-ACC-03976-XS,Indigo Leather Tote,36.81,149,accessories,Textile World,08/09/2024
AB-DRE-03977-XS,Black Slip Dress,231.61,24,dress,ApparelSolns,06/09/2024
AB-OUT-03978-XL,Ivory Blazer,253.74,95,Outerwear,ApparelSolns,12/30/2024
AB-DRE-03979-M,Charcoal Slip Dress - M,291.19,60,dress,,06/15/2025
AB-FOO-03980-XS,Cognac Loafer - XS,158.59,57,Shoes/Footwear,Textile World,07/29/2025
AB-BOT-03981-S,Tan Denim Short - S,294.49,87,Pants/Bottoms,Textile World Co,11/19/2023
AB-OUT-03982-XL,White Wool Peacoat,$123.57,29,N/A,Textile World,07/26/2025
AB-OUT-03982-XL,White  Wool Peacoat,$123.57,29,N/A,Textile World,07/26/2025
AB-ACC-03983-L,Emerald Woven Belt - L,290.15,27,Accessories,TW Co.,01/27/2026
AB-ACC-03984-S,Burgundy Leather Tote - S,250.04,31,Accessory,Atelier Nord,05/20/2025
AB-FOO-03985-XL,Charcoal Heeled Mule,122.85,25,footwear,Apparel Solutions,08/31/2025
AB-BOT-03986-M,Cognac Linen Pant,91.68,80,bottoms,Apparel Sol.,01/20/2025
AB-BOT-03987-XL,Black Midi Skirt,20.91,120,Bottoms,Textile World Co,04/18/2025
AB-OUT-03988-XXL,Tan Puffer Vest,260.99,11,outerwear,Apparel Solutions,03/07/2025
AB-FOO-03989-XXL,Burgundy Heeled Mule,126.71,138,Footwear,ApparelSolns,04/01/2025
AB-BOT-03990-XXL,Camel Linen Pant,186.03,45,BOTTOM,Fashion Hub Ltd,10/23/2025
AB-TOP-03991-XXL,Emerald Henley,116.48,23,TOP,Textile World Co,01/01/2025
AB-TOP-03991-XXL,Eme rald Henley,116.48,23,TOP,Textile World Co,01/01/2025
AB-OUT-03992-XS,White Puffer Vest,78.89,120,Outr,Textile World,02/06/2024
AB-OUT-03993-L,Black Denim Jacket,53.69,57,Outerwear,TW Co.,12/03/2025
AB-DRE-03994-S,Burgundy Wrap Dress,$57.50,43,Drss,Apparel Sol.,07/08/2025
AB-BOT-03995-XS,Camel Linen Pant,$273.54,15,Pants/Bottoms,Textile World Co,11/01/2024
AB-ACC-03996-XXL,Ivory Leather Tote,145.05,78,ACC,TW Co.,08/25/2023
AB-TOP-03997-M,Tan V-Neck Sweater,97.19,75,9,ApparelSolns,02/11/2026
AB-FOO-03998-XXL,Ivory Ballet Flat - XXL,64.86,77,SHOES,Fashion Hub Ltd,08/11/2024
AB-FOO-03998-XXL,Ivory Balle t Flat - XXL,64.86,77,SHOES,Fashion Hub Ltd,08/11/2024
AB-DRE-03999-XL,Burgundy Wrap Dress,145.17,89,Dresses,ApparelSolns,07/20/2025
AB-TOP-04000-XXL,Tan V-Neck Sweater,$209.56,96,TOP,A. Nord,09/11/2024
AB-DRE-04001-XL,Beige Wrap Dress,45.58,126,Dresses,Apparel Sol.,12/17/2024
AB-BOT-04002-XL,Cognac Denim Short - XL,284.71,129,bottoms,Fashion Hub,07/25/2023
AB-DRE-04003-S,Tan Shift Dress,$301.30,15,Dresses,Apparel Sol.,09/30/2025
AB-ACC-04004-XL,Black Wide-Brim Hat,130.79,19,ACC,Textile World Co,04/24/2025
AB-TOP-04005-S,Tan Crewneck Tee,$134.18,76,Tops,Apparel Sol.,06/23/2024
AB-ACC-04006-S,Beige Wide-Brim Hat,201.78,44,accessories,FH Wholesale (old),04/05/2024
AB-OUT-04007-L,Burgundy Denim Jacket,184.44,120,OUTER,Atelier Nord,03/02/2025
AB-BOT-04008-XL,Ivory Midi Skirt - XL,91.57,137,Pants/Bottoms,Apparel Solutions,09/08/2024
AB-TOP-04009-XS,White Button-Up Shirt,$184.31,17,top,TW Co.,01/27/2026
AB-FOO-04010-S,Camel Low-Top Sneaker - S,$214.37,40,Shoes/Footwear,Apparel Solutions,05/05/2024
AB-TOP-04011-XXL,Indigo Cardigan,163.62,48,,Textile World Co,06/21/2024
AB-OUT-04012-M,Charcoal Trench Coat,$285.99,79,outerwear,TW Co.,07/18/2024
AB-OUT-04013-XXL,White Wool Peacoat,145.88,65,outerwear,Atelier Nord,06/05/2025
AB-TOP-04014-M,Blush Cardigan,100.16,45,9,Textile World Co,10/22/2024
AB-FOO-04015-M,Cognac Low-Top Sneaker,24.2,64,footwear,ApparelSolns,02/12/2024
AB-DRE-04016-M,Beige Wrap Dress,$318.50,133,dress,TW Co.,09/04/2025
AB-FOO-04017-M,Beige Ballet Flat,$287.08,15,SHOES,A. Nord,05/26/2024
AB-FOO-04018-L,Beige Heeled Mule,109.95,82,Ftwr,Apparel Sol.,04/15/2025
AB-FOO-04020-XS,Charcoal Loafer,247.13,87,SHOES,Fashion Hub,02/23/2024
AB-BOT-04021-L,Cognac Denim Short - L,$309.69,68,BOTTOM,Textile World Co,11/15/2025
AB-ACC-04022-L,Tan Wide-Brim Hat,$178.47,111,Accs,Atelier Nord Studio,08/04/2024
AB-OUT-04023-XL,Cognac Puffer Vest,$146.51,104,Outerwear,Apparel Solutions,09/28/2025
AB-TOP-04024-XXL,Burgundy Henley,289.31,107,top,FH Wholesale (old),01/02/2025
AB-TOP-04025-XL,Camel V-Neck Sweater,295.29,24,Tshirts/Tops,A. Nord,09/29/2023
AB-BOT-04026-M,Cognac Midi Skirt,$48.99,86,Bottoms,Atelier Nord Studio,04/01/2025
AB-DRE-04027-XXL,Indigo Maxi Dress,16.86,86,Dresses ,Apparel Sol.,08/20/2023
AB-FOO-04028-L,Cognac Espadrille - L,223.89,106,SHOES,Fashion Hub,10/05/2024
AB-FOO-04028-L,Cognac Espadrille  - L,223.89,106,SHOES,Fashion Hub,10/05/2024
AB-ACC-04029-XL,Camel Woven Belt,79.72,43,Accessories,TW Co.,12/15/2024
AB-FOO-04030-XL,Indigo Espadrille - XL,$23.32,72,Ftwr,Apparel Sol.,05/18/2024
AB-TOP-04031-L,Indigo Tank Top,$158.22,79,TOPS,,01/13/2024
AB-BOT-04032-XXL,Burgundy Midi Skirt,289.92,111,Bottoms,ApparelSolns,12/07/2023
AB-OUT-04033-XL,Cognac Blazer,259.83,114,Jackets/Outerwear,Textile World,02/16/2024
AB-DRE-04034-M,Ivory Wrap Dress,313.8,61,DRESS,Fashion Hub,01/10/2025
AB-DRE-04035-L,Emerald Shirt Dress,236.18,77,dress,Textile World Co,02/12/2025
AB-TOP-04036-XL,Charcoal Cardigan,$191.04,104,Tops,Apparel Sol.,02/07/2026
AB-FOO-04037-L,Tan Ankle Boot,$104.62,89,Footwear,TW Co.,07/08/2024
AB-TOP-04038-XS,Black V-Neck Sweater,146.73,83,top,Textile World Co,04/09/2025
AB-DRE-04039-XXL,Beige Wrap Dress - XXL,$17.67,89,Dresses,Textile World,09/04/2025
AB-OUT-04041-L,Charcoal Moto Jacket,$155.72,28,Outerwear,Apparel Sol.,05/09/2024
AB-ACC-04042-M,Charcoal Crossbody Bag,222.99,54,accessories,ApparelSolns,02/15/2025
AB-FOO-04043-XL,Indigo Ballet Flat - XL,246.44,62,SHOES,A. Nord,02/13/2024
AB-TOP-04044-S,Tan V-Neck Sweater,92.66,117,TOPS,Textile World,06/04/2025
AB-OUT-04045-XXL,Emerald Moto Jacket,$154.79,56,Jackets/Outerwear,Fashion Hub,03/07/2026
AB-TOP-04046-M,Camel Henley - M,$165.45,109,TOP,Apparel Sol.,01/09/2024
AB-ACC-04047-L,Ivory Crossbody Bag,299.84,113,accessories,Textile World Co,06/15/2025
AB-DRE-04048-XL,Black Shirt Dress - XL,$262.58,67,Drss,Atelier Nord Studio,01/17/2026
AB-OUT-04049-M,Beige Wool Peacoat,210.85,73,Outr,ApparelSolns,11/24/2025
AB-FOO-04050-S,Blush Espadrille,$257.88,114,SHOES,ApparelSolns,07/22/2025
AB-OUT-04051-S,Black Wool Peacoat - S,130.85,115,Outr,A. Nord,06/25/2025
AB-OUT-04052-M,Black Wool Peacoat - M,25.22,117,outerwear,Textile World Co,08/07/2024
AB-OUT-04053-M,White Wool Peacoat,$139.89,69,Outr,A. Nord,12/20/2023
AB-TOP-04054-S,Emerald Tank Top - S,36.68,14,Tshirts/Tops,TW Co.,02/15/2026
AB-TOP-04055-M,Beige Crewneck Tee - M,283.26,95,TOPS,FH Wholesale (old),11/06/2024
AB-DRE-04056-S,Cognac Shirt Dress,243.15,52,Dresses,Textile World Co,08/08/2024
AB-BOT-04057-XXL,Blush Denim Short,115.49,87,Bottoms,Atelier Nord,03/01/2024
AB-BOT-04058-S,Tan Midi Skirt,143.38,8,Btms,A. Nord,09/17/2025
AB-ACC-04059-XS,Black Statement Earrings,157.71,20,Accessories,ApparelSolns,03/10/2024
AB-TOP-04060-XL,Camel Turtleneck,267.17,7,TOP,ApparelSolns,11/04/2023
AB-FOO-04061-XL,Beige Espadrille,267.83,20,Footwear,Atelier Nord Studio,02/11/2024
AB-FOO-04062-M,Tan Ankle Boot - M,$221.95,114,Ftwr,,08/20/2025
AB-DRE-04063-XS,Indigo Maxi Dress,235.28,133,Drss,Apparel Solutions,01/22/2025
AB-OUT-04064-XXL,Cognac Moto Jacket,168.63,0,Outerwear,Atelier Nord Studio,04/11/2024
AB-ACC-04065-XL,Burgundy Crossbody Bag - XL,130.62,86,Accs,,05/26/2025
AB-BOT-04066-XS,Beige Linen Pant,234.17,94,Btms,ApparelSolns,02/03/2025
AB-DRE-04067-M,Beige Slip Dress,$179.59,17,Drss,Fashion Hub,10/07/2024
AB-ACC-04068-S,Burgundy Leather Tote - S,19.68,46,Accessory,TW Co.,02/28/2025
AB-ACC-04069-L,Emerald Leather Tote - L,260.65,80,Accessories,Apparel Sol.,08/22/2024
AB-DRE-04071-XS,Blush Wrap Dress,280.6,128,Dresses,Textile World Co,07/28/2024
AB-OUT-04072-L,Camel Moto Jacket - L,144.51,62,,Apparel Sol.,07/17/2024
AB-OUT-04072-L,Came l Moto Jacket - L,144.51,62,,Apparel Sol.,07/17/2024
AB-FOO-04073-M,White Loafer,238.82,128,Ftwr,A. Nord,11/30/2024
AB-BOT-04074-M,Emerald Pleated Skirt,$259.33,-3,Pants/Bottoms,Apparel Sol.,04/17/2024
AB-DRE-04075-M,Camel Slip Dress,22.91,32,,Fashion Hub,12/04/2025
AB-BOT-04076-L,Cognac Midi Skirt - L,290.06,21,bottoms,TW Co.,03/26/2025
AB-DRE-04078-XS,Charcoal Wrap Dress,296.18,19,N/A,TW Co.,11/06/2024
AB-ACC-04079-S,Black Leather Tote - S,173.36,50,Accessories,Apparel Sol.,09/01/2024
AB-OUT-04080-XS,Cognac Wool Peacoat,79.09,134,outerwear,ApparelSolns,12/02/2025
AB-FOO-04081-S,Tan Ballet Flat,$164.99,83,MISC,FH Wholesale (old),05/20/2024
AB-FOO-04082-XL,Black Loafer,$231.28,19,Shoes/Footwear,Apparel Sol.,01/11/2024
AB-FOO-04083-M,Blush Heeled Mule,130.23,90,Footwear,,09/01/2025
AB-FOO-04084-XL,Charcoal Low-Top Sneaker - XL,$294.70,12,SHOES,Textile World,05/22/2025
AB-BOT-04085-XL,Cognac Pleated Skirt,163.8,8,bottoms,Fashion Hub,06/08/2025
AB-TOP-04086-XS,Cognac Turtleneck,$277.29,48,TOP,Apparel Solutions,09/21/2024
AB-BOT-04087-S,Beige Linen Pant,301.53,27,Bottoms,ApparelSolns,05/07/2025
AB-FOO-04088-L,Beige Ballet Flat,307.78,8,Footwear,Textile World,02/16/2026
AB-FOO-04089-S,White Espadrille,184.27,39,Shoes/Footwear,Fashion Hub,01/13/2025
AB-BOT-04090-XS,White Pleated Skirt - XS,$221.14,11,BOTTOM,Apparel Sol.,07/17/2024
AB-BOT-04091-XXL,Blush Skinny Jean,131.21,13,Pants/Bottoms,,02/17/2024
AB-DRE-04092-S,Black Midi Dress,266.11,70,Dresses,Fashion Hub,12/15/2023
AB-OUT-04093-XS,Cognac Denim Jacket - XS,286.13,96,OUTER,Fashion Hub,10/07/2024
AB-FOO-04094-XXL,Camel Loafer,108.98,103,footwear,,06/23/2025
AB-ACC-04095-XXL,Charcoal Crossbody Bag,116.4,72,Accessory,Apparel Sol.,04/27/2024
AB-BOT-04097-M,Indigo Skinny Jean - M,298.1,28,Pants/Bottoms,FH Wholesale (old),12/17/2023
AB-BOT-04097-M,Indigo Skinny Je an - M,298.1,28,Pants/Bottoms,FH Wholesale (old),12/17/2023
AB-OUT-04098-XXL,Burgundy Moto Jacket - XXL,321.99,110,Outerwear,Atelier Nord,04/28/2025
AB-FOO-04099-XS,Black Ankle Boot - XS,$71.09,64,footwear,TW Co.,12/23/2023
AB-ACC-04100-XL,Indigo Twill Scarf,$128.43,128,Accessories,Textile World Co,03/23/2024
AB-BOT-04101-XXL,White Linen Pant,127.63,102,bottoms,A. Nord,04/30/2024
AB-ACC-04102-XL,Beige Crossbody Bag,$313.97,7,Accessories,Atelier Nord,01/04/2025
AB-BOT-04103-L,Camel Linen Pant - L,$254.74,2,Pants/Bottoms,FH Wholesale (old),09/03/2024
AB-FOO-04104-XXL,Ivory Low-Top Sneaker - XXL,$161.11,41,SHOES,Apparel Solutions,12/06/2024
AB-ACC-04105-XXL,Black Crossbody Bag - XXL,64.51,6,Accessory,Textile World Co,11/30/2023
AB-ACC-04106-M,Emerald Statement Earrings,$200.77,43,accessories,Apparel Solutions,08/19/2024
AB-DRE-04108-XS,Burgundy Midi Dress - XS,228.21,131,Dresses ,,09/10/2025
AB-ACC-04109-S,Burgundy Twill Scarf - S,$22.80,97,ACC,Atelier Nord Studio,09/21/2023
AB-DRE-04110-S,Black Slip Dress,$102.39,107,Drss,,01/26/2026
AB-DRE-04110-S,Black Slip Dre ss,$102.39,107,Drss,,01/26/2026
AB-FOO-04112-XXL,Black Ballet Flat,95.03,21,footwear,Fashion Hub Ltd,07/01/2025
AB-TOP-04114-M,Indigo V-Neck Sweater,$162.07,34,Tshirts/Tops,Apparel Sol.,12/17/2023
AB-OUT-04116-XL,Beige Blazer,40.93,86,Jackets/Outerwear,Textile World,09/21/2025
AB-TOP-04117-S,Tan Cardigan - S,264.5,3,top,Textile World,03/12/2024
AB-TOP-04117-S,Tan Cardigan - S ,264.5,3,top,Textile World,03/12/2024
AB-TOP-04118-L,Cognac Turtleneck - L,313.16,123,top,Fashion Hub,12/30/2025
AB-FOO-04119-L,Tan Ballet Flat - L,$243.22,3,9,Fashion Hub Ltd,07/13/2024
AB-FOO-04120-M,Charcoal Ankle Boot - M,249.06,65,Ftwr,Fashion Hub,05/18/2026
AB-FOO-04121-XXL,Blush Loafer,$188.76,70,Footwear,TW Co.,07/05/2024
AB-TOP-04122-L,Camel V-Neck Sweater - L,$317.18,59,Tshirts/Tops,Fashion Hub Ltd,10/31/2024
AB-OUT-04123-S,Cognac Trench Coat - S,$284.36,104,Outr,Apparel Sol.,10/03/2024
AB-BOT-04124-XL,Black Linen Pant,$248.69,19,Pants/Bottoms,Apparel Sol.,10/10/2025
AB-ACC-04125-XS,Emerald Crossbody Bag,278.08,132,Accessories,ApparelSolns,11/11/2024
AB-ACC-04126-L,Burgundy Wide-Brim Hat,$135.95,44,Accessory,ApparelSolns,05/26/2025
AB-BOT-04127-XXL,Tan Pleated Skirt,276.85,31,Btms,TW Co.,12/05/2024
AB-BOT-04128-XS,Cognac Linen Pant,$184.40,39,Btms,Fashion Hub,04/19/2024
AB-DRE-04129-L,Black Midi Dress,146.85,76,Dresses,ApparelSolns,10/15/2025
AB-OUT-04130-XXL,Indigo Denim Jacket,162.08,107,Jackets/Outerwear,Atelier Nord,05/29/2024
AB-OUT-04130-XXL,Indigo De nim Jacket,162.08,107,Jackets/Outerwear,Atelier Nord,05/29/2024
AB-DRE-04131-L,Charcoal Slip Dress,235.74,83,DRESS,Apparel Sol.,03/17/2026
AB-FOO-04132-S,Blush Heeled Mule,94.03,51,Ftwr,Fashion Hub,02/20/2024
AB-OUT-04133-XXL,Blush Wool Peacoat,219.0,42,OUTER,ApparelSolns,02/23/2025
AB-ACC-04134-M,Emerald Wide-Brim Hat,$306.99,22,ACC,A. Nord,05/09/2025
AB-TOP-04135-L,Cognac Button-Up Shirt,147.42,69,TOP,TW Co.,11/03/2025
AB-TOP-04136-XL,Beige V-Neck Sweater,$140.78,85,9,Atelier Nord,06/24/2024
AB-DRE-04137-M,Indigo Slip Dress - M,35.49,91,DRESS,Apparel Solutions,08/24/2025
AB-ACC-04138-XS,Camel Crossbody Bag,$139.38,111,accessories,Atelier Nord,05/28/2024
AB-ACC-04139-XL,Black Twill Scarf,124.31,125,MISC,,09/11/2025
AB-BOT-04140-L,White Skinny Jean,$274.90,31,BOTTOM,Textile World,08/09/2025
AB-ACC-04141-L,Beige Woven Belt,75.92,71,ACC,TW Co.,03/04/2024
AB-BOT-04142-XL,Camel Denim Short,109.85,42,Bottoms,Textile World,09/13/2024
AB-OUT-04143-XS,Cognac Denim Jacket - XS,$146.70,12,Jackets/Outerwear,Apparel Sol.,01/12/2024
AB-ACC-04144-M,Black Wide-Brim Hat - M,$270.36,50,ACC,Fashion Hub Ltd,03/22/2024
AB-FOO-04145-M,White Ankle Boot,143.72,61,Ftwr,TW Co.,11/01/2024
AB-FOO-04146-XXL,Indigo Heeled Mule - XXL,$50.29,96,Footwear,Atelier Nord Studio,05/26/2024
AB-FOO-04146-XXL,Indigo He eled Mule - XXL,$50.29,96,Footwear,Atelier Nord Studio,05/26/2024
AB-DRE-04147-XS,Indigo Shift Dress,88.94,43,Dresses ,Apparel Sol.,07/04/2024
AB-TOP-04148-M,Emerald Cardigan,197.58,48,top,Atelier Nord,11/13/2024
AB-BOT-04149-M,Tan Skinny Jean - M,$146.14,76,Btms,Textile World,03/27/2025
AB-FOO-04150-XL,White Ankle Boot - XL,$240.14,89,Footwear,TW Co.,12/17/2024
AB-OUT-04151-XXL,Tan Blazer,$261.48,94,Outerwear,TW Co.,09/16/2025
AB-TOP-04152-M,White Silk Blouse,$223.18,55,TOP,ApparelSolns,07/07/2025
AB-BOT-04153-XXL,Black Midi Skirt,150.47,80,bottoms,Atelier Nord Studio,01/10/2025
AB-DRE-04155-XXL,Emerald Maxi Dress - XXL,104.2,101,dress,Apparel Solutions,05/10/2023
AB-OUT-04156-XS,Beige Puffer Vest,257.86,24,Outr,A. Nord,05/05/2025
AB-FOO-04157-XS,Beige Espadrille - XS,$148.06,95,Ftwr,Fashion Hub Ltd,07/22/2024
AB-BOT-04159-XXL,Charcoal Pleated Skirt - XXL,$150.20,70,Btms,FH Wholesale (old),05/27/2025
AB-FOO-04160-XXL,Cognac Low-Top Sneaker,170.86,86,footwear,Textile World,04/25/2025
AB-DRE-04162-L,Black Slip Dress - L,$127.26,77,dress,Fashion Hub,10/21/2025
AB-FOO-04163-XXL,Tan Ballet Flat,218.81,78,Shoes/Footwear,Textile World Co,03/22/2024
AB-OUT-04164-XXL,Emerald Puffer Vest,$46.69,105,outerwear,A. Nord,10/18/2025
AB-FOO-04165-XXL,Ivory Low-Top Sneaker - XXL,296.28,61,Ftwr,Fashion Hub Ltd,02/12/2026
AB-FOO-04165-XXL,Ivory Low-Top Sne aker - XXL,296.28,61,Ftwr,Fashion Hub Ltd,02/12/2026
AB-FOO-04166-L,Emerald Ankle Boot,95.79,28,SHOES,Textile World Co,10/16/2024
AB-BOT-04167-L,Beige Pleated Skirt - L,56.79,13,Btms,Atelier Nord,10/07/2025
AB-TOP-04168-M,White V-Neck Sweater - M,$144.35,58,TOPS,Apparel Sol.,08/25/2025
AB-DRE-04169-S,Camel Slip Dress - S,$255.20,54,DRESS,Fashion Hub Ltd,08/25/2025
AB-FOO-04170-S,Ivory Heeled Mule,295.14,119,Footwear,Apparel Sol.,02/06/2025
AB-TOP-04172-M,Cognac Cardigan - M,170.77,80,TOPS,Apparel Sol.,12/14/2023
AB-BOT-04173-XL,Ivory Midi Skirt - XL,332.44,89,Btms,ApparelSolns,05/30/2025
AB-TOP-04174-XXL,Emerald Tank Top - XXL,$273.42,92,Tshirts/Tops,ApparelSolns,01/26/2025
AB-TOP-04175-XS,Indigo Cardigan,$237.75,135,TOP,TW Co.,01/31/2026
AB-DRE-04176-XS,Tan Shirt Dress,154.59,61,9,Textile World Co,12/21/2023
AB-ACC-04177-XXL,Tan Statement Earrings,152.48,76,Accessories,ApparelSolns,06/08/2023
AB-OUT-04178-L,Camel Moto Jacket,225.49,17,outerwear,A. Nord,07/15/2024
AB-ACC-04179-XL,Tan Crossbody Bag - XL,240.79,70,Accs,A. Nord,05/22/2024
AB-TOP-04180-M,Burgundy Tank Top - M,307.43,142,TOPS,Apparel Solutions,10/16/2025
AB-BOT-04181-M,Camel Chino Pant,$28.66,118,Bottoms,Atelier Nord,09/21/2023
AB-BOT-04182-XS,Indigo Denim Short - XS,$42.86,80,Btms,,05/27/2025
AB-ACC-04183-XS,Tan Twill Scarf - XS,$136.00,9,accessories,Fashion Hub Ltd,12/01/2024
AB-OUT-04184-M,Tan Puffer Vest - M,157.93,110,Outerwear,FH Wholesale (old),05/26/2025
AB-FOO-04185-M,Cognac Low-Top Sneaker - M,$228.06,101,Footwear,Apparel Solutions,06/19/2025
AB-BOT-04186-M,Burgundy Skinny Jean - M,219.22,117,Pants/Bottoms,TW Co.,09/21/2024
AB-OUT-04187-M,Charcoal Blazer,259.38,120,OUTER,Textile World Co,03/03/2024
AB-DRE-04188-XXL,Blush Shirt Dress,$29.79,14,Dresses,Atelier Nord Studio,11/06/2024
AB-BOT-04189-XL,Cognac Wide-Leg Trouser - XL,105.55,21,Btms,Textile World,06/24/2024
AB-BOT-04190-XS,Blush Midi Skirt,200.49,30,Pants/Bottoms,TW Co.,07/21/2024
AB-BOT-04191-L,Beige Skinny Jean - L,65.04,94,Bottoms,Apparel Solutions,07/02/2025
AB-BOT-04192-XXL,Indigo Chino Pant,114.8,104,Btms,Textile World,03/10/2025
AB-BOT-04192-XXL,Indigo Chino Pant ,114.8,104,Btms,Textile World,03/10/2025
AB-TOP-04193-XS,Cognac Button-Up Shirt,242.17,13,Tshirts/Tops,TW Co.,08/09/2025
AB-TOP-04194-XXL,Tan Henley,281.61,103,top,TW Co.,12/26/2025
AB-DRE-04195-L,Ivory Slip Dress,$164.70,87,Drss,Fashion Hub Ltd,05/24/2024
AB-ACC-04196-XXL,Charcoal Crossbody Bag - XXL,$258.89,59,ACC,,04/29/2025
AB-TOP-04197-XL,Cognac Silk Blouse - XL,$146.58,26,Tops,Atelier Nord Studio,02/28/2024
AB-BOT-04198-S,Ivory Linen Pant,$42.09,51,Btms,Textile World Co,07/26/2024
AB-BOT-04199-XS,Indigo Midi Skirt - XS,$198.56,139,BOTTOM,FH Wholesale (old),06/17/2025
AB-BOT-04200-XL,Blush Midi Skirt - XL,133.62,81,Pants/Bottoms,ApparelSolns,11/28/2024
AB-DRE-04201-M,Tan Shirt Dress - M,285.79,54,Drss,Atelier Nord,06/02/2024
AB-DRE-04202-M,Blush Shirt Dress - M,313.53,28,dress,Apparel Solutions,11/06/2024
AB-TOP-04204-XS,Ivory Tank Top,$193.62,138,TOPS,Textile World Co,12/13/2023
AB-ACC-04205-L,Charcoal Wide-Brim Hat,161.94,25,Accessories,Atelier Nord,12/16/2024
AB-DRE-04206-M,White Maxi Dress - M,$223.34,42,DRESS,A. Nord,10/07/2023
AB-TOP-04207-XL,Tan Button-Up Shirt,$81.06,82,TOP,Textile World Co,05/26/2024
AB-TOP-04208-S,White V-Neck Sweater,$67.74,49,Tshirts/Tops,Atelier Nord,09/24/2024
AB-TOP-04209-XL,Black Turtleneck - XL,$294.65,101,TOP,Atelier Nord Studio,06/26/2024
AB-OUT-04210-XXL,Black Denim Jacket - XXL,$329.14,123,Outr,Fashion Hub,09/10/2024
AB-TOP-04211-L,Emerald Turtleneck,$230.82,95,TOPS,Textile World Co,07/06/2023
AB-OUT-04212-L,Tan Denim Jacket,197.13,47,Outr,FH Wholesale (old),11/03/2023
AB-OUT-04213-M,Black Trench Coat,$187.84,76,outerwear,Atelier Nord Studio,11/02/2023
AB-FOO-04214-S,Beige Heeled Mule,86.91,38,Ftwr,Fashion Hub Ltd,06/19/2024
AB-DRE-04215-L,Blush Shirt Dress,$187.92,108,MISC,Apparel Sol.,06/15/2024
AB-TOP-04216-XS,Indigo V-Neck Sweater - XS,257.92,44,TOPS,Apparel Sol.,05/12/2025
AB-ACC-04217-M,Indigo Twill Scarf,328.78,124,Accessory,Fashion Hub,09/13/2025
AB-TOP-04218-S,Camel Turtleneck,$251.66,34,top,Apparel Sol.,12/15/2025
AB-FOO-04219-XS,Tan Heeled Mule,192.31,95,SHOES,Fashion Hub Ltd,04/13/2025
AB-FOO-04220-L,Charcoal Ankle Boot,$184.39,118,Ftwr,Textile World Co,07/15/2023
AB-OUT-04221-XS,Ivory Wool Peacoat - XS,308.2,17,outerwear,ApparelSolns,03/03/2025
AB-BOT-04222-XXL,Indigo Linen Pant - XXL,251.42,93,Bottoms,TW Co.,04/17/2024
AB-OUT-04223-S,Ivory Moto Jacket,$141.53,18,OUTER,FH Wholesale (old),11/26/2024
AB-ACC-04224-M,Emerald Wide-Brim Hat - M,$177.00,33,Accessory,ApparelSolns,03/23/2026
AB-FOO-04225-M,Charcoal Low-Top Sneaker,$258.48,76,footwear,Textile World Co,07/14/2024
AB-ACC-04226-XS,Tan Wide-Brim Hat,142.13,118,Accessory,Fashion Hub Ltd,04/13/2024
AB-DRE-04227-M,Emerald Wrap Dress,278.99,87,9,ApparelSolns,02/22/2025
AB-BOT-04228-XXL,Burgundy Midi Skirt,59.57,41,Bottoms,ApparelSolns,12/16/2025
AB-TOP-04229-XS,Black Button-Up Shirt,$303.59,62,TOP,TW Co.,02/17/2024
AB-TOP-04230-XL,Blush Tank Top,182.13,3,Tshirts/Tops,Atelier Nord Studio,08/12/2024
AB-DRE-04231-XS,Emerald Slip Dress,$289.93,12,Drss,Atelier Nord Studio,03/25/2026
AB-OUT-04232-S,Black Blazer,126.7,128,Jackets/Outerwear,Fashion Hub Ltd,11/18/2024
AB-TOP-04233-S,White Button-Up Shirt,295.1,97,TOPS,ApparelSolns,05/24/2023
AB-DRE-04234-M,Indigo Wrap Dress - M,268.14,82,dress,Textile World Co,02/16/2024
AB-BOT-04235-XL,Indigo Chino Pant,51.75,116,BOTTOM,ApparelSolns,07/04/2025
AB-OUT-04236-XXL,Emerald Denim Jacket,$301.98,2,Outr,Atelier Nord Studio,12/06/2024
AB-DRE-04237-M,Camel Midi Dress,$221.23,72,Dresses ,Atelier Nord Studio,09/28/2025
AB-TOP-04238-XS,Charcoal Henley - XS,88.3,52,TOPS,TW Co.,03/13/2025
AB-OUT-04239-XXL,Burgundy Blazer,116.29,127,OUTER,Atelier Nord Studio,09/20/2024
AB-OUT-04239-XXL,Burgundy Blaze r,116.29,127,OUTER,Atelier Nord Studio,09/20/2024
AB-DRE-04240-M,Black Wrap Dress - M,$287.54,25,Dresses ,Apparel Sol.,04/17/2025
AB-DRE-04241-XXL,Emerald Shirt Dress - XXL,293.5,138,Dresses ,TW Co.,01/15/2024
AB-DRE-04242-M,Black Maxi Dress,$66.72,13,dress,Apparel Sol.,11/30/2024
AB-FOO-04243-XL,Blush Loafer,260.42,105,Shoes/Footwear,Apparel Solutions,04/17/2026
AB-TOP-04244-XS,White V-Neck Sweater,289.97,121,Tshirts/Tops,Atelier Nord,06/23/2024
AB-DRE-04245-M,Blush Maxi Dress,152.61,118,DRESS,Apparel Sol.,05/25/2024
AB-FOO-04246-S,Emerald Loafer - S,$137.93,53,SHOES,Textile World,03/06/2024
AB-FOO-04247-XXL,Camel Ballet Flat,$224.73,2,footwear,FH Wholesale (old),04/30/2025
AB-FOO-04248-L,Tan Ballet Flat,239.35,11,N/A,Apparel Solutions,10/30/2025
AB-OUT-04249-XL,Burgundy Denim Jacket - XL,$304.58,104,Outerwear,TW Co.,01/10/2024
AB-BOT-04250-L,Ivory Denim Short,28.64,127,Pants/Bottoms,Atelier Nord,08/07/2024
AB-OUT-04251-M,Beige Denim Jacket,31.33,56,Outerwear,A. Nord,02/03/2025
AB-FOO-04252-L,Ivory Heeled Mule,182.13,47,Shoes/Footwear,TW Co.,02/13/2026
AB-ACC-04253-XXL,White Crossbody Bag,35.55,112,Accessories,Fashion Hub Ltd,06/24/2025
AB-BOT-04254-S,White Pleated Skirt - S,$63.37,8,Pants/Bottoms,Atelier Nord Studio,08/21/2024
AB-FOO-04255-M,Ivory Espadrille,$67.52,49,Footwear,,04/13/2025
AB-BOT-04256-S,Ivory Skinny Jean,$90.59,97,Bottoms,TW Co.,01/14/2024
AB-OUT-04257-L,Black Blazer - L,233.5,1,OUTER,ApparelSolns,09/14/2024
AB-FOO-04258-S,Tan Ballet Flat,119.25,123,Ftwr,,06/12/2024
AB-DRE-04259-M,Beige Midi Dress - M,58.52,87,Dresses,FH Wholesale (old),02/19/2024
AB-OUT-04260-XS,Black Blazer - XS,$301.36,62,Outerwear,,04/30/2024
AB-FOO-04261-M,Blush Loafer,$263.25,85,Shoes/Footwear,Atelier Nord Studio,01/20/2024
AB-TOP-04262-XXL,Beige V-Neck Sweater,95.24,79,TOP,FH Wholesale (old),09/22/2024
AB-DRE-04263-XS,Cognac Midi Dress - XS,89.81,113,Dresses,ApparelSolns,11/16/2024
AB-DRE-04264-M,Blush Midi Dress,167.26,108,Dresses,Fashion Hub Ltd,01/14/2025
AB-FOO-04265-XL,Emerald Espadrille,26.6,47,Shoes/Footwear,Atelier Nord Studio,02/01/2024
AB-BOT-04266-S,Beige Linen Pant,$52.97,19,bottoms,Textile World Co,10/10/2024
AB-TOP-04267-XXL,Beige V-Neck Sweater - XXL,195.82,106,TOP,Apparel Sol.,07/29/2024
AB-TOP-04267-XXL,Be ige V-Neck Sweater - XXL,195.82,106,TOP,Apparel Sol.,07/29/2024
AB-FOO-04268-S,Tan Loafer - S,164.62,123,Footwear,Atelier Nord,12/30/2023
AB-FOO-04269-XXL,Charcoal Heeled Mule,$95.87,40,Footwear,Fashion Hub,11/06/2025
AB-DRE-04270-L,Blush Slip Dress,197.82,34,Dresses ,Textile World,02/20/2025
AB-ACC-04271-M,Indigo Wide-Brim Hat,$53.55,2,Accs,Apparel Solutions,02/12/2024
AB-BOT-04272-XL,Ivory Midi Skirt,158.91,4,bottoms,FH Wholesale (old),04/23/2024
AB-TOP-04274-S,Tan Silk Blouse,$38.58,125,Tshirts/Tops,FH Wholesale (old),09/10/2024
AB-DRE-04275-XS,Camel Shift Dress - XS,96.92,127,dress,Atelier Nord Studio,01/30/2025
AB-BOT-04276-XS,Burgundy Linen Pant - XS,277.79,56,BOTTOM,Fashion Hub,10/24/2024
AB-OUT-04277-M,Emerald Trench Coat,252.79,91,Jackets/Outerwear,Fashion Hub Ltd,01/07/2024
AB-OUT-04278-XL,Tan Blazer,94.48,43,Outr,Atelier Nord,11/21/2025
AB-TOP-04279-L,Burgundy Turtleneck,$165.02,87,top,Fashion Hub,10/07/2024
AB-OUT-04281-XXL,Charcoal Trench Coat,$143.33,2,Jackets/Outerwear,TW Co.,10/14/2024
AB-TOP-04282-M,Camel V-Neck Sweater,302.34,39,Tops,Atelier Nord,08/15/2024
AB-BOT-04283-XS,Emerald Chino Pant - XS,249.44,143,Bottoms,Apparel Sol.,08/30/2024
AB-FOO-04284-XL,White Espadrille,20.94,101,Ftwr,Atelier Nord Studio,06/28/2023
AB-ACC-04285-L,Beige Twill Scarf,182.15,123,accessories,,04/19/2025
AB-BOT-04286-S,Beige Skinny Jean,38.23,33,Pants/Bottoms,Apparel Solutions,01/17/2024
AB-TOP-04287-XXL,Cognac Silk Blouse,55.61,58,Tshirts/Tops,ApparelSolns,09/23/2025
AB-BOT-04288-XS,Emerald Denim Short - XS,190.82,50,BOTTOM,ApparelSolns,08/24/2025
AB-OUT-04289-XL,Blush Puffer Vest,200.37,26,OUTER,TW Co.,05/11/2024
AB-FOO-04290-M,Blush Espadrille,40.98,55,Ftwr,Fashion Hub Ltd,03/30/2026
AB-FOO-04291-XS,Emerald Espadrille - XS,191.83,4,footwear,,01/22/2026
AB-OUT-04292-M,Emerald Wool Peacoat - M,$344.86,79,Jackets/Outerwear,Fashion Hub,01/06/2024
AB-DRE-04293-S,Emerald Slip Dress - S,61.64,33,Dresses,Atelier Nord Studio,08/25/2024
AB-FOO-04294-XL,Cognac Ankle Boot - XL,$223.12,59,Footwear,Textile World Co,09/16/2024
AB-ACC-04295-XXL,Emerald Wide-Brim Hat - XXL,$83.66,111,ACC,Atelier Nord,12/16/2025
AB-OUT-04296-M,Ivory Denim Jacket,$78.39,78,outerwear,Apparel Sol.,12/26/2023
AB-ACC-04297-XL,Camel Woven Belt - XL,175.57,42,Accessory,Atelier Nord,08/29/2025
AB-OUT-04298-XS,Emerald Wool Peacoat,$295.38,78,Outerwear,Apparel Sol.,02/04/2024
AB-FOO-04299-XS,Tan Espadrille,$212.39,12,SHOES,TW Co.,09/28/2025
AB-BOT-04300-XXL,Cognac Pleated Skirt,201.91,40,bottoms,Fashion Hub,03/02/2024
AB-OUT-04301-XS,Indigo Puffer Vest - XS,222.15,73,outerwear,Fashion Hub,07/16/2023
AB-FOO-04302-XXL,Indigo Ankle Boot,167.3,122,Footwear,ApparelSolns,09/05/2024
AB-FOO-04302-XXL,Indigo Ankle  Boot,167.3,122,Footwear,ApparelSolns,09/05/2024
AB-BOT-04303-L,Ivory Pleated Skirt,236.72,35,Pants/Bottoms,Atelier Nord,02/01/2024
AB-DRE-04304-S,Beige Shift Dress,78.34,59,Drss,,01/26/2024
AB-FOO-04305-M,Burgundy Ankle Boot,$277.93,92,SHOES,FH Wholesale (old),10/05/2023
AB-OUT-04306-XXL,White Trench Coat - XXL,$242.92,47,MISC,Fashion Hub Ltd,01/31/2026
AB-BOT-04307-XS,Camel Chino Pant,$166.76,84,Pants/Bottoms,Apparel Sol.,11/06/2024
AB-FOO-04308-XXL,Black Ankle Boot - XXL,165.5,32,SHOES,Fashion Hub Ltd,03/24/2025
AB-BOT-04309-XL,Blush Wide-Leg Trouser - XL,$151.10,78,Pants/Bottoms,Apparel Sol.,04/05/2024
AB-BOT-04310-XXL,Cognac Denim Short,$268.82,72,Btms,Textile World Co,04/29/2025
AB-OUT-04311-XXL,Indigo Blazer,242.22,21,outerwear,,07/11/2024
AB-BOT-04312-XS,Beige Midi Skirt,$70.67,41,BOTTOM,Textile World Co,09/17/2025
AB-DRE-04313-S,Burgundy Maxi Dress,115.25,-3,Dresses ,Atelier Nord,05/22/2025
AB-BOT-04314-XL,Beige Wide-Leg Trouser - XL,$189.59,14,bottoms,Fashion Hub,12/07/2024
AB-DRE-04315-XS,Indigo Maxi Dress,$107.00,111,Dresses,Apparel Sol.,04/26/2025
AB-OUT-04316-XXL,Burgundy Trench Coat,$109.37,-2,Jackets/Outerwear,ApparelSolns,10/17/2025
AB-DRE-04317-S,Tan Midi Dress - S,$139.73,126,DRESS,Fashion Hub Ltd,07/24/2025
AB-BOT-04318-XXL,Burgundy Linen Pant,$240.79,113,BOTTOM,Fashion Hub,12/10/2024
AB-DRE-04319-XL,Charcoal Slip Dress - XL,$109.23,59,DRESS,Textile World,11/12/2025
AB-FOO-04320-XS,Beige Heeled Mule,113.21,54,Footwear,Apparel Solutions,08/24/2025
AB-ACC-04321-XXL,Ivory Wide-Brim Hat,70.82,114,ACC,ApparelSolns,05/06/2025
AB-ACC-04322-L,Blush Leather Tote,$92.17,130,Accessory,Textile World,11/15/2023
AB-BOT-04323-L,Black Wide-Leg Trouser,98.72,55,bottoms,Textile World Co,05/23/2025
AB-ACC-04324-S,Black Leather Tote - S,134.46,28,ACC,Textile World Co,12/10/2025
AB-BOT-04326-S,Emerald Linen Pant,$89.84,88,bottoms,FH Wholesale (old),12/11/2023
AB-DRE-04327-XS,Indigo Wrap Dress,91.58,33,DRESS,Textile World Co,08/19/2024
AB-TOP-04328-XXL,Emerald Crewneck Tee,$133.41,91,top,Fashion Hub,09/30/2024
AB-FOO-04329-XL,Black Heeled Mule,190.53,5,MISC,Apparel Sol.,06/06/2024
AB-BOT-04330-XXL,Tan Wide-Leg Trouser,$323.00,106,Btms,ApparelSolns,08/11/2024
AB-TOP-04332-S,Blush Silk Blouse - S,$298.90,132,top,Fashion Hub Ltd,02/28/2024
AB-FOO-04333-XXL,Charcoal Ankle Boot,282.9,89,footwear,Apparel Sol.,09/23/2025
AB-ACC-04334-XXL,Burgundy Leather Tote - XXL,194.64,65,Accs,Apparel Solutions,01/29/2026
AB-TOP-04335-M,White Henley,286.71,80,TOPS,Atelier Nord,10/30/2024
AB-OUT-04336-L,Indigo Moto Jacket,$69.36,131,OUTER,Textile World Co,09/28/2025
AB-ACC-04337-L,Camel Leather Tote - L,23.28,110,Accs,Textile World,01/30/2024
AB-ACC-04338-XS,Ivory Crossbody Bag,293.95,110,Accessory,ApparelSolns,03/21/2024
AB-DRE-04339-XS,Black Midi Dress - XS,145.65,18,Drss,Atelier Nord,03/31/2024
AB-TOP-04340-XS,Ivory Button-Up Shirt,$208.70,98,Tshirts/Tops,ApparelSolns,02/21/2025
AB-DRE-04341-L,Tan Shirt Dress,159.46,18,dress,Atelier Nord,04/15/2024
AB-ACC-04343-XS,Black Wide-Brim Hat,$41.77,74,accessories,Fashion Hub Ltd,07/01/2025
AB-FOO-04345-XL,Cognac Loafer,195.72,53,SHOES,FH Wholesale (old),09/03/2023
AB-DRE-04346-XS,Tan Maxi Dress,$288.07,133,Dresses ,Atelier Nord Studio,03/17/2024
AB-OUT-04347-XXL,Emerald Puffer Vest - XXL,$44.98,80,Jackets/Outerwear,Apparel Solutions,09/13/2024
AB-FOO-04348-XXL,Blush Ankle Boot,$217.46,97,Footwear,Fashion Hub,12/05/2024
AB-OUT-04349-S,Cognac Puffer Vest,$145.62,145,Outerwear,A. Nord,11/30/2023
AB-TOP-04350-XXL,Ivory Henley,66.9,0,Tops,Atelier Nord Studio,07/15/2025
AB-ACC-04351-XXL,White Wide-Brim Hat,156.14,49,Accessories,Apparel Solutions,01/30/2025
AB-BOT-04352-M,Indigo Pleated Skirt - M,144.78,63,bottoms,FH Wholesale (old),12/24/2025
AB-ACC-04353-XL,Black Statement Earrings - XL,34.95,102,ACC,Textile World Co,08/25/2025
AB-OUT-04354-XL,Beige Puffer Vest,49.42,65,OUTER,Apparel Sol.,10/25/2024
AB-DRE-04355-S,Cognac Slip Dress,$145.19,10,Dresses,Atelier Nord,03/20/2024
AB-OUT-04356-XL,Camel Denim Jacket,$326.17,94,Outr,FH Wholesale (old),05/24/2025
AB-FOO-04357-L,Indigo Espadrille - L,36.68,86,footwear,ApparelSolns,12/06/2025
AB-OUT-04358-L,White Moto Jacket - L,$126.67,22,Outerwear,,06/12/2024
AB-ACC-04359-L,Blush Wide-Brim Hat,326.95,64,Accessories,Textile World,09/05/2025
AB-TOP-04360-XXL,Tan Crewneck Tee - XXL,$74.39,30,top,A. Nord,09/21/2023
AB-ACC-04361-M,Ivory Twill Scarf - M,149.16,40,Accs,Apparel Sol.,04/18/2024
AB-OUT-04362-L,Emerald Blazer,23.2,45,outerwear,Textile World,02/13/2024
AB-OUT-04363-XL,Burgundy Denim Jacket - XL,50.75,41,Outr,Atelier Nord,04/30/2026
AB-OUT-04364-M,Blush Moto Jacket,$216.10,3,Outerwear,A. Nord,02/08/2026
AB-TOP-04365-XXL,Camel Silk Blouse - XXL,60.32,100,top,Fashion Hub Ltd,03/20/2026
AB-TOP-04367-XL,Tan Crewneck Tee - XL,$190.28,126,TOPS,Textile World,09/04/2024
AB-ACC-04368-XL,Charcoal Crossbody Bag,57.26,96,Accessory,Atelier Nord,12/07/2023
AB-OUT-04369-S,Black Trench Coat,92.68,56,outerwear,Apparel Sol.,11/18/2025
AB-ACC-04370-XS,Black Twill Scarf,102.61,84,accessories,,05/06/2024
AB-FOO-04371-S,Beige Ballet Flat,169.95,71,footwear,FH Wholesale (old),01/24/2024
AB-OUT-04372-XXL,Beige Puffer Vest,108.29,62,OUTER,,09/27/2024
AB-OUT-04373-XL,Cognac Trench Coat,227.25,98,MISC,Atelier Nord Studio,09/22/2023
AB-FOO-04374-S,Indigo Loafer - S,117.7,115,Footwear,TW Co.,10/26/2025
AB-DRE-04375-XS,Indigo Shirt Dress,$67.51,63,DRESS,Fashion Hub,12/17/2023
AB-BOT-04376-XS,Camel Wide-Leg Trouser - XS,$141.99,119,N/A,Apparel Solutions,12/16/2024
AB-TOP-04377-XS,Blush Silk Blouse,$176.09,11,Tops,ApparelSolns,11/11/2025
AB-DRE-04378-XXL,Cognac Wrap Dress,251.08,125,Dresses,TW Co.,08/07/2023
AB-DRE-04379-L,Indigo Wrap Dress,$30.53,144,9,A. Nord,08/04/2025
AB-TOP-04380-XL,Charcoal Silk Blouse - XL,164.17,75,Tshirts/Tops,,12/28/2025
AB-DRE-04381-XL,Tan Maxi Dress,188.55,88,Dresses,FH Wholesale (old),02/05/2026
AB-BOT-04382-M,White Chino Pant,$147.34,82,bottoms,Textile World Co,01/26/2026
AB-FOO-04383-M,Camel Ballet Flat - M,$23.04,38,Ftwr,TW Co.,11/26/2025
AB-DRE-04384-S,Cognac Shirt Dress,181.54,108,dress,Apparel Sol.,02/11/2024
AB-ACC-04385-L,Charcoal Twill Scarf,161.83,76,Accessories,TW Co.,06/06/2024
AB-TOP-04386-XS,White Turtleneck,229.46,97,TOP,,06/04/2025
AB-OUT-04387-XS,Beige Blazer,$233.57,72,OUTER,Apparel Solutions,04/22/2025
AB-OUT-04387-XS,Be ige Blazer,$233.57,72,OUTER,Apparel Solutions,04/22/2025
AB-FOO-04388-L,Black Heeled Mule,25.22,110,Footwear,FH Wholesale (old),08/10/2025
AB-TOP-04389-XL,White V-Neck Sweater - XL,$225.12,96,TOP,TW Co.,10/28/2025
AB-ACC-04390-M,Ivory Wide-Brim Hat,140.52,66,Accessory,A. Nord,05/20/2024
AB-TOP-04391-M,Charcoal Crewneck Tee,$102.11,57,top,Fashion Hub,08/30/2025
AB-TOP-04392-XL,White V-Neck Sweater,117.16,78,TOPS,Fashion Hub Ltd,10/28/2023
AB-ACC-04393-S,Charcoal Statement Earrings - S,233.45,113,Accessories,ApparelSolns,04/25/2026
AB-FOO-04394-M,Black Espadrille,167.43,128,Footwear,Apparel Sol.,07/12/2024
AB-OUT-04395-XXL,Beige Moto Jacket,$259.55,98,N/A,Apparel Sol.,10/03/2024
AB-TOP-04396-XL,Tan Button-Up Shirt,192.63,17,top,Atelier Nord Studio,12/13/2023
AB-BOT-04397-M,Camel Skinny Jean,96.01,135,bottoms,Atelier Nord Studio,02/28/2024
AB-BOT-04398-XXL,Blush Chino Pant,$199.09,9,MISC,A. Nord,11/02/2024
AB-ACC-04399-S,Black Woven Belt,$278.26,115,ACC,Textile World Co,05/11/2024
AB-DRE-04400-XL,Tan Slip Dress,19.09,70,9,Atelier Nord Studio,09/07/2024
AB-FOO-04401-S,Burgundy Ankle Boot,223.78,73,footwear,Atelier Nord,11/08/2023
AB-BOT-04402-L,Tan Midi Skirt,$41.38,98,Btms,ApparelSolns,11/11/2023
AB-BOT-04403-L,Indigo Wide-Leg Trouser - L,$90.55,16,bottoms,ApparelSolns,08/13/2025
AB-ACC-04404-M,Black Wide-Brim Hat - M,$292.69,96,Accs,Atelier Nord Studio,05/23/2024
AB-TOP-04405-XS,White Crewneck Tee,$219.93,75,Tops,A. Nord,09/15/2024
AB-TOP-04406-S,Blush Silk Blouse,27.36,73,TOPS,Atelier Nord Studio,09/05/2023
AB-TOP-04407-M,Emerald Button-Up Shirt,$164.26,76,top,,11/22/2025
AB-FOO-04408-XXL,Tan Heeled Mule - XXL,$172.78,124,Footwear,,02/03/2024
AB-OUT-04409-S,Tan Moto Jacket,259.32,6,Outr,A. Nord,12/14/2023
AB-OUT-04410-XS,Black Denim Jacket - XS,166.68,49,Outerwear,Atelier Nord,09/27/2025
AB-OUT-04411-M,Beige Wool Peacoat,269.37,23,Jackets/Outerwear,TW Co.,10/05/2024
AB-FOO-04412-XS,White Ankle Boot,49.86,108,Footwear,Atelier Nord,10/12/2025
AB-TOP-04413-XL,Camel Crewneck Tee,74.51,14,TOP,Fashion Hub Ltd,09/22/2024
AB-DRE-04414-M,White Shift Dress,$284.07,108,DRESS,Apparel Sol.,03/24/2025
AB-DRE-04415-S,Charcoal Midi Dress - S,$200.62,104,Dresses,Apparel Sol.,05/31/2025
AB-DRE-04416-S,Ivory Shift Dress,175.44,6,dress,,02/19/2026
AB-BOT-04417-M,Charcoal Linen Pant - M,$298.90,28,Bottoms,TW Co.,10/18/2024
AB-FOO-04418-XL,Beige Espadrille,136.37,103,Shoes/Footwear,Textile World,11/14/2024
AB-FOO-04418-XL,Be ige Espadrille,136.37,103,Shoes/Footwear,Textile World,11/14/2024
AB-BOT-04419-XXL,Indigo Linen Pant,286.14,122,Bottoms,Fashion Hub,10/20/2025
AB-OUT-04420-L,White Trench Coat,303.58,65,outerwear,Textile World,07/31/2025
AB-OUT-04421-M,Ivory Blazer,$256.51,38,OUTER,A. Nord,05/29/2024
AB-ACC-04422-XL,Blush Wide-Brim Hat,290.96,62,accessories,A. Nord,11/27/2025
AB-FOO-04423-XXL,Emerald Low-Top Sneaker,179.33,25,footwear,Atelier Nord,02/28/2024
AB-ACC-04424-M,Charcoal Twill Scarf,256.35,121,accessories,Textile World,01/18/2025
AB-OUT-04425-L,Black Denim Jacket,126.7,25,outerwear,Fashion Hub,03/17/2025
AB-BOT-04426-L,Blush Midi Skirt,51.84,31,BOTTOM,TW Co.,01/16/2025
AB-BOT-04427-L,Black Pleated Skirt,297.48,94,Btms,,09/26/2025
AB-DRE-04428-L,Camel Maxi Dress,269.35,136,Dresses ,TW Co.,11/01/2025
AB-FOO-04429-XS,Black Heeled Mule,222.22,83,SHOES,Apparel Sol.,11/10/2024
AB-OUT-04430-XL,Charcoal Moto Jacket - XL,94.19,33,OUTER,Textile World,01/20/2025
AB-OUT-04430-XL,Charcoal Moto Jacke t - XL,94.19,33,OUTER,Textile World,01/20/2025
AB-ACC-04431-XL,Burgundy Twill Scarf,$131.46,38,Accessory,A. Nord,07/09/2024
AB-DRE-04432-XXL,Beige Midi Dress,125.65,44,Drss,Fashion Hub Ltd,07/20/2024
AB-TOP-04433-XXL,Black Crewneck Tee,271.85,28,Tshirts/Tops,Fashion Hub Ltd,09/21/2025
AB-ACC-04434-M,White Twill Scarf,39.26,18,Accs,Atelier Nord,12/22/2025
AB-FOO-04435-XL,Charcoal Heeled Mule,251.48,131,Ftwr,,12/09/2023
AB-BOT-04436-XS,Charcoal Skinny Jean - XS,225.14,131,BOTTOM,Fashion Hub,05/12/2024
AB-ACC-04437-M,Cognac Leather Tote,283.23,13,Accessories,Atelier Nord,01/11/2026
AB-ACC-04438-XL,Burgundy Statement Earrings - XL,153.29,50,accessories,A. Nord,08/27/2025
AB-BOT-04439-M,Black Skinny Jean - M,$179.86,126,Pants/Bottoms,,10/09/2025
AB-OUT-04440-XXL,Charcoal Blazer,276.96,95,OUTER,Atelier Nord Studio,06/06/2024
AB-ACC-04441-XL,White Crossbody Bag - XL,56.28,18,Accessory,Textile World Co,10/15/2025
AB-FOO-04442-S,Ivory Loafer,143.97,20,Footwear,FH Wholesale (old),01/03/2025
AB-ACC-04443-XS,Camel Crossbody Bag - XS,134.21,57,Accessories,Atelier Nord,09/10/2025
AB-TOP-04444-L,Charcoal Silk Blouse - L,277.34,111,top,,03/02/2025
AB-BOT-04445-S,Cognac Chino Pant,$286.44,16,Btms,ApparelSolns,08/01/2024
AB-OUT-04446-XS,Camel Denim Jacket,57.9,17,Jackets/Outerwear,TW Co.,09/18/2025
AB-FOO-04447-XXL,Charcoal Espadrille,304.0,35,footwear,Textile World Co,01/14/2026
AB-FOO-04448-L,Tan Low-Top Sneaker,320.68,44,Ftwr,A. Nord,08/14/2024
AB-FOO-04449-XL,Emerald Low-Top Sneaker - XL,$200.07,82,footwear,ApparelSolns,10/21/2025
AB-ACC-04451-S,Camel Wide-Brim Hat - S,$244.20,148,Accs,A. Nord,08/21/2024
AB-TOP-04453-XS,Camel Cardigan,$116.31,127,Tshirts/Tops,Fashion Hub Ltd,03/01/2025
AB-TOP-04453-XS,Came l Cardigan,$116.31,127,Tshirts/Tops,Fashion Hub Ltd,03/01/2025
AB-TOP-04454-XXL,Blush Tank Top - XXL,198.77,14,Tops,Apparel Sol.,09/12/2025
AB-ACC-04455-S,Burgundy Crossbody Bag,164.44,9,,Atelier Nord Studio,05/23/2024
AB-DRE-04456-XXL,White Slip Dress,22.86,68,Drss,TW Co.,09/24/2024
AB-ACC-04458-S,Charcoal Twill Scarf - S,121.14,74,ACC,Textile World,02/22/2024
AB-FOO-04459-XL,Ivory Ankle Boot - XL,111.09,134,SHOES,Apparel Solutions,02/04/2025
AB-BOT-04460-XL,Emerald Linen Pant,$184.68,91,Pants/Bottoms,Textile World,04/14/2025
AB-FOO-04461-XS,Blush Ballet Flat - XS,89.42,115,footwear,TW Co.,05/14/2024
AB-ACC-04462-XS,White Twill Scarf,$224.02,100,accessories,A. Nord,12/23/2024
AB-TOP-04463-XL,Burgundy Turtleneck - XL,$69.74,90,Tshirts/Tops,Atelier Nord,07/16/2024
AB-ACC-04464-XS,Indigo Crossbody Bag - XS,$67.23,74,Accs,Fashion Hub,09/05/2025
AB-BOT-04465-XS,Charcoal Wide-Leg Trouser,164.07,92,Pants/Bottoms,Fashion Hub Ltd,09/03/2024
AB-BOT-04466-XL,Burgundy Skinny Jean - XL,194.56,42,Bottoms,TW Co.,07/19/2025
AB-DRE-04467-S,Cognac Shirt Dress - S,$80.38,43,Dresses ,Atelier Nord Studio,09/25/2025
AB-TOP-04468-XXL,Emerald Crewneck Tee,$38.39,112,top,Textile World Co,01/05/2024
AB-ACC-04469-M,Blush Crossbody Bag,59.96,-3,Accessory,ApparelSolns,02/07/2025
AB-BOT-04470-XL,White Skinny Jean - XL,$272.44,142,bottoms,Atelier Nord Studio,07/06/2024
AB-BOT-04471-M,Emerald Denim Short,$148.77,51,bottoms,,11/21/2024
AB-FOO-04472-S,Indigo Espadrille - S,105.6,55,Ftwr,,06/20/2025
AB-ACC-04473-M,Blush Statement Earrings,44.8,4,ACC,Apparel Solutions,11/24/2023
AB-DRE-04474-XL,Black Wrap Dress - XL,222.23,137,DRESS,FH Wholesale (old),10/16/2025
AB-DRE-04475-S,Ivory Shirt Dress,$285.08,53,Drss,A. Nord,10/14/2025
AB-TOP-04476-L,Charcoal Crewneck Tee,312.66,34,top,Fashion Hub,03/09/2024
AB-BOT-04477-S,Black Pleated Skirt - S,19.02,48,Pants/Bottoms,TW Co.,08/01/2025
AB-DRE-04478-XXL,Ivory Shirt Dress - XXL,$75.98,116,Drss,Apparel Sol.,07/22/2024
AB-BOT-04479-L,White Denim Short - L,258.62,7,Btms,Textile World,03/16/2026
AB-FOO-04480-XXL,Indigo Ankle Boot,84.26,108,Footwear,A. Nord,10/22/2025
AB-OUT-04481-XL,Indigo Puffer Vest,230.82,78,outerwear,Atelier Nord Studio,08/20/2023
AB-BOT-04482-M,Black Wide-Leg Trouser,109.73,64,Pants/Bottoms,Apparel Solutions,10/24/2023
AB-TOP-04483-L,White Cardigan,93.11,107,top,Atelier Nord Studio,11/27/2023
AB-TOP-04484-XXL,Camel Button-Up Shirt,$193.97,25,TOP,Apparel Solutions,11/04/2024
AB-ACC-04485-L,White Statement Earrings,$107.21,105,accessories,,09/29/2025
AB-ACC-04486-XS,Cognac Leather Tote,115.74,38,accessories,Textile World,09/03/2024
AB-TOP-04487-XXL,Black Tank Top,203.56,106,,Atelier Nord,09/17/2023
AB-ACC-04488-XS,Charcoal Statement Earrings,288.42,84,Accs,,07/19/2024
AB-BOT-04489-XXL,Charcoal Linen Pant,$58.42,12,Btms,TW Co.,08/30/2024
AB-FOO-04490-L,Charcoal Loafer,$222.35,71,SHOES,A. Nord,07/24/2024
AB-DRE-04491-XXL,Black Shirt Dress - XXL,$164.31,96,Drss,Apparel Solutions,12/07/2023
AB-DRE-04491-XXL,Black Shirt Dre ss - XXL,$164.31,96,Drss,Apparel Solutions,12/07/2023
AB-DRE-04492-S,Tan Shirt Dress,$32.24,27,Dresses,Apparel Sol.,12/03/2023
AB-TOP-04493-M,Ivory Tank Top,171.56,111,TOPS,ApparelSolns,01/29/2026
AB-BOT-04494-XXL,Emerald Chino Pant - XXL,148.55,68,bottoms,TW Co.,08/02/2023
AB-OUT-04495-XL,Cognac Wool Peacoat,$332.09,5,OUTER,Fashion Hub Ltd,09/10/2024
AB-DRE-04496-XS,Cognac Slip Dress,$53.09,139,Dresses ,Atelier Nord Studio,03/09/2025
AB-TOP-04497-S,Ivory Button-Up Shirt,133.68,95,N/A,TW Co.,04/13/2025
AB-DRE-04498-M,Burgundy Shirt Dress,31.85,93,Drss,TW Co.,06/14/2025
AB-OUT-04499-L,Blush Denim Jacket,$194.02,22,Outerwear,Atelier Nord Studio,08/25/2023
AB-ACC-04500-XL,Emerald Leather Tote,24.49,78,Accs,TW Co.,11/16/2025
AB-DRE-04501-S,Indigo Maxi Dress,265.56,83,Drss,A. Nord,08/17/2025
AB-ACC-04502-L,White Twill Scarf - L,181.88,91,Accessories,FH Wholesale (old),01/20/2025
AB-FOO-04503-XS,Black Heeled Mule - XS,234.08,42,Ftwr,Apparel Solutions,04/08/2024
AB-TOP-04504-L,Charcoal Turtleneck,$38.91,131,TOP,Atelier Nord Studio,12/15/2023
AB-DRE-04505-XXL,Indigo Maxi Dress - XXL,58.39,124,Drss,FH Wholesale (old),07/10/2025
AB-FOO-04506-XL,Beige Loafer,$20.78,139,SHOES,Textile World Co,03/25/2024
AB-OUT-04507-XS,Burgundy Moto Jacket,$237.47,127,outerwear,Textile World,06/19/2025
AB-FOO-04508-XS,Emerald Low-Top Sneaker,227.98,12,SHOES,Apparel Sol.,01/13/2026
AB-BOT-04509-XXL,Cognac Wide-Leg Trouser,$244.54,130,Btms,Atelier Nord Studio,05/24/2025
AB-DRE-04511-L,Beige Midi Dress,$221.59,20,Dresses,Atelier Nord,06/10/2025
AB-FOO-04512-XS,Tan Ankle Boot - XS,$95.02,72,Shoes/Footwear,Atelier Nord Studio,09/03/2025
AB-ACC-04514-M,Tan Statement Earrings - M,109.34,11,Accs,Apparel Sol.,01/26/2025
AB-OUT-04515-XXL,Ivory Puffer Vest,$61.64,87,Jackets/Outerwear,A. Nord,03/10/2024
AB-OUT-04517-M,Burgundy Moto Jacket - M,122.47,131,OUTER,Textile World Co,06/25/2024
AB-FOO-04518-XXL,Blush Loafer - XXL,148.81,109,SHOES,Fashion Hub Ltd,08/21/2024
AB-FOO-04519-XL,Emerald Ballet Flat,$292.85,127,Footwear,,08/15/2024
AB-OUT-04520-XS,Cognac Blazer,$157.34,91,Outerwear,A. Nord,09/28/2025
AB-BOT-04521-XS,Tan Pleated Skirt,$288.76,53,Bottoms,Atelier Nord Studio,09/24/2023
AB-OUT-04522-XS,Tan Blazer,161.56,99,Outr,Atelier Nord,01/05/2024
AB-ACC-04523-M,Charcoal Statement Earrings,$224.76,4,Accs,Fashion Hub Ltd,10/27/2024
AB-FOO-04524-L,Charcoal Loafer,66.78,50,footwear,Textile World,11/14/2025
AB-ACC-04525-M,Blush Wide-Brim Hat - M,$88.89,48,MISC,Fashion Hub,08/13/2024
AB-FOO-04526-M,Beige Loafer,$344.63,85,Ftwr,Textile World Co,04/20/2025
AB-TOP-04527-XS,Charcoal Silk Blouse,315.35,100,Tops,Textile World Co,05/19/2024
AB-BOT-04528-S,Emerald Wide-Leg Trouser,223.78,84,Btms,Apparel Sol.,01/23/2026
AB-TOP-04529-L,Beige Button-Up Shirt - L,$94.39,13,top,Textile World,05/26/2024
AB-BOT-04530-M,Charcoal Wide-Leg Trouser,163.02,74,Pants/Bottoms,Atelier Nord,07/30/2024
AB-FOO-04531-XL,Black Ballet Flat - XL,246.78,81,footwear,TW Co.,12/17/2024
AB-FOO-04531-XL,Black Balle t Flat - XL,246.78,81,footwear,TW Co.,12/17/2024
AB-DRE-04532-XS,Emerald Shirt Dress,29.32,105,dress,Textile World,01/23/2024
AB-OUT-04533-S,White Wool Peacoat - S,318.27,67,Outerwear,Atelier Nord Studio,11/18/2025
AB-DRE-04534-L,Camel Slip Dress,51.63,53,Drss,A. Nord,11/11/2023
AB-FOO-04535-XXL,Charcoal Loafer - XXL,$300.29,37,Shoes/Footwear,Fashion Hub,09/27/2024
AB-ACC-04536-L,Black Statement Earrings,$26.97,106,accessories,Apparel Sol.,03/10/2024
AB-BOT-04537-XL,Ivory Wide-Leg Trouser - XL,$221.33,7,Pants/Bottoms,Textile World Co,12/27/2024
AB-OUT-04538-L,Camel Wool Peacoat,92.08,1,Outr,ApparelSolns,02/28/2024
AB-OUT-04538-L,Came l Wool Peacoat,92.08,1,Outr,ApparelSolns,02/28/2024
AB-ACC-04540-XS,Indigo Woven Belt,179.07,137,Accessories,Atelier Nord Studio,07/11/2025
AB-ACC-04541-S,Charcoal Woven Belt - S,174.24,49,Accessory,Textile World,05/31/2025
AB-ACC-04542-M,Black Wide-Brim Hat,27.69,133,accessories,,02/07/2024
AB-ACC-04543-L,Charcoal Statement Earrings - L,240.1,26,Accs,A. Nord,11/21/2024
AB-FOO-04544-XXL,Ivory Ankle Boot,$62.99,113,SHOES,TW Co.,08/04/2024
AB-DRE-04545-L,Black Shirt Dress - L,163.33,9,Drss,Fashion Hub Ltd,10/23/2024
AB-ACC-04546-XXL,Black Crossbody Bag,300.66,13,Accs,FH Wholesale (old),12/15/2023
AB-TOP-04547-XL,Charcoal Crewneck Tee,95.23,8,TOPS,TW Co.,03/13/2025
AB-OUT-04548-S,Emerald Puffer Vest,122.7,21,outerwear,Fashion Hub Ltd,01/23/2025
AB-ACC-04549-S,Tan Leather Tote,193.61,32,Accs,Textile World Co,12/08/2025
AB-FOO-04550-L,Beige Low-Top Sneaker - L,49.38,86,Shoes/Footwear,Textile World Co,02/28/2024
AB-TOP-04551-S,White Henley,295.01,10,top,Textile World,11/13/2025
AB-TOP-04552-XL,Ivory Silk Blouse,$197.62,121,TOPS,Textile World Co,01/28/2026
AB-DRE-04553-XS,Emerald Midi Dress,$96.90,82,Drss,ApparelSolns,10/05/2024
AB-ACC-04554-L,Cognac Wide-Brim Hat - L,$296.00,37,ACC,TW Co.,09/08/2023
AB-OUT-04555-S,Ivory Trench Coat - S,298.71,42,Outr,FH Wholesale (old),03/02/2025
AB-FOO-04556-M,Black Loafer,147.09,107,Ftwr,Apparel Solutions,10/14/2024
AB-FOO-04557-S,Blush Loafer - S,178.45,3,SHOES,Apparel Sol.,10/23/2025
AB-FOO-04558-XS,Burgundy Heeled Mule,289.22,64,SHOES,Atelier Nord,10/01/2024
AB-BOT-04559-M,Tan Linen Pant,69.55,133,bottoms,ApparelSolns,08/02/2024
AB-OUT-04560-XXL,Emerald Puffer Vest,$157.83,128,outerwear,Apparel Solutions,12/15/2024
AB-DRE-04561-XS,Emerald Wrap Dress,138.16,122,N/A,Apparel Solutions,12/22/2024
AB-OUT-04562-XS,Indigo Moto Jacket - XS,$279.32,131,Outr,Textile World Co,01/03/2025
AB-FOO-04563-XL,Ivory Heeled Mule,66.06,118,Footwear,ApparelSolns,07/14/2023
AB-ACC-04567-XL,Cognac Crossbody Bag,250.82,19,accessories,Fashion Hub,06/12/2025
AB-ACC-04568-M,Indigo Crossbody Bag,$318.82,94,Accessory,Atelier Nord,06/18/2025
AB-TOP-04569-XL,Emerald Silk Blouse,$292.25,44,TOPS,Textile World Co,06/30/2025
AB-DRE-04570-XXL,Cognac Midi Dress,$89.14,90,MISC,Apparel Sol.,09/20/2025
AB-ACC-04571-L,White Woven Belt,44.73,21,accessories,Fashion Hub Ltd,07/31/2025
AB-FOO-04572-XL,Camel Espadrille - XL,$163.96,-3,SHOES,Fashion Hub,12/01/2025
AB-TOP-04573-XXL,Black Henley,$168.96,21,TOPS,A. Nord,11/24/2024
AB-BOT-04574-L,Emerald Skinny Jean,$232.93,14,N/A,FH Wholesale (old),09/28/2024
AB-DRE-04575-S,Camel Wrap Dress - S,144.44,140,dress,TW Co.,05/05/2025
AB-DRE-04576-XL,Emerald Shirt Dress,$154.50,38,Dresses,Atelier Nord Studio,08/30/2025
AB-DRE-04577-XXL,White Maxi Dress - XXL,120.24,23,Drss,Fashion Hub,03/03/2024
AB-TOP-04578-XXL,Black Crewneck Tee,32.18,27,Tshirts/Tops,A. Nord,02/04/2025
AB-FOO-04579-XS,Blush Espadrille - XS,19.91,12,Ftwr,TW Co.,03/20/2024
AB-ACC-04581-XS,Ivory Wide-Brim Hat,$21.66,44,accessories,Fashion Hub Ltd,04/07/2025
AB-OUT-04582-XL,Beige Wool Peacoat,$93.13,117,OUTER,A. Nord,09/29/2025
AB-ACC-04583-M,Tan Statement Earrings - M,270.94,117,Accessories,Textile World Co,10/20/2024
AB-FOO-04584-XXL,Emerald Espadrille,$94.70,42,Ftwr,ApparelSolns,06/14/2024
AB-BOT-04585-XXL,Tan Chino Pant,217.33,38,BOTTOM,Apparel Sol.,08/27/2023
AB-DRE-04586-M,Indigo Wrap Dress,$131.71,44,Dresses ,Fashion Hub Ltd,01/22/2025
AB-DRE-04587-M,Tan Wrap Dress,289.58,48,9,Fashion Hub Ltd,03/24/2024
AB-OUT-04588-L,Charcoal Puffer Vest - L,268.83,86,OUTER,Atelier Nord,10/12/2025
AB-FOO-04589-L,Beige Espadrille - L,$178.02,96,Shoes/Footwear,Atelier Nord,11/19/2025
AB-TOP-04590-L,Blush Tank Top,242.45,117,TOPS,Fashion Hub Ltd,09/21/2024
AB-FOO-04591-M,Black Espadrille,$205.57,109,9,ApparelSolns,11/15/2024
AB-FOO-04592-M,Camel Ankle Boot - M,$172.37,63,Footwear,Fashion Hub,11/30/2025
AB-FOO-04592-M,Came l Ankle Boot - M,$172.37,63,Footwear,Fashion Hub,11/30/2025
AB-DRE-04593-S,Indigo Slip Dress,246.66,91,dress,ApparelSolns,03/21/2025
AB-DRE-04594-XS,Blush Shift Dress,$81.77,66,Dresses ,Atelier Nord,09/23/2024
AB-BOT-04595-L,Ivory Pleated Skirt - L,$46.82,29,bottoms,FH Wholesale (old),10/21/2023
AB-BOT-04595-L,Ivory Ple ated Skirt - L,$46.82,29,bottoms,FH Wholesale (old),10/21/2023
AB-ACC-04596-XL,Burgundy Twill Scarf - XL,259.94,33,Accessories,,06/11/2025
AB-DRE-04597-L,Tan Maxi Dress,189.84,46,dress,Apparel Sol.,11/23/2023
AB-DRE-04597-L,Tan Maxi Dre ss,189.84,46,dress,Apparel Sol.,11/23/2023
AB-BOT-04598-L,Beige Pleated Skirt - L,$176.66,53,Pants/Bottoms,Fashion Hub,07/07/2023
AB-ACC-04599-XXL,Burgundy Crossbody Bag,214.63,136,accessories,,06/28/2023
AB-TOP-04600-XXL,Ivory Silk Blouse,87.42,80,TOPS,A. Nord,03/31/2025
AB-OUT-04601-XS,Ivory Blazer - XS,$275.54,76,Outr,ApparelSolns,01/21/2025
AB-BOT-04602-XL,Beige Midi Skirt,304.74,140,BOTTOM,A. Nord,03/30/2026
AB-TOP-04603-M,White Silk Blouse,$294.72,70,TOP,Atelier Nord,08/29/2025
AB-ACC-04604-L,Camel Wide-Brim Hat,129.33,75,Accs,Apparel Solutions,06/17/2024
AB-FOO-04605-XS,Emerald Low-Top Sneaker,$231.11,64,Ftwr,Atelier Nord Studio,04/29/2025
AB-OUT-04606-M,White Trench Coat,44.09,51,outerwear,Atelier Nord Studio,10/13/2024
AB-DRE-04607-M,Black Slip Dress,$241.72,46,DRESS,Apparel Sol.,09/06/2024
AB-DRE-04607-M,Black Slip Dre ss,$241.72,46,DRESS,Apparel Sol.,09/06/2024
AB-OUT-04608-XL,Beige Denim Jacket,194.71,139,Jackets/Outerwear,Atelier Nord,12/24/2024
AB-OUT-04609-M,Blush Denim Jacket - M,$109.33,76,Outr,Apparel Solutions,02/17/2025
AB-DRE-04610-M,Charcoal Wrap Dress - M,50.39,34,Dresses,Fashion Hub Ltd,07/10/2025
AB-ACC-04612-XXL,Blush Crossbody Bag,$327.56,53,ACC,FH Wholesale (old),04/29/2024
AB-OUT-04613-XL,Cognac Trench Coat - XL,51.28,71,Outerwear,Fashion Hub,03/09/2026
AB-FOO-04614-L,Camel Ballet Flat,$145.48,89,footwear,Textile World Co,07/23/2024
AB-TOP-04615-L,Blush V-Neck Sweater - L,64.23,23,TOPS,Atelier Nord Studio,05/22/2025
AB-BOT-04616-L,Black Midi Skirt - L,$215.06,75,Pants/Bottoms,Fashion Hub Ltd,07/23/2025
AB-DRE-04617-M,Black Slip Dress,49.38,11,Dresses ,TW Co.,03/02/2024
AB-ACC-04618-XXL,Emerald Leather Tote,$90.04,19,Accessory,ApparelSolns,02/24/2024
AB-OUT-04619-XXL,Ivory Blazer - XXL,33.73,90,N/A,Atelier Nord,02/21/2025
AB-ACC-04620-M,Camel Leather Tote - M,$282.90,90,Accessories,Atelier Nord Studio,08/06/2024
AB-BOT-04621-XS,White Midi Skirt,191.93,66,BOTTOM,Textile World,06/11/2025
AB-ACC-04622-XL,Emerald Twill Scarf,191.49,124,Accs,Textile World Co,01/22/2025
AB-TOP-04623-XS,Indigo Cardigan - XS,220.44,80,Tshirts/Tops,ApparelSolns,05/03/2024
AB-FOO-04624-XL,Blush Loafer,134.44,90,9,A. Nord,08/08/2024
AB-DRE-04625-XS,Camel Shirt Dress - XS,$68.50,137,Drss,Fashion Hub,03/27/2024
AB-DRE-04626-S,White Midi Dress - S,$159.11,10,Dresses,Atelier Nord,04/17/2024
AB-FOO-04627-XL,Indigo Ballet Flat,75.21,134,SHOES,Apparel Solutions,03/27/2024
AB-ACC-04628-L,Camel Wide-Brim Hat,119.48,14,Accs,Fashion Hub,05/01/2024
AB-TOP-04629-S,Tan Turtleneck - S,45.42,40,Tops,A. Nord,02/23/2024
AB-ACC-04630-S,Black Leather Tote,315.72,133,MISC,Atelier Nord Studio,12/26/2024
AB-DRE-04631-XXL,Emerald Midi Dress - XXL,183.78,34,Dresses ,Atelier Nord,02/25/2025
AB-FOO-04632-M,Tan Espadrille,$179.76,135,Footwear,TW Co.,03/12/2025
AB-OUT-04634-M,Charcoal Puffer Vest,279.42,16,Outr,Atelier Nord,02/05/2025
AB-BOT-04635-S,Cognac Linen Pant - S,$95.64,100,Bottoms,Textile World,08/26/2025
AB-ACC-04636-L,Blush Statement Earrings,$123.22,108,Accs,Textile World Co,11/19/2023
AB-BOT-04637-L,Ivory Linen Pant - L,$212.02,9,bottoms,Atelier Nord,08/17/2023
AB-DRE-04638-M,Charcoal Shift Dress - M,221.57,120,dress,,04/24/2024
AB-TOP-04639-S,Emerald Silk Blouse,$74.60,103,Tshirts/Tops,Textile World,11/24/2025
AB-OUT-04640-XXL,Camel Moto Jacket,$248.84,13,outerwear,Textile World,12/09/2025
AB-ACC-04641-M,Blush Leather Tote,113.1,106,ACC,Apparel Solutions,03/14/2025
AB-FOO-04642-XXL,Burgundy Espadrille,$311.57,115,Footwear,Textile World,03/19/2025
AB-ACC-04643-XS,Camel Twill Scarf,$134.45,137,Accs,,10/18/2025
AB-TOP-04644-L,Beige Tank Top,$145.89,117,top,Apparel Sol.,05/24/2024
AB-ACC-04646-XXL,Burgundy Woven Belt,173.52,68,Accessory,Atelier Nord Studio,12/11/2023
AB-BOT-04647-XL,Ivory Linen Pant,328.4,31,Bottoms,Fashion Hub Ltd,08/05/2024
AB-FOO-04648-M,Blush Loafer,$296.04,112,Footwear,Atelier Nord,08/29/2023
AB-TOP-04649-S,Ivory Cardigan - S,296.12,71,Tshirts/Tops,ApparelSolns,11/02/2023
AB-OUT-04650-L,Black Wool Peacoat - L,$23.55,83,Jackets/Outerwear,Atelier Nord,07/19/2024
AB-TOP-04651-XXL,Ivory V-Neck Sweater,$78.94,62,TOP,Fashion Hub,06/22/2025
AB-FOO-04652-XS,Burgundy Ankle Boot,237.6,134,SHOES,Textile World Co,04/24/2025
AB-TOP-04653-XL,Ivory Cardigan,$93.88,108,Tops,Textile World Co,12/22/2024
AB-FOO-04654-XL,Blush Ankle Boot,$29.49,11,footwear,FH Wholesale (old),04/19/2024
AB-DRE-04655-L,Charcoal Midi Dress - L,262.54,50,Dresses,Apparel Sol.,07/03/2024
AB-OUT-04656-S,Black Denim Jacket - S,$155.95,132,OUTER,Atelier Nord Studio,09/10/2025
AB-OUT-04657-L,Blush Moto Jacket,202.1,94,Jackets/Outerwear,Apparel Sol.,01/06/2025
AB-ACC-04658-M,Tan Wide-Brim Hat,310.89,87,Accessory,Apparel Solutions,07/07/2025
AB-DRE-04659-M,Beige Slip Dress,27.55,87,Dresses ,Apparel Sol.,08/22/2024
AB-ACC-04660-XXL,Burgundy Leather Tote - XXL,$55.74,21,Accessory,Atelier Nord,11/05/2024
AB-TOP-04661-M,Cognac Button-Up Shirt - M,$319.73,68,top,Apparel Solutions,04/14/2025
AB-DRE-04662-M,Burgundy Midi Dress,$233.86,93,dress,,12/29/2023
AB-TOP-04663-XL,Tan Henley - XL,274.41,16,Tops,TW Co.,07/13/2024
AB-ACC-04664-XS,White Woven Belt,46.62,95,Accs,TW Co.,04/27/2025
AB-ACC-04666-XXL,Emerald Leather Tote - XXL,$246.46,67,Accs,A. Nord,08/26/2024
AB-ACC-04668-S,Tan Woven Belt,227.81,23,Accessories,TW Co.,03/02/2026
AB-BOT-04669-M,Camel Linen Pant,223.89,44,BOTTOM,Fashion Hub,06/17/2025
AB-BOT-04670-S,Indigo Midi Skirt,211.37,-3,Bottoms,Apparel Sol.,02/16/2025
AB-DRE-04671-XXL,Ivory Wrap Dress,$261.73,9,dress,Fashion Hub,09/15/2024
AB-ACC-04672-M,Ivory Statement Earrings,$182.11,15,Accessory,Atelier Nord,10/03/2025
AB-DRE-04674-XS,Indigo Shift Dress,$174.11,22,dress,Fashion Hub Ltd,08/27/2025
AB-TOP-04675-XXL,Camel Turtleneck,104.65,127,Tops,Textile World,07/21/2025
AB-DRE-04676-S,White Maxi Dress,198.75,96,Drss,Textile World,05/04/2025
AB-BOT-04677-XL,Indigo Chino Pant,44.77,126,BOTTOM,,07/06/2024
AB-DRE-04678-XS,White Midi Dress - XS,$25.87,42,Drss,TW Co.,04/12/2025
AB-TOP-04679-XS,Cognac Turtleneck - XS,$29.59,74,TOPS,Textile World,05/13/2025
AB-DRE-04680-S,Black Slip Dress,$179.04,149,DRESS,FH Wholesale (old),06/23/2025
AB-TOP-04681-L,Tan Cardigan - L,256.86,43,top,,05/16/2024
AB-TOP-04682-XL,Tan V-Neck Sweater - XL,$167.76,12,top,Fashion Hub,04/25/2025
AB-BOT-04683-L,Blush Wide-Leg Trouser,$43.48,38,MISC,Textile World,03/16/2024
AB-OUT-04684-L,Indigo Blazer - L,310.29,17,Jackets/Outerwear,Fashion Hub Ltd,04/10/2025
AB-OUT-04686-M,Black Wool Peacoat,$52.13,52,Jackets/Outerwear,FH Wholesale (old),02/22/2026
AB-BOT-04687-M,Charcoal Skinny Jean,$210.23,110,MISC,Apparel Solutions,10/12/2023
AB-OUT-04688-XL,Camel Moto Jacket,$223.36,88,Outr,A. Nord,10/09/2023
AB-ACC-04689-M,Emerald Crossbody Bag,$130.35,117,9,TW Co.,03/06/2024
AB-BOT-04690-XXL,Indigo Skinny Jean,51.91,6,Pants/Bottoms,Textile World Co,03/11/2026
AB-BOT-04691-XXL,Emerald Linen Pant,$46.11,14,Bottoms,FH Wholesale (old),11/15/2024
AB-BOT-04691-XXL,Eme rald Linen Pant,$46.11,14,Bottoms,FH Wholesale (old),11/15/2024
AB-ACC-04692-S,Black Crossbody Bag,$303.31,52,ACC,Atelier Nord Studio,01/06/2024
AB-OUT-04693-XS,Emerald Denim Jacket - XS,$120.12,84,OUTER,Fashion Hub Ltd,09/07/2024
AB-FOO-04694-XXL,Indigo Heeled Mule,276.14,35,SHOES,TW Co.,10/02/2025
AB-BOT-04695-L,Burgundy Wide-Leg Trouser,26.87,39,BOTTOM,Fashion Hub Ltd,12/27/2025
AB-ACC-04696-XS,Cognac Woven Belt,195.52,16,accessories,Fashion Hub,08/30/2024
AB-ACC-04697-L,Cognac Twill Scarf,$102.37,55,Accessories,Textile World,10/01/2024
AB-BOT-04698-L,Black Midi Skirt,$286.64,125,Pants/Bottoms,ApparelSolns,09/19/2024
AB-DRE-04699-XXL,Cognac Shirt Dress - XXL,207.89,43,dress,Textile World Co,05/14/2024
AB-OUT-04700-XXL,Beige Wool Peacoat,279.15,126,Jackets/Outerwear,Fashion Hub,06/19/2024
AB-BOT-04701-XL,Blush Denim Short,$232.27,140,Btms,TW Co.,07/09/2024
AB-ACC-04702-M,Blush Woven Belt,81.04,39,N/A,Fashion Hub Ltd,06/24/2025
AB-OUT-04703-M,Charcoal Moto Jacket,$257.70,60,Jackets/Outerwear,TW Co.,08/29/2024
AB-OUT-04704-S,Cognac Puffer Vest - S,75.44,49,outerwear,Atelier Nord Studio,10/17/2023
AB-BOT-04705-XS,Black Denim Short,227.85,105,BOTTOM,ApparelSolns,06/19/2024
AB-OUT-04706-M,Cognac Wool Peacoat,$147.18,70,outerwear,A. Nord,01/12/2025
AB-OUT-04707-XXL,Emerald Blazer,45.88,59,OUTER,Apparel Solutions,02/05/2025
AB-TOP-04708-L,Black Silk Blouse,$50.82,78,top,Textile World,07/15/2024
AB-BOT-04709-L,Emerald Denim Short,$29.52,66,BOTTOM,A. Nord,08/18/2024
AB-FOO-04710-XL,Black Ballet Flat,$52.08,68,SHOES,Fashion Hub Ltd,07/19/2024
AB-TOP-04711-S,Emerald Tank Top,229.12,54,top,Fashion Hub,09/26/2025
AB-OUT-04712-L,White Moto Jacket - L,53.17,78,Outr,A. Nord,01/02/2025
AB-TOP-04713-XS,Indigo Turtleneck - XS,173.95,42,Tops,Fashion Hub,11/16/2024
AB-ACC-04714-M,Black Statement Earrings,$133.69,82,accessories,Apparel Solutions,10/06/2024
AB-DRE-04715-XXL,Ivory Shift Dress,168.23,63,Dresses ,A. Nord,06/30/2024
AB-FOO-04716-L,Charcoal Ballet Flat,$44.74,68,Footwear,,01/06/2026
AB-TOP-04717-XXL,Camel Turtleneck,$209.37,80,Tshirts/Tops,Apparel Sol.,08/15/2024
AB-DRE-04718-XXL,Blush Slip Dress,264.22,9,Drss,Atelier Nord Studio,06/23/2023
AB-BOT-04719-XS,White Skinny Jean,$214.37,50,Btms,Atelier Nord Studio,03/21/2024
AB-OUT-04720-XL,Charcoal Trench Coat - XL,263.27,120,outerwear,Atelier Nord Studio,05/01/2024
AB-ACC-04721-XS,Burgundy Leather Tote,242.4,53,accessories,Atelier Nord Studio,10/28/2024
AB-FOO-04722-M,Cognac Low-Top Sneaker - M,319.18,97,,Fashion Hub Ltd,05/03/2026
AB-ACC-04723-XS,Emerald Statement Earrings,102.38,21,Accessory,Textile World,01/04/2025
AB-ACC-04724-XL,Black Woven Belt,$37.94,105,Accessories,Fashion Hub Ltd,08/14/2025
AB-ACC-04724-XL,Black Wove n Belt,$37.94,105,Accessories,Fashion Hub Ltd,08/14/2025
AB-ACC-04725-S,Black Woven Belt,$264.51,64,accessories,Apparel Sol.,06/20/2025
AB-DRE-04726-L,Burgundy Midi Dress,28.31,107,dress,,06/02/2024
AB-OUT-04727-XXL,Blush Puffer Vest,$280.12,22,outerwear,ApparelSolns,08/02/2024
AB-BOT-04728-M,Blush Denim Short,$189.00,99,bottoms,,01/17/2025
AB-ACC-04730-L,Blush Statement Earrings,$161.78,43,Accessory,Textile World,03/10/2025
AB-TOP-04731-L,White Crewneck Tee - L,212.68,114,Tshirts/Tops,Fashion Hub,04/14/2024
AB-DRE-04732-XL,Emerald Shift Dress - XL,$218.79,87,Dresses ,Apparel Solutions,07/02/2025
AB-BOT-04733-XXL,Blush Wide-Leg Trouser - XXL,267.8,54,BOTTOM,FH Wholesale (old),04/18/2025
AB-BOT-04734-L,Ivory Midi Skirt,297.72,145,bottoms,,06/21/2025
AB-OUT-04735-XXL,White Blazer,$34.02,113,Outr,Fashion Hub Ltd,01/08/2024
AB-OUT-04736-S,White Puffer Vest,$215.68,86,Outerwear,Apparel Sol.,09/07/2024
AB-OUT-04737-XXL,Burgundy Moto Jacket,31.22,69,outerwear,TW Co.,11/21/2025
AB-FOO-04738-M,Cognac Ballet Flat,225.97,73,Footwear,Fashion Hub Ltd,11/07/2023
AB-ACC-04739-S,Tan Statement Earrings - S,$234.20,35,Accessories,ApparelSolns,10/02/2025
AB-FOO-04740-S,Tan Low-Top Sneaker,$68.27,136,9,A. Nord,04/06/2026
AB-OUT-04741-L,Blush Blazer - L,$178.27,31,Jackets/Outerwear,Atelier Nord Studio,05/19/2025
AB-BOT-04742-L,Ivory Skinny Jean - L,$132.54,116,Btms,ApparelSolns,08/08/2025
AB-OUT-04743-M,White Moto Jacket,$286.74,8,OUTER,Textile World Co,09/17/2025
AB-FOO-04744-XXL,Black Heeled Mule,39.93,0,SHOES,Apparel Solutions,01/04/2025
AB-ACC-04745-XS,White Wide-Brim Hat,54.29,76,ACC,Atelier Nord,11/09/2024
AB-DRE-04746-XXL,Indigo Shift Dress - XXL,309.45,129,Dresses ,Fashion Hub Ltd,07/19/2024
AB-TOP-04747-M,Blush Henley,238.2,77,Tshirts/Tops,TW Co.,06/08/2026
AB-TOP-04747-M,Blush He nley,238.2,77,Tshirts/Tops,TW Co.,06/08/2026
AB-OUT-04748-XXL,Burgundy Trench Coat,319.84,47,Outerwear,Apparel Sol.,08/20/2024
AB-OUT-04749-L,Tan Blazer,$187.17,126,Outerwear,ApparelSolns,10/10/2024
AB-TOP-04750-XL,Emerald Crewneck Tee,214.33,87,Tops,Fashion Hub,03/31/2024
AB-BOT-04751-S,White Pleated Skirt - S,274.68,7,Bottoms,Fashion Hub Ltd,06/01/2025
AB-BOT-04752-L,Ivory Midi Skirt,$177.11,15,BOTTOM,Atelier Nord,03/28/2025
AB-OUT-04753-L,Indigo Blazer,56.9,110,outerwear,Fashion Hub,12/06/2024
AB-ACC-04754-S,Cognac Leather Tote,155.32,104,Accessories,ApparelSolns,06/05/2024
AB-OUT-04755-S,Cognac Blazer,$248.58,-3,Outerwear,Fashion Hub Ltd,11/19/2025
AB-TOP-04756-XXL,Tan Turtleneck - XXL,20.98,5,TOPS,Atelier Nord Studio,10/14/2024
AB-TOP-04757-XL,Emerald Turtleneck,174.76,131,TOP,Fashion Hub,08/21/2025
AB-ACC-04758-XXL,Burgundy Crossbody Bag,228.75,60,Accs,A. Nord,04/25/2024
AB-TOP-04759-XS,Burgundy Henley,88.9,69,TOPS,Textile World,05/23/2025
AB-TOP-04759-XS,Burgundy He nley,88.9,69,TOPS,Textile World,05/23/2025
AB-BOT-04760-XXL,Burgundy Linen Pant,182.81,84,Btms,Atelier Nord,12/12/2024
AB-OUT-04761-S,Tan Denim Jacket,124.23,115,Jackets/Outerwear,Atelier Nord Studio,08/23/2025
AB-DRE-04762-M,Camel Shirt Dress - M,122.42,34,Dresses ,A. Nord,10/19/2024
AB-OUT-04763-XXL,Blush Denim Jacket,46.62,120,Jackets/Outerwear,Apparel Solutions,11/06/2023
AB-FOO-04764-XL,Emerald Ankle Boot,173.85,89,SHOES,Apparel Sol.,11/18/2023
AB-TOP-04765-M,Camel Turtleneck,242.23,1,TOPS,Textile World,01/26/2024
AB-OUT-04766-XL,Indigo Trench Coat,$35.30,32,OUTER,TW Co.,09/19/2025
AB-OUT-04766-XL,Indigo Tre nch Coat,$35.30,32,OUTER,TW Co.,09/19/2025
AB-ACC-04767-M,Tan Crossbody Bag,$70.61,95,Accessory,ApparelSolns,12/12/2024
AB-BOT-04768-XL,Black Wide-Leg Trouser,299.77,122,Bottoms,Fashion Hub,09/10/2025
AB-DRE-04770-S,Tan Midi Dress - S,158.99,122,Drss,Apparel Sol.,09/27/2024
AB-TOP-04771-XXL,Blush Silk Blouse - XXL,160.05,6,TOP,Textile World,07/29/2023
AB-ACC-04772-L,Charcoal Woven Belt,$184.05,53,accessories,Atelier Nord Studio,01/10/2024
AB-BOT-04773-S,Indigo Chino Pant - S,$329.66,33,Btms,Textile World Co,01/09/2024
AB-FOO-04774-L,Burgundy Ballet Flat,$253.20,146,SHOES,Textile World,04/28/2024
AB-OUT-04775-L,Charcoal Trench Coat - L,74.68,53,Outr,Textile World,01/13/2024
AB-TOP-04776-XXL,Charcoal Turtleneck,$266.24,13,TOPS,A. Nord,11/18/2023
AB-FOO-04777-M,Beige Espadrille - M,$215.07,64,Shoes/Footwear,Textile World Co,07/15/2023
AB-BOT-04778-XS,Emerald Linen Pant - XS,85.06,59,BOTTOM,ApparelSolns,10/05/2025
AB-BOT-04779-XXL,White Linen Pant - XXL,$186.88,93,Pants/Bottoms,TW Co.,12/14/2024
AB-ACC-04780-M,Ivory Twill Scarf,299.62,3,Accessories,Atelier Nord,02/18/2024
AB-OUT-04781-XS,Emerald Trench Coat - XS,$233.55,29,,Apparel Sol.,01/26/2025
AB-OUT-04782-L,Tan Puffer Vest - L,286.2,113,Jackets/Outerwear,Fashion Hub Ltd,05/05/2024
AB-OUT-04782-L,Tan Puffe r Vest - L,286.2,113,Jackets/Outerwear,Fashion Hub Ltd,05/05/2024
AB-DRE-04783-M,Blush Shirt Dress,$262.08,51,Dresses ,ApparelSolns,08/20/2023
AB-DRE-04784-XXL,Tan Maxi Dress - XXL,$168.50,40,dress,Textile World Co,01/31/2025
AB-DRE-04785-S,Blush Wrap Dress,$201.57,115,DRESS,TW Co.,06/22/2024
AB-ACC-04786-XL,Indigo Wide-Brim Hat - XL,223.64,67,ACC,Apparel Sol.,08/27/2025
AB-BOT-04787-S,Cognac Denim Short - S,81.75,116,BOTTOM,Fashion Hub,04/23/2025
AB-FOO-04788-XXL,Tan Heeled Mule,220.15,20,Ftwr,Textile World,05/28/2025
AB-DRE-04789-S,Charcoal Wrap Dress,199.33,95,Dresses,Fashion Hub Ltd,09/04/2025
AB-FOO-04790-M,Indigo Espadrille - M,$244.76,7,footwear,ApparelSolns,09/18/2023
AB-DRE-04791-L,Indigo Wrap Dress,287.6,124,Dresses,Atelier Nord Studio,09/28/2024
AB-ACC-04792-L,Black Statement Earrings - L,85.22,83,Accs,Atelier Nord,04/03/2025
AB-OUT-04793-M,White Denim Jacket,93.85,102,Jackets/Outerwear,Atelier Nord,11/15/2025
AB-FOO-04794-XS,Burgundy Ankle Boot,176.97,47,Footwear,,08/10/2024
AB-BOT-04795-L,Emerald Midi Skirt,$62.02,83,Bottoms,TW Co.,06/03/2024
AB-FOO-04796-XXL,Charcoal Heeled Mule,$104.68,106,MISC,Atelier Nord,03/06/2024
AB-FOO-04797-XL,Camel Loafer,302.85,73,Ftwr,Apparel Sol.,08/21/2023
AB-BOT-04798-M,Beige Denim Short,256.12,73,Bottoms,ApparelSolns,09/12/2024
AB-DRE-04799-XXL,Tan Maxi Dress - XXL,78.35,120,DRESS,Apparel Solutions,09/21/2023
AB-FOO-04800-XS,Charcoal Heeled Mule,62.86,23,footwear,Fashion Hub,09/09/2023
AB-ACC-04801-L,Burgundy Leather Tote - L,$134.29,96,Accessories,TW Co.,12/24/2023
AB-ACC-04802-M,Ivory Statement Earrings - M,204.9,106,Accessory,,06/16/2024
AB-ACC-04803-S,Ivory Statement Earrings,$111.00,129,ACC,Textile World,01/12/2025
AB-DRE-04804-XL,Charcoal Slip Dress,152.63,100,Dresses ,FH Wholesale (old),12/22/2023
AB-TOP-04805-XL,Black V-Neck Sweater,100.5,132,Tshirts/Tops,Fashion Hub,12/19/2024
AB-OUT-04806-XS,Burgundy Blazer - XS,72.47,48,Outr,A. Nord,09/20/2024
AB-DRE-04807-XL,Emerald Shift Dress - XL,$208.17,127,Dresses,Textile World Co,08/04/2024
AB-FOO-04808-M,Tan Ballet Flat - M,160.5,109,SHOES,Fashion Hub,11/16/2025
AB-TOP-04809-S,Beige Crewneck Tee - S,49.35,106,top,Atelier Nord,09/11/2024
AB-ACC-04810-M,Tan Statement Earrings,$21.93,75,Accessory,Fashion Hub,12/29/2025
AB-OUT-04811-M,Burgundy Trench Coat,$151.15,76,Outr,Atelier Nord Studio,03/12/2024
AB-OUT-04812-S,Burgundy Trench Coat,$248.97,13,Outr,Atelier Nord,10/18/2025
AB-ACC-04813-XL,Ivory Woven Belt,213.63,99,Accs,Fashion Hub,09/13/2024
AB-DRE-04814-S,Cognac Wrap Dress - S,$179.00,75,Drss,A. Nord,08/10/2025
AB-DRE-04814-S,Cognac Wrap Dre ss - S,$179.00,75,Drss,A. Nord,08/10/2025
AB-OUT-04815-XL,White Denim Jacket,307.57,62,Outerwear,TW Co.,02/14/2024
AB-OUT-04815-XL,White  Denim Jacket,307.57,62,Outerwear,TW Co.,02/14/2024
AB-DRE-04816-XL,Black Shift Dress,$180.35,54,Dresses ,A. Nord,12/09/2024
AB-TOP-04817-XXL,Ivory Cardigan,$35.28,61,TOPS,,08/11/2023
AB-FOO-04818-XL,Tan Loafer,104.52,42,Shoes/Footwear,Atelier Nord Studio,04/01/2024
AB-BOT-04819-M,Charcoal Pleated Skirt,167.32,84,Bottoms,Apparel Sol.,11/08/2023
AB-TOP-04820-XXL,White Silk Blouse,139.55,60,top,ApparelSolns,04/27/2025
AB-OUT-04821-XL,Black Moto Jacket,81.45,79,OUTER,FH Wholesale (old),07/26/2024
AB-FOO-04822-L,Indigo Ballet Flat,$293.92,15,Footwear,Fashion Hub,02/27/2024
AB-FOO-04822-L,Indigo Balle t Flat,$293.92,15,Footwear,Fashion Hub,02/27/2024
AB-OUT-04823-L,Camel Denim Jacket,153.68,31,outerwear,Apparel Sol.,04/08/2025
AB-ACC-04824-XS,Indigo Twill Scarf,$69.66,86,Accessory,Textile World,12/31/2023
AB-BOT-04825-XXL,Beige Linen Pant,$233.68,89,bottoms,Atelier Nord,01/30/2025
AB-OUT-04826-XXL,Cognac Blazer,$209.22,11,OUTER,Fashion Hub Ltd,07/26/2023
AB-DRE-04827-XL,Blush Wrap Dress - XL,83.96,95,Dresses,Textile World Co,10/23/2023
AB-FOO-04828-XXL,Burgundy Heeled Mule,$18.04,57,Shoes/Footwear,A. Nord,04/07/2025
AB-DRE-04829-XS,Burgundy Shift Dress,$68.86,86,Dresses ,Fashion Hub,03/01/2026
AB-DRE-04829-XS,Burgundy Shift Dre ss,$68.86,86,Dresses ,Fashion Hub,03/01/2026
AB-OUT-04830-XS,Cognac Trench Coat,316.98,-3,OUTER,Fashion Hub,09/09/2023
AB-BOT-04831-M,Camel Midi Skirt - M,46.65,125,N/A,Atelier Nord,10/09/2023
AB-DRE-04832-L,Black Slip Dress,211.21,29,Drss,,05/15/2024
AB-OUT-04833-M,Burgundy Blazer,$301.38,86,OUTER,Fashion Hub,10/16/2023
AB-FOO-04834-XXL,Tan Ankle Boot,270.92,105,SHOES,TW Co.,12/02/2024
AB-OUT-04835-L,Cognac Moto Jacket,42.66,1,OUTER,Atelier Nord,06/21/2025
AB-TOP-04836-S,Beige Button-Up Shirt - S,218.27,93,TOPS,Textile World Co,08/29/2023
AB-OUT-04837-XL,White Blazer,45.62,61,Outerwear,Atelier Nord,07/20/2024
AB-BOT-04838-M,Charcoal Skinny Jean,67.76,34,Bottoms,Apparel Sol.,12/31/2023
AB-FOO-04839-XXL,Black Ballet Flat - XXL,$318.85,54,Shoes/Footwear,Fashion Hub Ltd,02/21/2025
AB-ACC-04840-L,Emerald Twill Scarf,175.69,89,Accessory,ApparelSolns,06/05/2024
AB-ACC-04840-L,Eme rald Twill Scarf,175.69,89,Accessory,ApparelSolns,06/05/2024
AB-BOT-04841-M,Emerald Linen Pant - M,$132.63,35,bottoms,FH Wholesale (old),10/28/2023
AB-ACC-04842-XXL,Indigo Leather Tote - XXL,$238.97,58,accessories,Textile World Co,08/16/2023
AB-TOP-04844-L,Cognac V-Neck Sweater,267.09,16,TOP,Fashion Hub Ltd,11/30/2024
AB-TOP-04845-XXL,Tan V-Neck Sweater,294.05,70,TOPS,TW Co.,01/05/2026
AB-ACC-04846-S,Beige Wide-Brim Hat - S,$36.35,83,Accessories,Textile World,09/30/2024
AB-FOO-04847-L,Cognac Espadrille,36.04,38,Footwear,Textile World,12/21/2023
AB-TOP-04848-M,Tan Button-Up Shirt,189.32,129,TOPS,A. Nord,12/09/2025
AB-FOO-04849-XL,Black Ankle Boot,213.68,103,SHOES,Atelier Nord,04/29/2026
AB-FOO-04850-M,Camel Ankle Boot,124.84,29,Shoes/Footwear,FH Wholesale (old),01/26/2024
AB-BOT-04851-S,Black Midi Skirt - S,19.91,31,Pants/Bottoms,Atelier Nord Studio,01/28/2025
AB-DRE-04852-XL,Burgundy Wrap Dress,101.37,104,Dresses ,Fashion Hub,04/12/2026
AB-TOP-04853-XL,Burgundy V-Neck Sweater - XL,280.65,65,TOPS,Atelier Nord Studio,12/01/2023
AB-FOO-04854-L,Camel Low-Top Sneaker - L,87.95,90,Ftwr,Apparel Solutions,09/01/2023
AB-FOO-04854-L,Came l Low-Top Sneaker - L,87.95,90,Ftwr,Apparel Solutions,09/01/2023
AB-OUT-04855-XXL,Beige Moto Jacket - XXL,285.23,128,outerwear,Apparel Solutions,01/08/2024
AB-OUT-04856-L,Burgundy Trench Coat,124.17,114,Outr,Apparel Sol.,03/08/2025
AB-OUT-04856-L,Burgundy Tre nch Coat,124.17,114,Outr,Apparel Sol.,03/08/2025
AB-FOO-04857-XL,Tan Low-Top Sneaker,$203.02,16,Shoes/Footwear,Apparel Solutions,01/05/2025
AB-DRE-04858-M,Beige Midi Dress,106.56,0,dress,FH Wholesale (old),05/30/2024
AB-FOO-04859-XXL,Emerald Ballet Flat - XXL,292.42,49,Footwear,Atelier Nord Studio,04/23/2024
AB-BOT-04860-XL,Tan Linen Pant - XL,157.83,94,BOTTOM,Apparel Solutions,08/02/2025
AB-TOP-04861-XS,Charcoal Tank Top,$140.18,73,Tops,Fashion Hub,01/25/2025
AB-BOT-04862-L,Tan Denim Short - L,159.36,87,Btms,FH Wholesale (old),08/07/2025
AB-ACC-04863-M,Cognac Crossbody Bag,54.67,99,accessories,Fashion Hub,10/29/2023
AB-FOO-04864-XS,Indigo Heeled Mule - XS,248.06,99,SHOES,Fashion Hub,03/12/2024
AB-FOO-04864-XS,Indigo He eled Mule - XS,248.06,99,SHOES,Fashion Hub,03/12/2024
AB-ACC-04865-L,Indigo Wide-Brim Hat,261.62,78,accessories,FH Wholesale (old),01/15/2025
AB-FOO-04866-L,Camel Low-Top Sneaker,160.31,25,MISC,A. Nord,02/03/2024
AB-OUT-04867-S,Indigo Wool Peacoat - S,265.27,75,outerwear,A. Nord,10/12/2023
AB-BOT-04868-L,Blush Skinny Jean,72.73,37,Bottoms,,07/13/2024
AB-BOT-04869-S,Ivory Pleated Skirt,$65.23,99,Bottoms,Apparel Sol.,11/18/2025
AB-TOP-04870-M,Cognac Crewneck Tee,$200.74,16,TOPS,ApparelSolns,10/12/2024
AB-BOT-04871-XS,Blush Skinny Jean - XS,251.92,2,Btms,Apparel Sol.,02/06/2025
AB-BOT-04871-XS,Blush Skinny Je an - XS,251.92,2,Btms,Apparel Sol.,02/06/2025
AB-DRE-04872-M,Charcoal Shirt Dress,233.3,48,Dresses ,TW Co.,07/20/2025
AB-TOP-04873-L,Blush Button-Up Shirt,124.62,58,Tops,Fashion Hub Ltd,07/11/2024
AB-ACC-04874-S,Charcoal Leather Tote,258.86,38,ACC,TW Co.,10/18/2023
AB-FOO-04875-XL,Ivory Ankle Boot,$331.99,57,footwear,Apparel Solutions,06/22/2025
AB-TOP-04876-XXL,Burgundy Button-Up Shirt,102.51,9,TOP,Fashion Hub,01/05/2026
AB-FOO-04877-S,Cognac Heeled Mule,238.61,42,footwear,Apparel Solutions,04/11/2025
AB-ACC-04878-XL,Emerald Crossbody Bag,$233.07,63,Accs,,12/18/2023
AB-BOT-04879-L,White Skinny Jean,$88.55,55,bottoms,Textile World Co,10/24/2024
AB-FOO-04880-XXL,Tan Loafer,175.31,3,Ftwr,FH Wholesale (old),07/24/2023
AB-ACC-04881-S,Indigo Wide-Brim Hat,61.31,104,ACC,Apparel Sol.,10/25/2024
AB-OUT-04882-L,Beige Puffer Vest,226.88,92,Outr,Textile World Co,12/06/2024
AB-OUT-04883-M,Camel Denim Jacket - M,144.56,90,Outr,Textile World,05/01/2025
AB-FOO-04884-S,Ivory Loafer,$270.89,38,footwear,Atelier Nord Studio,08/01/2024
AB-DRE-04885-S,Burgundy Shift Dress,229.62,51,dress,Textile World,10/20/2024
AB-TOP-04886-XL,Emerald V-Neck Sweater,190.63,84,top,Textile World,11/19/2023
AB-BOT-04887-M,Blush Pleated Skirt,$188.42,146,BOTTOM,Textile World,12/11/2023
AB-FOO-04888-XS,Ivory Heeled Mule,$157.17,112,footwear,ApparelSolns,09/23/2024
AB-FOO-04888-XS,Ivory He eled Mule,$157.17,112,footwear,ApparelSolns,09/23/2024
AB-OUT-04889-XS,Burgundy Denim Jacket,181.23,126,Outr,Textile World Co,08/19/2024
AB-DRE-04890-XL,Burgundy Shirt Dress,44.31,33,Dresses ,A. Nord,02/10/2024
AB-OUT-04892-XL,Blush Puffer Vest,$50.11,34,OUTER,Textile World Co,07/16/2024
AB-BOT-04893-XXL,Tan Skinny Jean,$166.56,75,bottoms,Fashion Hub Ltd,05/19/2025
AB-TOP-04894-S,Camel Button-Up Shirt - S,$207.21,46,TOP,Fashion Hub Ltd,12/11/2023
AB-DRE-04896-M,Emerald Shirt Dress,288.91,54,dress,ApparelSolns,12/27/2023
AB-FOO-04897-XS,Emerald Loafer,217.46,92,Ftwr,Fashion Hub,03/30/2024
AB-BOT-04898-M,Charcoal Midi Skirt,$67.83,98,bottoms,A. Nord,12/02/2025
AB-FOO-04899-XS,Black Heeled Mule,$216.16,66,footwear,Fashion Hub Ltd,03/13/2026
AB-ACC-04900-M,Charcoal Woven Belt - M,$214.05,130,Accs,Apparel Sol.,10/18/2024
AB-ACC-04901-XXL,Cognac Statement Earrings,259.94,105,Accessories,ApparelSolns,03/17/2025
AB-ACC-04901-XXL,Cognac State ment Earrings,259.94,105,Accessories,ApparelSolns,03/17/2025
AB-TOP-04902-XL,Emerald V-Neck Sweater,36.31,33,top,Atelier Nord,12/12/2023
AB-DRE-04903-S,Beige Slip Dress,$202.11,68,dress,Atelier Nord,01/10/2025
AB-OUT-04904-S,Cognac Trench Coat,291.71,11,Outerwear,Atelier Nord,05/14/2024
AB-BOT-04905-S,Ivory Skinny Jean,$84.61,81,BOTTOM,TW Co.,02/13/2024
AB-FOO-04906-XS,Emerald Ankle Boot,156.48,21,SHOES,Apparel Solutions,05/08/2024
AB-FOO-04906-XS,Eme rald Ankle Boot,156.48,21,SHOES,Apparel Solutions,05/08/2024
AB-ACC-04907-S,Cognac Statement Earrings,178.85,79,Accessory,A. Nord,02/02/2025
AB-OUT-04908-M,Emerald Blazer - M,166.67,56,outerwear,Fashion Hub Ltd,09/18/2024
AB-OUT-04909-L,Blush Denim Jacket,19.61,115,Outerwear,FH Wholesale (old),10/10/2024
AB-ACC-04910-XL,Ivory Leather Tote - XL,50.2,41,Accessories,TW Co.,07/24/2025
AB-FOO-04912-S,Cognac Heeled Mule,$185.84,66,Shoes/Footwear,Atelier Nord,10/28/2025
AB-OUT-04913-M,Indigo Trench Coat,$190.10,56,Jackets/Outerwear,Textile World,05/16/2026
AB-TOP-04914-M,Burgundy Button-Up Shirt,197.7,-3,Tshirts/Tops,A. Nord,07/27/2024
AB-OUT-04915-XS,Indigo Blazer - XS,178.61,59,Outr,ApparelSolns,11/23/2023
AB-BOT-04916-XXL,Camel Wide-Leg Trouser,82.59,87,Pants/Bottoms,Apparel Sol.,05/31/2025
AB-BOT-04916-XXL,Came l Wide-Leg Trouser,82.59,87,Pants/Bottoms,Apparel Sol.,05/31/2025
AB-ACC-04917-XL,Beige Woven Belt,51.9,133,Accessories,FH Wholesale (old),09/12/2025
AB-DRE-04918-XS,Blush Maxi Dress - XS,$340.87,46,DRESS,TW Co.,12/06/2023
AB-TOP-04919-S,Burgundy Cardigan,$195.74,33,Tops,Atelier Nord,09/27/2024
AB-ACC-04920-XL,Camel Twill Scarf - XL,254.57,64,Accessory,Textile World,04/18/2025
AB-FOO-04921-XXL,White Ankle Boot,$232.85,97,footwear,Atelier Nord,06/12/2024
AB-ACC-04922-XXL,Tan Wide-Brim Hat,191.06,72,Accessories,Apparel Solutions,03/02/2024
AB-TOP-04923-XL,Emerald Turtleneck - XL,$300.69,50,Tshirts/Tops,TW Co.,01/21/2026
AB-OUT-04924-L,Burgundy Trench Coat,179.67,45,Outerwear,ApparelSolns,02/09/2025
AB-OUT-04925-XL,Indigo Denim Jacket,160.06,93,Outr,A. Nord,04/02/2025
AB-BOT-04926-L,Cognac Pleated Skirt,83.72,79,Pants/Bottoms,Fashion Hub Ltd,10/21/2023
AB-OUT-04927-XS,Beige Wool Peacoat,$83.83,6,OUTER,ApparelSolns,05/09/2025
AB-ACC-04928-S,Camel Wide-Brim Hat,$255.09,33,ACC,Atelier Nord Studio,05/12/2024
AB-BOT-04929-XS,Beige Denim Short,276.6,39,Btms,A. Nord,11/27/2024
AB-TOP-04930-XS,White Crewneck Tee - XS,$82.84,36,Tshirts/Tops,,07/20/2024
AB-DRE-04931-M,Black Slip Dress - M,75.72,50,Dresses,ApparelSolns,02/10/2025
AB-DRE-04932-S,Beige Maxi Dress - S,96.27,3,Drss,Fashion Hub Ltd,12/12/2023
AB-TOP-04933-L,White Cardigan,$271.07,16,Tshirts/Tops,ApparelSolns,10/09/2024
AB-ACC-04934-XL,Beige Statement Earrings - XL,121.86,108,accessories,Fashion Hub,03/29/2024
AB-ACC-04936-L,Indigo Leather Tote,306.87,100,Accessories,Textile World,04/11/2024
AB-BOT-04938-XL,Blush Skinny Jean,198.41,112,BOTTOM,Atelier Nord,03/17/2024
AB-DRE-04939-L,Beige Shift Dress - L,$210.96,93,dress,FH Wholesale (old),07/19/2024
AB-ACC-04940-S,Beige Crossbody Bag,$256.96,125,accessories,Textile World Co,04/04/2025
AB-TOP-04941-XXL,White V-Neck Sweater,105.89,28,,Apparel Solutions,12/02/2025
AB-OUT-04942-S,Emerald Blazer,$236.36,105,outerwear,TW Co.,06/13/2023
AB-FOO-04943-M,Cognac Heeled Mule,$174.48,137,Footwear,A. Nord,01/20/2026
AB-ACC-04944-L,Cognac Statement Earrings,26.53,134,Accessories,Fashion Hub Ltd,04/29/2024
AB-ACC-04945-S,Emerald Wide-Brim Hat,177.52,122,Accessory,Apparel Sol.,01/24/2026
AB-FOO-04946-XXL,Charcoal Ballet Flat,$334.64,105,footwear,Textile World Co,07/20/2024
AB-DRE-04947-S,Black Maxi Dress,79.36,125,dress,Atelier Nord Studio,01/05/2025
AB-OUT-04948-M,Indigo Blazer - M,$277.74,55,outerwear,,05/30/2025
AB-DRE-04949-XXL,Emerald Slip Dress,135.5,66,Dresses ,Atelier Nord Studio,12/09/2025
AB-FOO-04950-L,Camel Espadrille,$113.59,61,SHOES,Fashion Hub Ltd,10/06/2024
AB-OUT-04951-XXL,Blush Wool Peacoat,218.68,33,Outr,Fashion Hub Ltd,01/24/2024
AB-TOP-04952-L,Charcoal Tank Top,76.62,-2,TOP,Atelier Nord,04/03/2025
AB-ACC-04953-XXL,Tan Woven Belt - XXL,$113.96,58,Accs,Atelier Nord Studio,10/03/2025
AB-FOO-04954-XS,Blush Ballet Flat,$148.32,89,footwear,TW Co.,09/07/2024
AB-FOO-04955-XL,Emerald Ankle Boot,128.9,122,Shoes/Footwear,Fashion Hub,12/28/2023
AB-BOT-04956-M,Cognac Linen Pant,187.28,39,BOTTOM,Atelier Nord Studio,05/21/2025
AB-FOO-04957-L,Charcoal Ankle Boot,110.33,134,Shoes/Footwear,A. Nord,11/16/2023
AB-ACC-04958-L,Black Woven Belt,156.7,14,accessories,Textile World,01/27/2026
AB-DRE-04959-XS,Blush Wrap Dress - XS,83.85,65,dress,A. Nord,11/20/2025
AB-TOP-04960-XS,White Tank Top,136.22,132,Tshirts/Tops,,01/23/2024
AB-FOO-04961-XL,Tan Heeled Mule,80.19,74,footwear,A. Nord,10/11/2024
AB-OUT-04962-L,Tan Wool Peacoat,227.72,102,Jackets/Outerwear,ApparelSolns,12/23/2025
AB-OUT-04963-S,Black Blazer,289.12,34,Outerwear,TW Co.,09/20/2024
AB-BOT-04964-XL,Beige Midi Skirt,99.34,98,Pants/Bottoms,A. Nord,01/31/2025
AB-BOT-04965-XXL,Black Midi Skirt,263.66,17,Bottoms,Apparel Sol.,08/05/2023
AB-TOP-04966-XXL,Ivory Crewneck Tee,$152.59,120,TOPS,Atelier Nord Studio,10/22/2025
AB-FOO-04967-XL,Tan Ankle Boot,52.81,76,Footwear,Apparel Sol.,12/20/2024
AB-DRE-04968-L,Emerald Slip Dress,79.08,48,dress,Atelier Nord,05/07/2024
AB-TOP-04969-M,White Cardigan,76.21,82,TOP,Apparel Sol.,03/17/2025
AB-ACC-04970-XXL,Camel Woven Belt,180.8,53,ACC,Atelier Nord Studio,02/04/2026
AB-DRE-04971-XXL,Blush Wrap Dress,138.88,47,dress,Textile World,11/08/2025
AB-OUT-04972-L,Burgundy Moto Jacket - L,$115.07,115,Jackets/Outerwear,,08/21/2023
AB-OUT-04973-XXL,Tan Moto Jacket,288.58,46,Jackets/Outerwear,Fashion Hub Ltd,05/21/2024
AB-ACC-04974-S,White Crossbody Bag,54.34,130,accessories,FH Wholesale (old),10/09/2024
AB-DRE-04975-XXL,Beige Shift Dress,324.11,26,DRESS,Apparel Solutions,07/13/2025
AB-ACC-04976-L,Charcoal Leather Tote,303.05,114,accessories,A. Nord,06/25/2023
AB-DRE-04977-XS,Cognac Shirt Dress,192.52,22,Dresses,Atelier Nord,09/11/2025
AB-OUT-04979-XL,Emerald Moto Jacket,$259.57,77,OUTER,Textile World Co,12/28/2024
AB-FOO-04980-XL,Camel Espadrille,258.89,58,SHOES,Textile World,08/10/2024
AB-FOO-04981-S,Emerald Ballet Flat,316.72,81,Footwear,Atelier Nord Studio,08/01/2025
AB-BOT-04983-XL,Black Denim Short,$78.56,115,BOTTOM,Fashion Hub,02/04/2025
AB-FOO-04984-L,Tan Low-Top Sneaker,$91.06,21,Ftwr,Apparel Sol.,08/25/2024
AB-OUT-04985-M,Cognac Blazer,$308.23,68,Outr,Apparel Sol.,06/25/2023
AB-FOO-04986-XL,Tan Loafer - XL,$316.73,55,footwear,Apparel Sol.,11/28/2023
AB-BOT-04987-XS,Tan Wide-Leg Trouser,$206.02,95,bottoms,A. Nord,11/11/2024
AB-TOP-04988-L,Ivory Tank Top - L,55.43,92,Tshirts/Tops,Fashion Hub,05/17/2024
AB-BOT-04989-XS,Tan Midi Skirt,$200.90,102,BOTTOM,Textile World,06/09/2024
AB-BOT-04990-XL,Black Wide-Leg Trouser,$292.06,91,Pants/Bottoms,Textile World Co,10/08/2025
AB-BOT-04990-XL,Black Wide -Leg Trouser,$292.06,91,Pants/Bottoms,Textile World Co,10/08/2025
AB-OUT-04991-XS,Camel Wool Peacoat - XS,23.91,17,Outr,TW Co.,09/24/2025
AB-DRE-04992-S,Black Shift Dress - S,86.63,45,dress,Atelier Nord Studio,12/30/2023
AB-TOP-04993-XL,Tan Silk Blouse,$87.22,83,Tops,,12/30/2023
AB-TOP-04994-S,Ivory Button-Up Shirt,$202.35,136,TOP,Fashion Hub,01/06/2024
AB-ACC-04995-L,Burgundy Twill Scarf - L,$261.56,14,ACC,Textile World,10/13/2024
AB-FOO-04996-XS,Burgundy Ankle Boot,$308.68,14,Footwear,Textile World,11/23/2024
AB-OUT-04998-L,Beige Denim Jacket,$194.78,134,OUTER,TW Co.,10/03/2025
AB-BOT-04999-M,Burgundy Pleated Skirt,$90.80,26,BOTTOM,Apparel Sol.,09/20/2024
AB-TOP-05000-S,Emerald Silk Blouse,$249.40,50,Tshirts/Tops,Textile World Co,03/04/2025
AB-DRE-05001-M,Beige Midi Dress,$168.05,47,dress,Fashion Hub,11/19/2025
AB-DRE-05002-L,Tan Shift Dress - L,$280.64,134,Dresses,Atelier Nord,09/07/2025
AB-ACC-05003-M,Blush Twill Scarf - M,$94.32,131,ACC,Fashion Hub Ltd,11/28/2023
AB-FOO-05004-XXL,Burgundy Heeled Mule - XXL,271.43,53,SHOES,ApparelSolns,09/06/2025
AB-FOO-05005-XS,Indigo Heeled Mule,22.49,79,SHOES,Apparel Solutions,12/18/2024
AB-FOO-05006-XXL,Beige Ballet Flat,$311.91,83,Footwear,Fashion Hub,07/06/2025
AB-TOP-05007-M,Tan Silk Blouse,144.71,67,TOP,ApparelSolns,09/29/2023
AB-BOT-05008-L,Black Pleated Skirt,$197.30,92,BOTTOM,A. Nord,09/08/2024
AB-DRE-05009-S,Burgundy Slip Dress - S,305.93,118,Dresses,Apparel Sol.,06/05/2025
AB-TOP-05010-XXL,Cognac Crewneck Tee,$207.24,114,Tshirts/Tops,Textile World,01/02/2025
AB-FOO-05012-M,Blush Low-Top Sneaker,57.45,131,Shoes/Footwear,Fashion Hub,11/13/2024
AB-BOT-05013-XXL,Camel Midi Skirt,161.25,120,Pants/Bottoms,Textile World Co,05/31/2025
AB-TOP-05014-XS,Emerald Crewneck Tee,281.74,108,Tshirts/Tops,ApparelSolns,08/13/2025
AB-DRE-05015-XL,Camel Slip Dress,$156.98,67,Dresses,A. Nord,08/31/2025
AB-TOP-05016-S,Indigo Cardigan,$230.30,87,Tops,TW Co.,10/01/2025
AB-TOP-05018-L,Emerald Silk Blouse - L,$91.80,5,TOP,A. Nord,09/05/2024
AB-DRE-05019-S,Ivory Wrap Dress,61.59,123,Dresses,A. Nord,07/27/2024
AB-DRE-05020-M,White Midi Dress - M,$308.80,51,DRESS,Apparel Sol.,08/01/2024
AB-TOP-05021-XS,Tan Henley - XS,129.62,108,TOPS,FH Wholesale (old),07/13/2024
AB-FOO-05022-M,Camel Low-Top Sneaker,206.47,86,footwear,ApparelSolns,10/27/2025
AB-DRE-05023-XS,Ivory Maxi Dress,$318.15,43,dress,Atelier Nord,06/01/2024
AB-DRE-05024-XXL,Emerald Shirt Dress,141.57,13,Drss,Atelier Nord Studio,03/17/2025
AB-FOO-05025-M,Black Ballet Flat,27.3,106,Footwear,FH Wholesale (old),12/23/2025
AB-ACC-05026-S,Camel Twill Scarf - S,159.58,90,MISC,FH Wholesale (old),11/26/2024
AB-ACC-05027-M,Cognac Crossbody Bag - M,$43.78,104,Accessory,Textile World Co,03/31/2025
AB-BOT-05028-XL,Indigo Wide-Leg Trouser,$283.49,62,BOTTOM,Atelier Nord,01/20/2026
AB-TOP-05029-XL,Black Cardigan,206.88,6,Tops,ApparelSolns,10/29/2023
AB-TOP-05030-XL,Blush Tank Top,193.1,8,TOP,TW Co.,02/24/2024
AB-DRE-05031-XS,Ivory Midi Dress - XS,142.67,12,Dresses ,Textile World,06/17/2023
AB-FOO-05032-XXL,Charcoal Espadrille,216.69,96,footwear,Textile World,05/12/2024
AB-FOO-05032-XXL,Charcoal Espadrille ,216.69,96,footwear,Textile World,05/12/2024
AB-OUT-05033-S,Black Puffer Vest,212.04,60,outerwear,Fashion Hub,12/27/2024
AB-FOO-05034-XL,Emerald Espadrille,316.27,16,Footwear,Textile World,05/14/2025
AB-FOO-05035-XL,Charcoal Loafer - XL,$111.38,110,Shoes/Footwear,Apparel Sol.,12/30/2024
AB-TOP-05036-L,Emerald Cardigan,$102.68,70,top,Atelier Nord,01/09/2026
AB-BOT-05037-XL,Black Linen Pant - XL,$108.91,12,Pants/Bottoms,TW Co.,06/14/2024
AB-BOT-05037-XL,Black Line n Pant - XL,$108.91,12,Pants/Bottoms,TW Co.,06/14/2024
AB-DRE-05038-L,Burgundy Midi Dress,$100.46,71,dress,Atelier Nord Studio,10/14/2023
AB-ACC-05039-M,Camel Crossbody Bag - M,87.53,49,accessories,Fashion Hub Ltd,01/07/2026
AB-ACC-05040-XL,Emerald Leather Tote,$135.92,113,ACC,Atelier Nord Studio,04/09/2025
AB-ACC-05041-XS,Cognac Woven Belt - XS,151.25,75,Accessory,A. Nord,06/08/2024
AB-FOO-05042-M,Ivory Loafer,184.89,22,SHOES,Atelier Nord Studio,05/18/2024
AB-FOO-05042-M,Ivory Loafe r,184.89,22,SHOES,Atelier Nord Studio,05/18/2024
AB-DRE-05043-S,Beige Maxi Dress,90.74,83,Dresses,Apparel Sol.,12/03/2024
AB-OUT-05044-XXL,Camel Denim Jacket,$80.31,79,Outr,Textile World Co,07/14/2023
AB-BOT-05045-XL,Indigo Linen Pant,$285.31,96,Btms,FH Wholesale (old),02/13/2024
AB-FOO-05046-L,Indigo Heeled Mule - L,280.89,31,Shoes/Footwear,Fashion Hub,05/09/2025
AB-FOO-05047-XL,Ivory Low-Top Sneaker - XL,93.17,35,SHOES,TW Co.,04/08/2024
AB-OUT-05048-S,Emerald Puffer Vest,$293.18,56,Outr,TW Co.,09/27/2024
AB-BOT-05049-XXL,Emerald Wide-Leg Trouser - XXL,33.7,99,Btms,Apparel Sol.,09/28/2025
AB-ACC-05050-XL,Charcoal Twill Scarf,161.34,70,accessories,Atelier Nord Studio,12/23/2025
AB-FOO-05051-XL,Emerald Ballet Flat,$33.23,67,SHOES,TW Co.,09/02/2025
AB-DRE-05052-L,Beige Shift Dress - L,243.25,115,Dresses ,Apparel Solutions,07/15/2025
AB-OUT-05053-M,Tan Blazer,166.48,6,Outerwear,A. Nord,10/04/2023
AB-OUT-05055-M,Tan Wool Peacoat - M,81.97,106,outerwear,Apparel Sol.,07/24/2024
AB-BOT-05056-M,Black Chino Pant,48.98,111,BOTTOM,,08/17/2024
AB-BOT-05057-S,Camel Pleated Skirt - S,$37.46,38,Btms,FH Wholesale (old),12/01/2023
AB-ACC-05058-L,Indigo Wide-Brim Hat,155.78,25,N/A,Apparel Solutions,01/11/2026
AB-FOO-05060-XXL,Tan Ballet Flat - XXL,257.2,104,N/A,Fashion Hub,10/20/2024
AB-ACC-05061-S,Charcoal Twill Scarf,283.55,147,Accessories,Apparel Solutions,07/05/2024
AB-FOO-05063-L,Emerald Loafer,240.11,46,footwear,Atelier Nord,12/04/2023
AB-OUT-05064-XXL,Beige Blazer,$253.64,32,outerwear,Fashion Hub Ltd,03/14/2024
AB-BOT-05065-XS,White Denim Short - XS,26.55,144,bottoms,A. Nord,05/07/2025
AB-TOP-05066-XS,Black Henley,$65.02,29,top,Apparel Sol.,05/05/2025
AB-DRE-05067-XXL,Emerald Shift Dress,194.75,104,DRESS,Apparel Sol.,11/01/2024
AB-FOO-05068-M,Black Loafer,145.18,35,footwear,Textile World,08/02/2024
AB-FOO-05069-XS,Indigo Loafer - XS,249.34,70,Footwear,Fashion Hub,11/13/2024
AB-FOO-05070-M,Black Low-Top Sneaker,209.75,122,Footwear,Fashion Hub Ltd,07/14/2025
AB-ACC-05071-XS,Blush Statement Earrings,$30.66,32,Accs,Textile World,11/15/2023
AB-FOO-05072-XS,Ivory Low-Top Sneaker - XS,190.25,115,Footwear,A. Nord,05/25/2024
AB-DRE-05073-XS,Emerald Midi Dress - XS,330.07,61,DRESS,Apparel Sol.,01/02/2026
AB-BOT-05074-S,Camel Skinny Jean,$199.64,99,Btms,FH Wholesale (old),06/25/2024
AB-BOT-05075-S,White Midi Skirt - S,138.7,89,Pants/Bottoms,Atelier Nord,02/03/2025
AB-TOP-05076-S,Charcoal Silk Blouse,$44.04,105,TOP,Atelier Nord,08/20/2024
AB-DRE-05077-L,Black Slip Dress,$97.70,83,Drss,Textile World,06/23/2024
AB-DRE-05078-L,Indigo Midi Dress,$299.86,61,Dresses ,TW Co.,10/15/2024
AB-ACC-05079-XS,Burgundy Crossbody Bag,$158.68,81,,Textile World Co,01/04/2024
AB-TOP-05080-XXL,Blush Crewneck Tee,180.9,10,Tshirts/Tops,Atelier Nord Studio,02/14/2025
AB-FOO-05081-L,Blush Ankle Boot,$221.25,45,Footwear,,10/07/2023
AB-ACC-05082-L,White Wide-Brim Hat,280.27,51,accessories,Atelier Nord Studio,12/28/2025
AB-BOT-05083-S,Blush Wide-Leg Trouser,$248.85,59,Pants/Bottoms,TW Co.,12/25/2023
AB-ACC-05084-XL,Camel Woven Belt,255.96,74,accessories,,03/03/2024
AB-OUT-05085-XS,Emerald Wool Peacoat - XS,$177.39,48,OUTER,Atelier Nord,10/02/2023
AB-TOP-05086-S,Black Turtleneck,70.89,66,top,Apparel Sol.,08/26/2024
AB-ACC-05087-XXL,Blush Wide-Brim Hat - XXL,$253.70,19,ACC,Apparel Solutions,02/04/2024
AB-ACC-05088-XS,Camel Twill Scarf,$117.56,78,Accs,FH Wholesale (old),12/13/2024
AB-FOO-05089-XS,Blush Ankle Boot - XS,$200.06,59,Shoes/Footwear,FH Wholesale (old),04/23/2024
AB-OUT-05090-S,Burgundy Wool Peacoat - S,306.31,51,Outerwear,Textile World,11/18/2025
AB-BOT-05091-L,Blush Skinny Jean,235.58,58,Pants/Bottoms,ApparelSolns,02/03/2025
AB-ACC-05092-XL,Black Twill Scarf,56.58,67,Accessories,ApparelSolns,05/14/2024
AB-OUT-05093-XXL,Black Denim Jacket,$46.91,118,Outerwear,Textile World Co,08/26/2023
AB-ACC-05094-XS,Emerald Woven Belt,292.18,87,Accs,FH Wholesale (old),11/04/2025
AB-ACC-05095-XL,Ivory Wide-Brim Hat,280.37,122,Accs,Textile World Co,03/25/2024
AB-FOO-05097-XS,Blush Heeled Mule - XS,210.61,126,SHOES,ApparelSolns,11/05/2025
AB-BOT-05098-S,Beige Linen Pant,249.03,17,bottoms,FH Wholesale (old),12/11/2023
AB-ACC-05099-M,Burgundy Woven Belt,$244.86,140,N/A,Fashion Hub Ltd,01/03/2024
AB-BOT-05100-XS,Tan Linen Pant - XS,196.46,85,bottoms,Atelier Nord,08/08/2024
AB-ACC-05101-XL,Black Crossbody Bag,224.56,11,Accessories,Apparel Solutions,06/06/2024
AB-DRE-05102-XXL,Burgundy Shirt Dress,261.78,90,Drss,Apparel Solutions,02/18/2026
AB-BOT-05103-XL,Blush Linen Pant,301.81,94,bottoms,Textile World Co,02/27/2025
AB-TOP-05104-M,Indigo Henley - M,177.07,100,TOP,Fashion Hub,01/28/2024
AB-TOP-05105-XXL,Cognac Henley - XXL,156.8,46,Tops,Apparel Sol.,08/30/2024
AB-TOP-05105-XXL,Cognac He nley - XXL,156.8,46,Tops,Apparel Sol.,08/30/2024
AB-TOP-05106-XS,Indigo Silk Blouse,299.01,103,TOP,Textile World Co,09/30/2025
AB-ACC-05107-XL,White Twill Scarf - XL,174.47,5,Accs,Atelier Nord Studio,08/20/2025
AB-TOP-05108-S,Beige Crewneck Tee,$265.74,17,top,Atelier Nord Studio,04/05/2025
AB-DRE-05109-XL,Black Slip Dress,224.49,12,DRESS,Fashion Hub Ltd,08/12/2023
AB-BOT-05110-XXL,Emerald Wide-Leg Trouser,237.81,135,Pants/Bottoms,Atelier Nord Studio,10/27/2023
AB-DRE-05111-XXL,Tan Shirt Dress,170.62,126,dress,Atelier Nord,04/23/2026
AB-OUT-05112-M,White Moto Jacket - M,56.84,98,OUTER,Atelier Nord,04/02/2025
AB-BOT-05113-XL,White Skinny Jean,162.2,104,Pants/Bottoms,ApparelSolns,07/19/2024
AB-OUT-05114-L,Emerald Moto Jacket,218.71,92,Outerwear,Textile World Co,09/03/2024
AB-ACC-05115-XS,Tan Wide-Brim Hat,63.09,93,ACC,Textile World,02/07/2026
AB-TOP-05116-L,Blush Turtleneck,260.56,117,Tops,TW Co.,12/04/2025
AB-DRE-05117-XXL,Cognac Shirt Dress,126.33,12,Dresses ,TW Co.,10/14/2024
AB-DRE-05118-L,Indigo Wrap Dress,273.64,134,Drss,,02/02/2025
AB-ACC-05119-M,Charcoal Crossbody Bag,184.6,28,Accs,FH Wholesale (old),09/24/2024
AB-ACC-05120-XL,Camel Crossbody Bag - XL,$305.28,72,Accessory,A. Nord,05/23/2025
AB-OUT-05121-M,Charcoal Puffer Vest - M,216.99,72,Outr,Apparel Solutions,06/24/2024
AB-OUT-05121-M,Charcoal Puffe r Vest - M,216.99,72,Outr,Apparel Solutions,06/24/2024
AB-FOO-05122-L,Blush Low-Top Sneaker - L,237.35,45,footwear,A. Nord,06/21/2024
AB-BOT-05123-XS,Black Midi Skirt - XS,35.94,89,Btms,TW Co.,04/05/2024
AB-OUT-05124-XS,Beige Blazer,123.2,125,Jackets/Outerwear,Textile World Co,09/02/2023
AB-FOO-05125-L,Beige Ankle Boot,$74.67,51,SHOES,Textile World Co,10/24/2025
AB-TOP-05126-XS,Tan Turtleneck,247.02,128,top,Textile World,06/23/2025
AB-BOT-05127-XXL,Blush Skinny Jean,178.02,131,,Atelier Nord Studio,01/20/2026
AB-ACC-05128-M,Emerald Statement Earrings - M,89.38,84,Accessory,Textile World Co,02/03/2024
AB-OUT-05129-XS,Ivory Blazer - XS,$205.17,76,OUTER,Textile World Co,02/24/2026
AB-FOO-05130-L,Camel Heeled Mule - L,58.41,48,Footwear,FH Wholesale (old),01/07/2025
AB-FOO-05131-S,Beige Espadrille,237.24,31,Ftwr,ApparelSolns,01/26/2025
AB-BOT-05132-S,Ivory Denim Short,191.24,18,BOTTOM,Textile World Co,12/25/2024
AB-ACC-05133-L,Cognac Crossbody Bag - L,292.55,7,Accessory,ApparelSolns,11/06/2025
AB-BOT-05134-M,Tan Denim Short,$125.73,14,Bottoms,Atelier Nord,08/16/2024
AB-DRE-05135-XXL,Burgundy Maxi Dress,$237.16,20,Drss,Atelier Nord Studio,03/07/2025
AB-DRE-05136-S,White Midi Dress,$88.80,69,dress,Apparel Solutions,06/03/2024
AB-DRE-05137-XXL,Cognac Midi Dress,$43.27,84,DRESS,Fashion Hub Ltd,03/04/2025
AB-DRE-05138-S,Beige Wrap Dress,$67.66,66,Dresses,,05/26/2025
AB-TOP-05139-XL,Indigo Turtleneck,$146.73,78,Tops,Apparel Solutions,02/01/2025
AB-BOT-05140-S,Camel Denim Short - S,$192.14,104,Pants/Bottoms,Textile World,01/02/2025
AB-OUT-05141-XL,Black Denim Jacket,113.3,102,Outr,Apparel Solutions,06/24/2025
AB-DRE-05142-XXL,Beige Midi Dress,$98.20,27,Dresses ,ApparelSolns,12/06/2023
AB-ACC-05143-M,Black Twill Scarf - M,$276.37,121,ACC,Textile World,04/12/2024
AB-FOO-05144-M,Blush Low-Top Sneaker,51.81,-3,Ftwr,TW Co.,09/01/2023
AB-FOO-05145-XL,Cognac Ankle Boot,218.37,29,Ftwr,A. Nord,07/12/2024
AB-BOT-05146-XL,Tan Midi Skirt,$124.28,82,MISC,Textile World,12/25/2023
AB-FOO-05147-XXL,Cognac Ballet Flat - XXL,$48.48,83,Ftwr,Fashion Hub Ltd,11/25/2025
AB-OUT-05148-M,Charcoal Moto Jacket - M,123.17,13,Jackets/Outerwear,Atelier Nord Studio,04/20/2025
AB-TOP-05149-XXL,Camel Cardigan,146.06,63,Tops,TW Co.,01/13/2026
AB-DRE-05150-L,Camel Shift Dress,18.88,52,Drss,Textile World Co,10/11/2023
AB-BOT-05151-M,Burgundy Pleated Skirt - M,$207.11,43,Btms,Atelier Nord Studio,03/30/2024
AB-ACC-05152-M,Beige Leather Tote - M,164.07,21,Accessory,FH Wholesale (old),10/17/2025
AB-OUT-05153-M,Tan Trench Coat,$103.33,98,OUTER,Textile World,10/31/2023
AB-FOO-05154-L,Camel Ballet Flat,220.2,12,Footwear,Fashion Hub Ltd,01/22/2025
AB-TOP-05155-XL,Beige Turtleneck,$34.68,91,TOPS,FH Wholesale (old),11/22/2023
AB-OUT-05156-S,Blush Trench Coat - S,98.54,21,Outerwear,FH Wholesale (old),01/03/2026
AB-BOT-05157-S,Ivory Skinny Jean - S,212.22,118,Bottoms,Apparel Solutions,11/30/2024
AB-OUT-05158-XL,Indigo Moto Jacket,$306.43,86,OUTER,Fashion Hub,11/05/2024
AB-DRE-05159-XL,White Shirt Dress,96.12,49,Dresses,Apparel Sol.,07/04/2024
AB-ACC-05160-L,Indigo Leather Tote - L,$243.50,15,Accessory,Apparel Sol.,05/01/2024
AB-FOO-05161-XS,Beige Ballet Flat,$263.52,81,Footwear,ApparelSolns,05/02/2025
AB-TOP-05162-XL,Tan Henley,215.9,127,TOP,Fashion Hub Ltd,02/21/2025
AB-TOP-05162-XL,Tan He nley,215.9,127,TOP,Fashion Hub Ltd,02/21/2025
AB-BOT-05163-XXL,Black Denim Short - XXL,$74.25,86,Bottoms,Apparel Sol.,03/21/2025
AB-BOT-05164-XL,White Wide-Leg Trouser,$212.63,16,bottoms,FH Wholesale (old),07/12/2025
AB-DRE-05165-XL,Beige Midi Dress - XL,$165.77,74,dress,ApparelSolns,03/03/2024
AB-DRE-05166-S,White Wrap Dress,211.17,101,dress,ApparelSolns,01/29/2025
AB-FOO-05167-XS,Beige Low-Top Sneaker,$249.83,105,Ftwr,,05/05/2024
AB-BOT-05168-S,White Skinny Jean - S,51.3,77,Btms,FH Wholesale (old),08/01/2023
AB-BOT-05169-XL,Beige Skinny Jean - XL,217.55,111,bottoms,,02/23/2025
AB-FOO-05170-L,Cognac Loafer,119.04,76,Footwear,A. Nord,01/02/2025
AB-TOP-05171-S,Emerald Silk Blouse,90.94,94,TOPS,Fashion Hub,03/16/2025
AB-ACC-05172-XS,Beige Woven Belt,119.41,69,Accessories,Atelier Nord Studio,11/18/2025
AB-ACC-05173-M,White Wide-Brim Hat - M,258.52,34,Accs,TW Co.,05/29/2025
AB-ACC-05174-XS,White Twill Scarf - XS,36.51,80,Accessory,Textile World Co,01/24/2024
AB-BOT-05175-L,Blush Skinny Jean - L,274.38,60,Bottoms,Textile World,06/24/2024
AB-BOT-05176-XXL,Camel Denim Short - XXL,231.7,47,Pants/Bottoms,FH Wholesale (old),11/26/2025
AB-ACC-05177-S,Indigo Woven Belt - S,159.87,33,Accs,A. Nord,06/11/2025
AB-BOT-05178-XS,Ivory Midi Skirt - XS,$112.42,59,bottoms,Textile World,12/11/2023
AB-BOT-05179-L,Indigo Denim Short - L,$241.51,114,Pants/Bottoms,Fashion Hub,07/27/2024
AB-TOP-05180-XL,Ivory Button-Up Shirt,$199.99,137,Tshirts/Tops,TW Co.,02/23/2025
AB-ACC-05181-XXL,Indigo Statement Earrings,$290.47,77,ACC,Atelier Nord,10/28/2023
AB-FOO-05182-L,Emerald Espadrille,$40.79,114,Shoes/Footwear,Textile World Co,10/07/2025
AB-DRE-05183-XXL,Camel Midi Dress,$24.19,55,DRESS,Fashion Hub,07/12/2025
AB-TOP-05184-XS,White Tank Top,287.93,37,TOP,Atelier Nord,10/05/2024
AB-OUT-05185-M,Blush Trench Coat - M,144.74,68,OUTER,Textile World Co,07/29/2023
AB-OUT-05185-M,Blush Tre nch Coat - M,144.74,68,OUTER,Textile World Co,07/29/2023
AB-OUT-05186-XL,Tan Blazer,$202.14,124,OUTER,TW Co.,02/18/2026
AB-OUT-05187-XXL,Burgundy Blazer - XXL,$197.05,81,outerwear,TW Co.,11/05/2025
AB-BOT-05188-XXL,Cognac Wide-Leg Trouser,246.12,43,bottoms,,07/28/2025
AB-FOO-05189-L,Charcoal Loafer,300.75,42,SHOES,Textile World Co,08/30/2025
AB-FOO-05189-L,Charcoal Loafe r,300.75,42,SHOES,Textile World Co,08/30/2025
AB-OUT-05190-L,Tan Puffer Vest,$148.96,10,Outerwear,,09/06/2024
AB-BOT-05191-M,Charcoal Linen Pant,$256.68,63,Btms,Atelier Nord Studio,08/22/2023
AB-FOO-05192-M,Beige Loafer,$40.43,20,footwear,TW Co.,08/07/2025
AB-OUT-05193-XL,Beige Blazer,209.32,61,Jackets/Outerwear,Textile World,03/27/2024
AB-BOT-05194-L,Burgundy Pleated Skirt,113.85,120,BOTTOM,Fashion Hub Ltd,01/07/2026
AB-ACC-05195-L,Emerald Twill Scarf,$18.68,61,accessories,Apparel Sol.,02/07/2025
AB-DRE-05196-XL,Beige Shirt Dress,77.85,88,Dresses,Atelier Nord Studio,03/19/2025
AB-OUT-05197-XXL,Indigo Puffer Vest - XXL,56.62,18,outerwear,Atelier Nord,02/09/2024
AB-FOO-05198-XL,Blush Ankle Boot - XL,40.08,65,Shoes/Footwear,Apparel Solutions,07/13/2025
AB-DRE-05199-M,Blush Shirt Dress,$64.45,109,dress,Textile World,07/16/2025
AB-DRE-05200-S,White Shift Dress - S,230.28,88,Dresses ,TW Co.,07/09/2025
AB-TOP-05201-XS,Camel Tank Top,$81.94,78,top,A. Nord,04/09/2024
AB-ACC-05202-XS,White Statement Earrings,170.53,79,Accs,Atelier Nord Studio,03/26/2024
AB-ACC-05203-S,Indigo Leather Tote,$245.58,2,Accessories,A. Nord,03/28/2026
AB-DRE-05204-M,Black Shirt Dress,$153.50,136,dress,Fashion Hub Ltd,10/17/2023
AB-BOT-05205-S,Camel Wide-Leg Trouser,264.28,124,Bottoms,A. Nord,11/19/2025
AB-ACC-05207-S,White Wide-Brim Hat,138.92,128,Accessory,Fashion Hub Ltd,11/15/2025
AB-FOO-05208-XL,Burgundy Espadrille - XL,118.64,78,Shoes/Footwear,Textile World,07/30/2025
AB-OUT-05209-XXL,Tan Blazer - XXL,297.32,30,Outerwear,Apparel Solutions,03/04/2024
AB-BOT-05210-M,Burgundy Chino Pant - M,92.66,127,Pants/Bottoms,Atelier Nord Studio,12/30/2025
AB-BOT-05211-M,White Skinny Jean - M,88.0,26,bottoms,Textile World,08/17/2023
AB-DRE-05213-XXL,Camel Slip Dress - XXL,25.94,149,Dresses,Fashion Hub Ltd,02/21/2024
AB-FOO-05214-XXL,Charcoal Ankle Boot,106.26,95,Footwear,Atelier Nord Studio,10/15/2025
AB-TOP-05215-S,Black Crewneck Tee,$168.48,77,top,Fashion Hub Ltd,12/03/2023
AB-ACC-05216-XL,Black Woven Belt - XL,$156.60,34,9,Fashion Hub,01/08/2025
AB-DRE-05217-L,White Maxi Dress,178.02,49,Drss,Atelier Nord,01/21/2024
AB-TOP-05218-XL,Beige Button-Up Shirt,274.66,17,Tops,Atelier Nord Studio,02/22/2024
AB-ACC-05219-M,Black Leather Tote - M,$229.52,126,Accs,Textile World Co,03/29/2024
AB-BOT-05220-M,Charcoal Linen Pant - M,$57.57,11,bottoms,Apparel Sol.,01/03/2025
AB-DRE-05221-XS,Black Wrap Dress,$279.09,0,Drss,Apparel Sol.,08/29/2023
AB-TOP-05222-S,White Button-Up Shirt,$89.24,96,TOPS,Fashion Hub,08/26/2024
AB-ACC-05223-M,Beige Crossbody Bag,32.68,120,N/A,Textile World Co,08/15/2025
AB-BOT-05224-S,Tan Linen Pant - S,182.55,91,BOTTOM,Textile World Co,12/22/2024
AB-ACC-05225-XXL,Ivory Crossbody Bag,164.89,19,ACC,FH Wholesale (old),08/21/2025
AB-FOO-05226-XL,Cognac Loafer,237.61,109,Footwear,Atelier Nord,10/11/2024
AB-OUT-05227-L,Burgundy Denim Jacket - L,287.99,55,Outr,Apparel Solutions,01/01/2025
AB-OUT-05228-XS,Tan Denim Jacket,$262.02,137,Outr,TW Co.,01/08/2024
AB-FOO-05229-XL,Charcoal Loafer,$208.64,30,SHOES,Atelier Nord,10/29/2023
AB-DRE-05230-S,Emerald Slip Dress - S,100.85,29,dress,,04/26/2025
AB-DRE-05231-XXL,Blush Shift Dress,$295.05,36,Dresses ,A. Nord,03/11/2025
AB-ACC-05232-S,Burgundy Crossbody Bag,$51.81,-3,accessories,Apparel Sol.,04/19/2025
AB-FOO-05233-M,Indigo Espadrille,$92.82,27,footwear,FH Wholesale (old),07/21/2024
AB-OUT-05234-M,Cognac Wool Peacoat - M,$272.26,35,Jackets/Outerwear,Textile World,01/16/2026
AB-FOO-05235-S,Blush Espadrille,$241.72,8,Shoes/Footwear,,10/09/2024
AB-DRE-05236-S,Beige Shift Dress,$189.85,114,Drss,TW Co.,09/12/2023
AB-ACC-05237-M,Blush Wide-Brim Hat,302.66,58,Accessory,Fashion Hub,01/26/2025
AB-DRE-05238-XS,Emerald Maxi Dress,288.25,119,dress,Textile World Co,03/21/2025
AB-TOP-05239-L,Charcoal Tank Top,$72.10,88,,Apparel Sol.,05/10/2024
AB-DRE-05241-XL,Emerald Wrap Dress,156.15,118,Dresses ,A. Nord,04/12/2026
AB-FOO-05242-S,Beige Loafer,$329.37,32,Footwear,Textile World Co,11/15/2025
AB-TOP-05243-S,Emerald Crewneck Tee - S,$297.60,5,top,FH Wholesale (old),12/15/2025
AB-FOO-05244-XS,Emerald Ballet Flat,233.91,75,SHOES,FH Wholesale (old),10/30/2024
AB-TOP-05246-M,Burgundy Crewneck Tee - M,132.4,8,top,Atelier Nord Studio,03/21/2025
AB-OUT-05247-S,Camel Wool Peacoat - S,52.2,87,OUTER,A. Nord,05/17/2024
AB-TOP-05249-L,Cognac V-Neck Sweater,254.17,59,Tops,Atelier Nord Studio,07/30/2024
AB-BOT-05250-XS,Emerald Pleated Skirt,216.9,57,bottoms,Apparel Sol.,12/11/2025
AB-TOP-05251-S,Charcoal Henley - S,$255.87,108,TOPS,,10/19/2025
AB-FOO-05252-L,Beige Loafer,$183.48,15,Ftwr,Apparel Sol.,09/19/2025
AB-BOT-05253-M,Black Linen Pant,177.58,28,Pants/Bottoms,Textile World Co,02/16/2026
AB-OUT-05254-XL,Beige Denim Jacket,93.61,41,Outerwear,TW Co.,03/27/2024
AB-OUT-05255-XL,Camel Moto Jacket - XL,$48.14,49,OUTER,FH Wholesale (old),08/14/2023
AB-TOP-05256-S,Camel Cardigan - S,100.98,67,Tshirts/Tops,TW Co.,10/18/2024
AB-ACC-05257-XS,Blush Crossbody Bag,$62.74,94,Accs,Fashion Hub,08/16/2025
AB-TOP-05258-XS,Black Henley - XS,$98.61,117,TOP,,07/03/2024
AB-BOT-05259-M,Ivory Linen Pant - M,259.28,125,Bottoms,A. Nord,03/28/2024
AB-TOP-05260-L,Charcoal Tank Top - L,$119.55,52,Tshirts/Tops,Textile World,05/29/2024
AB-TOP-05261-M,Blush V-Neck Sweater,$191.26,32,Tops,Fashion Hub Ltd,07/20/2025
AB-TOP-05262-L,Black Silk Blouse,$155.88,58,top,Fashion Hub Ltd,12/01/2025
AB-OUT-05263-S,Beige Blazer,242.64,106,Outr,Fashion Hub Ltd,11/02/2025
AB-OUT-05263-S,Be ige Blazer,242.64,106,Outr,Fashion Hub Ltd,11/02/2025
AB-BOT-05264-XXL,White Wide-Leg Trouser,$106.22,108,Bottoms,Apparel Sol.,01/20/2026
AB-OUT-05265-XXL,Charcoal Blazer,258.41,67,OUTER,Apparel Sol.,06/22/2025
AB-BOT-05266-XS,Indigo Pleated Skirt,291.25,27,Pants/Bottoms,Fashion Hub Ltd,06/23/2025
AB-DRE-05267-XL,Beige Shirt Dress,106.82,36,DRESS,Apparel Sol.,07/25/2024
AB-ACC-05268-M,Cognac Twill Scarf,113.88,125,Accessories,ApparelSolns,08/03/2025
AB-DRE-05269-L,Ivory Slip Dress - L,232.94,94,dress,Textile World Co,12/15/2023
AB-FOO-05270-XL,Camel Ankle Boot,316.32,46,Footwear,Apparel Sol.,11/27/2025
AB-BOT-05271-M,Charcoal Wide-Leg Trouser,198.31,81,9,ApparelSolns,10/14/2024
AB-TOP-05272-XXL,Tan Turtleneck,$280.51,43,top,Apparel Sol.,03/02/2025
AB-FOO-05273-XS,Blush Ankle Boot - XS,$120.77,131,SHOES,A. Nord,12/12/2025
AB-ACC-05274-XL,White Wide-Brim Hat,272.16,92,Accessory,A. Nord,07/01/2024
AB-DRE-05275-S,Blush Midi Dress - S,226.04,120,DRESS,Apparel Sol.,02/13/2025
AB-OUT-05276-M,Camel Denim Jacket - M,185.89,67,OUTER,Apparel Sol.,10/30/2025
AB-FOO-05277-M,Black Low-Top Sneaker,$103.26,13,footwear,Atelier Nord,08/15/2023
AB-OUT-05278-XL,Indigo Moto Jacket - XL,146.99,139,MISC,Textile World Co,07/27/2024
AB-OUT-05280-XL,Charcoal Puffer Vest - XL,277.75,74,outerwear,ApparelSolns,10/08/2025
AB-OUT-05281-XS,Beige Moto Jacket - XS,59.11,65,Outr,TW Co.,10/06/2023
AB-OUT-05282-M,Blush Trench Coat,$246.92,107,OUTER,Apparel Solutions,09/29/2023
AB-TOP-05283-XL,Black Cardigan,$57.80,58,Tops,Textile World Co,08/27/2024
AB-TOP-05284-S,Beige Henley,312.92,106,Tops,Atelier Nord Studio,08/30/2025
AB-TOP-05285-S,Camel Henley,$235.72,14,TOPS,Fashion Hub,12/17/2023
AB-BOT-05286-XXL,Black Pleated Skirt,257.89,76,BOTTOM,TW Co.,06/23/2024
AB-ACC-05287-XL,Beige Statement Earrings - XL,321.61,34,ACC,ApparelSolns,01/28/2025
AB-FOO-05288-S,Blush Loafer,$146.25,127,Footwear,Textile World,07/26/2025
AB-DRE-05289-XXL,Indigo Slip Dress,126.5,78,Dresses,Apparel Solutions,08/02/2025
AB-ACC-05290-XXL,Blush Statement Earrings - XXL,249.4,129,Accessories,,11/03/2025
AB-TOP-05291-XXL,Emerald Silk Blouse - XXL,251.07,137,Tops,Textile World,06/17/2025
AB-DRE-05292-XXL,Burgundy Shirt Dress,164.29,29,Dresses ,Textile World,06/24/2025
AB-BOT-05293-XXL,Ivory Wide-Leg Trouser,$295.45,35,BOTTOM,Apparel Sol.,05/29/2024
AB-FOO-05294-XXL,Indigo Low-Top Sneaker - XXL,176.3,25,Footwear,Textile World Co,11/18/2024
AB-OUT-05295-XS,Burgundy Wool Peacoat - XS,$316.27,71,outerwear,Apparel Sol.,01/08/2026
AB-FOO-05297-XS,White Ankle Boot,20.34,36,Footwear,Apparel Solutions,11/04/2025
AB-BOT-05298-XL,Burgundy Denim Short,28.74,74,Bottoms,TW Co.,05/12/2025
AB-ACC-05299-M,Beige Woven Belt - M,242.41,131,Accs,TW Co.,07/27/2025
AB-BOT-05300-L,Indigo Chino Pant,235.2,49,9,Atelier Nord,06/12/2024
AB-FOO-05301-XXL,Blush Low-Top Sneaker,$83.83,58,SHOES,ApparelSolns,12/14/2025
AB-ACC-05302-XXL,Charcoal Crossbody Bag,243.58,131,Accessories,TW Co.,02/15/2024
AB-FOO-05303-XL,Burgundy Heeled Mule - XL,38.05,103,Ftwr,TW Co.,03/01/2024
AB-TOP-05304-L,Ivory Crewneck Tee,165.3,39,N/A,FH Wholesale (old),02/09/2024
AB-DRE-05305-XXL,Tan Midi Dress,$334.74,133,DRESS,Apparel Sol.,08/01/2024
AB-FOO-05306-M,Indigo Espadrille,$282.20,31,footwear,TW Co.,07/10/2024
AB-DRE-05307-XS,Charcoal Maxi Dress - XS,116.69,1,Drss,FH Wholesale (old),01/13/2025
AB-FOO-05308-XS,Charcoal Loafer,83.99,87,Shoes/Footwear,Atelier Nord Studio,07/15/2023
AB-OUT-05309-S,Charcoal Puffer Vest - S,$155.84,68,Outerwear,A. Nord,11/12/2023
AB-BOT-05310-S,Emerald Denim Short - S,320.67,79,Btms,Apparel Solutions,03/06/2025
AB-DRE-05311-XXL,Ivory Wrap Dress,$238.46,84,DRESS,Atelier Nord,03/11/2025
AB-ACC-05312-XL,Black Statement Earrings,132.21,2,Accs,Textile World Co,08/03/2023
AB-ACC-05315-XL,Blush Statement Earrings,252.45,33,Accessories,Atelier Nord Studio,03/27/2024
AB-BOT-05316-XL,Blush Skinny Jean,301.02,29,Pants/Bottoms,Atelier Nord Studio,01/15/2025
AB-DRE-05317-XS,Beige Maxi Dress,64.57,11,Drss,TW Co.,03/01/2026
AB-FOO-05318-XS,Cognac Loafer,279.1,64,footwear,A. Nord,08/17/2023
AB-FOO-05318-XS,Cognac Loafe r,279.1,64,footwear,A. Nord,08/17/2023
AB-OUT-05319-S,Black Wool Peacoat,$54.93,56,Outerwear,Apparel Sol.,09/29/2023
AB-TOP-05320-XXL,Cognac Henley - XXL,$168.00,89,Tshirts/Tops,A. Nord,12/22/2024
AB-ACC-05321-M,Blush Crossbody Bag,278.44,-1,Accessories,ApparelSolns,08/24/2025
AB-DRE-05322-M,White Slip Dress - M,31.07,117,,Apparel Sol.,06/02/2024
AB-BOT-05323-XL,Indigo Chino Pant,218.64,47,Btms,ApparelSolns,04/01/2025
AB-BOT-05324-M,Indigo Denim Short - M,$188.95,21,N/A,Fashion Hub Ltd,05/29/2024
AB-ACC-05325-M,Black Leather Tote,$226.22,54,accessories,Textile World,10/14/2025
AB-ACC-05326-XXL,Black Woven Belt,$274.59,32,Accessories,Apparel Sol.,01/04/2024
AB-OUT-05327-XXL,Camel Denim Jacket,$310.88,62,OUTER,,03/21/2026
AB-FOO-05328-L,White Ballet Flat,162.3,8,9,Atelier Nord Studio,01/23/2025
AB-FOO-05329-XXL,Cognac Espadrille,180.03,92,Shoes/Footwear,Atelier Nord,06/10/2025
AB-DRE-05330-XL,Camel Maxi Dress,319.67,10,DRESS,,12/21/2023
AB-OUT-05331-L,Indigo Blazer - L,338.43,74,Outerwear,Textile World,09/18/2023
AB-OUT-05331-L,Indigo Blaze r - L,338.43,74,Outerwear,Textile World,09/18/2023
AB-FOO-05332-S,Beige Heeled Mule,177.98,81,footwear,Atelier Nord,05/22/2024
AB-OUT-05333-XS,Black Denim Jacket,102.86,54,Outr,TW Co.,06/11/2026
AB-TOP-05334-M,Burgundy Cardigan,$229.51,133,Tops,,12/09/2023
AB-DRE-05335-XL,Emerald Midi Dress - XL,100.36,-3,dress,Fashion Hub Ltd,06/19/2024
AB-TOP-05336-XL,Tan Henley,139.71,17,top,Textile World,10/14/2025
AB-FOO-05337-L,Blush Heeled Mule,305.67,35,SHOES,Textile World Co,09/20/2025
AB-TOP-05338-XXL,Tan Turtleneck - XXL,$166.85,53,top,TW Co.,11/11/2024
AB-OUT-05339-M,Ivory Moto Jacket - M,291.88,61,Outerwear,Atelier Nord,08/28/2023
AB-BOT-05340-XS,Charcoal Midi Skirt - XS,178.83,87,Btms,Fashion Hub Ltd,11/15/2024
AB-ACC-05341-M,Beige Wide-Brim Hat,141.21,36,Accessories,FH Wholesale (old),09/21/2025
AB-DRE-05342-L,Blush Midi Dress,$22.21,141,Dresses ,Atelier Nord,08/11/2025
AB-ACC-05343-L,Blush Twill Scarf - L,137.79,11,accessories,TW Co.,06/26/2025
AB-BOT-05344-M,Charcoal Skinny Jean,280.0,62,Btms,,11/21/2025
AB-ACC-05345-XXL,Blush Crossbody Bag,51.29,131,Accessories,TW Co.,09/15/2024
AB-ACC-05345-XXL,Blush Crossbody Bag ,51.29,131,Accessories,TW Co.,09/15/2024
AB-OUT-05346-M,Cognac Blazer,279.96,112,outerwear,A. Nord,03/02/2026
AB-TOP-05347-L,Black Henley,27.9,67,TOP,,07/01/2024
AB-DRE-05349-XS,Beige Shirt Dress,314.0,72,Dresses ,Atelier Nord Studio,02/19/2024
AB-OUT-05350-XS,Emerald Puffer Vest,$88.73,117,OUTER,Atelier Nord,10/30/2024
AB-BOT-05351-M,White Midi Skirt,245.97,70,Btms,Atelier Nord Studio,02/06/2026
AB-TOP-05352-M,Camel Tank Top,$149.55,134,top,A. Nord,10/25/2023
AB-DRE-05353-L,Burgundy Slip Dress,$38.50,40,Drss,Apparel Solutions,04/10/2025
AB-FOO-05354-XXL,Charcoal Ballet Flat,$95.37,128,Shoes/Footwear,Fashion Hub Ltd,03/24/2025
AB-OUT-05355-S,Indigo Trench Coat,230.63,44,Outr,Apparel Sol.,09/29/2023
AB-BOT-05357-XL,Blush Skinny Jean,$22.42,31,Pants/Bottoms,FH Wholesale (old),03/04/2024
AB-BOT-05358-XS,Burgundy Linen Pant,$250.85,130,Bottoms,Apparel Sol.,02/20/2024
AB-DRE-05359-L,Emerald Maxi Dress - L,125.35,68,Dresses,Fashion Hub Ltd,10/07/2023
AB-ACC-05362-L,Blush Woven Belt - L,164.25,125,Accs,Atelier Nord Studio,10/07/2025
AB-OUT-05363-XXL,Emerald Wool Peacoat,$134.91,64,Outerwear,Atelier Nord,02/09/2025
AB-OUT-05364-M,Cognac Moto Jacket,18.82,87,OUTER,Textile World,02/03/2026
AB-ACC-05365-L,Beige Leather Tote - L,$116.03,82,ACC,ApparelSolns,11/18/2023
AB-TOP-05366-XS,Blush Henley,$204.20,137,top,Apparel Sol.,12/05/2024
AB-OUT-05367-XL,Ivory Puffer Vest - XL,$328.20,119,outerwear,Atelier Nord,09/26/2024
AB-DRE-05368-S,Camel Shirt Dress,18.45,19,Dresses,Textile World Co,04/30/2025
AB-ACC-05369-XXL,Blush Wide-Brim Hat,145.59,43,ACC,FH Wholesale (old),03/15/2025
AB-FOO-05370-S,Tan Heeled Mule,$265.32,70,Footwear,Atelier Nord,01/28/2024
AB-TOP-05371-S,Emerald Cardigan - S,139.43,110,Tshirts/Tops,ApparelSolns,12/01/2023
AB-FOO-05372-S,Charcoal Ankle Boot,$92.61,6,MISC,Fashion Hub Ltd,05/10/2024
AB-TOP-05373-S,Beige Turtleneck - S,$247.65,20,Tops,Textile World Co,09/17/2023
AB-TOP-05374-XS,Tan Button-Up Shirt - XS,$122.10,128,top,A. Nord,05/05/2025
AB-DRE-05375-L,Cognac Shift Dress - L,$124.90,74,Drss,Apparel Sol.,05/04/2024
AB-BOT-05376-XS,Indigo Denim Short,43.26,36,BOTTOM,,01/30/2025
AB-FOO-05377-M,Camel Heeled Mule,230.92,137,Ftwr,Atelier Nord Studio,03/19/2024
AB-DRE-05378-XL,Emerald Wrap Dress,213.84,116,dress,Textile World Co,06/30/2025
AB-TOP-05379-M,Blush Turtleneck - M,306.68,110,N/A,Atelier Nord Studio,04/21/2026
AB-BOT-05380-XL,Charcoal Linen Pant,$239.23,137,Bottoms,Apparel Sol.,11/03/2024
AB-ACC-05381-L,White Woven Belt,112.73,99,Accessory,TW Co.,12/15/2023
AB-ACC-05382-XL,Beige Twill Scarf - XL,222.77,110,,,02/29/2024
AB-DRE-05383-M,Beige Maxi Dress,144.13,43,DRESS,Atelier Nord,02/27/2025
AB-BOT-05384-XL,Tan Chino Pant,57.85,134,Btms,Apparel Solutions,05/24/2026
AB-DRE-05385-XL,Emerald Wrap Dress,80.87,123,Dresses ,A. Nord,07/17/2025
AB-ACC-05386-XS,Black Wide-Brim Hat,60.37,126,ACC,FH Wholesale (old),09/06/2025
AB-TOP-05387-XL,Tan Crewneck Tee,275.33,32,Tshirts/Tops,Apparel Sol.,10/04/2025
AB-TOP-05388-XXL,Cognac Turtleneck,71.42,26,TOP,Atelier Nord Studio,10/15/2023
AB-DRE-05389-XL,White Shirt Dress,214.65,90,dress,Fashion Hub,10/29/2025
AB-OUT-05390-XXL,Camel Trench Coat,$140.70,35,outerwear,Apparel Sol.,01/01/2024
AB-TOP-05391-M,Indigo V-Neck Sweater - M,$140.64,60,TOPS,Atelier Nord,07/14/2025
AB-BOT-05392-XS,Blush Linen Pant - XS,101.0,33,Bottoms,Textile World Co,01/24/2025
AB-TOP-05394-M,Blush Henley,$37.73,70,TOPS,ApparelSolns,12/13/2023
AB-TOP-05395-XL,Camel Silk Blouse,$79.31,88,Tops,Apparel Solutions,07/20/2023
AB-TOP-05395-XL,Came l Silk Blouse,$79.31,88,Tops,Apparel Solutions,07/20/2023
AB-OUT-05396-XS,Blush Wool Peacoat,242.97,62,Outr,TW Co.,01/20/2024
AB-FOO-05397-XXL,Beige Ankle Boot,24.03,54,SHOES,A. Nord,08/15/2024
AB-TOP-05398-XS,Charcoal Button-Up Shirt,294.06,3,Tops,FH Wholesale (old),11/17/2024
AB-OUT-05399-XL,Tan Moto Jacket,$78.33,84,Jackets/Outerwear,Textile World,10/05/2025
AB-ACC-05400-L,Ivory Leather Tote,$207.51,71,accessories,A. Nord,01/24/2025
AB-OUT-05401-M,Blush Wool Peacoat,138.31,112,,A. Nord,12/07/2023
AB-OUT-05402-S,Emerald Wool Peacoat - S,113.81,27,Outr,Apparel Solutions,03/01/2024
AB-OUT-05403-L,Ivory Moto Jacket,148.63,86,Outr,,11/25/2025
AB-BOT-05404-XL,Charcoal Denim Short,201.26,45,bottoms,Textile World Co,01/11/2025
AB-ACC-05405-XS,Ivory Twill Scarf,36.3,25,Accessories,Apparel Sol.,02/13/2024
AB-DRE-05406-S,Tan Midi Dress,$148.60,120,,FH Wholesale (old),04/26/2025
AB-ACC-05407-XXL,Beige Wide-Brim Hat,169.52,73,Accessories,Apparel Sol.,09/26/2025
AB-OUT-05408-S,Charcoal Denim Jacket,268.66,11,Jackets/Outerwear,Fashion Hub,02/11/2024
AB-FOO-05410-XXL,Beige Low-Top Sneaker,$113.05,17,Shoes/Footwear,Apparel Solutions,06/15/2024
AB-BOT-05411-XS,Burgundy Skinny Jean - XS,297.0,43,bottoms,Atelier Nord,02/21/2024
AB-TOP-05412-XXL,Tan Cardigan,198.83,11,Tshirts/Tops,ApparelSolns,07/30/2023
AB-ACC-05413-S,Camel Woven Belt,89.4,55,Accs,A. Nord,12/21/2024
AB-DRE-05414-S,Camel Shift Dress - S,244.18,100,dress,Textile World,02/25/2025
AB-TOP-05415-S,Ivory Button-Up Shirt - S,210.2,132,top,FH Wholesale (old),09/14/2025
AB-BOT-05416-L,Emerald Wide-Leg Trouser - L,115.42,115,Bottoms,Textile World Co,12/05/2024
AB-TOP-05417-M,Cognac Henley,49.32,55,Tops,Atelier Nord Studio,12/19/2023
AB-FOO-05418-XS,Charcoal Ballet Flat,30.54,20,Shoes/Footwear,Fashion Hub Ltd,09/02/2023
AB-ACC-05419-XXL,Charcoal Crossbody Bag,120.51,100,Accessory,TW Co.,09/24/2025
AB-OUT-05420-M,Blush Denim Jacket - M,$132.34,105,OUTER,Atelier Nord Studio,02/17/2024
AB-OUT-05420-M,Blush De nim Jacket - M,$132.34,105,OUTER,Atelier Nord Studio,02/17/2024
AB-OUT-05421-XXL,Cognac Trench Coat - XXL,308.88,5,OUTER,Apparel Solutions,04/07/2024
AB-OUT-05421-XXL,Cognac Tre nch Coat - XXL,308.88,5,OUTER,Apparel Solutions,04/07/2024
AB-DRE-05422-XXL,Indigo Shift Dress,88.15,73,Drss,Textile World,01/06/2026
AB-OUT-05423-XXL,Tan Wool Peacoat,278.29,135,outerwear,A. Nord,08/13/2024
AB-TOP-05424-XXL,Camel Tank Top,231.13,85,TOP,Atelier Nord Studio,03/07/2024
AB-OUT-05425-S,Emerald Wool Peacoat - S,$312.16,17,N/A,Apparel Sol.,10/08/2025
AB-FOO-05426-XXL,White Ballet Flat - XXL,$139.51,93,Ftwr,Atelier Nord Studio,07/27/2024
AB-TOP-05428-S,Burgundy Turtleneck,$243.07,39,Tshirts/Tops,Atelier Nord,06/28/2024
AB-FOO-05429-M,Burgundy Heeled Mule,$205.74,7,N/A,ApparelSolns,06/21/2023
AB-FOO-05430-S,Ivory Low-Top Sneaker,$46.78,67,Shoes/Footwear,Apparel Sol.,05/29/2024
AB-DRE-05431-XXL,Beige Maxi Dress,$277.56,50,Dresses ,Apparel Sol.,01/18/2025
AB-ACC-05432-L,Charcoal Leather Tote,$125.24,69,ACC,Atelier Nord,09/03/2023
AB-DRE-05433-M,Indigo Midi Dress,$35.48,120,Dresses,TW Co.,01/17/2024
AB-FOO-05434-L,Charcoal Ankle Boot - L,$71.09,36,footwear,Textile World Co,02/29/2024
AB-TOP-05435-XXL,Blush Turtleneck,107.21,48,top,Textile World Co,03/30/2025
AB-BOT-05436-XXL,Beige Wide-Leg Trouser - XXL,27.37,78,bottoms,ApparelSolns,08/04/2025
AB-BOT-05436-XXL,Be ige Wide-Leg Trouser - XXL,27.37,78,bottoms,ApparelSolns,08/04/2025
AB-OUT-05437-M,Cognac Trench Coat,139.74,105,Jackets/Outerwear,FH Wholesale (old),07/13/2025
AB-ACC-05438-M,Beige Statement Earrings,197.18,139,accessories,TW Co.,03/13/2025
AB-FOO-05439-XXL,Tan Low-Top Sneaker,240.22,103,SHOES,ApparelSolns,09/17/2024
AB-ACC-05440-XS,Black Wide-Brim Hat,173.72,87,Accessories,Atelier Nord,07/05/2024
AB-OUT-05441-L,Indigo Denim Jacket,200.97,56,outerwear,Apparel Solutions,02/07/2025
AB-ACC-05442-XL,Tan Twill Scarf - XL,82.16,104,ACC,ApparelSolns,04/10/2025
AB-BOT-05443-M,Burgundy Linen Pant - M,178.96,97,Bottoms,FH Wholesale (old),03/17/2025
AB-BOT-05444-L,Tan Pleated Skirt,198.87,47,bottoms,TW Co.,10/16/2024
AB-OUT-05445-S,Ivory Puffer Vest,126.21,29,OUTER,TW Co.,02/04/2025
AB-BOT-05446-XXL,Camel Linen Pant,296.88,34,Pants/Bottoms,A. Nord,02/16/2025
AB-TOP-05447-S,Emerald Button-Up Shirt,252.23,62,TOP,TW Co.,02/24/2024
AB-ACC-05448-L,Indigo Woven Belt - L,53.15,90,accessories,A. Nord,12/19/2023
AB-DRE-05449-XXL,Burgundy Slip Dress,44.18,12,DRESS,Atelier Nord Studio,10/12/2024
AB-FOO-05450-XL,Ivory Heeled Mule,251.68,133,SHOES,Atelier Nord Studio,08/31/2025
AB-BOT-05452-XXL,Tan Linen Pant,43.59,109,Btms,Apparel Solutions,05/05/2025
AB-ACC-05453-XS,Indigo Woven Belt,$234.13,69,accessories,Textile World,07/05/2023
AB-FOO-05454-XXL,Charcoal Loafer,290.92,139,footwear,Textile World Co,06/07/2024
AB-FOO-05455-L,White Ankle Boot,103.97,107,Shoes/Footwear,Textile World Co,04/27/2025
AB-TOP-05456-S,Tan Silk Blouse - S,310.74,63,TOP,Atelier Nord Studio,05/24/2025
AB-FOO-05457-XS,Black Loafer,70.63,7,Ftwr,Textile World Co,12/23/2023
AB-OUT-05458-XL,White Trench Coat,74.02,10,OUTER,Apparel Sol.,06/20/2025
AB-BOT-05459-XS,Beige Wide-Leg Trouser,$60.32,9,Pants/Bottoms,ApparelSolns,05/19/2024
AB-BOT-05460-XXL,Indigo Midi Skirt,224.78,59,Btms,TW Co.,12/08/2025
AB-FOO-05462-L,Indigo Loafer,$29.28,14,Footwear,TW Co.,04/14/2024
AB-FOO-05463-XS,Beige Ballet Flat,47.16,116,footwear,TW Co.,12/19/2024
AB-ACC-05464-XL,Indigo Woven Belt - XL,$21.14,1,Accessories,Fashion Hub Ltd,08/08/2025
AB-TOP-05465-L,Emerald V-Neck Sweater,270.12,54,Tops,Apparel Sol.,02/11/2026
AB-BOT-05466-XL,Camel Pleated Skirt,$96.50,55,Btms,Textile World Co,01/01/2026
AB-FOO-05467-M,White Heeled Mule,$113.73,126,Shoes/Footwear,Fashion Hub,04/02/2024
AB-OUT-05468-XS,White Puffer Vest,331.78,4,outerwear,Atelier Nord Studio,12/23/2025
AB-ACC-05469-XS,Emerald Wide-Brim Hat,167.83,133,Accessories,Textile World Co,12/13/2023
AB-TOP-05470-XS,Black Button-Up Shirt,195.63,134,TOPS,Textile World Co,08/25/2023
AB-FOO-05471-M,Charcoal Espadrille,69.5,52,SHOES,Fashion Hub,01/16/2024
AB-TOP-05472-XXL,Tan Cardigan,$25.10,54,TOP,Fashion Hub,02/26/2024
AB-DRE-05473-XL,White Shirt Dress,60.08,89,Dresses ,Textile World Co,02/02/2024
AB-ACC-05474-S,Indigo Crossbody Bag - S,$60.88,10,ACC,ApparelSolns,01/03/2024
AB-TOP-05475-XS,White Turtleneck - XS,$163.66,102,TOPS,Atelier Nord Studio,12/03/2025
AB-DRE-05476-XXL,Cognac Midi Dress - XXL,66.43,104,Dresses,Textile World,10/29/2024
AB-ACC-05477-XXL,White Twill Scarf - XXL,147.21,129,accessories,Fashion Hub Ltd,02/02/2024
AB-TOP-05478-XXL,Emerald Cardigan,$234.03,-1,TOPS,A. Nord,06/09/2024
AB-DRE-05479-S,Blush Wrap Dress,$273.36,43,Dresses ,Atelier Nord,02/06/2025
AB-DRE-05479-S,Blush Wrap Dre ss,$273.36,43,Dresses ,Atelier Nord,02/06/2025
AB-OUT-05481-S,Blush Blazer,$101.53,10,Jackets/Outerwear,FH Wholesale (old),08/26/2024
AB-BOT-05482-XL,Beige Skinny Jean,244.66,30,bottoms,Apparel Sol.,10/21/2025
AB-DRE-05483-M,Emerald Wrap Dress,$18.79,66,Drss,ApparelSolns,02/11/2025
AB-DRE-05484-M,Cognac Midi Dress - M,$279.58,129,dress,A. Nord,02/07/2024
AB-BOT-05485-XL,Emerald Midi Skirt - XL,146.03,118,Bottoms,Apparel Sol.,07/16/2023
AB-DRE-05487-XS,Camel Shirt Dress,$302.92,65,dress,Apparel Solutions,08/19/2024
AB-DRE-05488-XS,Black Shirt Dress - XS,$291.86,118,Drss,Atelier Nord,10/31/2023
AB-OUT-05489-L,Beige Blazer,$317.23,45,OUTER,TW Co.,05/23/2025
AB-BOT-05490-XS,Black Denim Short - XS,56.71,92,Pants/Bottoms,Textile World,08/25/2023
AB-TOP-05491-S,White Silk Blouse,$25.99,50,Tops,Apparel Sol.,01/05/2026
AB-OUT-05492-XS,Black Puffer Vest,$127.91,45,Outerwear,Fashion Hub,05/29/2024
AB-TOP-05493-XS,Blush Cardigan - XS,203.61,69,Tops,Fashion Hub Ltd,05/02/2026
AB-ACC-05496-S,White Statement Earrings,260.42,114,Accs,ApparelSolns,11/14/2025
AB-ACC-05497-M,Black Wide-Brim Hat,182.82,20,Accessory,Apparel Sol.,05/10/2024
AB-FOO-05498-XS,Cognac Espadrille,$295.28,19,Ftwr,FH Wholesale (old),09/14/2025
AB-DRE-05499-L,Burgundy Shift Dress,259.06,102,DRESS,Atelier Nord,11/14/2024
AB-OUT-05500-XL,White Denim Jacket,$57.42,112,outerwear,,07/15/2025
AB-TOP-05501-XS,Emerald V-Neck Sweater,247.23,115,TOP,Textile World Co,11/23/2024
AB-DRE-05502-L,White Shift Dress,246.65,10,Dresses,A. Nord,02/27/2024
AB-BOT-05503-XL,Charcoal Linen Pant,99.01,80,Btms,Fashion Hub Ltd,03/11/2024
AB-DRE-05504-S,Cognac Maxi Dress,$159.94,42,Dresses ,Atelier Nord,09/26/2024
AB-BOT-05505-XS,Ivory Linen Pant,209.37,43,bottoms,ApparelSolns,12/22/2024
AB-BOT-05505-XS,Ivory Line n Pant,209.37,43,bottoms,ApparelSolns,12/22/2024
AB-DRE-05506-XL,Beige Slip Dress - XL,262.32,89,Dresses ,Atelier Nord Studio,11/04/2025
AB-FOO-05507-L,Ivory Heeled Mule,$202.10,43,SHOES,Textile World Co,06/07/2024
AB-ACC-05508-XXL,Blush Statement Earrings - XXL,302.8,4,Accessories,,12/28/2023
AB-ACC-05509-XL,Black Woven Belt,180.79,90,Accs,Textile World,10/18/2025
AB-OUT-05510-XL,Burgundy Trench Coat - XL,251.85,73,Outr,ApparelSolns,12/12/2024
AB-OUT-05510-XL,Burgundy Tre nch Coat - XL,251.85,73,Outr,ApparelSolns,12/12/2024
AB-ACC-05512-M,Tan Crossbody Bag,$240.15,34,N/A,TW Co.,06/10/2025
AB-ACC-05513-XXL,Indigo Wide-Brim Hat - XXL,$140.45,39,Accessory,Atelier Nord,04/25/2025
AB-BOT-05514-S,Charcoal Pleated Skirt - S,288.53,99,Btms,Apparel Sol.,04/27/2025
AB-BOT-05515-L,White Skinny Jean,77.36,60,Pants/Bottoms,Atelier Nord,01/10/2026
AB-TOP-05516-XXL,Camel V-Neck Sweater,45.49,104,TOPS,Textile World Co,09/18/2025
AB-BOT-05517-M,Burgundy Pleated Skirt - M,301.72,106,Btms,TW Co.,05/13/2024
AB-OUT-05518-XL,Cognac Trench Coat - XL,72.58,56,Jackets/Outerwear,A. Nord,06/09/2024
AB-DRE-05519-M,Black Maxi Dress,$100.20,92,Dresses ,ApparelSolns,02/08/2026
AB-ACC-05520-XXL,Burgundy Twill Scarf - XXL,79.47,71,Accs,ApparelSolns,03/02/2024
AB-TOP-05521-L,White V-Neck Sweater,94.05,72,TOP,Apparel Sol.,08/07/2024
AB-FOO-05522-XXL,Emerald Ballet Flat,68.04,20,SHOES,Apparel Solutions,02/12/2025
AB-FOO-05523-M,Burgundy Loafer - M,278.76,76,Footwear,Textile World Co,01/02/2025
AB-BOT-05524-M,White Denim Short - M,67.37,28,Pants/Bottoms,Fashion Hub,12/05/2023
AB-OUT-05525-XXL,Emerald Wool Peacoat,311.22,85,outerwear,Textile World,06/04/2024
AB-BOT-05526-XL,Beige Denim Short - XL,72.7,121,BOTTOM,Atelier Nord Studio,05/28/2025
AB-BOT-05527-XXL,Charcoal Pleated Skirt,131.7,38,Btms,Atelier Nord,09/01/2024
AB-BOT-05528-XS,Black Midi Skirt,111.0,30,Bottoms,Atelier Nord Studio,07/12/2024
AB-DRE-05529-XL,White Shirt Dress,$293.32,122,dress,Textile World,01/05/2025
AB-BOT-05530-XS,Charcoal Linen Pant,$312.79,36,bottoms,ApparelSolns,02/19/2024
AB-DRE-05531-XS,Charcoal Shirt Dress,245.09,23,DRESS,FH Wholesale (old),04/23/2024
AB-DRE-05531-XS,Charcoal Shirt Dre ss,245.09,23,DRESS,FH Wholesale (old),04/23/2024
AB-DRE-05532-S,Camel Maxi Dress - S,$171.52,98,DRESS,Atelier Nord Studio,06/07/2024
AB-DRE-05533-XS,Burgundy Midi Dress,$288.51,106,dress,FH Wholesale (old),09/18/2023
AB-OUT-05534-XXL,Burgundy Denim Jacket,46.84,6,outerwear,Atelier Nord Studio,07/17/2024
AB-FOO-05535-S,Indigo Espadrille,$323.60,26,Ftwr,Atelier Nord,09/21/2025
AB-BOT-05536-XL,White Midi Skirt - XL,$192.76,9,bottoms,A. Nord,06/26/2024
AB-DRE-05537-XS,Indigo Wrap Dress,148.66,89,dress,Apparel Solutions,04/13/2025
AB-TOP-05538-S,White V-Neck Sweater,18.64,62,MISC,ApparelSolns,02/16/2024
AB-OUT-05539-M,Black Moto Jacket,75.55,123,OUTER,Fashion Hub,06/02/2024
AB-FOO-05540-L,Cognac Loafer,202.71,17,footwear,Textile World Co,05/08/2024
AB-TOP-05541-M,White Cardigan,60.3,9,Tops,ApparelSolns,04/16/2026
AB-OUT-05542-L,Indigo Puffer Vest - L,174.36,64,9,Atelier Nord Studio,10/24/2023
AB-TOP-05543-XS,Tan Crewneck Tee,42.78,69,TOPS,Apparel Solutions,02/10/2024
AB-DRE-05544-XXL,Black Maxi Dress - XXL,$86.25,134,Drss,Atelier Nord Studio,06/07/2024
AB-BOT-05545-L,Cognac Linen Pant,251.07,90,Pants/Bottoms,Fashion Hub,05/26/2025
AB-DRE-05546-XXL,Cognac Midi Dress,240.14,74,Dresses,Apparel Sol.,10/05/2024
AB-DRE-05547-XXL,Emerald Shirt Dress - XXL,$74.70,125,Dresses ,Atelier Nord,06/08/2025
AB-FOO-05548-XL,Ivory Loafer,$25.52,84,SHOES,Textile World Co,11/04/2024
AB-OUT-05549-XXL,Emerald Puffer Vest - XXL,141.85,97,OUTER,Textile World Co,12/04/2023
AB-OUT-05550-XXL,Burgundy Wool Peacoat,$30.30,55,outerwear,Fashion Hub Ltd,07/04/2025
AB-DRE-05551-XL,Tan Shirt Dress,119.9,79,Drss,Fashion Hub,10/04/2025
AB-BOT-05552-S,Black Denim Short - S,$305.09,126,bottoms,ApparelSolns,10/19/2025
AB-TOP-05553-M,Cognac Silk Blouse,$209.93,98,Tops,Atelier Nord,01/23/2025
AB-ACC-05554-L,Beige Twill Scarf - L,121.6,119,accessories,Textile World,02/02/2025
AB-TOP-05555-XS,Blush Henley - XS,$44.49,15,Tops,Textile World,10/11/2024
AB-TOP-05555-XS,Blush He nley - XS,$44.49,15,Tops,Textile World,10/11/2024
AB-DRE-05556-S,Indigo Midi Dress,$124.69,73,Dresses ,Textile World Co,02/11/2024
AB-FOO-05557-M,Ivory Ankle Boot,211.26,15,Footwear,Apparel Solutions,10/11/2024
AB-DRE-05558-S,Tan Slip Dress,$140.40,61,Drss,ApparelSolns,04/17/2024
AB-BOT-05559-XXL,Camel Midi Skirt,160.07,129,Pants/Bottoms,Textile World Co,10/19/2025
AB-ACC-05560-XS,Blush Wide-Brim Hat,232.6,116,Accessory,Atelier Nord Studio,06/18/2025
AB-DRE-05561-S,Emerald Shift Dress,$282.05,64,Dresses,Atelier Nord Studio,07/23/2025
AB-ACC-05562-XXL,Blush Statement Earrings,128.25,35,Accs,Textile World Co,04/15/2024
AB-DRE-05563-M,Cognac Shirt Dress,$162.94,4,Drss,A. Nord,09/24/2023
AB-ACC-05564-S,Blush Crossbody Bag,276.53,29,Accessories,Textile World,07/02/2025
AB-DRE-05565-L,Tan Slip Dress - L,297.52,53,dress,Apparel Sol.,09/13/2025
AB-FOO-05567-XS,Camel Ballet Flat,$18.22,66,Ftwr,Atelier Nord,12/21/2025
AB-TOP-05568-XXL,Beige Tank Top,$276.61,74,Tops,Fashion Hub Ltd,01/31/2024
AB-OUT-05569-M,Burgundy Puffer Vest,269.8,45,Outerwear,Atelier Nord Studio,01/31/2026
AB-ACC-05570-XS,Blush Wide-Brim Hat,$231.87,115,Accessories,Textile World Co,11/11/2024
AB-ACC-05571-S,Blush Leather Tote - S,129.62,79,Accessories,Apparel Solutions,10/02/2023
AB-BOT-05573-S,Indigo Skinny Jean - S,95.32,104,BOTTOM,Textile World Co,07/24/2023
AB-TOP-05574-L,Cognac Henley,151.9,133,TOPS,Textile World Co,03/03/2024
AB-ACC-05575-XL,Blush Crossbody Bag,$217.26,129,Accessories,TW Co.,11/26/2023
AB-DRE-05576-XL,Burgundy Wrap Dress - XL,167.67,91,dress,Fashion Hub,10/11/2023
AB-BOT-05577-XXL,Burgundy Wide-Leg Trouser,37.06,95,bottoms,Textile World,05/04/2024
AB-DRE-05578-XXL,Cognac Wrap Dress - XXL,102.95,110,Dresses,Apparel Solutions,07/04/2023
AB-DRE-05578-XXL,Cognac Wrap Dre ss - XXL,102.95,110,Dresses,Apparel Solutions,07/04/2023
AB-ACC-05579-XS,Tan Leather Tote,$44.62,120,Accessory,Textile World Co,01/09/2025
AB-FOO-05580-S,Burgundy Ankle Boot,$28.42,61,Ftwr,Fashion Hub,11/14/2024
AB-OUT-05581-L,Burgundy Blazer - L,$302.73,110,Jackets/Outerwear,Atelier Nord Studio,12/18/2024
AB-BOT-05582-M,Indigo Midi Skirt,138.91,91,Pants/Bottoms,Atelier Nord Studio,05/25/2024
AB-DRE-05583-XS,Beige Shift Dress,100.05,129,Drss,,02/29/2024
AB-FOO-05584-M,Burgundy Ballet Flat,$125.02,28,Footwear,Textile World,11/19/2023
AB-TOP-05585-XL,Indigo Silk Blouse - XL,$171.34,92,TOP,TW Co.,04/02/2024
AB-TOP-05585-XL,Indigo Silk Blouse  - XL,$171.34,92,TOP,TW Co.,04/02/2024
AB-BOT-05586-XL,Black Midi Skirt,73.78,63,Pants/Bottoms,TW Co.,04/03/2024
AB-ACC-05587-M,Charcoal Twill Scarf - M,105.14,133,accessories,Fashion Hub Ltd,05/17/2024
AB-DRE-05588-L,Black Shirt Dress,$58.53,61,dress,Fashion Hub,06/01/2023
AB-OUT-05589-XS,Indigo Trench Coat,$150.92,29,MISC,A. Nord,11/17/2024
AB-ACC-05590-M,Burgundy Twill Scarf - M,249.7,122,Accessories,Apparel Solutions,10/03/2024
AB-BOT-05591-M,Indigo Skinny Jean,$218.47,65,bottoms,TW Co.,04/10/2025
AB-BOT-05592-XL,Burgundy Chino Pant,93.23,44,Pants/Bottoms,Atelier Nord Studio,02/03/2025
AB-DRE-05593-XL,Indigo Wrap Dress,277.29,43,Dresses,Apparel Sol.,10/31/2024
AB-BOT-05594-S,Black Linen Pant - S,$234.10,92,BOTTOM,Textile World,10/27/2024
AB-FOO-05595-L,Emerald Low-Top Sneaker,70.05,126,Footwear,Fashion Hub Ltd,05/16/2024
AB-FOO-05596-XL,Cognac Ballet Flat - XL,$196.91,76,SHOES,FH Wholesale (old),03/04/2026
AB-FOO-05597-L,White Ballet Flat,$207.65,17,SHOES,Apparel Solutions,01/14/2026
AB-ACC-05598-M,Beige Statement Earrings,272.23,100,accessories,Apparel Sol.,07/08/2025
AB-DRE-05599-M,Indigo Shift Dress,$58.94,-3,Dresses,Apparel Solutions,06/25/2023
AB-DRE-05600-S,Blush Wrap Dress,$272.14,134,dress,Apparel Solutions,12/12/2024
AB-OUT-05601-M,Blush Puffer Vest,164.81,10,Outr,,08/23/2025
AB-OUT-05601-M,Blush Puffe r Vest,164.81,10,Outr,,08/23/2025
AB-TOP-05602-XL,Emerald Henley,$248.25,28,TOPS,Apparel Sol.,05/29/2025
AB-DRE-05603-XS,Emerald Maxi Dress - XS,145.42,33,Drss,,08/06/2025
AB-ACC-05604-XXL,Black Woven Belt - XXL,282.98,7,Accessories,TW Co.,08/06/2023
AB-ACC-05605-XS,Tan Woven Belt,151.03,8,accessories,A. Nord,02/01/2026
AB-ACC-05606-M,Charcoal Crossbody Bag,30.31,54,Accessory,Atelier Nord Studio,03/15/2024
AB-OUT-05607-XXL,Charcoal Moto Jacket - XXL,23.05,124,Outerwear,Apparel Solutions,03/27/2025
AB-FOO-05608-XXL,Tan Low-Top Sneaker,$134.25,68,SHOES,Fashion Hub,05/03/2024
AB-OUT-05609-L,Ivory Wool Peacoat,107.59,35,OUTER,Apparel Sol.,06/13/2025
AB-FOO-05610-S,Tan Espadrille,238.78,102,Footwear,Textile World,10/18/2024
AB-ACC-05611-XS,Blush Wide-Brim Hat,221.75,108,Accessory,Apparel Sol.,11/23/2024
AB-FOO-05614-XS,Camel Loafer,$142.45,61,SHOES,,10/27/2024
AB-DRE-05615-XS,Tan Maxi Dress,199.78,94,Drss,ApparelSolns,10/25/2024
AB-TOP-05616-XS,White Cardigan,81.29,91,TOPS,TW Co.,02/15/2025
AB-BOT-05617-M,Ivory Wide-Leg Trouser,294.69,130,BOTTOM,ApparelSolns,01/10/2024
AB-DRE-05618-L,Beige Maxi Dress,196.14,27,Dresses,Fashion Hub Ltd,11/18/2023
AB-ACC-05619-XL,Indigo Statement Earrings,$275.77,79,accessories,Atelier Nord Studio,03/18/2025
AB-ACC-05620-L,Beige Crossbody Bag,$175.01,129,accessories,ApparelSolns,04/19/2025
AB-FOO-05621-S,Burgundy Heeled Mule,182.12,42,Shoes/Footwear,FH Wholesale (old),12/21/2023
AB-DRE-05622-XXL,Emerald Midi Dress,$94.68,52,Drss,Fashion Hub Ltd,07/13/2024
AB-FOO-05623-M,Ivory Low-Top Sneaker,142.59,34,SHOES,Fashion Hub Ltd,01/23/2024
AB-TOP-05624-L,Ivory V-Neck Sweater,$149.96,2,TOPS,Apparel Solutions,02/25/2024
AB-OUT-05625-XS,Charcoal Denim Jacket,$190.89,141,Jackets/Outerwear,FH Wholesale (old),02/08/2026
AB-OUT-05626-XXL,Emerald Trench Coat,$274.33,81,Outerwear,Fashion Hub,07/04/2025
AB-DRE-05627-XS,Indigo Midi Dress,252.8,44,Dresses,A. Nord,03/15/2024
AB-TOP-05628-M,Charcoal Cardigan - M,158.3,90,TOP,Atelier Nord Studio,05/02/2025
AB-OUT-05629-XL,Indigo Wool Peacoat - XL,67.42,133,Outr,Apparel Solutions,07/24/2024
AB-TOP-05630-XS,Camel Crewneck Tee,$85.39,27,Tops,FH Wholesale (old),01/11/2025
AB-BOT-05631-S,Charcoal Skinny Jean,257.28,33,Btms,Apparel Sol.,10/29/2025
AB-OUT-05632-L,Burgundy Wool Peacoat,239.53,83,OUTER,Textile World Co,01/04/2024
AB-ACC-05633-M,Charcoal Statement Earrings,41.88,131,accessories,A. Nord,09/14/2025
AB-BOT-05634-XL,Charcoal Skinny Jean,213.59,109,bottoms,FH Wholesale (old),04/14/2026
AB-ACC-05635-XL,Burgundy Statement Earrings,175.09,105,Accessories,ApparelSolns,04/09/2024
AB-ACC-05636-M,Cognac Twill Scarf - M,266.03,16,ACC,Textile World,11/01/2025
AB-TOP-05637-S,Tan V-Neck Sweater - S,156.48,7,Tshirts/Tops,Fashion Hub,01/27/2026
AB-BOT-05638-L,Indigo Linen Pant,$123.31,100,Bottoms,Atelier Nord Studio,04/08/2025
AB-ACC-05639-L,Camel Wide-Brim Hat - L,$186.20,58,Accessories,Textile World Co,01/06/2024
AB-OUT-05640-XL,Beige Wool Peacoat - XL,119.56,49,outerwear,Apparel Sol.,07/20/2024
AB-ACC-05641-XS,Beige Crossbody Bag,238.93,71,ACC,Textile World,06/14/2023
AB-ACC-05641-XS,Be ige Crossbody Bag,238.93,71,ACC,Textile World,06/14/2023
AB-BOT-05642-S,Blush Chino Pant,227.22,50,bottoms,Apparel Sol.,11/05/2025
AB-ACC-05643-S,Tan Twill Scarf,246.67,87,accessories,TW Co.,12/19/2023
AB-ACC-05644-M,Burgundy Crossbody Bag - M,157.99,39,accessories,A. Nord,04/04/2025
AB-ACC-05645-XXL,Black Woven Belt,34.18,103,Accessories,TW Co.,10/27/2024
AB-OUT-05646-L,Black Puffer Vest,$55.30,101,Outerwear,Fashion Hub Ltd,08/01/2024
AB-BOT-05647-M,Beige Pleated Skirt,169.15,40,Bottoms,Fashion Hub,08/23/2025
AB-ACC-05648-S,Cognac Wide-Brim Hat,295.47,18,Accs,Textile World,10/20/2024
AB-TOP-05649-L,Beige Button-Up Shirt - L,171.05,68,TOPS,Atelier Nord Studio,06/18/2025
AB-TOP-05650-XXL,Indigo Turtleneck,$143.28,90,TOPS,Fashion Hub Ltd,01/28/2025
AB-OUT-05651-XL,Ivory Wool Peacoat,$307.66,99,Jackets/Outerwear,Textile World,02/01/2024
AB-FOO-05652-XXL,Blush Espadrille,$238.25,6,Shoes/Footwear,Apparel Solutions,10/24/2025
AB-BOT-05653-XL,Camel Denim Short,184.18,75,Bottoms,Apparel Solutions,05/30/2024
AB-ACC-05654-XXL,Camel Statement Earrings,$154.25,115,Accs,Apparel Solutions,12/07/2025
AB-OUT-05655-S,Burgundy Moto Jacket - S,132.63,87,,Atelier Nord Studio,11/04/2023
AB-ACC-05656-XL,Burgundy Twill Scarf,233.97,88,accessories,FH Wholesale (old),10/30/2025
AB-OUT-05657-XL,Emerald Blazer - XL,$60.85,53,OUTER,,07/22/2025
AB-ACC-05658-M,Burgundy Statement Earrings - M,133.09,14,Accessory,Textile World Co,04/08/2024
AB-FOO-05659-S,White Ballet Flat - S,28.36,98,footwear,Atelier Nord,09/27/2023
AB-FOO-05660-S,Tan Ballet Flat - S,26.98,135,Footwear,Atelier Nord Studio,03/05/2025
AB-FOO-05661-S,Emerald Ankle Boot - S,$205.51,7,Ftwr,Fashion Hub,11/03/2025
AB-BOT-05662-S,Burgundy Linen Pant - S,$304.79,30,bottoms,FH Wholesale (old),07/06/2023
AB-FOO-05663-L,Indigo Loafer - L,$147.46,69,Footwear,A. Nord,11/13/2024
AB-BOT-05664-XXL,Charcoal Skinny Jean,83.83,62,Bottoms,A. Nord,03/28/2025
AB-BOT-05665-L,Blush Chino Pant - L,16.15,14,bottoms,Atelier Nord Studio,01/19/2025
AB-ACC-05666-M,Black Statement Earrings - M,208.57,83,Accs,Atelier Nord,11/01/2024
AB-DRE-05667-L,Beige Midi Dress - L,$162.41,74,DRESS,A. Nord,08/12/2024
AB-OUT-05668-XL,Charcoal Denim Jacket,$41.21,64,OUTER,TW Co.,08/12/2025
AB-ACC-05670-XXL,Emerald Wide-Brim Hat - XXL,237.98,12,accessories,Textile World,12/11/2025
AB-DRE-05671-L,Cognac Slip Dress,33.62,51,Drss,Fashion Hub,11/10/2024
AB-BOT-05672-XL,Ivory Skinny Jean - XL,153.8,106,BOTTOM,Textile World Co,01/23/2024
AB-DRE-05673-XL,Emerald Shift Dress,225.41,83,dress,Fashion Hub,10/25/2024
AB-TOP-05674-XS,Black Button-Up Shirt,130.61,80,TOP,Apparel Solutions,01/19/2025
AB-OUT-05675-XS,Black Blazer,$38.89,14,Jackets/Outerwear,FH Wholesale (old),10/29/2023
AB-OUT-05676-XL,Cognac Trench Coat,95.32,112,outerwear,Apparel Solutions,09/22/2025
AB-ACC-05677-M,Tan Leather Tote - M,102.43,102,Accessories,A. Nord,11/27/2025
AB-FOO-05678-XXL,Beige Low-Top Sneaker,$175.72,80,,Fashion Hub Ltd,12/05/2023
AB-BOT-05679-XL,Beige Skinny Jean,$299.59,98,Pants/Bottoms,ApparelSolns,02/18/2025
AB-TOP-05680-XS,Ivory Turtleneck - XS,314.43,89,Tops,Textile World Co,10/24/2024
AB-BOT-05681-XXL,Cognac Linen Pant - XXL,221.93,44,Btms,Apparel Solutions,12/26/2024
AB-ACC-05682-XS,White Twill Scarf,$75.91,86,ACC,Fashion Hub,04/14/2025
AB-DRE-05683-XL,Black Shirt Dress,59.95,76,Drss,ApparelSolns,10/11/2023
AB-BOT-05684-L,Beige Pleated Skirt,237.06,49,BOTTOM,Fashion Hub Ltd,11/06/2025
AB-BOT-05685-XL,Cognac Wide-Leg Trouser - XL,214.27,119,Btms,Atelier Nord Studio,12/29/2024
AB-OUT-05686-L,Tan Moto Jacket - L,275.61,134,OUTER,Textile World Co,04/03/2025
AB-DRE-05687-M,Charcoal Wrap Dress,$219.67,134,Dresses,Fashion Hub,01/24/2025
AB-BOT-05688-M,Emerald Denim Short,$217.84,49,Pants/Bottoms,Apparel Sol.,09/16/2023
AB-FOO-05689-S,Cognac Ankle Boot,87.38,45,Footwear,A. Nord,05/10/2025
AB-FOO-05690-XXL,Emerald Espadrille - XXL,72.21,84,Shoes/Footwear,Fashion Hub,05/18/2024
AB-FOO-05691-L,Black Low-Top Sneaker,120.93,79,SHOES,FH Wholesale (old),12/02/2024
AB-TOP-05692-S,White Tank Top - S,$261.49,26,TOP,,01/16/2024
AB-OUT-05693-XS,Indigo Puffer Vest - XS,152.29,105,OUTER,ApparelSolns,12/19/2024
AB-OUT-05694-XL,White Denim Jacket,314.66,34,Jackets/Outerwear,Textile World,12/24/2025
AB-TOP-05695-S,Black Turtleneck,$116.20,112,Tshirts/Tops,A. Nord,06/16/2024
AB-TOP-05696-XL,Cognac Tank Top,84.91,3,top,TW Co.,07/07/2024
AB-OUT-05697-L,Indigo Moto Jacket - L,177.15,13,Outr,Atelier Nord Studio,08/17/2025
AB-DRE-05699-XS,Emerald Shift Dress - XS,266.73,84,Dresses,Textile World,02/17/2025
AB-OUT-05700-XXL,Camel Denim Jacket,$47.02,68,Outerwear,Apparel Solutions,11/12/2024
AB-BOT-05701-S,Blush Chino Pant,153.94,76,N/A,ApparelSolns,09/22/2025
AB-DRE-05702-XL,Cognac Shirt Dress - XL,306.64,82,DRESS,,10/08/2023
AB-ACC-05703-XL,Tan Crossbody Bag,241.07,133,ACC,Fashion Hub,09/20/2024
AB-TOP-05704-M,White V-Neck Sweater,151.95,52,Tshirts/Tops,Atelier Nord,03/12/2026
AB-BOT-05705-XS,Blush Denim Short,164.09,65,Btms,Apparel Sol.,10/29/2025
AB-OUT-05706-XXL,Black Denim Jacket - XXL,$36.88,105,Outr,ApparelSolns,09/22/2025
AB-OUT-05706-XXL,Black De nim Jacket - XXL,$36.88,105,Outr,ApparelSolns,09/22/2025
AB-FOO-05707-XL,Beige Ankle Boot - XL,179.04,68,Footwear,Textile World Co,02/04/2024
AB-FOO-05708-L,Camel Low-Top Sneaker,233.33,45,Ftwr,,12/21/2025
AB-OUT-05709-L,Cognac Wool Peacoat - L,95.05,76,outerwear,Fashion Hub,08/28/2025
AB-ACC-05710-S,Indigo Woven Belt,276.56,138,Accessories,Textile World Co,03/29/2025
AB-BOT-05711-XL,Camel Wide-Leg Trouser,54.39,82,Bottoms,Apparel Solutions,01/18/2025
AB-TOP-05712-M,White Tank Top,241.54,135,top,Apparel Sol.,04/15/2025
AB-BOT-05713-XL,Charcoal Chino Pant - XL,266.52,51,Pants/Bottoms,FH Wholesale (old),09/15/2025
AB-BOT-05714-XXL,Tan Pleated Skirt,158.81,109,Pants/Bottoms,Textile World,08/28/2023
AB-ACC-05715-XXL,Burgundy Wide-Brim Hat,$258.46,130,ACC,Atelier Nord Studio,09/16/2025
AB-OUT-05716-XXL,Emerald Puffer Vest,164.79,46,OUTER,ApparelSolns,12/19/2023
AB-OUT-05716-XXL,Eme rald Puffer Vest,164.79,46,OUTER,ApparelSolns,12/19/2023
AB-ACC-05717-S,Black Crossbody Bag,$224.40,71,Accessory,Apparel Sol.,10/11/2024
AB-FOO-05718-S,Burgundy Heeled Mule - S,174.92,48,SHOES,Atelier Nord,04/09/2024
AB-FOO-05719-XXL,Ivory Low-Top Sneaker,45.34,44,Footwear,ApparelSolns,05/22/2025
AB-BOT-05720-XXL,Cognac Wide-Leg Trouser,268.51,88,Bottoms,FH Wholesale (old),04/24/2024
AB-DRE-05721-XL,Tan Midi Dress,$266.24,24,Dresses,Apparel Solutions,10/03/2024
AB-DRE-05722-M,Blush Shift Dress,$34.67,125,dress,Apparel Solutions,06/03/2025
AB-BOT-05723-XL,Cognac Pleated Skirt,$46.70,-3,bottoms,Textile World,09/08/2023
AB-BOT-05724-S,Indigo Pleated Skirt,$78.93,40,N/A,,12/12/2024
AB-OUT-05726-L,Cognac Puffer Vest,$149.16,109,outerwear,Apparel Solutions,10/23/2025
AB-OUT-05726-L,Cognac Puffe r Vest,$149.16,109,outerwear,Apparel Solutions,10/23/2025
AB-FOO-05727-L,Burgundy Loafer,46.54,47,Shoes/Footwear,Textile World Co,08/01/2025
AB-ACC-05728-XL,Black Woven Belt,68.44,146,accessories,A. Nord,09/20/2024
AB-FOO-05729-M,Indigo Ballet Flat,111.66,98,Shoes/Footwear,Textile World,07/16/2023
AB-ACC-05730-XL,Cognac Statement Earrings - XL,$73.25,53,Accs,Textile World,04/07/2026
AB-DRE-05731-S,Emerald Slip Dress,$143.47,44,Dresses,Apparel Solutions,01/28/2025
AB-BOT-05732-S,Indigo Skinny Jean,21.31,89,BOTTOM,TW Co.,12/28/2024
AB-TOP-05733-S,Emerald V-Neck Sweater,$307.16,45,TOPS,A. Nord,11/27/2024
AB-TOP-05734-XXL,Charcoal Turtleneck - XXL,118.01,12,N/A,A. Nord,03/21/2025
AB-DRE-05735-M,Emerald Shirt Dress - M,$224.54,110,Dresses,FH Wholesale (old),10/28/2025
AB-BOT-05736-XXL,Tan Pleated Skirt,$294.16,5,BOTTOM,TW Co.,05/07/2024
AB-TOP-05737-XXL,Burgundy Crewneck Tee,132.38,48,top,FH Wholesale (old),12/18/2025
AB-OUT-05738-S,Ivory Denim Jacket,133.92,96,Jackets/Outerwear,Apparel Solutions,03/17/2024
AB-TOP-05739-XL,Black Button-Up Shirt,$159.04,96,Tops,Apparel Sol.,10/15/2023
AB-BOT-05740-XS,Blush Denim Short,$199.48,130,BOTTOM,Fashion Hub Ltd,08/11/2024
AB-FOO-05741-XS,White Heeled Mule,$246.62,93,footwear,Atelier Nord Studio,10/17/2025
AB-TOP-05743-XL,Camel Henley,$80.00,27,top,ApparelSolns,03/09/2026
AB-ACC-05744-M,Ivory Crossbody Bag,40.97,1,ACC,,03/02/2025
AB-OUT-05745-XL,Emerald Blazer,$113.73,120,OUTER,Apparel Sol.,05/12/2026
AB-BOT-05746-XS,Ivory Midi Skirt - XS,125.39,44,Bottoms,Atelier Nord Studio,09/05/2025
AB-DRE-05747-XL,Charcoal Midi Dress,$124.17,65,dress,TW Co.,09/24/2025
AB-TOP-05748-XS,White Henley,229.38,43,Tshirts/Tops,,02/10/2025
AB-FOO-05749-S,Black Ballet Flat,$216.78,-3,Ftwr,Textile World Co,09/06/2024
AB-ACC-05750-L,Black Statement Earrings - L,$142.17,64,ACC,A. Nord,03/22/2025
AB-DRE-05751-XXL,Charcoal Midi Dress,253.91,127,Drss,Textile World Co,08/11/2025
AB-TOP-05752-XL,Emerald Button-Up Shirt,123.28,16,top,Apparel Solutions,04/12/2024
AB-FOO-05753-S,Burgundy Loafer,246.23,54,Shoes/Footwear,Apparel Solutions,03/09/2024
AB-TOP-05754-XXL,Cognac Silk Blouse - XXL,131.37,49,Tshirts/Tops,Fashion Hub Ltd,07/31/2023
AB-FOO-05755-M,Tan Loafer - M,51.42,112,footwear,TW Co.,04/24/2026
AB-OUT-05756-XS,Black Puffer Vest - XS,$148.36,110,Outerwear,TW Co.,06/01/2024
AB-DRE-05757-XS,Blush Wrap Dress - XS,$251.68,28,Dresses ,Atelier Nord Studio,04/02/2024
AB-ACC-05758-S,White Wide-Brim Hat,$89.37,63,Accs,Apparel Solutions,01/09/2026
AB-ACC-05759-XS,Blush Leather Tote,170.2,87,Accessories,Textile World,09/17/2025
AB-BOT-05760-XL,Charcoal Midi Skirt,$184.00,63,Btms,TW Co.,07/15/2024
AB-TOP-05761-XXL,Emerald Turtleneck - XXL,130.45,40,Tshirts/Tops,Atelier Nord,03/15/2025
AB-FOO-05762-S,Camel Loafer,241.25,0,Ftwr,Apparel Sol.,05/30/2024
AB-BOT-05763-L,Cognac Skinny Jean,278.43,73,Pants/Bottoms,Apparel Solutions,03/23/2025
AB-OUT-05764-S,Charcoal Blazer - S,171.33,15,OUTER,FH Wholesale (old),09/20/2024
AB-TOP-05765-XL,Tan Button-Up Shirt,226.99,85,top,Atelier Nord,02/04/2025
AB-TOP-05766-XL,White Tank Top - XL,$276.69,130,TOP,TW Co.,11/28/2024
AB-BOT-05767-XL,Black Skinny Jean,$158.98,73,Pants/Bottoms,FH Wholesale (old),04/13/2024
AB-OUT-05768-S,Burgundy Puffer Vest,225.74,120,Outr,Fashion Hub,09/10/2023
AB-OUT-05769-XS,Burgundy Wool Peacoat,$79.15,64,outerwear,Fashion Hub Ltd,10/20/2024
AB-OUT-05770-XL,Tan Puffer Vest - XL,294.01,136,Outerwear,ApparelSolns,07/26/2024
AB-DRE-05771-S,Emerald Shirt Dress,$107.89,83,DRESS,,03/16/2025
AB-OUT-05772-XS,Indigo Denim Jacket,59.45,102,OUTER,A. Nord,12/10/2024
AB-ACC-05773-L,Camel Twill Scarf,$53.03,12,Accs,Apparel Solutions,04/13/2025
AB-TOP-05774-L,Charcoal Crewneck Tee - L,166.17,54,TOP,Textile World,09/28/2024
AB-BOT-05775-XXL,Cognac Midi Skirt - XXL,$21.66,49,BOTTOM,ApparelSolns,12/24/2024
AB-BOT-05776-XS,Blush Midi Skirt - XS,21.84,101,Pants/Bottoms,Atelier Nord Studio,07/04/2025
AB-ACC-05777-L,Emerald Woven Belt,55.6,110,Accessory,Apparel Sol.,02/01/2025
AB-FOO-05778-XS,Cognac Ballet Flat,$202.60,28,Ftwr,Textile World,01/30/2025
AB-ACC-05780-S,White Wide-Brim Hat,$95.33,108,accessories,ApparelSolns,04/12/2024
AB-BOT-05781-S,Cognac Denim Short,23.04,103,Bottoms,Textile World,08/04/2024
AB-FOO-05782-XXL,Ivory Ballet Flat,30.55,137,Footwear,Atelier Nord,04/26/2024
AB-BOT-05783-XL,Beige Wide-Leg Trouser - XL,299.23,74,BOTTOM,Atelier Nord Studio,07/22/2025
AB-TOP-05784-M,White V-Neck Sweater - M,259.75,77,Tops,A. Nord,01/04/2025
AB-DRE-05785-L,Burgundy Shift Dress,$215.74,115,Drss,Textile World,03/13/2026
AB-OUT-05786-XL,Camel Moto Jacket,188.47,106,OUTER,Fashion Hub,01/24/2025
AB-FOO-05787-M,Beige Ankle Boot - M,$271.74,94,SHOES,Apparel Solutions,04/09/2026
AB-DRE-05788-L,Emerald Slip Dress,$206.79,24,Dresses ,TW Co.,10/12/2025
AB-TOP-05789-M,Tan Turtleneck,$128.73,52,TOPS,FH Wholesale (old),08/14/2024
AB-FOO-05790-XS,Beige Espadrille - XS,179.33,5,Footwear,FH Wholesale (old),05/10/2024
AB-TOP-05791-L,Blush Henley,$289.42,8,TOPS,Apparel Sol.,11/28/2024
AB-ACC-05792-XXL,White Leather Tote,222.41,28,Accessories,Atelier Nord,05/19/2025
AB-ACC-05793-XL,Beige Crossbody Bag,120.06,129,Accessory,Fashion Hub,12/30/2024
AB-BOT-05794-S,Indigo Wide-Leg Trouser,245.3,30,BOTTOM,Apparel Sol.,11/20/2023
AB-DRE-05795-L,Blush Slip Dress,154.87,28,Dresses ,Atelier Nord Studio,01/24/2024
AB-OUT-05796-XXL,Emerald Wool Peacoat,180.17,17,Outerwear,Textile World,05/23/2025
AB-DRE-05798-M,Ivory Shirt Dress,$202.59,97,dress,FH Wholesale (old),01/10/2024
AB-ACC-05799-XS,Camel Wide-Brim Hat,203.14,93,Accs,ApparelSolns,05/01/2026
AB-DRE-05800-XXL,Emerald Midi Dress,37.15,81,Dresses ,Textile World,02/12/2024
AB-OUT-05801-XS,Charcoal Denim Jacket,$127.62,95,Outerwear,Apparel Solutions,03/31/2025
AB-TOP-05802-L,White Henley,96.08,34,top,ApparelSolns,07/05/2024
AB-ACC-05803-XS,Black Woven Belt,233.38,84,ACC,Fashion Hub Ltd,12/01/2023
AB-OUT-05804-XS,Indigo Wool Peacoat,93.63,31,Outr,Textile World Co,01/22/2024
AB-ACC-05805-XS,Camel Crossbody Bag,271.74,124,ACC,A. Nord,03/09/2024
AB-FOO-05806-XXL,Cognac Heeled Mule,72.41,125,Ftwr,Textile World,08/25/2025
AB-DRE-05807-S,Camel Shirt Dress - S,298.77,68,Dresses ,Atelier Nord,08/21/2024
AB-FOO-05808-XL,Emerald Espadrille,291.89,95,9,Textile World Co,02/10/2024
AB-ACC-05809-XXL,Emerald Wide-Brim Hat,275.14,104,Accs,Textile World,05/21/2025
AB-DRE-05810-XXL,Emerald Shift Dress,$166.04,108,Drss,ApparelSolns,09/16/2025
AB-FOO-05811-XXL,Tan Espadrille,306.92,124,SHOES,Textile World,10/08/2023
AB-TOP-05812-XL,Charcoal Tank Top - XL,$123.49,14,top,Textile World Co,08/21/2025
AB-OUT-05813-L,Emerald Blazer,190.48,60,OUTER,Fashion Hub Ltd,07/25/2025
AB-TOP-05815-S,Black Button-Up Shirt,136.49,8,Tshirts/Tops,ApparelSolns,09/09/2023
AB-DRE-05816-XS,Charcoal Wrap Dress,227.13,126,Dresses ,Atelier Nord Studio,03/02/2025
AB-DRE-05817-XS,Emerald Midi Dress,48.15,27,Dresses ,A. Nord,12/31/2024
AB-FOO-05818-XXL,Burgundy Espadrille,47.37,107,footwear,Atelier Nord,02/23/2024
AB-ACC-05819-L,Black Woven Belt - L,70.84,117,Accessories,Apparel Solutions,05/07/2024
AB-FOO-05820-XS,Beige Espadrille,$86.29,140,Shoes/Footwear,Apparel Solutions,04/20/2025
AB-TOP-05821-L,Burgundy Henley,$141.61,42,top,Atelier Nord Studio,12/31/2025
AB-OUT-05822-XXL,Ivory Moto Jacket,110.57,9,Outerwear,Apparel Solutions,09/04/2024
AB-ACC-05823-XS,Beige Leather Tote,157.39,107,ACC,ApparelSolns,04/20/2024
AB-OUT-05824-L,Blush Trench Coat,256.38,98,outerwear,Fashion Hub,12/15/2025
AB-OUT-05824-L,Blush Tre nch Coat,256.38,98,outerwear,Fashion Hub,12/15/2025
AB-OUT-05825-XXL,Ivory Puffer Vest - XXL,229.93,103,OUTER,,03/23/2025
AB-TOP-05826-XS,Burgundy Cardigan,$235.26,89,TOP,Apparel Sol.,11/11/2023
AB-ACC-05827-XS,Indigo Leather Tote,$91.08,120,accessories,TW Co.,01/08/2024
AB-OUT-05829-M,Indigo Denim Jacket,$237.00,98,Outerwear,Apparel Solutions,08/09/2024
AB-ACC-05830-M,Ivory Statement Earrings,$211.27,27,Accessory,Textile World Co,08/04/2025
AB-OUT-05831-S,Camel Puffer Vest - S,79.9,42,MISC,Apparel Sol.,03/29/2025
AB-ACC-05832-L,White Crossbody Bag,$131.17,17,accessories,Fashion Hub Ltd,07/21/2024
AB-FOO-05833-L,Blush Ankle Boot - L,73.92,57,SHOES,Textile World,08/06/2024
AB-OUT-05834-XL,Tan Puffer Vest - XL,108.49,85,outerwear,,12/07/2025
AB-DRE-05835-XS,Indigo Midi Dress,$54.73,123,Drss,Apparel Sol.,11/06/2023
AB-ACC-05836-M,Tan Woven Belt,20.5,40,Accs,Atelier Nord,02/24/2025
AB-DRE-05837-L,Cognac Wrap Dress,295.19,68,,Atelier Nord,05/13/2024
AB-TOP-05838-M,Charcoal Silk Blouse,223.83,81,top,A. Nord,06/14/2025
AB-OUT-05839-L,Ivory Puffer Vest,$114.12,5,Outr,Textile World,12/24/2023
AB-OUT-05840-M,Ivory Blazer - M,36.8,22,OUTER,,04/18/2025
AB-FOO-05841-M,Burgundy Heeled Mule,280.57,51,SHOES,Fashion Hub Ltd,01/05/2025
AB-FOO-05842-M,Beige Ballet Flat,$36.12,55,Footwear,Textile World,01/19/2025
AB-BOT-05843-M,Camel Pleated Skirt - M,219.68,126,Pants/Bottoms,FH Wholesale (old),11/16/2024
AB-ACC-05844-S,White Leather Tote,143.89,22,ACC,ApparelSolns,07/10/2024
AB-DRE-05845-XS,Indigo Shirt Dress,61.14,110,Dresses ,Apparel Solutions,11/05/2025
AB-DRE-05846-S,Ivory Midi Dress,267.65,66,Dresses ,Textile World Co,02/27/2026
AB-OUT-05847-XXL,Burgundy Moto Jacket,320.73,0,OUTER,Fashion Hub Ltd,09/15/2023
AB-DRE-05848-XS,Burgundy Slip Dress,$182.65,125,dress,Textile World,11/07/2023
AB-FOO-05849-M,Cognac Loafer,267.69,75,footwear,Fashion Hub,02/24/2024
AB-OUT-05850-XXL,Cognac Wool Peacoat,261.22,112,9,Fashion Hub Ltd,03/25/2025
AB-TOP-05851-S,Beige Henley,$250.53,133,Tshirts/Tops,Fashion Hub Ltd,12/23/2025
AB-TOP-05852-XL,Cognac Tank Top,116.04,130,TOP,FH Wholesale (old),08/19/2023
AB-FOO-05853-XS,Camel Ankle Boot,81.53,-1,footwear,Textile World Co,10/16/2024
AB-TOP-05854-XXL,Burgundy V-Neck Sweater,121.74,56,Tshirts/Tops,Fashion Hub Ltd,08/27/2024
AB-ACC-05855-XXL,Burgundy Wide-Brim Hat,$268.29,9,accessories,Atelier Nord,08/16/2025
AB-BOT-05856-XS,Charcoal Skinny Jean - XS,147.6,110,Btms,Fashion Hub,05/04/2025
AB-DRE-05857-S,Black Maxi Dress - S,64.99,78,dress,Fashion Hub Ltd,01/10/2025
AB-OUT-05858-S,Camel Denim Jacket,$61.53,88,OUTER,,02/22/2025
AB-FOO-05859-S,Indigo Low-Top Sneaker,$146.15,68,SHOES,,07/14/2025
AB-FOO-05860-XL,Camel Loafer,179.52,50,Footwear,Apparel Solutions,01/02/2025
AB-TOP-05861-S,Black Silk Blouse,40.26,52,Tops,TW Co.,07/26/2025
AB-OUT-05863-L,Blush Denim Jacket,$83.78,81,Outr,Fashion Hub Ltd,06/28/2025
AB-FOO-05864-M,Black Ballet Flat,265.33,101,SHOES,Textile World,09/01/2024
AB-ACC-05866-M,Beige Statement Earrings,271.3,39,Accessory,Textile World Co,09/17/2025
AB-BOT-05867-XS,Charcoal Midi Skirt - XS,$327.52,69,BOTTOM,Atelier Nord,10/01/2025
AB-FOO-05868-M,Indigo Heeled Mule,$288.56,105,footwear,Fashion Hub Ltd,02/09/2024
AB-BOT-05869-M,Beige Linen Pant,$178.27,82,Btms,Apparel Solutions,01/19/2025
AB-OUT-05870-XXL,Cognac Moto Jacket,212.17,129,outerwear,Fashion Hub Ltd,07/16/2024
AB-FOO-05871-XS,Camel Low-Top Sneaker - XS,$130.39,71,Footwear,TW Co.,12/01/2025
AB-BOT-05872-L,Tan Linen Pant,$171.51,130,,ApparelSolns,11/15/2023
AB-FOO-05873-L,Black Low-Top Sneaker,$137.81,44,footwear,Atelier Nord Studio,05/13/2024
AB-DRE-05874-L,Beige Shirt Dress - L,311.37,101,Dresses ,Textile World,06/01/2025
AB-BOT-05875-L,Charcoal Wide-Leg Trouser,43.94,44,Btms,TW Co.,11/10/2024
AB-DRE-05876-XS,Camel Midi Dress,207.81,88,Drss,Textile World Co,06/30/2024
AB-ACC-05877-XXL,Cognac Crossbody Bag,66.61,34,Accessories,Fashion Hub Ltd,11/20/2024
AB-TOP-05878-L,Emerald V-Neck Sweater - L,223.05,6,Tshirts/Tops,Fashion Hub Ltd,09/29/2024
AB-BOT-05879-M,Camel Denim Short,58.18,105,bottoms,FH Wholesale (old),10/08/2025
AB-FOO-05880-L,Camel Ballet Flat,273.37,54,Shoes/Footwear,TW Co.,06/05/2024
AB-TOP-05881-S,Burgundy Button-Up Shirt,27.22,55,top,Fashion Hub Ltd,04/26/2024
AB-BOT-05882-XS,Burgundy Linen Pant,277.72,109,bottoms,A. Nord,03/30/2025
AB-FOO-05883-L,Black Espadrille,209.22,55,Ftwr,A. Nord,02/19/2025
AB-ACC-05885-XS,Camel Twill Scarf - XS,173.44,63,ACC,Textile World,10/30/2025
AB-OUT-05886-L,Ivory Puffer Vest - L,257.7,139,OUTER,Fashion Hub,09/09/2024
AB-OUT-05887-XL,Emerald Blazer,$209.30,48,Outerwear,Apparel Solutions,03/21/2026
AB-ACC-05888-S,Ivory Woven Belt - S,$76.53,57,Accessories,Apparel Solutions,08/19/2025
AB-BOT-05889-S,Camel Wide-Leg Trouser,$269.94,126,Btms,Apparel Solutions,01/19/2025
AB-OUT-05890-L,Emerald Trench Coat,128.88,86,,Apparel Solutions,09/02/2023
AB-BOT-05891-XL,Tan Skinny Jean - XL,73.13,25,Btms,ApparelSolns,08/21/2024
AB-FOO-05892-XS,Indigo Ballet Flat,224.24,53,footwear,TW Co.,06/07/2025
AB-BOT-05893-XXL,Indigo Denim Short,$173.01,129,Bottoms,Atelier Nord,05/07/2026
AB-DRE-05894-XXL,Black Midi Dress,$161.90,63,Drss,ApparelSolns,10/20/2024
AB-FOO-05896-S,Burgundy Espadrille - S,161.94,61,footwear,,12/12/2023
AB-ACC-05897-S,Black Statement Earrings - S,117.14,20,Accessory,Apparel Sol.,02/17/2026
AB-OUT-05898-XXL,Tan Blazer,$189.77,74,Jackets/Outerwear,Atelier Nord,09/13/2024
AB-ACC-05899-L,Tan Crossbody Bag,$175.38,132,ACC,FH Wholesale (old),01/11/2026
AB-OUT-05900-L,Burgundy Trench Coat,$275.95,89,Outr,Fashion Hub,02/08/2025
AB-ACC-05901-M,Tan Woven Belt,224.53,31,Accessories,Textile World Co,04/06/2024
AB-ACC-05902-XXL,Blush Wide-Brim Hat - XXL,67.94,85,accessories,Atelier Nord,08/21/2025
AB-TOP-05903-M,Beige V-Neck Sweater,82.56,124,top,Atelier Nord Studio,02/18/2025
AB-OUT-05904-XXL,Indigo Trench Coat,169.49,97,Outr,Textile World Co,04/07/2026
AB-DRE-05905-XL,Beige Shift Dress,$224.80,30,Drss,Atelier Nord,10/06/2025
AB-OUT-05906-XXL,Tan Puffer Vest - XXL,$261.23,34,Jackets/Outerwear,Textile World,06/09/2023
AB-OUT-05908-XL,Indigo Blazer,131.98,85,OUTER,Fashion Hub,03/07/2024
AB-DRE-05909-XL,Blush Maxi Dress,49.99,10,Dresses,Apparel Sol.,04/03/2025
AB-ACC-05910-XS,Emerald Crossbody Bag,236.62,2,Accessories,FH Wholesale (old),06/27/2023
AB-ACC-05911-M,Tan Woven Belt,295.58,69,Accessory,A. Nord,01/28/2024
AB-ACC-05912-XXL,Emerald Leather Tote - XXL,293.51,100,Accs,Apparel Solutions,10/07/2024
AB-DRE-05913-S,Tan Shirt Dress,$275.86,41,Dresses ,Apparel Sol.,03/02/2026
AB-TOP-05914-L,White Tank Top,197.59,39,TOP,Fashion Hub Ltd,01/25/2026
AB-DRE-05915-XXL,Ivory Wrap Dress - XXL,$280.31,65,Drss,TW Co.,12/16/2023
AB-BOT-05916-L,Charcoal Pleated Skirt,133.04,115,Btms,Atelier Nord,06/14/2025
AB-OUT-05917-S,Emerald Denim Jacket,293.04,33,Outerwear,ApparelSolns,10/08/2024
AB-DRE-05918-M,Emerald Slip Dress - M,85.89,17,Dresses,FH Wholesale (old),01/08/2024
AB-DRE-05919-XL,Tan Shirt Dress,$189.91,63,Dresses,Atelier Nord,06/27/2023
AB-OUT-05921-XL,Tan Moto Jacket,176.61,67,Jackets/Outerwear,Fashion Hub Ltd,11/04/2024
AB-BOT-05923-XS,Burgundy Midi Skirt,$54.87,43,Bottoms,Atelier Nord Studio,07/05/2024
AB-BOT-05924-L,Indigo Pleated Skirt - L,265.78,12,BOTTOM,Textile World,04/03/2024
AB-FOO-05926-XXL,Burgundy Heeled Mule,159.89,73,Footwear,Atelier Nord Studio,12/27/2025
AB-TOP-05927-XS,Cognac Henley - XS,214.39,45,Tshirts/Tops,Fashion Hub Ltd,12/04/2024
AB-ACC-05929-XXL,Burgundy Crossbody Bag - XXL,72.66,96,Accessory,FH Wholesale (old),02/17/2024
AB-FOO-05931-L,Ivory Heeled Mule,144.62,87,Ftwr,ApparelSolns,05/18/2024
AB-BOT-05932-XL,Black Denim Short - XL,$36.86,86,BOTTOM,ApparelSolns,01/14/2025
AB-OUT-05933-XS,Black Trench Coat,$75.71,37,Jackets/Outerwear,Atelier Nord Studio,05/03/2025
AB-TOP-05934-XXL,Blush Crewneck Tee,$142.39,2,TOP,FH Wholesale (old),03/13/2025
AB-FOO-05935-XXL,Burgundy Heeled Mule,$302.00,128,Ftwr,Fashion Hub Ltd,04/12/2024
AB-TOP-05936-XXL,Burgundy Turtleneck,240.68,50,9,Apparel Sol.,05/30/2026
AB-ACC-05937-XXL,Emerald Statement Earrings,$200.34,93,Accessory,Textile World Co,11/14/2023
AB-OUT-05939-XXL,Emerald Denim Jacket,118.49,76,OUTER,FH Wholesale (old),01/16/2025
AB-FOO-05940-XS,Burgundy Loafer,$44.92,46,Footwear,Atelier Nord Studio,07/04/2025
AB-FOO-05941-XL,Indigo Loafer,116.42,140,SHOES,FH Wholesale (old),11/30/2023
AB-OUT-05942-XXL,Black Moto Jacket - XXL,184.24,45,Outerwear,Textile World,09/06/2025
AB-ACC-05943-S,Charcoal Twill Scarf,176.88,34,Accessories,Atelier Nord Studio,03/15/2025
AB-DRE-05944-S,Black Maxi Dress,$95.39,144,Dresses ,Fashion Hub Ltd,12/20/2025
AB-FOO-05945-M,White Ballet Flat - M,183.1,34,SHOES,A. Nord,08/21/2025
AB-FOO-05946-M,Cognac Ankle Boot,227.31,95,SHOES,Textile World,09/24/2023
AB-ACC-05947-L,Blush Wide-Brim Hat,$160.65,107,Accessory,FH Wholesale (old),07/20/2024
AB-FOO-05948-S,Ivory Loafer - S,$219.49,92,Ftwr,Textile World,09/24/2023
AB-ACC-05949-XL,Blush Wide-Brim Hat - XL,$243.81,110,Accessories,A. Nord,11/26/2023
AB-BOT-05951-XL,Ivory Pleated Skirt - XL,$180.89,128,Pants/Bottoms,A. Nord,11/24/2023
AB-DRE-05952-M,Charcoal Shirt Dress,107.89,40,dress,Atelier Nord Studio,02/08/2025
AB-FOO-05953-XXL,Camel Espadrille,97.09,70,Ftwr,,10/16/2025
AB-DRE-05954-L,Black Shift Dress,287.58,62,Drss,Textile World Co,04/14/2024
AB-TOP-05955-M,Cognac V-Neck Sweater,175.79,12,top,Fashion Hub,12/21/2024
AB-OUT-05956-XXL,Indigo Wool Peacoat,250.88,89,Outr,ApparelSolns,11/06/2025
AB-TOP-05957-XS,Cognac Tank Top - XS,$122.15,2,top,FH Wholesale (old),11/17/2023
AB-TOP-05957-XS,Cognac Tank Top - XS ,$122.15,2,top,FH Wholesale (old),11/17/2023
AB-TOP-05958-XL,Emerald Cardigan,269.56,66,TOPS,Atelier Nord Studio,07/20/2024
AB-OUT-05959-XL,White Denim Jacket - XL,149.99,140,Outerwear,Textile World Co,08/22/2024
AB-OUT-05960-XXL,Indigo Trench Coat - XXL,$138.71,77,outerwear,Apparel Solutions,05/19/2024
AB-BOT-05961-L,Camel Wide-Leg Trouser,107.37,104,bottoms,Atelier Nord,08/03/2024
AB-BOT-05962-S,Beige Chino Pant,245.13,110,Btms,TW Co.,11/29/2023
AB-FOO-05963-XS,Beige Ankle Boot - XS,18.2,55,Footwear,Apparel Solutions,12/24/2024
AB-DRE-05964-XXL,Cognac Midi Dress,$93.81,80,Dresses ,Atelier Nord Studio,10/19/2023
AB-DRE-05965-XL,White Midi Dress,19.68,0,DRESS,ApparelSolns,07/08/2024
AB-OUT-05966-XS,Indigo Trench Coat,257.83,109,OUTER,Atelier Nord,02/21/2024
AB-FOO-05967-M,Camel Ankle Boot - M,$160.60,104,Ftwr,A. Nord,08/24/2024
AB-TOP-05968-XS,Beige Tank Top,154.81,67,Tshirts/Tops,FH Wholesale (old),11/18/2024
AB-ACC-05969-L,Indigo Leather Tote - L,$73.02,109,Accs,ApparelSolns,10/11/2025
AB-FOO-05970-XL,Blush Loafer - XL,$257.22,128,footwear,Atelier Nord,01/16/2026
AB-FOO-05971-M,Tan Espadrille - M,$149.51,71,Footwear,Apparel Solutions,04/01/2024
AB-ACC-05972-M,Cognac Wide-Brim Hat - M,$97.76,90,Accessory,Apparel Solutions,09/14/2023
AB-OUT-05973-M,Beige Trench Coat - M,120.61,64,OUTER,Textile World,01/26/2025
AB-OUT-05974-S,Camel Denim Jacket,$197.47,20,outerwear,Atelier Nord Studio,10/26/2023
AB-BOT-05975-XL,Camel Denim Short,149.12,98,BOTTOM,Atelier Nord Studio,01/28/2026
AB-TOP-05976-XL,Cognac V-Neck Sweater - XL,108.79,126,TOPS,Atelier Nord,04/14/2025
AB-ACC-05977-S,Charcoal Wide-Brim Hat,$292.42,10,Accessories,Textile World,02/22/2025
AB-ACC-05977-S,Charcoal Wide -Brim Hat,$292.42,10,Accessories,Textile World,02/22/2025
AB-TOP-05978-XL,Blush Crewneck Tee,123.19,103,Tops,Fashion Hub,07/30/2025
AB-TOP-05979-L,Charcoal Henley,192.33,86,top,Apparel Sol.,01/01/2024
AB-DRE-05980-XS,Beige Shirt Dress - XS,99.74,47,DRESS,Textile World Co,05/03/2024
AB-OUT-05981-XXL,Tan Trench Coat,$47.46,43,Outerwear,Atelier Nord,03/07/2024
AB-FOO-05982-XS,Charcoal Low-Top Sneaker,110.66,51,Ftwr,Atelier Nord Studio,06/09/2024
AB-BOT-05983-XL,Blush Linen Pant,111.1,147,Btms,Atelier Nord,07/03/2023
AB-FOO-05984-XL,Ivory Heeled Mule,250.9,27,Shoes/Footwear,Textile World,08/18/2025
AB-OUT-05985-L,Cognac Moto Jacket,223.07,83,Jackets/Outerwear,A. Nord,07/17/2025
AB-OUT-05986-XL,Tan Puffer Vest,$250.26,121,OUTER,Textile World,05/31/2024
AB-OUT-05987-XS,Charcoal Denim Jacket,153.9,131,Jackets/Outerwear,Atelier Nord Studio,06/27/2025
AB-BOT-05988-L,Indigo Midi Skirt - L,$26.54,140,Bottoms,A. Nord,06/06/2025
AB-FOO-05989-M,Cognac Heeled Mule,318.82,14,Ftwr,ApparelSolns,09/18/2025
AB-ACC-05990-M,Camel Woven Belt,153.37,35,Accessories,FH Wholesale (old),07/30/2025
AB-OUT-05991-XXL,Beige Trench Coat,227.67,-3,OUTER,FH Wholesale (old),11/14/2024
AB-FOO-05992-S,Burgundy Low-Top Sneaker,131.4,51,footwear,Textile World,03/22/2025
AB-FOO-05993-M,Blush Low-Top Sneaker,$90.25,85,Footwear,Atelier Nord,06/06/2025
AB-DRE-05994-XXL,White Shirt Dress,$145.32,45,Dresses ,ApparelSolns,08/10/2023
AB-OUT-05995-S,Blush Denim Jacket,$71.62,80,OUTER,A. Nord,02/24/2025
AB-OUT-05995-S,Blush De nim Jacket,$71.62,80,OUTER,A. Nord,02/24/2025
AB-TOP-05996-XS,Tan Henley,$18.40,84,TOPS,ApparelSolns,06/28/2025
AB-DRE-05997-XL,Burgundy Midi Dress,131.22,90,Drss,Fashion Hub,10/31/2024
AB-DRE-05997-XL,Burgundy Midi Dre ss,131.22,90,Drss,Fashion Hub,10/31/2024
AB-FOO-05998-S,Emerald Espadrille - S,$166.83,94,Shoes/Footwear,Atelier Nord Studio,09/24/2023
AB-OUT-05999-XS,Burgundy Blazer - XS,$42.58,48,Outr,Apparel Solutions,11/26/2025
AB-TOP-06000-L,Beige Cardigan,$70.98,32,Tops,A. Nord,06/09/2025
AB-TOP-06000-L,Be ige Cardigan,$70.98,32,Tops,A. Nord,06/09/2025
AB-TOP-06001-XL,Indigo Tank Top,$190.82,7,Tshirts/Tops,TW Co.,03/15/2026
AB-BOT-06002-M,Cognac Chino Pant,151.46,39,bottoms,TW Co.,09/22/2023
AB-DRE-06003-S,Beige Shirt Dress,$44.88,121,Dresses ,Apparel Solutions,10/21/2023
AB-OUT-06004-L,Black Trench Coat,187.1,135,Outerwear,Textile World Co,12/15/2024
AB-FOO-06005-L,Black Low-Top Sneaker,$213.97,141,Footwear,Apparel Solutions,01/22/2024
AB-OUT-06006-L,White Puffer Vest,64.64,137,outerwear,Atelier Nord,10/02/2024
AB-OUT-06007-L,Tan Wool Peacoat,293.22,121,Outr,,09/17/2024
AB-DRE-06008-M,Beige Shift Dress,$266.71,84,DRESS,A. Nord,06/16/2024
AB-TOP-06009-XXL,Blush Crewneck Tee,166.5,33,Tshirts/Tops,Atelier Nord Studio,10/16/2024
AB-TOP-06010-S,Black Button-Up Shirt - S,218.14,136,TOP,Apparel Sol.,07/24/2025
AB-FOO-06011-XL,Cognac Espadrille - XL,26.88,138,SHOES,FH Wholesale (old),09/28/2024
AB-DRE-06012-S,Emerald Slip Dress,$135.55,139,Dresses ,TW Co.,04/17/2024
AB-DRE-06013-S,Tan Maxi Dress,174.42,39,DRESS,Fashion Hub,08/16/2024
AB-TOP-06014-XS,Camel Crewneck Tee,35.8,119,top,Apparel Sol.,01/17/2026
AB-DRE-06015-XS,Charcoal Slip Dress - XS,128.11,133,dress,Atelier Nord Studio,06/23/2025
AB-TOP-06016-XS,Tan Cardigan,$118.29,93,TOPS,Fashion Hub Ltd,04/10/2025
AB-OUT-06017-S,White Denim Jacket,$22.74,70,outerwear,ApparelSolns,09/28/2024
AB-ACC-06018-XS,Blush Statement Earrings - XS,29.36,79,Accessories,Fashion Hub,09/22/2024
AB-FOO-06019-XXL,Black Ballet Flat,56.52,122,footwear,Textile World,08/10/2023
AB-OUT-06020-XXL,Beige Puffer Vest,300.38,98,Outr,Fashion Hub,08/08/2024
AB-FOO-06021-S,Beige Ballet Flat - S,$158.67,89,Shoes/Footwear,Apparel Solutions,09/21/2025
AB-ACC-06022-XS,Cognac Statement Earrings,$259.23,100,Accessory,Textile World,07/20/2024
AB-FOO-06023-M,Indigo Low-Top Sneaker - M,56.73,41,Shoes/Footwear,Atelier Nord Studio,03/19/2024
AB-DRE-06024-XXL,Cognac Shift Dress,167.74,134,DRESS,FH Wholesale (old),07/14/2025
AB-BOT-06025-XS,Blush Wide-Leg Trouser - XS,$271.44,45,Btms,,04/18/2024
AB-DRE-06026-XL,Tan Shirt Dress,$137.93,63,Drss,Atelier Nord Studio,06/18/2025
AB-FOO-06027-XXL,Black Ankle Boot,98.61,68,Shoes/Footwear,FH Wholesale (old),01/31/2025
AB-ACC-06028-M,Black Wide-Brim Hat,$155.23,38,9,A. Nord,01/09/2026
AB-ACC-06028-M,Black Wide -Brim Hat,$155.23,38,9,A. Nord,01/09/2026
AB-DRE-06029-XS,Camel Wrap Dress,50.94,110,Dresses ,Atelier Nord,07/01/2023
AB-FOO-06030-L,Cognac Loafer - L,40.28,3,Footwear,TW Co.,04/29/2025
AB-FOO-06030-L,Cognac Loafe r - L,40.28,3,Footwear,TW Co.,04/29/2025
AB-FOO-06031-L,Indigo Ankle Boot,$94.10,4,Ftwr,Fashion Hub Ltd,02/17/2024
AB-ACC-06032-L,Camel Wide-Brim Hat - L,$231.89,140,Accs,Fashion Hub Ltd,01/15/2024
AB-DRE-06033-L,White Wrap Dress,113.35,104,DRESS,ApparelSolns,01/13/2025
AB-OUT-06035-L,Ivory Moto Jacket,195.94,103,Jackets/Outerwear,Atelier Nord,12/26/2024
AB-BOT-06036-XL,Ivory Midi Skirt,309.07,79,Bottoms,ApparelSolns,12/04/2024
AB-BOT-06036-XL,Ivory Midi Skirt ,309.07,79,Bottoms,ApparelSolns,12/04/2024
AB-DRE-06037-XL,Black Shift Dress - XL,212.37,129,Drss,FH Wholesale (old),08/25/2025
AB-OUT-06038-S,Emerald Moto Jacket,45.99,89,Outr,Textile World,01/31/2026
AB-OUT-06039-XS,Indigo Moto Jacket,71.0,21,OUTER,Apparel Solutions,09/16/2024
AB-DRE-06040-L,White Maxi Dress - L,30.57,67,Drss,,04/23/2024
AB-TOP-06041-L,Ivory Tank Top,102.11,88,TOPS,Apparel Sol.,04/20/2025
AB-ACC-06042-XXL,Burgundy Wide-Brim Hat,$192.66,106,ACC,Textile World,08/21/2025
AB-FOO-06043-M,Burgundy Ballet Flat,43.6,41,Footwear,Apparel Solutions,11/07/2025
AB-BOT-06044-XL,Emerald Linen Pant - XL,95.89,117,Btms,Fashion Hub Ltd,09/17/2024
AB-OUT-06045-XL,Black Trench Coat - XL,$289.69,36,Outr,Textile World Co,03/24/2025
AB-OUT-06047-XS,Indigo Blazer,$95.76,30,Jackets/Outerwear,A. Nord,07/03/2024
AB-OUT-06048-XS,Camel Wool Peacoat - XS,147.24,31,Outerwear,Textile World Co,06/05/2024
AB-DRE-06049-S,Camel Midi Dress,$127.25,98,Dresses ,Apparel Sol.,03/14/2024
AB-FOO-06050-L,Ivory Low-Top Sneaker,$284.27,62,Ftwr,Textile World Co,12/06/2024
AB-DRE-06051-M,Burgundy Wrap Dress,$39.66,2,DRESS,Apparel Sol.,08/05/2025
AB-ACC-06052-S,Camel Woven Belt - S,$247.42,130,ACC,ApparelSolns,06/24/2024
AB-TOP-06053-XL,Indigo Tank Top,$191.15,70,9,Fashion Hub Ltd,08/03/2025
AB-FOO-06054-XS,Burgundy Low-Top Sneaker,64.6,4,Ftwr,Atelier Nord Studio,01/10/2024
AB-OUT-06055-M,Charcoal Trench Coat,$233.80,47,OUTER,Fashion Hub Ltd,06/17/2025
AB-FOO-06056-XL,Emerald Low-Top Sneaker,242.66,63,Footwear,FH Wholesale (old),05/17/2024
AB-OUT-06057-L,Ivory Denim Jacket,90.56,99,Outr,Textile World,01/13/2024
AB-OUT-06058-L,Burgundy Denim Jacket,106.93,88,OUTER,,02/05/2025
AB-FOO-06059-XXL,Beige Ankle Boot,$229.91,137,Footwear,ApparelSolns,03/31/2025
AB-ACC-06060-M,Emerald Statement Earrings,310.52,89,Accs,Textile World,05/15/2024
AB-FOO-06061-XS,Charcoal Loafer - XS,144.09,102,Ftwr,Textile World,09/16/2025
AB-OUT-06062-L,Burgundy Trench Coat - L,174.27,1,OUTER,A. Nord,08/08/2025
AB-DRE-06063-XXL,Indigo Midi Dress - XXL,$288.95,126,Drss,Atelier Nord,02/17/2024
AB-BOT-06064-XS,Charcoal Skinny Jean - XS,55.21,63,BOTTOM,Atelier Nord Studio,01/09/2026
AB-TOP-06065-XL,Emerald Henley - XL,128.51,77,TOPS,,08/21/2023
AB-BOT-06066-XL,Tan Denim Short,68.97,26,Bottoms,Textile World Co,05/12/2025
AB-DRE-06067-XS,Burgundy Shirt Dress,48.99,103,Dresses ,Fashion Hub,02/28/2024
AB-FOO-06068-S,Ivory Ankle Boot,$57.58,4,Shoes/Footwear,Atelier Nord,11/25/2025
AB-TOP-06069-XL,Cognac Turtleneck,330.98,18,TOP,ApparelSolns,10/09/2023
AB-DRE-06070-S,Tan Shift Dress,$180.59,24,Dresses ,Atelier Nord,08/09/2024
AB-OUT-06071-XS,Camel Trench Coat,186.2,21,outerwear,Apparel Sol.,12/25/2023
AB-OUT-06073-M,Black Wool Peacoat,$29.37,36,OUTER,A. Nord,02/08/2025
AB-ACC-06074-M,Ivory Leather Tote - M,$185.42,33,Accessory,Atelier Nord Studio,02/11/2024
AB-DRE-06075-XL,Tan Wrap Dress,$284.15,112,DRESS,Textile World Co,08/21/2025
AB-TOP-06076-XS,Blush Turtleneck,$55.93,15,top,Atelier Nord,01/06/2025
AB-DRE-06077-M,White Wrap Dress - M,$263.54,130,Drss,Atelier Nord Studio,06/21/2025
AB-TOP-06078-XXL,Ivory Cardigan - XXL,31.26,112,Tops,Fashion Hub,06/09/2025
AB-DRE-06079-XL,Indigo Midi Dress - XL,134.04,95,Drss,Atelier Nord Studio,11/15/2023
AB-FOO-06080-XL,Indigo Low-Top Sneaker,251.71,41,SHOES,Fashion Hub,11/23/2023
AB-DRE-06081-S,Emerald Wrap Dress,315.66,13,Dresses,Atelier Nord,02/23/2025
AB-ACC-06082-M,White Crossbody Bag,188.45,49,Accs,Textile World,06/01/2025
AB-TOP-06083-XS,Black Silk Blouse,$288.72,102,Tshirts/Tops,Apparel Solutions,05/08/2024
AB-OUT-06084-XS,Emerald Moto Jacket,346.77,72,OUTER,Textile World Co,10/05/2024
AB-DRE-06085-XXL,Blush Slip Dress - XXL,$211.26,136,Dresses ,Atelier Nord,11/26/2025
AB-FOO-06086-XS,Ivory Loafer - XS,63.13,59,Footwear,Textile World,02/24/2025
AB-TOP-06087-S,Ivory Tank Top - S,74.17,116,Tshirts/Tops,Textile World,08/15/2025
AB-ACC-06089-M,Emerald Woven Belt,$89.25,21,accessories,Apparel Solutions,02/05/2025
AB-FOO-06090-M,Camel Heeled Mule - M,$150.18,13,footwear,Apparel Sol.,07/17/2023
AB-OUT-06091-S,Beige Blazer,245.36,55,outerwear,Apparel Solutions,02/05/2025
AB-OUT-06092-S,Cognac Puffer Vest - S,$283.39,105,Outerwear,Atelier Nord Studio,07/21/2025
AB-ACC-06093-XS,Tan Woven Belt,$277.52,86,ACC,ApparelSolns,02/07/2025
AB-BOT-06094-M,Emerald Denim Short,23.25,139,Bottoms,FH Wholesale (old),07/24/2025
AB-BOT-06096-XS,Tan Skinny Jean,247.15,128,Pants/Bottoms,Textile World Co,07/19/2023
AB-OUT-06098-M,Indigo Puffer Vest,52.49,27,N/A,Fashion Hub Ltd,08/28/2024
AB-OUT-06099-XL,White Moto Jacket,321.09,53,outerwear,,04/13/2024
AB-BOT-06100-S,Indigo Skinny Jean - S,$268.10,98,BOTTOM,Textile World,07/05/2023
AB-ACC-06101-XS,Charcoal Wide-Brim Hat,241.43,33,Accs,A. Nord,01/24/2026
AB-OUT-06102-S,Charcoal Denim Jacket,142.46,74,Jackets/Outerwear,FH Wholesale (old),10/03/2023
AB-FOO-06103-XS,Charcoal Low-Top Sneaker,$37.13,17,Footwear,Fashion Hub Ltd,11/29/2025
AB-OUT-06104-XL,Beige Moto Jacket,$116.45,64,Outr,Apparel Sol.,10/20/2023
AB-DRE-06105-XXL,Beige Wrap Dress,$27.78,17,dress,ApparelSolns,09/01/2025
AB-ACC-06106-M,Black Twill Scarf - M,263.93,59,ACC,Atelier Nord Studio,02/21/2025
AB-DRE-06107-S,Indigo Midi Dress,201.29,17,DRESS,Apparel Solutions,11/23/2024
AB-OUT-06108-S,Blush Trench Coat - S,49.73,-3,Jackets/Outerwear,Apparel Solutions,03/22/2024
AB-ACC-06109-L,Cognac Leather Tote,315.47,13,Accessory,Atelier Nord Studio,08/28/2024
AB-OUT-06110-L,Burgundy Wool Peacoat - L,66.89,42,Jackets/Outerwear,Fashion Hub Ltd,04/23/2024
AB-DRE-06111-L,Emerald Maxi Dress - L,40.63,77,Dresses,Apparel Solutions,08/10/2025
AB-TOP-06112-XS,Emerald Tank Top,111.73,45,top,Atelier Nord,10/07/2023
AB-ACC-06113-XL,Tan Crossbody Bag - XL,229.94,89,ACC,A. Nord,05/05/2024
AB-OUT-06114-XL,Blush Moto Jacket,306.9,140,Outr,Atelier Nord Studio,08/30/2025
AB-ACC-06115-XXL,Beige Wide-Brim Hat - XXL,146.87,63,Accs,FH Wholesale (old),03/06/2024
AB-OUT-06116-XS,Blush Moto Jacket,39.25,41,Outerwear,Fashion Hub Ltd,05/17/2025
AB-DRE-06117-M,Ivory Wrap Dress,282.54,78,Dresses ,Apparel Solutions,09/10/2024
AB-OUT-06118-XXL,White Trench Coat,153.26,120,outerwear,Textile World Co,09/17/2025
AB-OUT-06118-XXL,White  Trench Coat,153.26,120,outerwear,Textile World Co,09/17/2025
AB-ACC-06119-XL,White Woven Belt - XL,$215.73,102,Accessories,Fashion Hub Ltd,05/20/2025
AB-TOP-06121-XS,Camel Turtleneck,$229.80,31,Tshirts/Tops,Fashion Hub Ltd,10/24/2024
AB-TOP-06121-XS,Came l Turtleneck,$229.80,31,Tshirts/Tops,Fashion Hub Ltd,10/24/2024
AB-OUT-06122-XS,Emerald Moto Jacket - XS,48.27,-3,Jackets/Outerwear,Atelier Nord,04/16/2024
AB-TOP-06123-S,Emerald Silk Blouse,276.57,131,top,Textile World Co,04/27/2025
AB-ACC-06124-S,Emerald Twill Scarf,314.79,81,ACC,,11/16/2024
AB-FOO-06125-L,Blush Heeled Mule,$21.29,29,Footwear,Apparel Sol.,01/05/2025
AB-TOP-06126-S,Camel Tank Top - S,$236.30,112,top,Atelier Nord,07/03/2025
AB-BOT-06127-XS,Camel Midi Skirt,$147.42,71,Btms,Fashion Hub Ltd,01/11/2024
AB-DRE-06128-M,Ivory Shirt Dress - M,$267.10,64,dress,FH Wholesale (old),01/27/2026
AB-FOO-06130-S,Ivory Low-Top Sneaker - S,211.76,87,SHOES,FH Wholesale (old),03/24/2024
AB-FOO-06132-XXL,White Ballet Flat,$196.22,60,Ftwr,,04/11/2024
AB-OUT-06134-S,Blush Wool Peacoat - S,49.92,110,Outerwear,Textile World Co,09/28/2025
AB-DRE-06135-XS,Blush Slip Dress,26.49,82,dress,,08/18/2025
AB-DRE-06136-XXL,White Wrap Dress,153.02,26,Drss,TW Co.,01/03/2024
AB-ACC-06137-XXL,Camel Statement Earrings,231.52,55,Accs,Atelier Nord,02/18/2025
AB-TOP-06138-XL,Emerald Crewneck Tee - XL,$201.20,147,TOP,Fashion Hub Ltd,01/07/2025
AB-FOO-06139-M,Burgundy Espadrille - M,$245.90,8,SHOES,Atelier Nord,04/13/2024
AB-FOO-06140-XS,Charcoal Loafer,$49.67,82,SHOES,Apparel Sol.,02/16/2025
AB-DRE-06141-L,Camel Shirt Dress,265.54,76,Drss,Apparel Solutions,08/25/2024
AB-DRE-06142-M,Charcoal Shirt Dress,90.42,110,dress,Atelier Nord Studio,09/28/2023
AB-BOT-06144-XXL,Tan Skinny Jean,259.06,81,Bottoms,Atelier Nord Studio,08/16/2023
AB-DRE-06145-S,Beige Wrap Dress,$23.09,26,Dresses ,Atelier Nord,03/21/2025
AB-DRE-06146-XL,Indigo Slip Dress - XL,100.07,4,Drss,Atelier Nord Studio,08/04/2025
AB-FOO-06148-XL,Emerald Ballet Flat - XL,$168.53,125,SHOES,TW Co.,04/25/2024
AB-OUT-06149-L,Ivory Blazer - L,184.69,101,OUTER,Atelier Nord Studio,03/01/2024
AB-ACC-06150-XXL,Beige Wide-Brim Hat,$109.18,109,Accessories,Textile World Co,05/24/2025
AB-TOP-06151-M,Beige V-Neck Sweater,28.84,97,top,Apparel Sol.,05/30/2024
AB-TOP-06151-M,Be ige V-Neck Sweater,28.84,97,top,Apparel Sol.,05/30/2024
AB-ACC-06152-XXL,Cognac Crossbody Bag,175.25,136,Accessory,FH Wholesale (old),10/04/2025
AB-ACC-06153-L,Black Statement Earrings - L,$45.32,31,Accessories,TW Co.,04/22/2024
AB-ACC-06154-XL,Emerald Twill Scarf,$197.01,38,Accs,,09/11/2025
AB-BOT-06155-XS,Charcoal Wide-Leg Trouser,119.99,124,Bottoms,,05/02/2025
AB-BOT-06156-XXL,Black Pleated Skirt - XXL,$174.77,88,Pants/Bottoms,Textile World,08/26/2025
AB-OUT-06157-S,Indigo Moto Jacket,$230.60,66,Outerwear,Atelier Nord,09/27/2023
AB-BOT-06158-L,Ivory Pleated Skirt,75.2,51,bottoms,A. Nord,08/12/2024
AB-ACC-06159-XXL,Charcoal Crossbody Bag - XXL,269.53,46,Accessories,Atelier Nord,09/11/2025
AB-TOP-06160-S,Burgundy Button-Up Shirt,221.24,47,Tops,,10/26/2023
AB-TOP-06160-S,Burgundy Button-Up Shirt ,221.24,47,Tops,,10/26/2023
AB-OUT-06161-L,Charcoal Puffer Vest - L,$52.69,117,OUTER,Apparel Sol.,08/27/2024
AB-TOP-06162-M,Ivory Button-Up Shirt,315.03,84,Tops,Fashion Hub,02/18/2025
AB-BOT-06163-S,Blush Linen Pant,$272.25,94,Btms,Fashion Hub Ltd,12/21/2024
AB-ACC-06164-XL,Tan Statement Earrings,156.17,60,accessories,Atelier Nord Studio,08/19/2024
AB-DRE-06165-L,Ivory Shirt Dress,$162.70,102,DRESS,Textile World Co,04/02/2025
AB-BOT-06166-XXL,Cognac Wide-Leg Trouser,146.79,30,BOTTOM,Fashion Hub Ltd,12/06/2023
AB-FOO-06167-S,White Low-Top Sneaker,51.01,18,Footwear,Apparel Solutions,01/20/2024
AB-ACC-06168-XS,Black Leather Tote,161.58,48,Accessories,Fashion Hub Ltd,09/23/2024
AB-ACC-06169-M,Ivory Twill Scarf,$315.18,71,MISC,Atelier Nord Studio,03/08/2025
AB-DRE-06170-XS,Burgundy Shirt Dress - XS,88.69,32,Dresses ,TW Co.,01/11/2024
AB-BOT-06171-XS,Ivory Midi Skirt - XS,253.41,128,BOTTOM,Atelier Nord Studio,09/16/2025
AB-DRE-06172-XS,Emerald Shirt Dress,$80.63,26,Drss,Apparel Solutions,08/17/2024
AB-FOO-06174-S,White Low-Top Sneaker,$143.95,39,Shoes/Footwear,FH Wholesale (old),10/26/2023
AB-OUT-06175-XL,Black Blazer,205.42,53,Outr,FH Wholesale (old),10/17/2024
AB-TOP-06176-XL,White Tank Top,$39.51,114,TOPS,TW Co.,09/24/2025
AB-FOO-06177-XXL,Camel Ballet Flat,$190.54,42,SHOES,Textile World,11/26/2024
AB-ACC-06178-L,Tan Woven Belt,182.78,24,ACC,,08/13/2024
AB-BOT-06179-XXL,Black Chino Pant,188.56,101,bottoms,ApparelSolns,06/03/2024
AB-TOP-06181-M,Charcoal Tank Top,$215.56,129,TOP,Apparel Sol.,05/15/2025
AB-BOT-06182-M,Charcoal Midi Skirt,$223.01,130,bottoms,Fashion Hub Ltd,07/17/2023
AB-ACC-06183-XL,Ivory Wide-Brim Hat - XL,175.24,82,Accessories,Textile World,08/05/2023
AB-BOT-06184-M,Cognac Linen Pant - M,$158.65,42,Pants/Bottoms,Atelier Nord Studio,07/22/2024
AB-FOO-06185-M,Burgundy Heeled Mule,166.76,95,Ftwr,TW Co.,09/12/2024
AB-DRE-06186-S,Blush Wrap Dress - S,246.17,114,Dresses ,TW Co.,09/04/2025
AB-TOP-06187-L,Indigo Cardigan,37.0,102,TOP,Atelier Nord Studio,01/23/2024
AB-BOT-06188-XL,White Skinny Jean,219.04,14,Pants/Bottoms,Fashion Hub,02/14/2024
AB-FOO-06189-XXL,Blush Ballet Flat - XXL,24.16,62,footwear,TW Co.,12/13/2024
AB-BOT-06190-S,White Linen Pant,$235.15,43,bottoms,ApparelSolns,10/02/2024
AB-OUT-06191-L,White Puffer Vest - L,$258.91,66,Jackets/Outerwear,Fashion Hub,03/31/2025
AB-FOO-06192-S,Tan Espadrille,$144.51,137,footwear,Fashion Hub,07/14/2025
AB-FOO-06192-S,Tan Espadrille ,$144.51,137,footwear,Fashion Hub,07/14/2025
AB-BOT-06193-M,Black Skinny Jean,$159.94,11,Bottoms,ApparelSolns,02/21/2025
AB-BOT-06194-L,White Midi Skirt,261.23,114,BOTTOM,Textile World Co,09/10/2025
AB-BOT-06194-L,White  Midi Skirt,261.23,114,BOTTOM,Textile World Co,09/10/2025
AB-DRE-06195-L,Camel Midi Dress,$306.43,62,DRESS,Apparel Sol.,11/20/2023
AB-DRE-06196-L,Black Shift Dress,$256.35,6,Dresses,Apparel Sol.,10/11/2024
AB-ACC-06197-L,Indigo Leather Tote - L,51.05,115,ACC,Fashion Hub Ltd,01/31/2024
AB-ACC-06198-XL,Black Statement Earrings,159.36,1,Accs,ApparelSolns,09/29/2025
AB-BOT-06199-XXL,Burgundy Pleated Skirt,$20.80,143,BOTTOM,Apparel Sol.,09/10/2023
AB-FOO-06200-XL,Indigo Loafer - XL,103.98,104,Shoes/Footwear,ApparelSolns,05/02/2024
AB-ACC-06201-XXL,Burgundy Crossbody Bag,236.14,114,Accs,Fashion Hub,02/07/2024
AB-DRE-06202-M,Black Midi Dress,$35.75,92,dress,,03/12/2024
AB-FOO-06204-XS,Black Low-Top Sneaker - XS,207.85,66,footwear,A. Nord,02/16/2025
AB-ACC-06205-S,Tan Wide-Brim Hat,303.27,6,Accs,Fashion Hub,02/29/2024
AB-BOT-06206-XS,Tan Pleated Skirt - XS,291.33,82,bottoms,ApparelSolns,07/02/2025
AB-ACC-06207-L,Black Wide-Brim Hat,$25.64,18,Accs,Atelier Nord Studio,10/06/2025
AB-DRE-06208-M,Indigo Shift Dress - M,$176.79,1,dress,ApparelSolns,02/06/2024
AB-TOP-06209-XS,Camel Crewneck Tee,$114.93,105,TOP,Fashion Hub Ltd,06/10/2024
AB-DRE-06210-L,Beige Shift Dress - L,176.67,54,Dresses ,A. Nord,06/19/2024
AB-ACC-06211-M,Emerald Wide-Brim Hat - M,127.09,4,Accs,TW Co.,02/20/2024
AB-ACC-06211-M,Eme rald Wide-Brim Hat - M,127.09,4,Accs,TW Co.,02/20/2024
AB-FOO-06212-S,Beige Loafer - S,134.52,34,footwear,ApparelSolns,08/24/2024
AB-OUT-06213-XS,Black Denim Jacket - XS,176.93,120,OUTER,Textile World,03/22/2025
AB-DRE-06214-XS,White Shirt Dress,$64.19,27,9,FH Wholesale (old),09/05/2025
AB-OUT-06215-XXL,Ivory Wool Peacoat - XXL,40.21,21,OUTER,Apparel Sol.,06/14/2024
AB-FOO-06216-XS,Beige Ballet Flat - XS,84.7,86,footwear,Apparel Sol.,01/04/2024
AB-OUT-06217-M,Emerald Moto Jacket,$206.39,70,Jackets/Outerwear,Fashion Hub,11/21/2024
AB-OUT-06218-L,Tan Blazer,251.55,25,Jackets/Outerwear,Textile World Co,02/23/2025
AB-TOP-06219-XXL,Ivory Turtleneck - XXL,53.99,117,TOP,Textile World Co,12/22/2024
AB-OUT-06220-M,Ivory Moto Jacket,317.65,25,Jackets/Outerwear,Apparel Sol.,09/17/2024
AB-FOO-06221-M,Camel Ballet Flat,210.37,72,Footwear,,09/21/2024
AB-ACC-06222-S,Beige Wide-Brim Hat,$201.86,21,ACC,ApparelSolns,06/28/2025
AB-FOO-06223-XL,Ivory Low-Top Sneaker,275.74,61,Ftwr,FH Wholesale (old),01/22/2026
AB-OUT-06224-M,Ivory Blazer,267.12,32,outerwear,Apparel Sol.,01/15/2026
AB-FOO-06225-XXL,Burgundy Heeled Mule,310.43,23,Shoes/Footwear,ApparelSolns,09/01/2025
AB-DRE-06226-XL,Cognac Shift Dress,$26.50,1,Dresses ,Apparel Sol.,05/25/2025
AB-FOO-06228-XXL,Tan Low-Top Sneaker - XXL,$207.69,130,SHOES,ApparelSolns,02/13/2025
AB-FOO-06229-L,Tan Ankle Boot,167.38,122,Shoes/Footwear,Textile World,10/07/2024
AB-DRE-06230-S,Emerald Slip Dress,181.32,97,MISC,A. Nord,04/20/2024
AB-DRE-06231-XS,Blush Midi Dress,279.16,116,Drss,Fashion Hub Ltd,11/30/2023
AB-OUT-06232-XL,Cognac Trench Coat - XL,107.67,111,outerwear,Atelier Nord,03/02/2026
AB-TOP-06234-S,Blush Turtleneck,274.9,32,Tops,A. Nord,09/10/2024
AB-FOO-06235-XL,Tan Espadrille,$51.46,111,Footwear,TW Co.,01/21/2026
AB-FOO-06236-XL,Black Heeled Mule,143.12,114,SHOES,Apparel Solutions,11/15/2024
AB-FOO-06237-XXL,Black Ankle Boot,$279.74,111,footwear,Apparel Solutions,07/19/2025
AB-BOT-06238-XL,Burgundy Midi Skirt,170.68,77,Bottoms,A. Nord,04/09/2026
AB-DRE-06239-L,Emerald Maxi Dress - L,100.23,90,dress,FH Wholesale (old),03/04/2026
AB-OUT-06240-S,Black Denim Jacket,309.26,4,outerwear,Apparel Solutions,05/26/2025
AB-TOP-06241-M,Blush Tank Top - M,$207.88,9,TOP,Apparel Sol.,07/10/2025
AB-FOO-06242-XL,Beige Espadrille,143.12,84,SHOES,Apparel Solutions,03/08/2024
AB-DRE-06243-S,Tan Maxi Dress,95.46,68,Drss,Atelier Nord Studio,07/02/2025
AB-DRE-06243-S,Tan Maxi Dre ss,95.46,68,Drss,Atelier Nord Studio,07/02/2025
AB-FOO-06244-M,Blush Ballet Flat,218.49,121,Footwear,ApparelSolns,10/01/2024
AB-ACC-06245-S,Charcoal Crossbody Bag,229.4,47,ACC,Apparel Sol.,09/14/2023
AB-ACC-06246-XL,Black Woven Belt - XL,$323.78,2,ACC,Apparel Sol.,11/17/2025
AB-OUT-06247-XXL,Emerald Trench Coat - XXL,60.91,36,Outerwear,A. Nord,12/28/2024
AB-OUT-06248-XXL,Blush Puffer Vest - XXL,$34.87,69,outerwear,A. Nord,01/30/2026
AB-BOT-06249-L,Tan Linen Pant,25.55,114,BOTTOM,Atelier Nord Studio,03/09/2025
AB-FOO-06250-XXL,Black Loafer,254.15,111,SHOES,Textile World,08/29/2025
AB-DRE-06251-S,Cognac Shift Dress,82.25,95,Dresses ,ApparelSolns,10/27/2023
AB-TOP-06252-L,Beige Henley,$149.40,57,TOP,Fashion Hub Ltd,12/11/2024
AB-OUT-06253-XL,Tan Denim Jacket,$59.11,125,outerwear,Apparel Solutions,11/13/2023
AB-OUT-06254-XS,Beige Wool Peacoat,128.05,109,outerwear,,06/16/2025
AB-DRE-06255-L,Tan Wrap Dress,$124.11,30,DRESS,Textile World,05/31/2024
AB-TOP-06256-XL,Indigo V-Neck Sweater,$124.74,121,Tshirts/Tops,Fashion Hub Ltd,12/04/2024
AB-TOP-06258-XS,Cognac Crewneck Tee,$86.46,78,Tshirts/Tops,Textile World,10/04/2025
AB-ACC-06259-S,Black Wide-Brim Hat - S,293.26,122,Accessory,TW Co.,06/29/2024
AB-BOT-06260-XL,Indigo Wide-Leg Trouser,247.88,71,N/A,TW Co.,06/24/2025
AB-DRE-06261-XS,Cognac Wrap Dress,$220.60,90,dress,,09/02/2025
AB-FOO-06262-XXL,White Ankle Boot,$190.57,76,Footwear,Textile World Co,11/26/2024
AB-DRE-06263-XS,Charcoal Wrap Dress - XS,$165.04,118,Dresses ,FH Wholesale (old),03/28/2025
AB-TOP-06264-M,Indigo Button-Up Shirt,47.04,21,TOPS,Apparel Solutions,10/08/2025
AB-BOT-06265-S,Charcoal Skinny Jean,286.78,98,Btms,Fashion Hub Ltd,11/09/2024
AB-ACC-06266-XL,Tan Crossbody Bag,65.69,74,Accs,Apparel Solutions,03/06/2026
AB-BOT-06267-S,Tan Denim Short - S,126.79,81,Bottoms,Atelier Nord,05/08/2024
AB-FOO-06268-L,Camel Loafer - L,160.28,122,footwear,TW Co.,03/03/2024
AB-DRE-06269-XXL,Cognac Shirt Dress - XXL,34.87,77,DRESS,Apparel Sol.,06/22/2023
AB-ACC-06270-L,Emerald Leather Tote - L,$237.75,20,accessories,Textile World Co,09/21/2024
AB-FOO-06271-L,White Low-Top Sneaker - L,128.77,84,footwear,TW Co.,10/20/2024
AB-BOT-06272-L,Indigo Wide-Leg Trouser,$104.51,79,bottoms,Textile World,04/16/2025
AB-ACC-06273-XXL,Charcoal Wide-Brim Hat,$61.56,123,ACC,Atelier Nord Studio,07/11/2025
AB-ACC-06274-S,Beige Crossbody Bag - S,$251.68,20,Accs,Apparel Sol.,01/17/2026
AB-BOT-06275-L,Cognac Midi Skirt - L,$69.90,124,Bottoms,Atelier Nord Studio,12/18/2024
AB-DRE-06276-L,Cognac Maxi Dress - L,34.21,4,Dresses,Fashion Hub,02/17/2025
AB-DRE-06276-L,Cognac Maxi Dre ss - L,34.21,4,Dresses,Fashion Hub,02/17/2025
AB-OUT-06277-XL,Ivory Blazer - XL,294.84,97,Outerwear,A. Nord,09/15/2024
AB-BOT-06278-M,Burgundy Midi Skirt,244.08,130,BOTTOM,FH Wholesale (old),07/30/2024
AB-BOT-06278-M,Burgundy Midi Skirt ,244.08,130,BOTTOM,FH Wholesale (old),07/30/2024
AB-TOP-06279-XS,Ivory Crewneck Tee,23.26,19,Tshirts/Tops,Apparel Sol.,11/30/2025
AB-TOP-06280-XL,White Henley,57.94,71,TOP,Fashion Hub,05/08/2024
AB-ACC-06281-XS,Emerald Leather Tote - XS,$140.11,112,Accessories,Textile World,05/25/2025
AB-TOP-06282-L,Beige Button-Up Shirt,273.47,81,Tshirts/Tops,TW Co.,12/20/2023
AB-TOP-06283-S,Blush Turtleneck,$228.47,7,TOPS,Fashion Hub,04/13/2024
AB-ACC-06284-M,Cognac Woven Belt,143.98,57,Accs,Apparel Solutions,05/10/2026
AB-TOP-06285-XS,Emerald Turtleneck - XS,236.81,16,Tshirts/Tops,Fashion Hub Ltd,06/22/2025
AB-ACC-06286-XL,Camel Crossbody Bag - XL,$48.00,115,Accessories,Textile World Co,11/19/2024
AB-OUT-06287-S,Emerald Moto Jacket,$82.41,17,OUTER,FH Wholesale (old),06/19/2025
AB-ACC-06288-L,Charcoal Crossbody Bag,81.5,118,accessories,Textile World Co,09/16/2025
AB-ACC-06289-XS,Black Statement Earrings,47.42,74,ACC,FH Wholesale (old),05/02/2025
AB-BOT-06290-XS,Ivory Chino Pant,271.49,33,Bottoms,Textile World Co,12/30/2025
AB-ACC-06291-XS,Black Woven Belt,41.43,134,accessories,A. Nord,06/24/2024
AB-DRE-06292-XL,Burgundy Shift Dress,$277.11,13,Drss,Atelier Nord,02/28/2024
AB-ACC-06293-M,White Woven Belt,117.72,16,Accessory,Textile World,02/27/2026
AB-DRE-06294-XS,White Maxi Dress - XS,302.16,8,Dresses ,,08/07/2024
AB-DRE-06295-M,White Wrap Dress - M,294.65,28,Dresses,Textile World,06/02/2025
AB-DRE-06296-L,Tan Slip Dress - L,$259.81,32,Dresses,Fashion Hub Ltd,03/05/2025
AB-OUT-06297-XXL,Charcoal Puffer Vest,$266.50,126,9,Apparel Solutions,12/01/2024
AB-FOO-06298-XS,Indigo Heeled Mule,95.49,128,SHOES,ApparelSolns,04/17/2026
AB-DRE-06299-M,Ivory Maxi Dress,$116.07,58,Drss,Atelier Nord Studio,01/23/2024
AB-BOT-06300-M,Indigo Pleated Skirt,129.36,67,Btms,FH Wholesale (old),05/30/2025
AB-ACC-06301-L,Cognac Statement Earrings,252.05,125,ACC,Fashion Hub,10/17/2024
AB-DRE-06302-XL,Burgundy Wrap Dress - XL,176.72,127,Drss,Textile World,04/10/2024
AB-TOP-06303-XL,Cognac Button-Up Shirt,$147.76,94,top,,04/17/2025
AB-TOP-06304-L,Beige V-Neck Sweater - L,122.94,125,TOPS,ApparelSolns,07/16/2023
AB-TOP-06304-L,Be ige V-Neck Sweater - L,122.94,125,TOPS,ApparelSolns,07/16/2023
AB-FOO-06305-L,Indigo Low-Top Sneaker,272.26,83,Shoes/Footwear,Atelier Nord Studio,10/02/2023
AB-DRE-06306-M,Burgundy Shift Dress - M,281.41,71,dress,Fashion Hub,08/25/2025
AB-BOT-06307-S,Camel Denim Short - S,172.88,-3,Btms,Atelier Nord Studio,06/07/2025
AB-FOO-06308-M,Burgundy Ankle Boot,$41.05,34,Footwear,Fashion Hub Ltd,04/22/2024
AB-OUT-06309-XXL,Cognac Blazer - XXL,$313.22,56,OUTER,A. Nord,02/20/2025
AB-FOO-06310-L,Beige Ballet Flat,106.58,65,SHOES,Fashion Hub,01/12/2024
AB-OUT-06311-XXL,Beige Blazer,$112.74,1,Jackets/Outerwear,,01/28/2025
AB-OUT-06312-XS,Cognac Blazer,211.83,11,OUTER,,11/17/2024
AB-FOO-06313-S,Camel Ankle Boot,126.18,119,SHOES,Atelier Nord,05/25/2024
AB-ACC-06314-XXL,Beige Leather Tote,$151.08,26,Accs,Atelier Nord,04/23/2025
AB-TOP-06315-XS,Camel Tank Top,$272.43,82,top,Atelier Nord Studio,08/02/2023
AB-TOP-06316-XS,Indigo Henley,214.4,117,Tshirts/Tops,FH Wholesale (old),12/07/2024
AB-TOP-06317-L,Black Crewneck Tee,194.54,56,TOP,Atelier Nord,11/02/2024
AB-DRE-06318-L,Blush Shift Dress,49.1,109,dress,Atelier Nord Studio,11/04/2024
AB-OUT-06319-L,Indigo Moto Jacket,$58.56,23,OUTER,,09/10/2025
AB-ACC-06320-XL,Ivory Leather Tote,$102.37,43,ACC,Textile World Co,09/15/2024
AB-BOT-06321-XL,Tan Skinny Jean,52.02,44,BOTTOM,TW Co.,12/30/2024
AB-BOT-06322-XL,Blush Linen Pant,180.91,35,Btms,Atelier Nord,07/16/2024
AB-OUT-06323-XS,Burgundy Wool Peacoat,65.76,15,outerwear,FH Wholesale (old),11/08/2024
AB-FOO-06324-M,Camel Loafer - M,203.87,100,Ftwr,,03/02/2025
AB-ACC-06325-XS,Cognac Wide-Brim Hat - XS,73.17,43,accessories,FH Wholesale (old),09/26/2024
AB-OUT-06326-XL,Black Trench Coat,$142.74,3,OUTER,Textile World Co,11/12/2025
AB-FOO-06327-S,Black Loafer - S,173.34,9,footwear,ApparelSolns,09/05/2025
AB-TOP-06328-S,Tan Cardigan,$231.59,101,TOP,FH Wholesale (old),09/16/2025
AB-BOT-06329-S,Black Chino Pant,325.87,90,Bottoms,,09/29/2025
AB-TOP-06330-L,White Tank Top - L,$285.62,19,Tops,Atelier Nord,11/02/2024
AB-ACC-06331-XL,Ivory Crossbody Bag,287.18,95,Accessory,Atelier Nord,04/26/2025
AB-OUT-06332-L,Charcoal Blazer,54.74,92,Jackets/Outerwear,FH Wholesale (old),08/24/2024
AB-OUT-06333-S,Emerald Puffer Vest,$260.28,35,Outerwear,Textile World,01/24/2024
AB-DRE-06334-XS,Blush Shift Dress - XS,135.1,71,Drss,Fashion Hub,08/16/2023
AB-FOO-06335-L,Cognac Heeled Mule - L,252.37,127,Footwear,Textile World,11/06/2023
AB-FOO-06336-M,Tan Low-Top Sneaker,244.19,13,Shoes/Footwear,Fashion Hub Ltd,06/07/2025
AB-TOP-06337-M,Indigo Cardigan,$190.19,61,Tops,ApparelSolns,02/26/2026
AB-ACC-06338-XS,Charcoal Wide-Brim Hat,$101.65,15,ACC,Fashion Hub,03/31/2024
AB-ACC-06339-XXL,Tan Woven Belt,18.83,136,Accessories,Atelier Nord,01/26/2025
AB-ACC-06340-XS,Emerald Statement Earrings,98.91,62,ACC,A. Nord,01/27/2025
AB-DRE-06341-M,Black Slip Dress,173.37,13,Dresses,ApparelSolns,08/07/2025
AB-DRE-06342-S,Cognac Shirt Dress,$95.75,3,DRESS,,10/25/2023
AB-OUT-06343-XL,Cognac Blazer,71.02,116,outerwear,FH Wholesale (old),07/27/2024
AB-DRE-06344-S,White Shift Dress,225.39,12,MISC,Fashion Hub,07/19/2024
AB-ACC-06345-XL,White Twill Scarf,278.12,84,accessories,Apparel Sol.,06/11/2024
AB-OUT-06346-XL,Cognac Trench Coat - XL,$183.36,46,Outerwear,Fashion Hub,02/06/2025
AB-BOT-06348-S,Blush Pleated Skirt,21.95,35,Btms,Textile World Co,03/24/2025
AB-DRE-06349-M,Blush Wrap Dress,56.09,84,Dresses ,FH Wholesale (old),05/07/2024
AB-DRE-06350-XS,White Maxi Dress,$187.32,111,dress,A. Nord,04/08/2025
AB-DRE-06351-M,Burgundy Wrap Dress - M,$83.39,30,Dresses,FH Wholesale (old),03/24/2026
AB-FOO-06352-XS,Camel Espadrille,$122.11,23,Shoes/Footwear,Fashion Hub Ltd,10/06/2025
AB-DRE-06353-XS,Ivory Wrap Dress,159.16,10,Dresses ,Fashion Hub,06/11/2024
AB-ACC-06354-M,White Woven Belt,173.87,54,Accessory,Atelier Nord,05/18/2024
AB-BOT-06355-XXL,Indigo Chino Pant - XXL,260.07,110,Pants/Bottoms,Textile World,06/19/2025
AB-FOO-06357-M,Tan Low-Top Sneaker,302.64,-3,Footwear,TW Co.,06/25/2024
AB-TOP-06358-S,Indigo Tank Top - S,266.95,122,Tshirts/Tops,Atelier Nord Studio,10/04/2023
AB-BOT-06359-S,White Pleated Skirt,82.73,76,Btms,Atelier Nord Studio,01/30/2025
AB-TOP-06360-M,Tan Silk Blouse,$174.33,110,TOPS,Fashion Hub,01/04/2025
AB-ACC-06362-XS,Charcoal Statement Earrings,305.97,72,Accessory,Apparel Sol.,08/14/2025
AB-FOO-06363-L,Blush Ballet Flat,145.2,139,SHOES,Fashion Hub Ltd,07/07/2025
AB-DRE-06364-L,Camel Wrap Dress,279.57,27,Dresses,Textile World Co,01/13/2025
AB-DRE-06364-L,Came l Wrap Dress,279.57,27,Dresses,Textile World Co,01/13/2025
AB-OUT-06365-XL,Cognac Puffer Vest,$281.08,58,Outerwear,A. Nord,01/10/2024
AB-ACC-06366-S,Ivory Twill Scarf,106.28,53,Accessories,Fashion Hub,06/02/2024
AB-BOT-06368-XL,Black Pleated Skirt,145.97,66,Pants/Bottoms,TW Co.,11/05/2023
AB-BOT-06368-XL,Black Ple ated Skirt,145.97,66,Pants/Bottoms,TW Co.,11/05/2023
AB-TOP-06369-XL,Charcoal Button-Up Shirt,$288.76,115,MISC,Atelier Nord,03/13/2025
AB-DRE-06370-L,Black Maxi Dress,$139.53,41,Dresses,TW Co.,09/20/2024
AB-DRE-06371-XL,Burgundy Maxi Dress - XL,$316.47,51,Drss,Atelier Nord,07/04/2024
AB-FOO-06372-S,Blush Ankle Boot - S,78.03,14,footwear,Atelier Nord Studio,01/18/2026
AB-FOO-06373-S,Ivory Loafer - S,$289.51,11,,Textile World Co,05/18/2025
AB-OUT-06374-XL,White Moto Jacket,$109.96,127,outerwear,Textile World Co,01/16/2024
AB-ACC-06375-M,Emerald Statement Earrings - M,178.42,101,Accessory,FH Wholesale (old),01/04/2024
AB-TOP-06376-XL,Beige Crewneck Tee - XL,298.49,103,TOPS,Atelier Nord,11/04/2024
AB-FOO-06377-XL,Ivory Espadrille,284.82,139,,Fashion Hub Ltd,07/15/2025
AB-OUT-06378-L,Black Moto Jacket - L,$284.53,129,outerwear,Atelier Nord Studio,08/28/2025
AB-FOO-06379-L,Ivory Ankle Boot,102.95,49,Footwear,FH Wholesale (old),06/16/2024
AB-FOO-06381-L,Tan Ankle Boot - L,$72.34,73,footwear,Textile World,09/22/2023
AB-ACC-06382-L,Beige Wide-Brim Hat - L,20.34,31,accessories,A. Nord,11/04/2023
AB-FOO-06383-S,Cognac Ankle Boot,$200.41,13,SHOES,ApparelSolns,08/06/2025
AB-FOO-06384-M,Burgundy Ballet Flat,$284.48,116,Ftwr,Apparel Solutions,06/10/2025
AB-FOO-06385-XL,Camel Ankle Boot,75.68,106,SHOES,TW Co.,03/06/2026
AB-DRE-06386-XXL,Indigo Slip Dress - XXL,288.17,34,Dresses ,A. Nord,12/09/2024
AB-TOP-06387-S,White Silk Blouse,209.15,129,TOP,FH Wholesale (old),10/19/2025
AB-TOP-06388-L,Burgundy Cardigan - L,$108.89,88,top,Atelier Nord Studio,05/31/2025
AB-FOO-06389-XXL,Emerald Loafer - XXL,81.23,6,footwear,Apparel Sol.,01/29/2025
AB-OUT-06390-XS,Cognac Blazer - XS,151.14,44,Jackets/Outerwear,Textile World,08/20/2025
AB-DRE-06391-L,Charcoal Shirt Dress,51.31,134,dress,FH Wholesale (old),12/28/2024
AB-OUT-06392-XS,Camel Moto Jacket,254.26,74,Outr,Apparel Solutions,03/04/2025
AB-FOO-06393-S,White Espadrille,73.99,19,footwear,A. Nord,08/07/2024
AB-BOT-06394-XXL,Emerald Skinny Jean - XXL,140.44,44,bottoms,Apparel Solutions,05/10/2024
AB-OUT-06395-M,Beige Puffer Vest,$93.72,28,outerwear,Apparel Solutions,10/13/2024
AB-FOO-06396-S,Emerald Low-Top Sneaker,124.02,125,Ftwr,FH Wholesale (old),11/06/2024
AB-OUT-06397-XL,Black Trench Coat,280.87,112,Outerwear,Apparel Sol.,03/13/2025
AB-DRE-06398-M,Indigo Shirt Dress,$256.63,85,Dresses ,Fashion Hub,03/03/2025
AB-OUT-06399-L,Indigo Wool Peacoat,$57.43,124,N/A,Textile World Co,11/09/2024
AB-ACC-06400-M,Indigo Woven Belt,109.83,87,ACC,Textile World,04/17/2025
AB-DRE-06401-M,Camel Midi Dress - M,140.55,51,dress,,05/15/2025
AB-BOT-06402-XS,Beige Denim Short,61.0,107,Bottoms,Atelier Nord Studio,10/20/2024
AB-FOO-06403-L,Black Ballet Flat,$46.81,66,footwear,Fashion Hub Ltd,12/15/2023
AB-BOT-06404-L,Ivory Denim Short,187.34,137,bottoms,Textile World Co,02/13/2025
AB-BOT-06405-S,Beige Wide-Leg Trouser,$275.64,134,BOTTOM,TW Co.,11/13/2024
AB-BOT-06406-XXL,Blush Wide-Leg Trouser,158.53,128,Pants/Bottoms,Apparel Sol.,12/26/2025
AB-OUT-06407-L,Beige Trench Coat - L,$313.24,15,outerwear,Atelier Nord Studio,06/22/2024
AB-DRE-06408-L,Blush Maxi Dress - L,215.15,13,DRESS,Apparel Sol.,01/10/2025
AB-DRE-06409-XXL,Emerald Midi Dress,$231.55,41,Drss,FH Wholesale (old),02/06/2025
AB-BOT-06410-XXL,Charcoal Chino Pant,$19.98,102,Bottoms,,07/13/2023
AB-TOP-06411-L,Ivory V-Neck Sweater - L,$260.89,99,top,Atelier Nord,08/16/2025
AB-TOP-06412-M,White Cardigan,187.71,21,Tops,Fashion Hub,07/23/2023
AB-TOP-06413-L,Indigo V-Neck Sweater - L,$269.29,82,TOPS,ApparelSolns,05/12/2024
AB-DRE-06414-S,Burgundy Shift Dress - S,32.79,134,Dresses,Fashion Hub Ltd,12/15/2024
AB-DRE-06415-XXL,Ivory Maxi Dress - XXL,$255.82,40,DRESS,Atelier Nord,11/20/2025
AB-TOP-06416-XXL,Ivory Tank Top,117.96,144,TOP,TW Co.,05/31/2025
AB-FOO-06417-S,Tan Heeled Mule,$149.68,50,Footwear,FH Wholesale (old),05/18/2024
AB-TOP-06420-S,White Henley,19.89,37,Tops,Apparel Solutions,05/16/2024
AB-TOP-06421-M,Indigo Crewneck Tee,61.53,117,Tshirts/Tops,Textile World,11/20/2024
AB-DRE-06422-XL,Camel Midi Dress,$242.78,98,Drss,Apparel Sol.,06/23/2024
AB-BOT-06423-XXL,Tan Chino Pant,37.5,81,BOTTOM,Apparel Sol.,04/01/2024
AB-DRE-06424-XXL,Emerald Maxi Dress,$41.82,106,dress,ApparelSolns,01/07/2024
AB-BOT-06425-XXL,Blush Denim Short,76.14,140,Pants/Bottoms,ApparelSolns,12/31/2024
AB-ACC-06426-M,Blush Crossbody Bag,$302.72,47,Accessory,Atelier Nord Studio,07/19/2023
AB-DRE-06427-XXL,White Shirt Dress,$283.33,52,Dresses,Apparel Sol.,01/31/2026
AB-FOO-06428-S,Ivory Espadrille - S,261.35,25,footwear,Fashion Hub Ltd,06/29/2024
AB-DRE-06429-XS,Charcoal Shirt Dress,$203.28,34,Dresses,,01/12/2025
AB-OUT-06430-M,Burgundy Denim Jacket - M,211.06,63,Outerwear,Apparel Sol.,03/30/2024
AB-BOT-06431-S,Burgundy Midi Skirt - S,$108.06,116,Pants/Bottoms,ApparelSolns,03/23/2025
AB-OUT-06432-XXL,Burgundy Denim Jacket - XXL,$291.85,23,Outr,Apparel Sol.,06/05/2024
AB-OUT-06433-M,Ivory Denim Jacket,230.97,121,OUTER,Atelier Nord,11/17/2023
AB-ACC-06434-XXL,Charcoal Wide-Brim Hat,53.73,2,Accs,,01/23/2025
AB-OUT-06435-XS,Tan Blazer,30.15,113,N/A,FH Wholesale (old),06/29/2025
AB-DRE-06436-XL,Ivory Shift Dress,191.51,51,Dresses ,TW Co.,08/09/2023
AB-OUT-06437-S,Camel Blazer,$57.11,32,Jackets/Outerwear,,01/30/2025
AB-DRE-06438-XL,Blush Slip Dress - XL,311.9,0,Drss,A. Nord,12/21/2025
AB-BOT-06439-XL,Cognac Pleated Skirt,$19.05,93,Bottoms,FH Wholesale (old),03/23/2025
AB-BOT-06439-XL,Cognac Ple ated Skirt,$19.05,93,Bottoms,FH Wholesale (old),03/23/2025
AB-FOO-06440-XS,Beige Loafer - XS,255.9,135,Shoes/Footwear,Apparel Sol.,11/08/2025
AB-DRE-06441-XXL,Camel Midi Dress,258.11,95,Dresses ,Apparel Solutions,04/27/2024
AB-ACC-06442-M,Charcoal Leather Tote,297.32,70,Accessories,TW Co.,08/06/2023
AB-ACC-06443-XS,Burgundy Crossbody Bag,$158.18,54,9,Fashion Hub,12/11/2023
AB-ACC-06443-XS,Burgundy Crossbody Bag ,$158.18,54,9,Fashion Hub,12/11/2023
AB-ACC-06444-M,Beige Leather Tote,$89.44,115,Accessories,Apparel Sol.,11/11/2024
AB-ACC-06445-M,Camel Statement Earrings,252.43,40,ACC,Fashion Hub,04/15/2025
AB-ACC-06446-XL,Ivory Twill Scarf,$39.79,35,Accessory,Textile World,12/09/2025
AB-ACC-06446-XL,Ivory Twill Scarf ,$39.79,35,Accessory,Textile World,12/09/2025
AB-OUT-06449-XS,Blush Moto Jacket,$26.86,94,Outr,A. Nord,10/10/2025
AB-ACC-06450-L,Tan Twill Scarf,$134.64,55,ACC,,01/07/2024
AB-OUT-06451-M,Ivory Denim Jacket - M,$54.91,85,OUTER,Textile World,10/02/2024
AB-BOT-06452-XL,Emerald Skinny Jean,$86.35,125,Bottoms,FH Wholesale (old),12/27/2023
AB-OUT-06453-XXL,Beige Puffer Vest - XXL,136.63,132,Outr,TW Co.,01/09/2025
AB-OUT-06454-S,Blush Blazer,209.58,111,outerwear,Textile World Co,05/04/2026
AB-BOT-06455-XS,Beige Chino Pant,$131.21,68,Bottoms,ApparelSolns,09/17/2023
AB-ACC-06456-XXL,Cognac Wide-Brim Hat - XXL,311.81,92,Accessories,TW Co.,01/07/2025
AB-ACC-06457-XL,Ivory Wide-Brim Hat,$141.84,37,accessories,TW Co.,09/14/2025
AB-FOO-06458-L,White Ankle Boot,$47.84,69,Ftwr,Apparel Sol.,01/11/2024
AB-OUT-06459-XL,Emerald Wool Peacoat - XL,$303.24,92,Outerwear,Atelier Nord Studio,03/17/2025
AB-BOT-06461-S,Tan Skinny Jean,$272.43,84,Bottoms,ApparelSolns,01/05/2025
AB-TOP-06462-XS,Burgundy Cardigan,$132.94,-2,TOP,Atelier Nord Studio,11/28/2023
AB-TOP-06463-XS,Black Crewneck Tee - XS,171.24,108,top,Textile World,06/26/2024
AB-ACC-06464-M,Beige Wide-Brim Hat - M,31.83,1,Accessory,A. Nord,07/12/2024
AB-TOP-06465-S,Blush Silk Blouse - S,273.97,107,TOP,FH Wholesale (old),12/30/2023
AB-TOP-06466-S,Blush Crewneck Tee,283.91,98,Tshirts/Tops,Atelier Nord,05/04/2025
AB-BOT-06467-XL,Burgundy Wide-Leg Trouser - XL,204.86,42,Bottoms,A. Nord,12/11/2025
AB-OUT-06468-L,Tan Wool Peacoat,65.64,132,Jackets/Outerwear,Textile World Co,08/21/2025
AB-OUT-06468-L,Tan Wool Pe acoat,65.64,132,Jackets/Outerwear,Textile World Co,08/21/2025
AB-FOO-06469-S,Blush Heeled Mule,41.9,89,Ftwr,FH Wholesale (old),01/14/2024
AB-ACC-06470-XL,Charcoal Woven Belt,55.19,6,Accessory,A. Nord,09/02/2024
AB-DRE-06471-S,Beige Maxi Dress,$107.68,76,Dresses ,Fashion Hub Ltd,07/06/2024
AB-ACC-06472-XS,Camel Wide-Brim Hat - XS,223.6,85,N/A,Atelier Nord,06/17/2025
AB-FOO-06473-S,Indigo Espadrille,219.11,71,Footwear,ApparelSolns,11/24/2023
AB-FOO-06474-L,Ivory Espadrille,315.7,20,SHOES,,11/12/2025
AB-DRE-06475-XXL,Charcoal Maxi Dress,$173.14,1,Dresses ,Atelier Nord Studio,06/14/2025
AB-OUT-06476-XXL,Blush Moto Jacket,$291.06,39,Outerwear,Fashion Hub Ltd,05/08/2024
AB-TOP-06477-S,Black V-Neck Sweater,206.36,117,TOPS,Fashion Hub,12/10/2024
AB-BOT-06478-M,Emerald Skinny Jean,$99.16,95,Bottoms,FH Wholesale (old),02/19/2025
AB-OUT-06479-L,Beige Moto Jacket,227.15,97,Outr,Atelier Nord,11/05/2025
AB-TOP-06480-M,Burgundy V-Neck Sweater,233.2,75,Tshirts/Tops,Fashion Hub Ltd,07/11/2024
AB-TOP-06481-S,Black V-Neck Sweater,$215.80,80,TOP,Atelier Nord Studio,02/13/2025
AB-OUT-06482-L,Camel Blazer - L,135.66,100,outerwear,ApparelSolns,01/01/2025
AB-OUT-06482-L,Came l Blazer - L,135.66,100,outerwear,ApparelSolns,01/01/2025
AB-ACC-06483-XXL,Charcoal Crossbody Bag - XXL,$201.41,122,Accessory,Textile World,03/21/2025
AB-DRE-06484-M,Black Wrap Dress,151.34,83,9,Fashion Hub Ltd,05/03/2025
AB-DRE-06484-M,Black Wrap Dre ss,151.34,83,9,Fashion Hub Ltd,05/03/2025
AB-TOP-06485-S,Charcoal Silk Blouse - S,207.1,76,MISC,Fashion Hub,02/10/2026
AB-OUT-06486-XS,Ivory Blazer,235.35,-3,OUTER,,10/17/2025
AB-OUT-06487-M,Indigo Moto Jacket - M,271.6,118,OUTER,Textile World Co,07/08/2024
AB-TOP-06488-M,Charcoal Tank Top - M,$177.75,0,TOPS,TW Co.,05/14/2025
AB-ACC-06489-XXL,White Wide-Brim Hat - XXL,56.43,51,Accs,A. Nord,08/07/2023
AB-FOO-06490-XS,Indigo Espadrille - XS,301.78,122,Ftwr,Apparel Solutions,09/15/2023
AB-OUT-06492-XL,Blush Moto Jacket - XL,101.31,30,OUTER,Fashion Hub,02/22/2025
AB-ACC-06493-XXL,Tan Wide-Brim Hat,$152.98,113,Accs,Atelier Nord,05/31/2025
AB-BOT-06494-XL,Beige Skinny Jean - XL,$142.74,1,Btms,ApparelSolns,04/10/2025
AB-FOO-06495-XS,Tan Heeled Mule,$99.92,107,Ftwr,A. Nord,04/05/2026
AB-TOP-06496-XL,Ivory Silk Blouse - XL,23.86,129,Tshirts/Tops,TW Co.,04/14/2025
AB-FOO-06497-L,Burgundy Ballet Flat,278.47,138,Footwear,Atelier Nord Studio,05/09/2025
AB-FOO-06498-S,Camel Low-Top Sneaker,123.64,103,MISC,Atelier Nord,04/29/2025
AB-ACC-06499-XXL,Cognac Crossbody Bag,295.5,114,Accessories,A. Nord,02/02/2024
AB-FOO-06500-S,Burgundy Low-Top Sneaker - S,$271.71,9,Ftwr,FH Wholesale (old),05/28/2025
AB-ACC-06501-M,White Crossbody Bag,$164.86,85,accessories,ApparelSolns,08/20/2025
AB-DRE-06502-S,White Wrap Dress - S,132.89,25,DRESS,Textile World,12/22/2025
AB-ACC-06503-M,White Twill Scarf,169.0,133,Accessories,Atelier Nord Studio,08/16/2023
AB-DRE-06504-S,Cognac Wrap Dress,$309.06,103,Dresses ,TW Co.,08/29/2024
AB-FOO-06505-XXL,White Espadrille,$152.43,107,,TW Co.,01/12/2026
AB-DRE-06506-M,Beige Wrap Dress - M,216.43,62,DRESS,Textile World Co,04/09/2025
AB-BOT-06508-XL,Tan Skinny Jean,$116.82,144,Btms,Fashion Hub,11/26/2025
AB-TOP-06509-XL,Indigo Turtleneck - XL,$25.97,121,TOPS,FH Wholesale (old),05/23/2025
AB-TOP-06510-XXL,Indigo Button-Up Shirt,102.86,63,TOP,ApparelSolns,11/17/2023
AB-DRE-06511-XS,Cognac Shirt Dress,51.49,50,Dresses,Apparel Solutions,03/06/2025
AB-DRE-06512-XL,Emerald Midi Dress,323.54,18,Dresses ,Fashion Hub Ltd,03/12/2025
AB-ACC-06513-XL,Indigo Leather Tote,25.3,124,ACC,Fashion Hub Ltd,11/10/2025
AB-ACC-06513-XL,Indigo Le ather Tote,25.3,124,ACC,Fashion Hub Ltd,11/10/2025
AB-OUT-06514-XXL,Black Blazer,$265.46,133,outerwear,Atelier Nord,12/01/2023
AB-DRE-06515-L,White Shift Dress - L,275.94,99,Dresses ,Atelier Nord Studio,11/16/2023
AB-TOP-06517-XS,Emerald Cardigan,$116.33,132,TOPS,Fashion Hub,06/22/2025
AB-DRE-06518-M,Ivory Slip Dress - M,86.11,113,Drss,FH Wholesale (old),03/22/2025
AB-ACC-06519-XXL,Beige Statement Earrings - XXL,$237.86,41,MISC,Apparel Solutions,06/01/2024
AB-TOP-06520-XS,Charcoal Crewneck Tee,39.65,16,TOPS,Textile World,09/21/2025
AB-FOO-06521-L,White Heeled Mule - L,$193.85,101,Footwear,ApparelSolns,01/15/2024
AB-BOT-06522-XL,Camel Linen Pant - XL,$210.31,124,Bottoms,Apparel Sol.,12/15/2024
AB-DRE-06523-XL,White Shirt Dress,198.68,74,Drss,Apparel Solutions,03/08/2026
AB-FOO-06524-M,Ivory Low-Top Sneaker - M,198.95,9,Ftwr,Fashion Hub Ltd,09/02/2023
AB-FOO-06524-M,Ivory Low-Top Sne aker - M,198.95,9,Ftwr,Fashion Hub Ltd,09/02/2023
AB-TOP-06525-S,Indigo Silk Blouse,$98.85,47,TOPS,Textile World,01/13/2024
AB-OUT-06526-L,Burgundy Denim Jacket,$179.99,88,OUTER,,10/20/2025
AB-ACC-06527-XL,Indigo Leather Tote,87.95,92,accessories,Textile World,10/29/2025
AB-DRE-06528-XXL,Charcoal Shift Dress - XXL,$93.69,46,Dresses,Apparel Sol.,10/06/2023
AB-BOT-06529-XS,Tan Denim Short,54.92,92,Btms,Fashion Hub,04/24/2025
AB-OUT-06530-XS,Camel Puffer Vest - XS,289.34,26,Outerwear,ApparelSolns,12/18/2023
AB-FOO-06531-M,Blush Loafer,$64.52,52,Ftwr,TW Co.,12/07/2024
AB-DRE-06532-S,Cognac Wrap Dress - S,$94.69,114,Dresses ,Atelier Nord,06/06/2024
AB-BOT-06533-S,Blush Midi Skirt - S,62.72,60,Btms,Textile World,05/06/2024
AB-ACC-06534-XXL,White Leather Tote,$193.18,123,ACC,Textile World,08/10/2025
AB-FOO-06535-L,Blush Heeled Mule,$183.76,140,SHOES,TW Co.,05/12/2024
AB-FOO-06535-L,Blush He eled Mule,$183.76,140,SHOES,TW Co.,05/12/2024
AB-BOT-06536-XS,Black Pleated Skirt,216.63,84,Btms,A. Nord,12/04/2025
AB-DRE-06537-XS,Cognac Shirt Dress,$276.78,57,dress,Apparel Sol.,08/24/2025
AB-DRE-06538-XXL,Emerald Wrap Dress,190.59,47,DRESS,,06/26/2024
AB-ACC-06539-L,Cognac Woven Belt,$186.37,105,Accessory,Textile World,09/17/2023
AB-OUT-06540-XXL,Tan Trench Coat,282.91,118,OUTER,ApparelSolns,10/11/2025
AB-BOT-06541-XL,Black Chino Pant,$128.31,137,Bottoms,Fashion Hub Ltd,11/17/2023
AB-BOT-06541-XL,Black Chino Pant ,$128.31,137,Bottoms,Fashion Hub Ltd,11/17/2023
AB-ACC-06542-S,Indigo Leather Tote,275.65,21,Accs,Textile World Co,08/02/2024
AB-OUT-06543-XS,Black Wool Peacoat,$129.68,46,OUTER,FH Wholesale (old),07/31/2025
AB-OUT-06543-XS,Black Wool Pe acoat,$129.68,46,OUTER,FH Wholesale (old),07/31/2025
AB-OUT-06544-S,Black Blazer,248.36,87,OUTER,Apparel Sol.,03/13/2025
AB-OUT-06545-XXL,Indigo Wool Peacoat,$83.29,124,Jackets/Outerwear,,08/15/2023
AB-BOT-06546-XL,Beige Chino Pant,19.72,9,Btms,Atelier Nord Studio,01/11/2026
AB-TOP-06548-S,Burgundy Silk Blouse,$294.17,87,TOPS,Textile World Co,12/05/2025
AB-DRE-06549-XXL,Burgundy Maxi Dress - XXL,279.95,114,Dresses,Apparel Sol.,11/22/2025
AB-OUT-06550-M,Camel Wool Peacoat - M,63.63,83,Outr,Fashion Hub,10/15/2024
AB-BOT-06551-XS,Ivory Wide-Leg Trouser,$253.28,105,Pants/Bottoms,Textile World Co,09/26/2025
AB-DRE-06552-S,Camel Shirt Dress - S,$55.30,132,dress,Atelier Nord,09/09/2023
AB-OUT-06553-XXL,Cognac Moto Jacket - XXL,32.0,110,Outr,Atelier Nord Studio,06/18/2025
AB-FOO-06554-XL,Charcoal Espadrille,120.68,23,Ftwr,,01/10/2025
AB-ACC-06555-XL,Charcoal Wide-Brim Hat,$204.80,18,Accs,Textile World Co,08/22/2024
AB-BOT-06556-XXL,Cognac Denim Short - XXL,21.29,47,Pants/Bottoms,Atelier Nord,03/31/2025
AB-BOT-06556-XXL,Cognac De nim Short - XXL,21.29,47,Pants/Bottoms,Atelier Nord,03/31/2025
AB-FOO-06557-L,Burgundy Ballet Flat - L,269.8,62,Shoes/Footwear,FH Wholesale (old),09/27/2024
AB-ACC-06558-XS,Tan Leather Tote,$128.74,85,Accessory,,07/06/2025
AB-ACC-06559-M,Ivory Crossbody Bag - M,234.52,98,Accessories,Fashion Hub,07/10/2025
AB-DRE-06560-S,Ivory Wrap Dress,65.0,135,DRESS,ApparelSolns,04/29/2025
AB-FOO-06561-XS,Tan Loafer,248.5,125,Footwear,Atelier Nord,03/03/2024
AB-TOP-06562-XS,Emerald Crewneck Tee,194.4,49,Tshirts/Tops,Apparel Solutions,07/11/2024
AB-ACC-06563-S,Black Crossbody Bag,168.7,129,accessories,Atelier Nord Studio,07/10/2025
AB-DRE-06564-XL,Tan Slip Dress - XL,95.66,69,dress,ApparelSolns,03/10/2024
AB-OUT-06565-S,White Trench Coat,$154.53,126,Outerwear,TW Co.,03/24/2025
AB-OUT-06566-S,Cognac Trench Coat,$227.83,19,Jackets/Outerwear,Fashion Hub Ltd,09/09/2025
AB-FOO-06567-S,Camel Ankle Boot,216.93,24,footwear,ApparelSolns,08/14/2025
AB-ACC-06569-XS,Ivory Woven Belt,$168.92,8,accessories,Fashion Hub Ltd,01/21/2024
AB-FOO-06570-M,Emerald Espadrille,$73.29,36,Footwear,A. Nord,09/12/2025
AB-ACC-06571-XS,White Leather Tote - XS,309.29,79,accessories,TW Co.,07/12/2025
AB-ACC-06572-L,Camel Crossbody Bag,92.93,33,accessories,Fashion Hub,05/23/2025
AB-BOT-06573-XS,Ivory Skinny Jean,164.07,114,Pants/Bottoms,A. Nord,07/22/2025
AB-TOP-06574-XXL,Ivory Button-Up Shirt - XXL,$275.20,129,Tshirts/Tops,Textile World Co,01/07/2026
AB-FOO-06576-L,Black Low-Top Sneaker,23.67,66,SHOES,TW Co.,03/10/2024
AB-OUT-06577-L,Ivory Wool Peacoat,287.21,18,outerwear,Textile World,12/20/2024
AB-FOO-06578-XL,Black Ankle Boot,94.53,10,Ftwr,ApparelSolns,11/09/2023
AB-TOP-06579-XXL,Beige Henley,249.01,16,Tshirts/Tops,TW Co.,07/12/2024
AB-OUT-06580-S,Ivory Blazer - S,174.11,-3,Jackets/Outerwear,Textile World Co,12/31/2023
AB-BOT-06581-XS,Emerald Linen Pant,26.06,23,BOTTOM,Textile World,01/26/2026
AB-FOO-06582-XS,Black Ballet Flat,$140.16,99,Shoes/Footwear,Apparel Sol.,12/20/2023
AB-ACC-06583-XS,Indigo Leather Tote,$167.05,125,MISC,A. Nord,03/25/2024
AB-TOP-06584-XS,Blush Button-Up Shirt,149.21,52,TOP,FH Wholesale (old),10/31/2025
AB-ACC-06585-S,Charcoal Woven Belt,$122.52,28,Accessory,Textile World Co,08/06/2024
AB-ACC-06586-S,Indigo Leather Tote - S,$273.87,9,ACC,Apparel Solutions,08/21/2024
AB-FOO-06587-XS,Indigo Ballet Flat,90.05,92,Footwear,,05/21/2025
AB-TOP-06588-S,White Tank Top - S,$216.67,7,TOPS,Textile World,07/29/2025
AB-OUT-06589-XS,Charcoal Denim Jacket,100.16,0,Jackets/Outerwear,Textile World,03/08/2025
AB-DRE-06590-S,Tan Wrap Dress - S,187.3,102,dress,Apparel Sol.,12/22/2024
AB-DRE-06591-XL,Charcoal Midi Dress - XL,85.86,98,Dresses,Fashion Hub Ltd,08/14/2024
AB-ACC-06592-L,Blush Wide-Brim Hat,$81.65,32,accessories,Apparel Solutions,05/28/2025
AB-DRE-06593-XXL,Black Slip Dress,26.47,76,Dresses,Fashion Hub,02/01/2024
AB-OUT-06594-L,Tan Trench Coat,126.56,23,Outerwear,A. Nord,11/09/2025
AB-DRE-06595-S,Cognac Maxi Dress - S,$100.15,92,Dresses,Fashion Hub Ltd,06/29/2023
AB-TOP-06596-M,Beige Turtleneck,276.85,86,TOP,ApparelSolns,05/16/2025
AB-BOT-06598-XL,White Skinny Jean,$240.33,-1,bottoms,FH Wholesale (old),04/17/2024
AB-BOT-06599-XS,Black Wide-Leg Trouser,$314.74,26,BOTTOM,Atelier Nord,06/23/2025
AB-FOO-06600-XS,Beige Loafer,$264.62,28,Ftwr,,11/11/2025
AB-OUT-06601-L,Black Wool Peacoat,$54.81,41,Jackets/Outerwear,Apparel Solutions,08/04/2024
AB-OUT-06602-M,Tan Denim Jacket,100.62,33,OUTER,Fashion Hub,10/31/2024
AB-ACC-06603-S,Tan Leather Tote,$317.69,110,accessories,Apparel Solutions,11/01/2024
AB-OUT-06604-XXL,Burgundy Puffer Vest,255.78,42,Outr,Atelier Nord Studio,01/07/2024
AB-BOT-06605-XL,Camel Skinny Jean,47.43,7,Btms,,09/06/2025
AB-BOT-06606-M,Tan Chino Pant - M,105.76,96,bottoms,TW Co.,12/24/2025
AB-DRE-06607-M,Camel Wrap Dress - M,244.89,120,dress,Textile World,03/03/2024
AB-ACC-06608-M,Emerald Wide-Brim Hat,80.21,75,Accessory,ApparelSolns,07/29/2024
AB-FOO-06609-XS,Blush Ballet Flat - XS,$33.44,4,Shoes/Footwear,Fashion Hub Ltd,10/08/2024
AB-ACC-06610-M,Blush Wide-Brim Hat - M,76.64,85,ACC,,09/25/2024
AB-DRE-06611-XXL,Emerald Midi Dress,$187.86,52,DRESS,TW Co.,02/06/2025
AB-ACC-06612-XL,Black Twill Scarf,186.36,40,ACC,Fashion Hub Ltd,08/07/2024
AB-DRE-06613-XL,Tan Wrap Dress,$95.40,116,Drss,Fashion Hub Ltd,08/04/2025
AB-DRE-06614-S,Black Maxi Dress - S,145.04,112,Dresses,Textile World Co,06/26/2024
AB-TOP-06615-L,Black Henley,65.31,92,TOPS,FH Wholesale (old),02/29/2024
AB-DRE-06616-XXL,Charcoal Shift Dress,$68.70,23,Dresses ,FH Wholesale (old),02/06/2025
AB-OUT-06617-XL,Ivory Trench Coat,284.02,90,Outr,Fashion Hub Ltd,03/28/2024
AB-TOP-06618-M,Blush Henley,46.46,63,TOPS,,01/12/2025
AB-FOO-06619-XL,Blush Ankle Boot - XL,194.27,21,SHOES,ApparelSolns,09/29/2024
AB-BOT-06620-S,Charcoal Denim Short,225.31,26,Bottoms,A. Nord,12/09/2023
AB-FOO-06621-L,Beige Low-Top Sneaker - L,151.44,27,Shoes/Footwear,Apparel Sol.,11/20/2023
AB-TOP-06622-L,Camel Cardigan,227.65,122,top,,08/09/2024
AB-DRE-06623-M,Cognac Maxi Dress - M,$71.28,12,Dresses ,Atelier Nord Studio,02/17/2025
AB-DRE-06624-XXL,Black Shift Dress - XXL,$218.78,89,Dresses,,03/03/2024
AB-FOO-06625-S,Beige Loafer - S,155.5,3,SHOES,Apparel Sol.,03/09/2025
AB-FOO-06626-L,Cognac Low-Top Sneaker,21.15,133,footwear,Fashion Hub Ltd,06/13/2024
AB-ACC-06628-XS,Ivory Woven Belt,$72.11,138,accessories,TW Co.,08/29/2025
AB-OUT-06629-XS,Beige Wool Peacoat - XS,$309.19,135,Outerwear,FH Wholesale (old),09/14/2023
AB-TOP-06631-S,Emerald Cardigan - S,$245.37,138,TOP,Fashion Hub Ltd,04/28/2024
AB-TOP-06632-XL,Cognac Turtleneck,$23.18,120,Tops,Apparel Sol.,05/04/2025
AB-OUT-06633-XL,Indigo Denim Jacket,$226.20,16,outerwear,Textile World,07/19/2025
AB-ACC-06634-XS,Burgundy Twill Scarf,23.42,125,ACC,ApparelSolns,11/18/2023
AB-FOO-06635-XL,Black Heeled Mule,327.94,83,SHOES,Apparel Solutions,12/19/2025
AB-DRE-06636-M,Burgundy Shift Dress,$268.53,29,Dresses ,Fashion Hub Ltd,04/09/2024
AB-BOT-06637-L,Emerald Denim Short,$74.39,78,Btms,A. Nord,01/12/2024
AB-TOP-06638-M,Burgundy Tank Top,166.61,66,TOP,Atelier Nord,01/28/2025
AB-OUT-06639-XL,Ivory Puffer Vest - XL,70.49,99,N/A,A. Nord,01/01/2024
AB-BOT-06640-S,Emerald Linen Pant,$301.10,58,Bottoms,Textile World,04/16/2025
AB-TOP-06641-XXL,Tan Turtleneck,183.89,10,Tshirts/Tops,Fashion Hub,10/23/2024
AB-OUT-06642-XXL,Blush Denim Jacket,$294.69,67,Jackets/Outerwear,FH Wholesale (old),10/28/2023
AB-ACC-06643-S,Camel Leather Tote,$279.23,101,accessories,Fashion Hub Ltd,12/17/2024
AB-ACC-06644-XL,Ivory Leather Tote,$134.57,136,Accessory,Atelier Nord Studio,02/12/2024
AB-ACC-06645-L,Burgundy Statement Earrings,290.09,36,Accessory,Fashion Hub,03/16/2025
AB-TOP-06646-S,Black Henley,$73.28,46,TOPS,ApparelSolns,03/06/2025
AB-ACC-06647-M,Emerald Leather Tote,$145.50,148,ACC,Textile World Co,11/30/2023
AB-TOP-06648-XL,White Turtleneck,75.75,32,top,ApparelSolns,11/28/2023
AB-DRE-06649-XXL,Emerald Shirt Dress,261.12,23,Drss,Fashion Hub Ltd,01/27/2025
AB-TOP-06650-XXL,White V-Neck Sweater - XXL,145.26,43,Tops,ApparelSolns,09/02/2023
AB-TOP-06650-XXL,White  V-Neck Sweater - XXL,145.26,43,Tops,ApparelSolns,09/02/2023
AB-OUT-06651-L,Camel Trench Coat - L,$288.15,60,OUTER,Atelier Nord,07/06/2025
AB-DRE-06652-M,White Shift Dress,271.08,117,Drss,ApparelSolns,01/24/2026
AB-DRE-06653-XS,Charcoal Maxi Dress,$268.11,145,Dresses,FH Wholesale (old),05/30/2025
AB-DRE-06654-L,Ivory Slip Dress,91.55,-3,Dresses ,Atelier Nord Studio,07/08/2023
AB-TOP-06656-XXL,Cognac Button-Up Shirt,162.42,26,top,Apparel Sol.,11/27/2024
AB-DRE-06657-XL,Black Maxi Dress,300.97,67,dress,Fashion Hub Ltd,01/08/2024
AB-FOO-06658-XS,Beige Espadrille,102.36,102,Shoes/Footwear,TW Co.,03/06/2026
AB-FOO-06658-XS,Be ige Espadrille,102.36,102,Shoes/Footwear,TW Co.,03/06/2026
AB-ACC-06659-XL,Cognac Leather Tote,149.36,119,accessories,Textile World,01/16/2024
AB-DRE-06660-XS,Indigo Shirt Dress,$85.90,116,DRESS,Atelier Nord,10/08/2025
AB-BOT-06661-XL,Camel Skinny Jean - XL,233.45,128,Pants/Bottoms,Textile World Co,01/26/2024
AB-BOT-06662-S,Ivory Chino Pant,$170.82,1,BOTTOM,Textile World Co,08/06/2024
AB-DRE-06663-S,Tan Wrap Dress - S,$253.82,134,Drss,FH Wholesale (old),01/12/2026
AB-DRE-06663-S,Tan Wrap Dre ss - S,$253.82,134,Drss,FH Wholesale (old),01/12/2026
AB-ACC-06664-XL,Camel Leather Tote,217.88,102,Accs,Fashion Hub Ltd,05/14/2024
AB-OUT-06665-XL,Camel Denim Jacket,239.16,64,Outerwear,TW Co.,05/09/2025
AB-ACC-06666-XS,Cognac Crossbody Bag,272.17,121,Accs,TW Co.,06/28/2025
AB-BOT-06667-XXL,Ivory Linen Pant,$261.43,26,Btms,Atelier Nord Studio,12/07/2024
AB-TOP-06668-S,Blush Tank Top - S,$123.88,128,Tops,TW Co.,06/21/2025
AB-BOT-06669-XS,Ivory Skinny Jean - XS,$138.46,9,bottoms,Textile World Co,09/05/2024
AB-TOP-06670-XL,Charcoal Turtleneck - XL,$39.54,121,Tshirts/Tops,Apparel Sol.,11/25/2025
AB-FOO-06671-XS,Indigo Heeled Mule - XS,174.89,79,footwear,Textile World Co,03/28/2025
AB-TOP-06672-L,Ivory Henley - L,166.83,7,Tshirts/Tops,Apparel Solutions,09/29/2023
AB-DRE-06673-S,Black Shirt Dress - S,$140.76,137,Dresses ,FH Wholesale (old),03/03/2024
AB-BOT-06674-XXL,Cognac Denim Short,140.12,56,Bottoms,Textile World Co,02/20/2025
AB-FOO-06676-L,Ivory Low-Top Sneaker,$101.26,89,SHOES,Fashion Hub,02/29/2024
AB-FOO-06677-L,Charcoal Ballet Flat,$91.47,44,Shoes/Footwear,Textile World Co,09/22/2023
AB-OUT-06678-M,Tan Trench Coat,48.05,20,outerwear,Atelier Nord Studio,05/22/2024
AB-OUT-06679-S,Ivory Blazer - S,$233.76,107,outerwear,Fashion Hub Ltd,05/02/2025
AB-FOO-06680-XXL,White Ankle Boot,124.81,11,Footwear,Apparel Sol.,02/02/2024
AB-DRE-06681-S,White Shirt Dress,85.92,99,Dresses,FH Wholesale (old),02/09/2024
AB-BOT-06682-S,Cognac Skinny Jean,54.35,140,Pants/Bottoms,A. Nord,03/27/2025
AB-DRE-06683-L,Blush Slip Dress,89.68,101,MISC,TW Co.,11/26/2024
AB-ACC-06684-XXL,Indigo Wide-Brim Hat,178.06,66,accessories,Fashion Hub,11/29/2025
AB-BOT-06685-L,Emerald Midi Skirt - L,28.39,106,BOTTOM,Atelier Nord Studio,06/25/2025
AB-BOT-06686-XXL,Tan Denim Short,$219.94,48,BOTTOM,Apparel Sol.,11/14/2024
AB-FOO-06687-XS,Beige Loafer,$132.77,121,footwear,A. Nord,10/22/2024
AB-TOP-06688-XL,Beige Cardigan - XL,$236.93,106,TOP,Apparel Solutions,12/20/2024
AB-TOP-06690-S,Blush Button-Up Shirt,161.34,129,TOP,,12/11/2025
AB-OUT-06691-XL,Blush Puffer Vest,$225.60,58,outerwear,TW Co.,11/09/2024
AB-OUT-06691-XL,Blush Puffe r Vest,$225.60,58,outerwear,TW Co.,11/09/2024
AB-FOO-06692-XS,Indigo Low-Top Sneaker,$149.01,79,Ftwr,TW Co.,03/02/2025
AB-FOO-06693-XL,Charcoal Low-Top Sneaker,30.44,38,Shoes/Footwear,Atelier Nord Studio,06/21/2024
AB-DRE-06694-S,Black Shift Dress,$267.94,99,Dresses ,Apparel Solutions,11/15/2024
AB-ACC-06695-XS,Ivory Twill Scarf - XS,264.87,44,Accessories,Atelier Nord Studio,01/27/2025
AB-DRE-06696-XL,Cognac Slip Dress,309.57,27,Drss,FH Wholesale (old),07/04/2025
AB-TOP-06697-XXL,Emerald Turtleneck - XXL,$79.34,41,Tops,A. Nord,06/11/2025
AB-DRE-06698-XL,Charcoal Wrap Dress,$107.10,125,DRESS,FH Wholesale (old),06/25/2024
AB-TOP-06699-XL,Indigo Silk Blouse - XL,181.45,96,Tshirts/Tops,Fashion Hub,11/19/2024
AB-DRE-06700-XL,Black Wrap Dress,249.71,26,Dresses,A. Nord,08/19/2025
AB-FOO-06701-L,Black Heeled Mule - L,$193.26,64,SHOES,Textile World,10/06/2025
AB-TOP-06702-XL,Ivory Turtleneck,28.39,120,Tshirts/Tops,Apparel Solutions,03/17/2026
AB-DRE-06703-S,Camel Slip Dress,$319.87,16,Dresses ,Apparel Solutions,02/16/2025
AB-DRE-06704-M,Blush Maxi Dress - M,152.85,133,dress,ApparelSolns,09/24/2024
AB-BOT-06705-XL,Ivory Linen Pant - XL,$312.56,126,Pants/Bottoms,Fashion Hub,11/01/2025
AB-ACC-06706-L,Blush Twill Scarf,$294.84,89,Accessory,Fashion Hub Ltd,08/18/2024
AB-OUT-06707-XXL,Cognac Trench Coat,52.84,103,Jackets/Outerwear,Apparel Sol.,10/08/2023
AB-TOP-06708-XS,Indigo Cardigan,$302.85,16,9,A. Nord,08/05/2025
AB-DRE-06709-L,White Midi Dress,140.06,55,DRESS,Atelier Nord,03/06/2024
AB-DRE-06710-L,Blush Shirt Dress,231.35,23,dress,Atelier Nord Studio,01/31/2025
AB-TOP-06711-S,Charcoal Button-Up Shirt,293.74,115,Tops,Atelier Nord,09/10/2024
AB-OUT-06712-M,Blush Wool Peacoat,231.75,98,outerwear,A. Nord,07/18/2025
AB-BOT-06713-L,Ivory Pleated Skirt - L,134.82,60,bottoms,FH Wholesale (old),12/20/2025
AB-FOO-06714-XXL,Ivory Loafer,217.21,110,SHOES,,01/08/2025
AB-OUT-06715-XS,Burgundy Denim Jacket - XS,184.61,81,OUTER,Fashion Hub,11/06/2024
AB-FOO-06716-XS,Camel Ankle Boot,210.07,45,Ftwr,ApparelSolns,09/25/2024
AB-BOT-06717-L,Cognac Pleated Skirt,$117.32,34,Bottoms,Apparel Sol.,10/28/2025
AB-ACC-06718-XL,White Crossbody Bag,269.95,14,,TW Co.,12/14/2025
AB-ACC-06718-XL,White  Crossbody Bag,269.95,14,,TW Co.,12/14/2025
AB-BOT-06719-XXL,Tan Wide-Leg Trouser,262.55,74,9,Textile World,07/31/2024
AB-ACC-06721-L,Blush Woven Belt - L,302.1,121,accessories,FH Wholesale (old),03/26/2024
AB-DRE-06722-XL,Indigo Maxi Dress - XL,61.17,66,Dresses ,A. Nord,12/20/2023
AB-OUT-06723-L,Charcoal Blazer,$145.68,130,Outr,ApparelSolns,06/24/2024
AB-OUT-06724-XXL,White Blazer - XXL,54.84,7,Outr,ApparelSolns,07/02/2024
AB-TOP-06725-L,Indigo Turtleneck - L,160.66,97,N/A,Atelier Nord,11/22/2024
AB-FOO-06726-XXL,Beige Ballet Flat - XXL,246.69,33,footwear,TW Co.,03/03/2024
AB-FOO-06727-S,Emerald Heeled Mule,$43.12,107,footwear,A. Nord,01/26/2025
AB-DRE-06728-XL,Emerald Shift Dress,$268.35,7,Dresses ,FH Wholesale (old),03/03/2026
AB-FOO-06729-M,Blush Ballet Flat - M,$300.17,137,Ftwr,FH Wholesale (old),07/28/2025
AB-FOO-06730-M,Camel Espadrille,186.18,135,footwear,Textile World Co,12/20/2023
AB-OUT-06731-L,Emerald Puffer Vest,$341.89,54,Outr,ApparelSolns,08/13/2025
AB-OUT-06732-M,Emerald Denim Jacket,$256.24,100,outerwear,,08/09/2025
AB-TOP-06733-L,Cognac Henley,$192.57,10,TOPS,Textile World,09/17/2024
AB-OUT-06736-M,Blush Trench Coat,124.92,37,outerwear,Apparel Solutions,09/24/2024
AB-FOO-06737-XS,White Heeled Mule,97.05,41,N/A,Apparel Solutions,04/26/2025
AB-OUT-06738-L,Black Wool Peacoat - L,$323.37,65,Outerwear,Apparel Sol.,04/11/2025
AB-TOP-06739-XS,Indigo Button-Up Shirt,$159.22,43,top,Textile World Co,01/27/2025
AB-TOP-06740-L,Blush Turtleneck,238.97,4,Tshirts/Tops,FH Wholesale (old),03/15/2025
AB-ACC-06741-XL,Blush Statement Earrings,$162.04,11,ACC,A. Nord,05/11/2025
AB-OUT-06742-XS,Black Wool Peacoat,$191.05,55,outerwear,Textile World Co,10/13/2025
AB-FOO-06743-M,Ivory Espadrille - M,$304.00,115,Ftwr,A. Nord,11/06/2025
AB-FOO-06744-M,Burgundy Heeled Mule,264.65,23,Ftwr,Atelier Nord,08/29/2025
AB-OUT-06745-XL,White Denim Jacket - XL,$72.76,104,9,Atelier Nord Studio,12/26/2025
AB-OUT-06746-L,Cognac Blazer,132.67,59,Jackets/Outerwear,Fashion Hub Ltd,08/01/2025
AB-BOT-06747-L,Cognac Midi Skirt,268.81,30,Btms,Textile World Co,06/12/2024
AB-DRE-06749-M,Beige Wrap Dress,140.22,70,Dresses ,A. Nord,03/14/2025
AB-OUT-06750-M,Black Denim Jacket,140.25,68,Jackets/Outerwear,Textile World,11/16/2025
AB-ACC-06752-S,Indigo Crossbody Bag,289.85,8,ACC,Fashion Hub Ltd,02/11/2026
AB-FOO-06754-XXL,Black Ankle Boot,278.25,90,Ftwr,,02/01/2024
AB-OUT-06755-M,Black Wool Peacoat,$135.38,109,Outr,ApparelSolns,08/22/2025
AB-OUT-06756-XS,Black Puffer Vest,$194.67,55,outerwear,Fashion Hub Ltd,06/08/2024
AB-TOP-06757-M,Ivory Tank Top,$326.46,31,TOP,Fashion Hub Ltd,05/29/2024
AB-ACC-06758-XL,Blush Crossbody Bag - XL,$229.44,37,Accs,Apparel Solutions,02/18/2025
AB-OUT-06759-XS,Indigo Puffer Vest,$165.85,50,Outerwear,,01/22/2026
AB-BOT-06760-M,Charcoal Wide-Leg Trouser,$305.30,69,Pants/Bottoms,A. Nord,12/22/2023
AB-TOP-06761-M,Cognac V-Neck Sweater - M,$243.65,114,TOPS,Apparel Solutions,11/18/2024
AB-OUT-06762-XXL,Indigo Moto Jacket,284.88,93,outerwear,Textile World Co,08/09/2023
AB-ACC-06763-XS,Camel Crossbody Bag,$77.02,136,ACC,Fashion Hub,06/13/2024
AB-TOP-06764-XXL,Charcoal Henley - XXL,209.73,94,top,TW Co.,01/16/2026
AB-OUT-06766-S,White Blazer - S,$82.51,146,Outr,Fashion Hub,08/15/2024
AB-ACC-06767-XXL,Emerald Crossbody Bag - XXL,158.3,77,Accs,TW Co.,05/27/2025
AB-TOP-06768-XL,Beige V-Neck Sweater - XL,227.68,143,TOPS,,08/22/2025
AB-TOP-06768-XL,Be ige V-Neck Sweater - XL,227.68,143,TOPS,,08/22/2025
AB-TOP-06769-S,Tan Button-Up Shirt,$336.27,92,top,,11/26/2025
AB-ACC-06770-M,Ivory Woven Belt - M,58.74,121,Accessory,A. Nord,11/06/2025
AB-OUT-06771-XS,Tan Blazer,$232.46,120,OUTER,Atelier Nord,02/04/2024
AB-BOT-06772-M,Cognac Midi Skirt - M,$277.20,18,Btms,Atelier Nord Studio,03/05/2024
AB-ACC-06773-L,Black Woven Belt - L,218.83,128,Accessories,ApparelSolns,05/31/2026
AB-ACC-06774-M,Black Woven Belt,225.75,13,Accessory,,12/13/2025
AB-DRE-06775-M,Blush Shirt Dress,225.33,21,Dresses ,Atelier Nord Studio,01/10/2024
AB-TOP-06776-XS,Beige Cardigan,51.79,89,TOP,Atelier Nord,12/10/2025
AB-FOO-06777-XXL,Charcoal Heeled Mule - XXL,65.42,61,Ftwr,Atelier Nord,02/26/2026
AB-TOP-06778-M,White Turtleneck,128.25,58,Tshirts/Tops,Apparel Sol.,02/07/2026
AB-FOO-06779-S,Camel Ballet Flat,230.44,65,Footwear,FH Wholesale (old),05/19/2025
AB-OUT-06781-S,Emerald Puffer Vest,274.71,87,Outerwear,Fashion Hub,04/12/2025
AB-ACC-06783-L,Ivory Wide-Brim Hat,26.2,84,Accessory,TW Co.,08/20/2025
AB-DRE-06784-XXL,Blush Shirt Dress,281.43,97,Dresses,ApparelSolns,01/06/2026
AB-DRE-06784-XXL,Blush Shirt Dre ss,281.43,97,Dresses,ApparelSolns,01/06/2026
AB-BOT-06785-XL,Camel Denim Short,126.68,88,Pants/Bottoms,A. Nord,08/20/2025
AB-OUT-06786-S,Burgundy Puffer Vest - S,197.72,74,outerwear,TW Co.,01/30/2024
AB-TOP-06787-XXL,Beige Crewneck Tee,$43.08,134,top,Apparel Sol.,05/10/2025
AB-FOO-06788-XL,Emerald Ballet Flat,167.84,47,footwear,Atelier Nord Studio,02/11/2026
AB-FOO-06789-XL,Tan Ankle Boot - XL,155.51,130,SHOES,Apparel Solutions,07/01/2024
AB-FOO-06790-S,Cognac Heeled Mule - S,226.03,18,Ftwr,,05/22/2025
AB-FOO-06791-M,Indigo Loafer,$132.91,4,footwear,ApparelSolns,10/03/2025
AB-OUT-06792-L,Blush Wool Peacoat,220.62,111,Outr,Textile World,08/24/2025
AB-OUT-06793-S,Charcoal Moto Jacket,48.17,136,Jackets/Outerwear,A. Nord,01/06/2026
AB-ACC-06794-M,Emerald Wide-Brim Hat,262.89,13,Accs,Atelier Nord,09/11/2025
AB-FOO-06795-XXL,Black Loafer - XXL,$25.91,99,footwear,TW Co.,05/04/2025
AB-BOT-06796-L,Camel Skinny Jean,258.87,73,Btms,Fashion Hub Ltd,07/31/2024
AB-FOO-06797-L,Tan Ankle Boot,302.87,64,Footwear,Apparel Solutions,02/08/2025
AB-OUT-06798-S,Beige Trench Coat - S,60.63,65,Outr,FH Wholesale (old),10/01/2025
AB-DRE-06799-L,Tan Wrap Dress,225.0,118,Dresses ,Textile World,03/11/2024
AB-FOO-06800-XXL,Beige Espadrille,53.99,44,footwear,Fashion Hub Ltd,01/01/2024
AB-BOT-06801-L,Indigo Midi Skirt - L,213.4,18,bottoms,,11/29/2025
AB-OUT-06802-M,Tan Puffer Vest,292.46,21,Outerwear,TW Co.,02/20/2025
AB-OUT-06803-L,Tan Denim Jacket,$163.61,10,outerwear,ApparelSolns,02/17/2025
AB-ACC-06804-M,Charcoal Wide-Brim Hat - M,170.37,105,Accessory,TW Co.,05/17/2024
AB-BOT-06805-XS,Burgundy Linen Pant - XS,47.12,49,Btms,TW Co.,11/01/2023
AB-ACC-06806-XXL,White Twill Scarf,41.97,134,accessories,Atelier Nord Studio,08/04/2024
AB-TOP-06808-XXL,Indigo Cardigan,81.46,9,Tshirts/Tops,ApparelSolns,04/21/2025
AB-OUT-06809-S,Camel Moto Jacket - S,$46.76,125,outerwear,Textile World Co,04/06/2024
AB-BOT-06810-L,Camel Wide-Leg Trouser - L,320.84,112,Pants/Bottoms,Apparel Sol.,03/26/2024
AB-TOP-06811-L,Black Cardigan - L,$142.63,60,TOP,Fashion Hub Ltd,05/04/2025
AB-OUT-06812-XL,Cognac Puffer Vest,$41.92,41,N/A,Textile World Co,01/12/2025
AB-TOP-06813-L,Black Crewneck Tee,$265.22,6,Tops,TW Co.,03/03/2025
AB-ACC-06814-XL,Emerald Woven Belt,240.35,24,Accs,Fashion Hub Ltd,09/14/2024
AB-TOP-06815-M,Indigo Tank Top,202.05,109,Tshirts/Tops,Atelier Nord Studio,09/02/2025
AB-DRE-06816-M,Tan Slip Dress,246.4,115,dress,Atelier Nord,07/02/2025
AB-TOP-06817-S,Burgundy Turtleneck - S,$185.77,81,Tshirts/Tops,Atelier Nord Studio,03/16/2025
AB-FOO-06818-L,Camel Espadrille - L,266.87,5,footwear,FH Wholesale (old),04/15/2026
AB-FOO-06819-XL,Burgundy Loafer,$247.27,119,9,Textile World,11/06/2024
AB-DRE-06820-L,Burgundy Slip Dress - L,66.5,13,dress,ApparelSolns,05/20/2025
AB-TOP-06821-S,Blush Button-Up Shirt,$98.27,54,Tops,Textile World Co,08/23/2023
AB-DRE-06822-S,Cognac Slip Dress,254.86,8,Dresses ,Fashion Hub Ltd,05/15/2023
AB-TOP-06823-L,Indigo Silk Blouse,122.7,114,TOPS,Apparel Solutions,06/12/2024
AB-BOT-06824-XL,Burgundy Midi Skirt,260.35,23,Bottoms,A. Nord,08/14/2024
AB-BOT-06825-M,Ivory Denim Short - M,51.96,36,BOTTOM,Fashion Hub Ltd,09/20/2025
AB-ACC-06826-S,Black Leather Tote - S,156.4,10,Accessory,Apparel Solutions,12/30/2024
AB-BOT-06827-XXL,Charcoal Chino Pant,247.79,139,Bottoms,TW Co.,12/26/2025
AB-TOP-06828-XXL,Cognac Button-Up Shirt,174.87,131,Tshirts/Tops,FH Wholesale (old),12/20/2025
AB-OUT-06829-XS,White Blazer,255.75,122,Jackets/Outerwear,Textile World,10/03/2023
AB-DRE-06830-S,Burgundy Shift Dress,$151.31,73,dress,Fashion Hub,04/09/2025
AB-OUT-06831-XS,Ivory Denim Jacket,55.35,27,Outr,Fashion Hub,12/18/2025
AB-OUT-06832-XS,White Puffer Vest,305.61,116,outerwear,Fashion Hub Ltd,01/01/2025
AB-OUT-06833-S,Blush Trench Coat - S,$118.00,107,OUTER,Fashion Hub Ltd,05/09/2025
AB-BOT-06834-L,Tan Midi Skirt,38.79,101,Bottoms,FH Wholesale (old),08/24/2025
AB-TOP-06835-L,Cognac Cardigan - L,93.44,86,Tshirts/Tops,,12/05/2023
AB-DRE-06836-M,Charcoal Maxi Dress,156.23,72,Drss,Apparel Solutions,05/20/2024
AB-ACC-06837-S,Camel Crossbody Bag - S,69.14,117,Accs,ApparelSolns,09/16/2024
AB-FOO-06839-L,White Ballet Flat - L,26.49,35,SHOES,Atelier Nord,10/01/2025
AB-FOO-06839-L,White  Ballet Flat - L,26.49,35,SHOES,Atelier Nord,10/01/2025
AB-ACC-06840-L,Tan Leather Tote - L,$48.21,15,ACC,FH Wholesale (old),04/19/2025
AB-DRE-06841-XS,Tan Shirt Dress,256.77,19,Drss,A. Nord,05/18/2024
AB-ACC-06842-XL,Beige Twill Scarf - XL,240.46,64,Accessory,,12/27/2023
AB-BOT-06843-M,Tan Skinny Jean - M,294.3,46,Pants/Bottoms,A. Nord,05/21/2024
AB-ACC-06844-XS,Indigo Wide-Brim Hat,$133.44,83,Accs,FH Wholesale (old),11/17/2025
AB-ACC-06844-XS,Indigo Wide -Brim Hat,$133.44,83,Accs,FH Wholesale (old),11/17/2025
AB-ACC-06845-S,Charcoal Statement Earrings - S,42.33,32,ACC,ApparelSolns,02/06/2026
AB-ACC-06846-XS,Tan Wide-Brim Hat,$70.69,130,Accs,A. Nord,10/07/2023
AB-DRE-06847-XXL,Burgundy Shirt Dress,131.64,45,DRESS,Atelier Nord Studio,06/15/2023
AB-FOO-06848-M,Black Loafer,227.73,55,Shoes/Footwear,Fashion Hub Ltd,05/08/2024
AB-ACC-06851-XXL,White Woven Belt,$145.67,36,Accessory,,02/14/2024
AB-FOO-06852-M,Burgundy Heeled Mule - M,25.24,104,Ftwr,Textile World Co,07/26/2024
AB-ACC-06854-L,Cognac Woven Belt,208.43,50,Accessory,Fashion Hub,02/13/2025
AB-DRE-06855-XXL,Indigo Wrap Dress,169.93,10,9,TW Co.,01/22/2025
AB-DRE-06856-XL,Camel Shift Dress,131.84,112,Dresses,,10/13/2024
AB-BOT-06857-S,White Wide-Leg Trouser,176.15,33,bottoms,Apparel Sol.,03/28/2025
AB-FOO-06858-L,Indigo Heeled Mule,89.82,73,SHOES,,01/19/2026
AB-TOP-06859-M,Burgundy Henley - M,$288.94,123,,Apparel Sol.,11/17/2024
AB-DRE-06860-S,Ivory Shirt Dress,$125.59,102,Drss,,11/06/2024
AB-DRE-06861-XL,Indigo Wrap Dress,$37.36,90,DRESS,TW Co.,03/12/2024
AB-OUT-06864-M,Tan Wool Peacoat - M,169.05,116,Outerwear,Fashion Hub Ltd,07/20/2024
AB-FOO-06865-M,Cognac Heeled Mule,$91.95,63,SHOES,FH Wholesale (old),01/26/2024
AB-BOT-06866-XS,Indigo Chino Pant - XS,172.0,60,BOTTOM,A. Nord,04/27/2024
AB-DRE-06867-XL,Camel Slip Dress,$203.92,32,dress,Textile World,04/15/2024
AB-DRE-06868-XL,Camel Midi Dress,133.81,8,Dresses ,Fashion Hub Ltd,03/21/2025
AB-BOT-06869-M,Charcoal Pleated Skirt,$165.76,90,bottoms,Fashion Hub,07/09/2024
AB-OUT-06870-XS,Camel Moto Jacket,$208.78,27,Outerwear,Fashion Hub Ltd,10/07/2023
AB-ACC-06871-XXL,Camel Twill Scarf,$296.68,22,Accessories,Atelier Nord,08/18/2025
AB-BOT-06872-XL,Beige Midi Skirt,$308.25,71,Btms,Textile World Co,01/05/2025
AB-OUT-06874-L,Ivory Moto Jacket,228.11,82,OUTER,Atelier Nord Studio,01/02/2025
AB-ACC-06875-S,Blush Wide-Brim Hat - S,$271.04,24,Accessory,Fashion Hub Ltd,11/13/2025
AB-OUT-06876-L,Camel Wool Peacoat - L,21.6,120,Jackets/Outerwear,Apparel Solutions,08/31/2023
AB-ACC-06877-XL,Black Leather Tote - XL,$74.81,15,Accs,Textile World Co,01/15/2026
AB-OUT-06878-XL,White Wool Peacoat,$117.91,75,9,Atelier Nord Studio,01/05/2024
AB-BOT-06879-S,Beige Linen Pant - S,145.5,75,Bottoms,Atelier Nord Studio,12/07/2023
AB-OUT-06880-XL,Blush Blazer,$316.26,131,outerwear,Atelier Nord,12/02/2023
AB-BOT-06881-L,Cognac Wide-Leg Trouser,138.27,98,Bottoms,Apparel Solutions,01/05/2024
AB-TOP-06882-XL,Blush Crewneck Tee - XL,$219.27,30,top,FH Wholesale (old),05/04/2026
AB-FOO-06883-XS,Cognac Loafer - XS,$242.08,0,Shoes/Footwear,FH Wholesale (old),07/09/2023
AB-DRE-06884-XL,Emerald Midi Dress,$184.27,101,dress,Textile World,12/21/2025
AB-FOO-06885-XXL,Emerald Espadrille - XXL,$264.63,39,Footwear,TW Co.,08/23/2023
AB-BOT-06886-XS,Emerald Skinny Jean,$316.24,138,Bottoms,Fashion Hub,08/10/2023
AB-OUT-06887-S,Burgundy Puffer Vest - S,82.64,110,Outerwear,TW Co.,07/17/2024
AB-ACC-06888-XS,Ivory Crossbody Bag,$95.49,95,Accessories,ApparelSolns,04/22/2026
AB-ACC-06889-XL,Beige Twill Scarf,152.17,47,Accessory,Fashion Hub,02/03/2025
AB-ACC-06890-XXL,Beige Leather Tote,249.03,88,Accessory,Textile World,01/11/2026
AB-BOT-06891-L,Cognac Linen Pant,124.52,60,Pants/Bottoms,,09/20/2024
AB-FOO-06892-L,Burgundy Low-Top Sneaker,195.01,138,Footwear,Textile World,11/18/2024
AB-ACC-06893-XL,Camel Statement Earrings - XL,$131.55,8,accessories,Apparel Sol.,10/24/2023
AB-FOO-06894-S,Burgundy Low-Top Sneaker,$131.94,131,footwear,,10/08/2024
AB-DRE-06895-XL,Ivory Maxi Dress,$104.37,55,Drss,Textile World,03/28/2025
AB-FOO-06896-L,White Loafer,207.11,6,footwear,Fashion Hub,11/10/2024
AB-DRE-06897-M,Emerald Slip Dress,23.59,38,MISC,TW Co.,07/16/2025
AB-OUT-06898-XXL,Camel Moto Jacket,303.9,76,Jackets/Outerwear,FH Wholesale (old),08/25/2023
AB-OUT-06899-M,Beige Denim Jacket - M,211.69,47,OUTER,Textile World,09/18/2024
AB-FOO-06900-XXL,Beige Loafer,101.07,67,footwear,FH Wholesale (old),02/17/2025
AB-FOO-06900-XXL,Be ige Loafer,101.07,67,footwear,FH Wholesale (old),02/17/2025
AB-TOP-06901-XL,Cognac V-Neck Sweater,$170.48,33,TOPS,Fashion Hub Ltd,02/23/2025
AB-DRE-06902-M,Cognac Shift Dress - M,$105.89,65,DRESS,A. Nord,07/29/2023
AB-DRE-06902-M,Cognac Shift Dre ss - M,$105.89,65,DRESS,A. Nord,07/29/2023
AB-TOP-06903-S,Indigo Silk Blouse - S,132.83,138,Tops,Atelier Nord Studio,05/10/2026
AB-TOP-06904-S,Tan Henley,258.0,5,TOP,Fashion Hub,06/24/2024
AB-OUT-06905-XL,White Moto Jacket,$108.35,43,OUTER,Atelier Nord Studio,01/27/2026
AB-OUT-06905-XL,White  Moto Jacket,$108.35,43,OUTER,Atelier Nord Studio,01/27/2026
AB-ACC-06906-L,Blush Statement Earrings,230.94,32,Accs,ApparelSolns,06/04/2024
AB-DRE-06907-XXL,Blush Shirt Dress,153.96,140,dress,Atelier Nord Studio,05/08/2024
AB-OUT-06908-XS,Burgundy Puffer Vest,50.19,18,Outr,Fashion Hub Ltd,03/09/2024
AB-BOT-06909-M,Ivory Chino Pant,$94.32,73,Btms,Textile World Co,01/09/2026
AB-OUT-06910-XS,Black Blazer,345.85,88,Outr,Textile World Co,09/09/2023
AB-FOO-06911-L,Black Espadrille,$287.25,68,Ftwr,Atelier Nord,08/16/2025
AB-DRE-06912-XL,Black Maxi Dress,$262.76,113,Drss,ApparelSolns,04/26/2025
AB-OUT-06913-XL,Camel Trench Coat,162.95,127,Outerwear,Atelier Nord,11/15/2024
AB-BOT-06914-XL,Tan Skinny Jean - XL,118.63,33,Pants/Bottoms,Textile World,06/15/2025
AB-FOO-06915-XL,Black Loafer - XL,267.98,14,Footwear,FH Wholesale (old),10/25/2023
AB-ACC-06916-S,Indigo Statement Earrings,202.91,78,Accessories,Apparel Sol.,03/05/2025
AB-ACC-06917-XS,Cognac Twill Scarf,$313.59,21,Accs,ApparelSolns,07/09/2023
AB-ACC-06918-S,Ivory Leather Tote - S,112.23,136,MISC,Fashion Hub Ltd,01/16/2026
AB-DRE-06919-S,Charcoal Maxi Dress,$341.92,47,dress,A. Nord,05/28/2025
AB-OUT-06920-L,Blush Denim Jacket,234.07,99,Jackets/Outerwear,Apparel Sol.,02/08/2024
AB-DRE-06921-XL,Indigo Slip Dress,$308.22,136,Drss,Apparel Sol.,08/15/2024
AB-TOP-06922-M,Indigo Cardigan,165.6,117,Tops,A. Nord,10/26/2024
AB-FOO-06923-S,White Heeled Mule,34.3,44,Shoes/Footwear,FH Wholesale (old),07/10/2024
AB-DRE-06924-XXL,Indigo Shift Dress,123.05,63,DRESS,Apparel Sol.,08/02/2024
AB-DRE-06925-XL,Beige Maxi Dress,$62.62,67,9,Apparel Sol.,02/27/2025
AB-ACC-06926-M,Camel Wide-Brim Hat,19.44,30,Accessories,Atelier Nord Studio,06/01/2025
AB-ACC-06927-XS,Blush Woven Belt - XS,224.76,98,Accessory,Apparel Sol.,02/20/2024
AB-BOT-06928-L,Black Chino Pant,211.24,16,Pants/Bottoms,Apparel Sol.,11/13/2024
AB-TOP-06929-XS,Tan Cardigan - XS,167.89,112,Tops,Textile World Co,04/29/2026
AB-DRE-06930-M,Beige Shirt Dress - M,169.91,41,DRESS,Apparel Sol.,03/29/2024
AB-FOO-06931-XXL,White Loafer,$84.77,36,footwear,TW Co.,06/15/2024
AB-TOP-06932-XXL,Emerald Henley - XXL,$43.31,1,top,,03/21/2026
AB-TOP-06933-XXL,Emerald Cardigan,$109.93,49,Tops,A. Nord,12/03/2024
AB-TOP-06934-XL,Cognac Button-Up Shirt,$266.80,119,Tops,FH Wholesale (old),10/07/2024
AB-FOO-06935-XS,Emerald Low-Top Sneaker,85.5,106,footwear,Apparel Sol.,07/08/2025
AB-DRE-06936-XL,Camel Maxi Dress,310.74,78,dress,TW Co.,08/20/2025
AB-OUT-06937-XL,Burgundy Denim Jacket,$232.71,106,outerwear,Textile World,02/19/2024
AB-OUT-06938-XS,Burgundy Blazer,$269.05,98,Outerwear,Atelier Nord,03/15/2024
AB-ACC-06939-XXL,Cognac Woven Belt - XXL,183.92,52,Accessories,Fashion Hub Ltd,10/03/2023
AB-FOO-06940-M,Tan Heeled Mule - M,219.71,114,Ftwr,Textile World Co,09/27/2025
AB-FOO-06941-XXL,Black Espadrille,268.73,54,Shoes/Footwear,FH Wholesale (old),09/03/2025
AB-TOP-06942-XS,Indigo Silk Blouse - XS,$117.78,125,TOP,ApparelSolns,08/25/2024
AB-TOP-06943-XL,Tan Silk Blouse - XL,$293.02,94,N/A,Apparel Sol.,05/18/2025
AB-OUT-06944-M,Beige Denim Jacket,181.66,24,outerwear,Apparel Sol.,04/13/2025
AB-BOT-06945-XS,Cognac Chino Pant,26.69,136,Bottoms,TW Co.,03/22/2024
AB-OUT-06946-XL,White Trench Coat,$125.17,78,Outr,TW Co.,08/31/2023
AB-BOT-06947-XXL,Charcoal Linen Pant,$124.07,54,Pants/Bottoms,,02/01/2024
AB-BOT-06948-XXL,Blush Midi Skirt,345.18,46,BOTTOM,Fashion Hub,06/25/2024
AB-DRE-06949-XS,Emerald Shift Dress,224.47,45,Dresses,Fashion Hub,09/16/2025
AB-ACC-06950-S,Camel Crossbody Bag,$48.97,72,,Apparel Sol.,02/25/2025
AB-BOT-06951-S,Indigo Denim Short,166.64,23,Btms,TW Co.,05/06/2024
AB-BOT-06952-M,Emerald Skinny Jean,$53.96,33,Pants/Bottoms,Fashion Hub,06/26/2023
AB-BOT-06954-XXL,Camel Wide-Leg Trouser,$19.01,96,Pants/Bottoms,Atelier Nord Studio,02/29/2024
AB-BOT-06955-L,Blush Linen Pant - L,41.48,91,Btms,ApparelSolns,10/10/2025
AB-BOT-06956-XXL,Cognac Denim Short - XXL,28.05,43,Bottoms,A. Nord,04/30/2024
AB-BOT-06957-XXL,Blush Skinny Jean,99.29,58,Pants/Bottoms,Fashion Hub Ltd,05/26/2024
AB-TOP-06958-XXL,Ivory Henley - XXL,$222.63,129,TOPS,TW Co.,01/08/2025
AB-TOP-06959-XXL,Burgundy Button-Up Shirt,180.39,34,,ApparelSolns,10/12/2024
AB-TOP-06960-S,Burgundy Silk Blouse,$107.90,110,top,Apparel Solutions,11/02/2023
AB-BOT-06961-M,Black Pleated Skirt,261.63,60,Bottoms,Apparel Solutions,12/11/2023
AB-OUT-06962-S,White Moto Jacket - S,18.4,102,OUTER,,07/27/2025
AB-FOO-06963-L,Ivory Loafer - L,279.89,38,Footwear,ApparelSolns,02/04/2024
AB-DRE-06964-L,Cognac Wrap Dress,245.43,107,,Fashion Hub,02/01/2025
AB-ACC-06965-M,Charcoal Leather Tote,305.45,92,accessories,Apparel Solutions,07/03/2024
AB-FOO-06966-XL,Beige Ballet Flat,188.13,37,Shoes/Footwear,Fashion Hub,12/27/2024
AB-DRE-06967-XL,Beige Midi Dress,$107.60,104,N/A,Atelier Nord,05/07/2025
AB-FOO-06968-M,Black Ankle Boot,$159.78,61,SHOES,Apparel Solutions,02/10/2026
AB-BOT-06969-L,Black Denim Short,138.21,99,Bottoms,Textile World,08/03/2023
AB-BOT-06969-L,Black De nim Short,138.21,99,Bottoms,Textile World,08/03/2023
AB-FOO-06970-XS,Camel Espadrille,90.97,94,9,ApparelSolns,09/22/2023
AB-TOP-06971-XS,Blush Henley - XS,138.29,100,Tshirts/Tops,ApparelSolns,07/18/2024
AB-DRE-06972-XL,Beige Slip Dress,$188.31,90,Drss,Fashion Hub,04/16/2025
AB-OUT-06973-XXL,Emerald Puffer Vest - XXL,$67.33,37,Outerwear,TW Co.,05/26/2024
AB-BOT-06974-S,Camel Skinny Jean - S,36.64,61,Pants/Bottoms,Fashion Hub Ltd,07/19/2025
AB-BOT-06974-S,Came l Skinny Jean - S,36.64,61,Pants/Bottoms,Fashion Hub Ltd,07/19/2025
AB-TOP-06975-L,Black V-Neck Sweater,273.26,25,Tops,Atelier Nord,10/24/2025
AB-BOT-06976-M,Charcoal Chino Pant - M,$246.62,23,Btms,Fashion Hub Ltd,03/25/2026
AB-DRE-06977-XS,Ivory Shirt Dress,197.49,18,dress,Textile World Co,03/22/2024
AB-BOT-06978-XL,Ivory Wide-Leg Trouser,$224.07,35,bottoms,A. Nord,09/20/2024
AB-TOP-06979-M,Tan Silk Blouse - M,109.73,37,Tshirts/Tops,Apparel Sol.,09/02/2024
AB-ACC-06980-S,Ivory Wide-Brim Hat,86.96,38,Accs,ApparelSolns,02/08/2024
AB-ACC-06981-XS,Burgundy Leather Tote - XS,26.93,48,Accessories,FH Wholesale (old),11/27/2023
AB-ACC-06981-XS,Burgundy Le ather Tote - XS,26.93,48,Accessories,FH Wholesale (old),11/27/2023
AB-OUT-06982-S,Beige Puffer Vest,$98.20,54,OUTER,TW Co.,08/30/2024
AB-OUT-06982-S,Be ige Puffer Vest,$98.20,54,OUTER,TW Co.,08/30/2024
AB-TOP-06983-XS,Beige Henley,119.21,47,top,Textile World Co,07/07/2025
AB-DRE-06984-XXL,White Maxi Dress - XXL,329.43,53,Dresses ,A. Nord,12/31/2024
AB-DRE-06985-XL,Burgundy Shirt Dress - XL,$146.99,125,Dresses,Apparel Sol.,03/18/2026
AB-OUT-06986-XL,Black Wool Peacoat - XL,$147.06,80,Outerwear,A. Nord,08/01/2024
AB-OUT-06987-XS,Camel Moto Jacket,17.45,119,outerwear,TW Co.,08/15/2023
AB-BOT-06989-M,Burgundy Skinny Jean,172.27,41,Pants/Bottoms,A. Nord,07/26/2024
AB-TOP-06990-S,Burgundy Henley,78.9,37,Tops,Atelier Nord,08/03/2024
AB-DRE-06991-XL,Tan Slip Dress,232.21,116,Dresses,Atelier Nord Studio,01/15/2024
AB-FOO-06992-S,Burgundy Espadrille,$77.37,128,Shoes/Footwear,ApparelSolns,02/23/2024
AB-TOP-06993-S,Indigo Button-Up Shirt,$64.40,36,Tops,Textile World,12/31/2024
AB-BOT-06994-XXL,Cognac Wide-Leg Trouser,77.23,76,BOTTOM,,01/31/2024
AB-BOT-06994-XXL,Cognac Wide -Leg Trouser,77.23,76,BOTTOM,,01/31/2024
AB-ACC-06995-M,Charcoal Leather Tote,$127.59,124,Accessory,FH Wholesale (old),05/07/2025
AB-TOP-06996-XXL,Black Button-Up Shirt,305.32,62,Tshirts/Tops,Fashion Hub Ltd,01/11/2024
AB-BOT-06997-S,Blush Pleated Skirt,185.42,39,Pants/Bottoms,Textile World,07/04/2024
AB-DRE-06998-XXL,Emerald Maxi Dress - XXL,175.4,46,dress,Fashion Hub,02/11/2025
AB-ACC-06999-XXL,Burgundy Leather Tote,$29.65,105,ACC,Apparel Sol.,01/09/2024
AB-ACC-07000-S,Burgundy Wide-Brim Hat,222.16,112,Accs,,04/21/2024
AB-FOO-07002-M,Beige Espadrille,244.6,5,Ftwr,FH Wholesale (old),06/20/2024
AB-BOT-07003-XL,Black Midi Skirt,$120.10,133,Bottoms,Apparel Solutions,09/29/2024
AB-FOO-07004-XL,Black Ballet Flat,123.33,122,Shoes/Footwear,Textile World,10/08/2023
AB-BOT-07005-XXL,Burgundy Wide-Leg Trouser,$23.51,113,Pants/Bottoms,Textile World,05/22/2023
AB-FOO-07006-XL,White Heeled Mule - XL,$204.81,77,SHOES,Atelier Nord Studio,11/05/2024
AB-DRE-07007-L,Tan Maxi Dress - L,$158.50,89,DRESS,Apparel Solutions,06/19/2024
AB-ACC-07008-M,White Wide-Brim Hat,$239.68,97,accessories,TW Co.,03/09/2026
AB-DRE-07009-XXL,Cognac Wrap Dress,$194.23,35,DRESS,A. Nord,04/10/2025
AB-ACC-07010-S,Burgundy Twill Scarf - S,260.47,94,Accessories,ApparelSolns,02/26/2026
AB-ACC-07010-S,Burgundy Twill Scarf - S ,260.47,94,Accessories,ApparelSolns,02/26/2026
AB-ACC-07011-M,Burgundy Statement Earrings - M,283.1,15,Accs,Fashion Hub Ltd,08/30/2025
AB-DRE-07012-L,Burgundy Shift Dress,202.02,18,Dresses,Textile World,01/05/2024
AB-OUT-07013-L,Indigo Blazer,290.71,129,Outr,Atelier Nord,10/19/2023
AB-ACC-07014-XS,Camel Wide-Brim Hat - XS,188.78,77,accessories,Apparel Sol.,04/02/2025
AB-TOP-07015-L,Charcoal Turtleneck,$64.45,73,TOPS,ApparelSolns,03/09/2026
AB-TOP-07015-L,Charcoal Turtle neck,$64.45,73,TOPS,ApparelSolns,03/09/2026
AB-DRE-07016-S,Burgundy Midi Dress,145.46,69,Drss,Fashion Hub Ltd,01/23/2026
AB-ACC-07017-S,Charcoal Statement Earrings - S,225.49,75,Accessories,Atelier Nord,05/09/2024
AB-DRE-07018-XXL,Burgundy Wrap Dress,$168.47,88,dress,Textile World Co,04/23/2024
AB-ACC-07019-XS,Charcoal Woven Belt,197.51,85,Accessory,FH Wholesale (old),10/24/2025
AB-OUT-07020-XXL,Charcoal Puffer Vest,226.5,93,Outerwear,Fashion Hub,05/21/2024
AB-ACC-07021-S,Burgundy Twill Scarf,$312.17,53,accessories,Textile World Co,10/02/2025
AB-OUT-07022-L,Beige Wool Peacoat,152.93,118,Jackets/Outerwear,Apparel Sol.,10/02/2023
AB-OUT-07024-XS,Charcoal Blazer,315.26,7,Outr,Atelier Nord Studio,04/01/2025
AB-FOO-07025-XS,Burgundy Ankle Boot - XS,$253.52,27,footwear,Fashion Hub Ltd,05/06/2024
AB-DRE-07026-XS,Cognac Shift Dress,$134.03,76,Drss,Apparel Sol.,10/06/2023
AB-TOP-07027-XL,Burgundy V-Neck Sweater,$113.22,5,TOP,Atelier Nord,10/11/2023
AB-DRE-07028-XS,Beige Shift Dress,203.6,15,dress,Fashion Hub,02/04/2025
AB-BOT-07029-XXL,Charcoal Linen Pant - XXL,220.65,85,Bottoms,Fashion Hub Ltd,06/07/2025
AB-BOT-07030-XL,Camel Skinny Jean,23.46,106,9,Textile World Co,09/06/2024
AB-TOP-07031-S,White Button-Up Shirt - S,31.54,10,top,Fashion Hub,08/29/2025
AB-DRE-07032-XS,Charcoal Shirt Dress,$258.28,94,Dresses ,Fashion Hub Ltd,08/02/2025
AB-TOP-07033-M,White Turtleneck,191.63,3,Tshirts/Tops,Atelier Nord,08/16/2024
AB-OUT-07034-L,Indigo Moto Jacket,212.45,68,Jackets/Outerwear,Apparel Solutions,02/07/2024
AB-DRE-07035-M,Charcoal Slip Dress,$119.44,13,Dresses,,12/18/2024
AB-DRE-07036-XXL,Camel Wrap Dress,$314.64,114,dress,Textile World Co,09/24/2023
AB-DRE-07038-XS,White Wrap Dress,$76.52,120,dress,Atelier Nord,11/25/2025
AB-TOP-07040-XS,Blush Cardigan,$321.96,120,Tops,Apparel Solutions,12/30/2023
AB-DRE-07041-XS,Charcoal Shift Dress,$168.24,127,DRESS,Fashion Hub,09/22/2023
AB-BOT-07042-L,Black Wide-Leg Trouser - L,118.44,8,BOTTOM,Textile World,04/10/2025
AB-ACC-07043-XXL,Blush Woven Belt,$102.92,5,ACC,TW Co.,12/30/2024
AB-FOO-07044-XS,Burgundy Heeled Mule,$214.87,45,SHOES,A. Nord,05/16/2024
AB-BOT-07045-L,Charcoal Midi Skirt - L,48.06,3,bottoms,FH Wholesale (old),06/30/2025
AB-ACC-07046-XL,Beige Statement Earrings - XL,$264.93,40,Accessories,TW Co.,08/05/2025
AB-ACC-07047-XS,Black Woven Belt,$67.19,115,Accessory,FH Wholesale (old),09/01/2025
AB-ACC-07047-XS,Black Wove n Belt,$67.19,115,Accessory,FH Wholesale (old),09/01/2025
AB-TOP-07048-XXL,Tan Silk Blouse - XXL,175.06,103,top,Textile World Co,01/20/2026
AB-DRE-07049-M,White Shirt Dress,202.99,91,Dresses ,Apparel Sol.,02/04/2024
AB-ACC-07050-XXL,Camel Leather Tote,286.29,38,ACC,,01/05/2025
AB-OUT-07051-S,Tan Wool Peacoat,$86.57,110,Jackets/Outerwear,A. Nord,03/05/2025
AB-FOO-07052-M,Indigo Heeled Mule - M,$251.28,9,footwear,Fashion Hub Ltd,11/09/2024
AB-TOP-07053-XXL,Beige Silk Blouse,229.15,119,MISC,Textile World Co,01/19/2024
AB-DRE-07054-XXL,Black Midi Dress,$151.90,127,Drss,Atelier Nord,02/14/2025
AB-FOO-07055-L,Tan Low-Top Sneaker - L,152.51,17,Shoes/Footwear,Atelier Nord Studio,10/12/2023
AB-OUT-07056-XXL,Cognac Moto Jacket,96.49,13,Outerwear,Textile World,04/17/2025
AB-FOO-07057-M,Tan Low-Top Sneaker - M,229.25,56,Shoes/Footwear,Fashion Hub,03/23/2024
AB-ACC-07058-L,Blush Twill Scarf,34.17,57,,Textile World,10/15/2025
AB-BOT-07059-L,Indigo Midi Skirt - L,286.63,99,Btms,Fashion Hub Ltd,08/17/2025
AB-BOT-07060-L,White Skinny Jean,184.3,68,Btms,TW Co.,06/13/2025
AB-TOP-07061-XXL,Indigo Silk Blouse - XXL,$31.84,107,Tops,Atelier Nord Studio,02/11/2025
AB-OUT-07062-XS,White Moto Jacket,$19.02,61,Outr,Apparel Sol.,04/14/2025
AB-TOP-07063-XXL,Tan Silk Blouse,141.45,123,TOPS,A. Nord,01/10/2024
AB-OUT-07064-L,Cognac Moto Jacket - L,$276.41,63,Outerwear,TW Co.,06/22/2024
AB-FOO-07065-M,Tan Loafer,$137.53,103,Shoes/Footwear,Fashion Hub Ltd,10/01/2025
AB-OUT-07066-XXL,Black Denim Jacket,115.8,134,OUTER,ApparelSolns,05/17/2025
AB-OUT-07066-XXL,Black De nim Jacket,115.8,134,OUTER,ApparelSolns,05/17/2025
AB-TOP-07067-XS,Blush Crewneck Tee,$177.94,18,TOPS,FH Wholesale (old),11/18/2024
AB-ACC-07068-M,Ivory Wide-Brim Hat,232.27,119,ACC,Fashion Hub Ltd,03/27/2026
AB-TOP-07069-L,Blush Tank Top,106.5,19,top,Apparel Solutions,08/02/2025
AB-FOO-07070-XS,Camel Espadrille - XS,$97.39,106,Footwear,Textile World Co,11/25/2023
AB-OUT-07071-XS,Blush Moto Jacket,213.7,9,OUTER,TW Co.,12/02/2024
AB-OUT-07072-XS,Beige Moto Jacket,245.61,79,Outr,Fashion Hub Ltd,03/14/2025
AB-FOO-07073-L,Indigo Low-Top Sneaker,$215.58,60,Footwear,Apparel Solutions,04/06/2024
AB-TOP-07074-M,Emerald Henley,318.23,122,Tops,Fashion Hub Ltd,11/29/2024
AB-OUT-07075-XS,Blush Wool Peacoat - XS,108.53,126,Outerwear,Fashion Hub Ltd,08/23/2024
AB-ACC-07076-XS,Burgundy Leather Tote,$241.00,90,Accessory,Apparel Sol.,04/09/2025
AB-ACC-07077-XL,Ivory Leather Tote,36.07,125,Accessory,ApparelSolns,08/21/2024
AB-FOO-07078-S,Black Heeled Mule,77.69,126,Shoes/Footwear,Fashion Hub,05/19/2024
AB-FOO-07079-M,Emerald Heeled Mule,162.16,94,Footwear,A. Nord,04/29/2026
AB-BOT-07080-XS,Blush Midi Skirt - XS,$93.23,134,bottoms,Apparel Solutions,09/18/2024
AB-BOT-07081-L,Ivory Denim Short,173.28,35,Btms,FH Wholesale (old),10/05/2023
AB-OUT-07082-XXL,Black Puffer Vest,$84.59,138,Jackets/Outerwear,Fashion Hub Ltd,11/21/2023
AB-TOP-07083-S,Black V-Neck Sweater - S,263.52,4,Tshirts/Tops,Textile World Co,11/08/2024
AB-BOT-07084-M,Charcoal Midi Skirt,244.89,103,Bottoms,Fashion Hub Ltd,12/14/2023
AB-FOO-07085-XS,Beige Espadrille,125.33,133,Footwear,Atelier Nord Studio,03/15/2025
AB-DRE-07086-L,Indigo Wrap Dress,$174.67,127,Dresses ,Fashion Hub,09/27/2024
AB-DRE-07087-XL,Camel Shift Dress,106.08,77,DRESS,Fashion Hub,06/13/2025
AB-ACC-07088-XXL,Indigo Statement Earrings,147.77,36,Accessories,Fashion Hub Ltd,03/13/2024
AB-DRE-07090-XS,Tan Shift Dress,$220.18,4,Dresses,Textile World Co,11/09/2025
AB-BOT-07091-M,Tan Denim Short,125.48,84,bottoms,A. Nord,06/05/2025
AB-BOT-07092-XL,Burgundy Skinny Jean,132.01,129,bottoms,Apparel Sol.,01/17/2026
AB-OUT-07093-XL,Beige Wool Peacoat - XL,258.26,115,outerwear,Textile World Co,06/01/2024
AB-DRE-07094-XS,Beige Midi Dress,71.05,138,DRESS,Fashion Hub Ltd,07/12/2024
AB-FOO-07095-XS,Indigo Heeled Mule - XS,99.06,58,footwear,Apparel Sol.,08/04/2025
AB-ACC-07096-XXL,Tan Leather Tote - XXL,294.09,88,9,A. Nord,10/28/2025
AB-ACC-07097-XL,Black Statement Earrings - XL,174.63,112,Accs,Fashion Hub Ltd,05/12/2024
AB-BOT-07098-L,Burgundy Midi Skirt - L,156.99,59,Pants/Bottoms,,02/14/2024
AB-FOO-07099-XXL,Charcoal Espadrille - XXL,$74.54,4,Shoes/Footwear,Apparel Sol.,11/20/2023
AB-BOT-07100-S,Beige Pleated Skirt,$192.96,74,Pants/Bottoms,Atelier Nord,04/11/2024
AB-OUT-07102-XXL,Indigo Denim Jacket,267.79,104,outerwear,Fashion Hub Ltd,09/04/2023
AB-TOP-07103-L,Indigo Crewneck Tee - L,$171.54,114,TOPS,Apparel Solutions,11/15/2024
AB-FOO-07105-S,Beige Low-Top Sneaker,91.72,10,MISC,ApparelSolns,09/15/2025
AB-ACC-07106-M,Burgundy Woven Belt,$24.51,59,Accessories,ApparelSolns,01/19/2025
AB-FOO-07107-XL,Charcoal Heeled Mule,259.57,96,footwear,Textile World Co,07/26/2024
AB-FOO-07108-XS,Cognac Ankle Boot,$111.90,135,Footwear,ApparelSolns,08/30/2024
AB-TOP-07109-XXL,Beige Silk Blouse,$256.68,42,TOPS,Atelier Nord,04/25/2024
AB-ACC-07110-S,Burgundy Wide-Brim Hat - S,$124.30,51,Accessory,FH Wholesale (old),10/02/2023
AB-OUT-07111-XL,Emerald Moto Jacket,$210.11,74,OUTER,Fashion Hub,11/21/2025
AB-FOO-07112-XL,Emerald Espadrille - XL,304.06,20,Footwear,Atelier Nord,12/08/2024
AB-TOP-07113-M,Charcoal Turtleneck,38.93,135,TOP,,10/05/2023
AB-FOO-07114-M,Burgundy Espadrille,100.82,35,SHOES,Apparel Solutions,10/10/2024
AB-BOT-07115-XL,Emerald Wide-Leg Trouser,$111.06,125,Bottoms,,10/02/2025
AB-ACC-07116-M,Ivory Woven Belt - M,149.28,78,Accessory,Fashion Hub Ltd,01/13/2024
AB-FOO-07117-S,Black Low-Top Sneaker - S,$274.01,11,Ftwr,Apparel Sol.,08/27/2025
AB-ACC-07118-XL,Emerald Twill Scarf - XL,$155.49,72,ACC,Atelier Nord,12/03/2024
AB-TOP-07119-S,Blush Crewneck Tee - S,$158.58,90,TOPS,ApparelSolns,08/14/2025
AB-TOP-07120-L,Indigo Turtleneck - L,$77.84,99,Tshirts/Tops,Textile World,10/01/2023
AB-DRE-07121-L,Camel Midi Dress,45.82,91,dress,Apparel Solutions,06/26/2025
AB-TOP-07122-S,Burgundy Cardigan,209.64,111,top,Textile World,12/25/2024
AB-ACC-07123-M,Tan Twill Scarf,298.44,58,Accessories,Textile World,03/13/2025
AB-BOT-07124-XL,Camel Chino Pant,38.5,135,Btms,Apparel Sol.,10/26/2023
AB-OUT-07126-L,Camel Moto Jacket - L,42.22,71,Jackets/Outerwear,Fashion Hub Ltd,11/13/2025
AB-TOP-07127-XS,Camel Cardigan - XS,$34.86,40,TOP,Fashion Hub Ltd,04/06/2024
AB-OUT-07128-S,Cognac Blazer - S,$300.28,109,Jackets/Outerwear,ApparelSolns,02/09/2026
AB-BOT-07129-S,Cognac Chino Pant,$162.17,91,Btms,Atelier Nord Studio,11/04/2024
AB-DRE-07130-S,Ivory Wrap Dress - S,325.43,124,N/A,Apparel Solutions,12/07/2025
AB-DRE-07130-S,Ivory Wrap Dre ss - S,325.43,124,N/A,Apparel Solutions,12/07/2025
AB-TOP-07131-XS,Blush Button-Up Shirt - XS,153.05,1,top,Textile World Co,01/06/2026
AB-BOT-07132-S,Tan Denim Short,$256.35,110,Pants/Bottoms,Atelier Nord Studio,08/02/2024
AB-BOT-07133-XXL,Charcoal Denim Short,165.95,92,bottoms,A. Nord,05/28/2024
AB-OUT-07134-M,Camel Wool Peacoat - M,$21.55,78,Outerwear,Apparel Solutions,01/14/2025
AB-ACC-07135-S,Beige Wide-Brim Hat,$141.93,92,ACC,Atelier Nord Studio,09/28/2024
AB-BOT-07136-M,Tan Chino Pant,$67.11,12,Pants/Bottoms,Textile World Co,03/18/2026
AB-FOO-07137-XS,Emerald Ballet Flat - XS,102.52,79,,Apparel Sol.,10/13/2024
AB-OUT-07138-XXL,Cognac Wool Peacoat,$208.55,-3,OUTER,Textile World Co,02/20/2024
AB-FOO-07139-L,Tan Espadrille,$251.88,41,Footwear,,02/22/2026
AB-OUT-07140-S,Camel Moto Jacket,300.69,37,Outr,Apparel Solutions,03/08/2026
AB-FOO-07141-M,White Heeled Mule,$99.79,68,Shoes/Footwear,Textile World,03/24/2024
AB-TOP-07142-XL,Beige Silk Blouse,$281.70,61,Tops,A. Nord,04/14/2025
AB-DRE-07143-S,Camel Shift Dress - S,40.11,66,Drss,Apparel Solutions,08/27/2025
AB-ACC-07145-XXL,Beige Statement Earrings,162.79,114,Accessory,Fashion Hub,07/22/2024
AB-BOT-07146-XXL,Camel Midi Skirt,$165.42,78,bottoms,Textile World Co,11/01/2024
AB-OUT-07147-M,White Moto Jacket,$177.75,46,outerwear,A. Nord,02/11/2025
AB-FOO-07148-L,Blush Ankle Boot,270.89,103,SHOES,FH Wholesale (old),04/18/2024
AB-FOO-07150-S,Emerald Espadrille - S,118.26,55,N/A,FH Wholesale (old),10/03/2023
AB-FOO-07151-L,White Espadrille,143.46,30,Shoes/Footwear,Atelier Nord,09/20/2024
AB-BOT-07152-XXL,Burgundy Pleated Skirt - XXL,201.83,139,BOTTOM,Atelier Nord Studio,05/07/2025
AB-ACC-07153-XXL,Tan Wide-Brim Hat,$165.74,106,Accs,Atelier Nord,06/17/2024
AB-ACC-07154-S,Cognac Twill Scarf,112.66,46,ACC,TW Co.,01/12/2024
AB-DRE-07155-XXL,Indigo Maxi Dress - XXL,157.69,111,Dresses ,,09/13/2023
AB-OUT-07156-XXL,White Denim Jacket,168.01,91,Jackets/Outerwear,Apparel Sol.,03/26/2025
AB-FOO-07157-L,Blush Low-Top Sneaker,$222.10,49,Footwear,,08/28/2024
AB-BOT-07158-XS,Cognac Denim Short,233.62,48,bottoms,,05/24/2024
AB-TOP-07159-S,Emerald Turtleneck - S,$115.14,39,TOP,Apparel Sol.,09/16/2024
AB-OUT-07160-M,White Moto Jacket,$174.01,47,Outerwear,Apparel Sol.,05/28/2026
AB-BOT-07161-XS,Cognac Skinny Jean,43.35,34,Btms,Apparel Solutions,02/24/2026
AB-FOO-07162-XS,Emerald Ankle Boot - XS,$156.59,109,Ftwr,,11/13/2025
AB-FOO-07163-S,White Low-Top Sneaker,251.3,100,SHOES,Fashion Hub Ltd,02/21/2026
AB-DRE-07164-XL,Charcoal Shift Dress - XL,76.54,73,Dresses ,Textile World,12/16/2023
AB-DRE-07165-S,Black Shift Dress,87.61,44,Drss,ApparelSolns,12/17/2025
AB-ACC-07166-XS,Black Twill Scarf,117.09,76,Accessories,TW Co.,10/02/2025
AB-OUT-07167-XL,Blush Denim Jacket,103.23,76,outerwear,FH Wholesale (old),10/14/2025
AB-FOO-07168-XS,Emerald Heeled Mule - XS,46.78,122,SHOES,TW Co.,10/04/2023
AB-DRE-07169-XXL,Cognac Maxi Dress,131.89,38,Dresses ,TW Co.,04/01/2024
AB-TOP-07170-S,Camel V-Neck Sweater,111.64,106,top,Apparel Sol.,03/24/2026
AB-BOT-07171-L,Indigo Midi Skirt,$154.08,123,Pants/Bottoms,Textile World Co,07/26/2024
AB-OUT-07172-XXL,Camel Blazer - XXL,235.93,129,Outr,Apparel Sol.,02/11/2026
AB-TOP-07173-L,Tan Crewneck Tee,243.09,105,TOP,TW Co.,10/16/2025
AB-OUT-07174-S,Beige Trench Coat,133.91,5,,Fashion Hub,08/27/2024
AB-BOT-07175-M,Beige Midi Skirt - M,185.43,35,BOTTOM,TW Co.,10/20/2025
AB-TOP-07176-S,Beige V-Neck Sweater,$147.71,54,TOP,Apparel Solutions,04/19/2025
AB-ACC-07177-L,Black Woven Belt - L,182.03,43,Accs,Atelier Nord Studio,11/05/2023
AB-FOO-07178-S,Burgundy Loafer,$59.30,30,Footwear,Atelier Nord Studio,03/07/2024
AB-BOT-07179-XL,Charcoal Skinny Jean,231.76,129,BOTTOM,Textile World,02/15/2024
AB-FOO-07180-XS,Black Loafer,299.76,85,footwear,Apparel Sol.,04/09/2025
AB-DRE-07181-L,Emerald Shift Dress,147.93,15,Drss,,08/16/2025
AB-ACC-07182-XS,Cognac Crossbody Bag,29.48,7,9,Textile World,06/06/2023
AB-DRE-07183-M,Burgundy Shirt Dress - M,$172.73,20,Dresses ,A. Nord,12/06/2025
AB-ACC-07184-M,White Leather Tote,$287.73,121,Accs,Textile World,09/09/2023
AB-DRE-07185-S,Camel Maxi Dress,45.94,27,Dresses,Textile World,09/13/2023
AB-DRE-07186-M,Beige Shift Dress - M,195.27,106,Drss,Textile World,03/08/2025
AB-ACC-07187-L,Beige Twill Scarf - L,184.13,17,accessories,FH Wholesale (old),08/02/2024
AB-OUT-07188-L,White Wool Peacoat,110.79,21,Outr,Atelier Nord,11/14/2023
AB-DRE-07189-XL,Camel Slip Dress,250.62,6,DRESS,TW Co.,12/13/2024
AB-TOP-07190-XL,Indigo V-Neck Sweater - XL,53.99,21,top,FH Wholesale (old),10/09/2024
AB-ACC-07191-L,Burgundy Leather Tote,$215.16,70,ACC,Fashion Hub,02/12/2024
AB-ACC-07191-L,Burgundy Le ather Tote,$215.16,70,ACC,Fashion Hub,02/12/2024
AB-FOO-07192-XXL,Blush Ballet Flat,$214.53,126,SHOES,TW Co.,12/27/2023
AB-BOT-07193-XL,Black Skinny Jean,$28.08,42,Btms,Atelier Nord,06/06/2024
AB-BOT-07194-XXL,Charcoal Pleated Skirt,135.78,45,Pants/Bottoms,FH Wholesale (old),02/10/2026
AB-DRE-07195-S,Burgundy Maxi Dress,$240.45,139,Dresses ,Apparel Solutions,07/16/2025
AB-OUT-07197-L,Camel Moto Jacket,183.47,84,Outr,ApparelSolns,10/03/2024
AB-DRE-07198-L,Tan Wrap Dress,65.11,64,Drss,TW Co.,09/28/2023
AB-DRE-07199-XXL,Emerald Shirt Dress,53.0,39,MISC,Apparel Sol.,09/16/2024
AB-BOT-07200-XXL,White Denim Short,97.17,18,bottoms,FH Wholesale (old),04/28/2025
AB-OUT-07201-L,Emerald Denim Jacket,$210.16,90,OUTER,Fashion Hub Ltd,10/24/2023
AB-TOP-07202-XL,Tan Tank Top,$191.06,10,TOPS,A. Nord,07/20/2024
AB-ACC-07203-M,Beige Leather Tote,197.23,8,accessories,Textile World Co,03/13/2026
AB-FOO-07204-XL,Tan Espadrille,117.65,138,Shoes/Footwear,,10/25/2025
AB-ACC-07205-XL,Emerald Woven Belt,193.54,142,accessories,Textile World Co,10/22/2023
AB-BOT-07206-S,Black Chino Pant,148.36,21,Bottoms,Atelier Nord,01/03/2024
AB-TOP-07207-XL,Cognac Tank Top,189.08,78,9,Atelier Nord,04/10/2025
AB-TOP-07207-XL,Cognac Tank Top ,189.08,78,9,Atelier Nord,04/10/2025
AB-TOP-07209-XS,Camel Turtleneck,227.13,30,Tshirts/Tops,ApparelSolns,09/16/2024
AB-TOP-07210-XXL,Black Tank Top,184.45,75,top,FH Wholesale (old),11/12/2025
AB-ACC-07211-L,White Crossbody Bag,18.2,71,Accessories,Fashion Hub,04/30/2025
AB-DRE-07212-XXL,Burgundy Shift Dress,$240.37,33,Dresses,FH Wholesale (old),04/28/2025
AB-BOT-07213-XL,Camel Linen Pant,22.27,72,Btms,Fashion Hub Ltd,04/19/2025
AB-DRE-07214-M,Blush Midi Dress,$233.28,98,Dresses,Textile World Co,01/20/2024
AB-DRE-07215-XS,Indigo Shift Dress - XS,99.31,28,Drss,ApparelSolns,09/04/2025
AB-ACC-07216-XL,Burgundy Statement Earrings,$34.18,14,accessories,Atelier Nord Studio,02/12/2025
AB-BOT-07217-XS,Ivory Linen Pant - XS,63.91,65,Btms,Apparel Solutions,11/28/2023
AB-OUT-07218-XS,White Denim Jacket,$295.66,78,Outerwear,,02/03/2025
AB-BOT-07219-XXL,Camel Wide-Leg Trouser - XXL,199.53,87,BOTTOM,FH Wholesale (old),09/25/2025
AB-BOT-07220-XS,Indigo Linen Pant,$56.52,106,Btms,Textile World,09/04/2025
AB-FOO-07221-XS,Cognac Ballet Flat,18.37,16,Shoes/Footwear,Fashion Hub Ltd,02/25/2024
AB-ACC-07222-XXL,Charcoal Leather Tote - XXL,55.88,116,MISC,FH Wholesale (old),07/24/2025
AB-BOT-07224-XXL,Burgundy Denim Short,123.73,78,Pants/Bottoms,Textile World Co,11/20/2023
AB-DRE-07225-M,Camel Midi Dress,279.45,44,Drss,A. Nord,11/13/2025
AB-FOO-07226-L,Burgundy Ankle Boot,$224.00,14,Shoes/Footwear,Apparel Sol.,06/21/2024
AB-BOT-07227-XXL,Tan Denim Short,$119.29,94,BOTTOM,Fashion Hub,10/24/2023
AB-FOO-07228-S,Camel Espadrille - S,$145.59,59,Shoes/Footwear,Fashion Hub Ltd,12/23/2024
AB-BOT-07229-L,Emerald Pleated Skirt - L,40.2,128,Btms,Textile World,09/21/2024
AB-BOT-07230-XS,Camel Chino Pant,277.1,95,bottoms,Fashion Hub Ltd,06/08/2025
AB-TOP-07231-L,Burgundy Tank Top,126.68,86,TOPS,Fashion Hub,09/25/2023
AB-FOO-07232-M,Beige Ballet Flat - M,$73.84,108,Shoes/Footwear,Apparel Solutions,07/27/2024
AB-BOT-07233-S,Blush Linen Pant,46.49,37,Bottoms,Textile World Co,12/22/2023
AB-FOO-07234-M,Ivory Ballet Flat,$295.41,43,Ftwr,A. Nord,04/13/2025
AB-FOO-07235-S,Tan Ankle Boot,$266.47,13,Shoes/Footwear,Fashion Hub Ltd,03/12/2025
AB-OUT-07236-M,Indigo Trench Coat,$215.14,61,OUTER,Fashion Hub Ltd,07/16/2025
AB-DRE-07237-M,Black Midi Dress,280.17,123,Dresses ,ApparelSolns,12/01/2025
AB-TOP-07238-M,White Turtleneck - M,$320.00,97,TOPS,ApparelSolns,01/23/2024
AB-ACC-07239-XS,Charcoal Woven Belt - XS,35.31,35,Accessory,Textile World,05/06/2024
AB-TOP-07240-XS,Black Turtleneck,$55.59,16,top,FH Wholesale (old),10/14/2024
AB-OUT-07241-S,Camel Wool Peacoat,$99.14,119,Outr,Fashion Hub Ltd,02/23/2025
AB-OUT-07242-XXL,Tan Puffer Vest - XXL,332.31,95,OUTER,Fashion Hub,04/30/2024
AB-ACC-07243-XXL,Ivory Wide-Brim Hat - XXL,$294.53,121,Accs,Textile World Co,10/26/2023
AB-ACC-07244-XS,Indigo Leather Tote,$202.56,109,,ApparelSolns,09/11/2025
AB-ACC-07245-XL,Beige Crossbody Bag,248.19,89,accessories,,01/11/2025
AB-ACC-07246-XXL,Indigo Wide-Brim Hat,$42.26,54,accessories,Apparel Solutions,12/05/2024
AB-TOP-07247-L,Burgundy Henley,204.13,97,TOPS,Apparel Sol.,09/21/2024
AB-BOT-07248-XXL,Emerald Linen Pant - XXL,$74.00,105,Bottoms,A. Nord,11/06/2024
AB-TOP-07249-XS,Emerald Crewneck Tee,$202.05,62,top,,03/16/2025
AB-DRE-07250-M,Tan Wrap Dress,$52.58,24,Drss,TW Co.,01/05/2024
AB-BOT-07251-XS,Emerald Midi Skirt,59.72,102,Bottoms,Apparel Solutions,01/07/2025
AB-ACC-07252-XXL,Charcoal Leather Tote - XXL,81.09,30,ACC,Textile World Co,03/01/2026
AB-DRE-07253-XS,Charcoal Midi Dress,289.88,19,DRESS,A. Nord,09/17/2024
AB-OUT-07254-XXL,Beige Blazer,$114.21,78,OUTER,Atelier Nord,12/20/2025
AB-OUT-07255-XS,Emerald Puffer Vest,48.56,134,OUTER,Atelier Nord Studio,11/10/2025
AB-ACC-07256-XS,Blush Wide-Brim Hat,57.37,126,Accessories,FH Wholesale (old),02/09/2025
AB-OUT-07257-XL,Charcoal Trench Coat,320.57,112,Jackets/Outerwear,FH Wholesale (old),12/08/2023
AB-DRE-07258-XL,Blush Shirt Dress,21.06,102,Drss,A. Nord,05/18/2024
AB-BOT-07259-S,Indigo Wide-Leg Trouser,$129.51,124,BOTTOM,ApparelSolns,02/01/2025
AB-ACC-07260-L,Burgundy Woven Belt,143.91,74,Accs,Textile World Co,01/14/2025
AB-ACC-07261-M,Emerald Wide-Brim Hat,174.38,5,ACC,Fashion Hub,06/29/2024
AB-ACC-07262-XXL,Emerald Statement Earrings - XXL,36.43,133,accessories,Fashion Hub,06/25/2025
AB-DRE-07264-M,Beige Slip Dress,102.8,59,dress,Textile World Co,10/18/2024
AB-FOO-07265-L,Indigo Low-Top Sneaker - L,307.43,64,Shoes/Footwear,Atelier Nord,08/16/2024
AB-FOO-07266-L,Burgundy Heeled Mule,$58.15,134,Footwear,Fashion Hub,12/22/2023
AB-OUT-07267-S,Cognac Moto Jacket,227.17,56,Jackets/Outerwear,Atelier Nord Studio,10/22/2024
AB-OUT-07268-XL,Camel Denim Jacket,150.04,132,Outerwear,Atelier Nord Studio,11/22/2025
AB-DRE-07269-S,Burgundy Shift Dress,$290.94,62,Dresses ,Atelier Nord Studio,03/13/2025
AB-ACC-07270-XXL,White Statement Earrings,$117.50,126,ACC,Fashion Hub,10/23/2024
AB-DRE-07271-M,Charcoal Wrap Dress,209.42,90,dress,ApparelSolns,05/08/2024
AB-ACC-07272-L,Beige Crossbody Bag - L,$234.33,15,Accessories,Fashion Hub,12/07/2024
AB-OUT-07273-M,Black Blazer,124.37,53,N/A,ApparelSolns,11/24/2023
AB-TOP-07274-S,Emerald V-Neck Sweater - S,248.9,58,Tshirts/Tops,Fashion Hub,01/01/2024
AB-BOT-07275-M,Ivory Chino Pant,$52.87,50,,Textile World,12/19/2024
AB-ACC-07276-L,Blush Wide-Brim Hat,233.33,57,ACC,Atelier Nord Studio,01/05/2024
AB-DRE-07277-XXL,Blush Shift Dress,120.22,11,Dresses,TW Co.,10/14/2024
AB-OUT-07278-XL,Tan Wool Peacoat - XL,148.71,26,Outerwear,,10/25/2025
AB-FOO-07280-S,Ivory Espadrille,69.42,-1,Ftwr,FH Wholesale (old),08/11/2024
AB-TOP-07281-M,Indigo Crewneck Tee,30.33,41,Tops,A. Nord,11/15/2024
AB-DRE-07282-XS,Burgundy Midi Dress,$255.81,131,Dresses ,Fashion Hub Ltd,02/18/2025
AB-OUT-07283-L,Beige Moto Jacket,301.61,123,MISC,A. Nord,03/30/2024
AB-DRE-07284-XL,Black Wrap Dress,$307.94,41,dress,TW Co.,07/30/2025
AB-FOO-07285-XXL,Indigo Ballet Flat - XXL,249.68,7,Shoes/Footwear,Textile World,06/07/2024
AB-ACC-07286-XXL,Indigo Twill Scarf,29.54,99,ACC,Apparel Solutions,09/20/2025
AB-TOP-07287-XL,Cognac Tank Top - XL,97.94,89,TOP,ApparelSolns,12/22/2023
AB-BOT-07288-XL,Camel Chino Pant,39.09,6,Pants/Bottoms,Apparel Sol.,01/09/2026
AB-TOP-07289-XL,Black Silk Blouse,170.03,8,top,Atelier Nord Studio,06/28/2024
AB-TOP-07290-S,Ivory Cardigan - S,$43.90,92,Tops,Textile World Co,11/05/2023
AB-ACC-07291-XS,Blush Crossbody Bag - XS,$171.07,39,Accs,Atelier Nord Studio,07/18/2025
AB-OUT-07292-XL,Blush Moto Jacket,119.28,11,Outr,,05/23/2024
AB-ACC-07293-S,Camel Leather Tote - S,$29.36,11,ACC,Textile World Co,10/02/2024
AB-BOT-07294-XS,Tan Skinny Jean,153.29,31,bottoms,A. Nord,05/11/2024
AB-FOO-07295-XL,Camel Heeled Mule,$272.40,52,footwear,Apparel Solutions,08/05/2025
AB-OUT-07296-S,Camel Denim Jacket,28.93,124,outerwear,Atelier Nord,02/14/2026
AB-FOO-07298-XS,White Ankle Boot,248.48,8,Footwear,FH Wholesale (old),04/05/2025
AB-DRE-07300-S,Ivory Midi Dress,167.02,-1,Dresses,A. Nord,02/11/2024
AB-DRE-07300-S,Ivory Midi Dre ss,167.02,-1,Dresses,A. Nord,02/11/2024
AB-DRE-07301-L,Black Slip Dress,$201.35,67,Dresses ,,07/11/2024
AB-FOO-07302-L,Beige Espadrille - L,$138.62,71,Ftwr,Apparel Solutions,10/31/2025
AB-TOP-07303-XS,Indigo Silk Blouse - XS,239.54,93,MISC,A. Nord,04/06/2024
AB-ACC-07304-L,Ivory Woven Belt - L,73.73,120,Accessory,Textile World Co,11/21/2023
AB-BOT-07305-XXL,Camel Skinny Jean,$41.43,98,bottoms,,05/31/2025
AB-ACC-07306-L,Camel Twill Scarf,40.55,38,ACC,Atelier Nord Studio,02/03/2025
AB-OUT-07307-XXL,Tan Blazer,$108.51,16,Jackets/Outerwear,Apparel Solutions,07/23/2025
AB-ACC-07308-S,Camel Twill Scarf,155.77,8,ACC,Atelier Nord Studio,03/29/2024
AB-FOO-07309-L,Indigo Espadrille,$107.61,52,footwear,Fashion Hub,04/25/2024
AB-OUT-07310-L,Charcoal Trench Coat,$306.41,70,outerwear,Textile World Co,09/05/2024
AB-ACC-07311-L,Blush Woven Belt,111.16,76,Accs,Fashion Hub Ltd,10/20/2025
AB-ACC-07311-L,Blush Wove n Belt,111.16,76,Accs,Fashion Hub Ltd,10/20/2025
AB-TOP-07312-XL,Beige V-Neck Sweater,$305.13,79,TOP,FH Wholesale (old),12/07/2025
AB-OUT-07313-S,Charcoal Blazer - S,$221.35,124,Jackets/Outerwear,TW Co.,01/16/2025
AB-TOP-07314-L,White V-Neck Sweater,$55.36,98,Tops,Apparel Solutions,02/24/2025
AB-ACC-07315-L,Tan Leather Tote,$262.52,19,ACC,Textile World Co,06/28/2024
AB-FOO-07316-S,Ivory Ballet Flat,$283.34,36,Shoes/Footwear,Textile World,07/31/2024
AB-FOO-07316-S,Ivory Balle t Flat,$283.34,36,Shoes/Footwear,Textile World,07/31/2024
AB-BOT-07317-XS,Camel Denim Short,$118.27,134,bottoms,Atelier Nord Studio,07/17/2024
AB-TOP-07318-M,Indigo Henley,$68.55,66,TOPS,Atelier Nord Studio,10/24/2025
AB-DRE-07319-S,Cognac Slip Dress,$148.81,127,Dresses ,A. Nord,08/07/2025
AB-FOO-07320-XXL,Charcoal Low-Top Sneaker,34.03,51,Ftwr,ApparelSolns,08/12/2025
AB-FOO-07320-XXL,Charcoal Low-Top Sne aker,34.03,51,Ftwr,ApparelSolns,08/12/2025
AB-BOT-07321-S,Cognac Chino Pant - S,280.56,28,Btms,A. Nord,08/24/2024
AB-ACC-07322-L,Ivory Wide-Brim Hat,$175.77,97,Accessories,Atelier Nord,08/03/2025
AB-FOO-07323-XS,Cognac Ankle Boot,$199.08,106,Shoes/Footwear,,04/17/2024
AB-BOT-07324-XS,Black Skinny Jean,261.54,121,Btms,TW Co.,06/26/2024
AB-TOP-07325-L,Burgundy Turtleneck,104.11,1,TOPS,Fashion Hub,04/25/2025
AB-BOT-07326-S,Black Denim Short,158.07,22,BOTTOM,Textile World,02/24/2024
AB-BOT-07327-S,White Linen Pant - S,$106.60,45,bottoms,Atelier Nord Studio,03/26/2025
AB-FOO-07328-S,Beige Low-Top Sneaker,$219.08,128,Ftwr,TW Co.,03/26/2025
AB-DRE-07329-M,Blush Slip Dress - M,185.75,116,DRESS,Textile World,08/23/2025
AB-BOT-07330-XXL,Charcoal Denim Short - XXL,311.56,115,Btms,Textile World,12/30/2023
AB-BOT-07331-XS,Camel Midi Skirt - XS,68.89,131,Bottoms,Atelier Nord,01/15/2024
AB-FOO-07332-XL,Beige Ballet Flat,$212.40,99,Ftwr,Fashion Hub Ltd,01/25/2024
AB-ACC-07333-XL,Black Wide-Brim Hat,201.77,6,Accessories,FH Wholesale (old),04/12/2024
AB-TOP-07334-L,Charcoal Turtleneck,151.25,68,TOP,Textile World,08/25/2025
AB-DRE-07335-S,Ivory Shift Dress - S,112.91,66,dress,Atelier Nord,05/06/2024
AB-OUT-07336-S,Charcoal Denim Jacket,$71.90,37,outerwear,Atelier Nord,09/17/2023
AB-DRE-07337-S,Charcoal Shift Dress - S,33.87,24,Dresses,Apparel Sol.,06/10/2024
AB-FOO-07338-S,Charcoal Loafer,$95.27,24,SHOES,Atelier Nord Studio,12/30/2023
AB-ACC-07339-M,Indigo Statement Earrings,$141.58,134,accessories,FH Wholesale (old),09/14/2024
AB-BOT-07340-XL,Camel Midi Skirt - XL,281.26,57,Btms,,03/21/2024
AB-FOO-07341-XXL,Indigo Heeled Mule - XXL,329.08,87,footwear,FH Wholesale (old),12/25/2025
AB-OUT-07342-XXL,Ivory Wool Peacoat,136.33,78,MISC,Atelier Nord,12/30/2024
AB-TOP-07343-XS,Cognac V-Neck Sweater,$309.07,42,top,,07/26/2025
AB-TOP-07344-S,Ivory Henley - S,$205.67,22,top,Fashion Hub Ltd,03/11/2025
AB-DRE-07345-M,Blush Maxi Dress,251.69,55,dress,FH Wholesale (old),10/29/2024
AB-FOO-07346-XL,Tan Espadrille,$303.27,31,MISC,Apparel Solutions,09/05/2024
AB-OUT-07347-XXL,Indigo Blazer - XXL,$114.91,19,outerwear,ApparelSolns,05/08/2025
AB-OUT-07348-L,Beige Denim Jacket,38.4,47,outerwear,Atelier Nord,11/18/2023
AB-BOT-07349-M,Camel Chino Pant,234.57,74,Pants/Bottoms,Apparel Sol.,05/13/2024
AB-OUT-07350-XXL,Black Blazer - XXL,$71.80,77,Jackets/Outerwear,Apparel Solutions,03/27/2024
AB-DRE-07351-L,White Slip Dress,$141.15,30,Dresses,,03/04/2025
AB-OUT-07352-XXL,Camel Denim Jacket,61.83,24,Jackets/Outerwear,ApparelSolns,04/03/2024
AB-BOT-07353-S,Camel Linen Pant - S,282.24,108,Pants/Bottoms,FH Wholesale (old),01/14/2024
AB-FOO-07354-XXL,Tan Ankle Boot,294.21,65,Shoes/Footwear,FH Wholesale (old),08/20/2024
AB-BOT-07355-M,Emerald Skinny Jean - M,$29.84,52,Bottoms,,02/05/2025
AB-DRE-07356-XXL,Charcoal Slip Dress,$24.27,52,dress,Apparel Solutions,05/03/2024
AB-BOT-07357-XS,White Chino Pant,106.94,82,Pants/Bottoms,ApparelSolns,09/22/2023
AB-BOT-07358-L,Tan Pleated Skirt - L,$316.95,75,bottoms,Textile World Co,06/04/2024
AB-TOP-07359-XL,White Henley,301.87,97,top,Fashion Hub Ltd,04/02/2024
AB-BOT-07360-M,Blush Midi Skirt,$224.42,91,Bottoms,Atelier Nord,10/14/2025
AB-DRE-07361-XXL,Charcoal Midi Dress,$109.10,23,dress,TW Co.,09/24/2024
AB-FOO-07363-XXL,Beige Espadrille - XXL,131.86,10,footwear,ApparelSolns,04/13/2024
AB-FOO-07364-L,Blush Ballet Flat,$212.34,118,Ftwr,Fashion Hub,08/03/2025
AB-ACC-07365-XXL,Beige Twill Scarf,155.93,45,Accessory,Fashion Hub Ltd,06/21/2024
AB-DRE-07366-S,Beige Slip Dress - S,$294.84,82,DRESS,FH Wholesale (old),07/10/2024
AB-ACC-07367-XS,Blush Crossbody Bag,$82.69,132,ACC,Textile World Co,01/07/2025
AB-TOP-07368-L,Indigo Turtleneck,255.7,34,top,Apparel Sol.,10/05/2024
AB-TOP-07369-M,Black Cardigan,$80.25,100,Tops,Apparel Sol.,07/15/2025
AB-OUT-07371-L,Camel Blazer,$154.57,95,Outerwear,Fashion Hub Ltd,08/10/2024
AB-TOP-07372-L,White Silk Blouse - L,299.75,99,top,Apparel Sol.,08/07/2025
AB-OUT-07373-L,Beige Trench Coat - L,327.52,14,OUTER,A. Nord,06/02/2024
AB-TOP-07374-XL,Ivory Cardigan - XL,$38.68,23,Tops,TW Co.,06/14/2025
AB-OUT-07375-XXL,Cognac Denim Jacket - XXL,$119.06,98,OUTER,Atelier Nord,11/08/2025
AB-DRE-07376-XS,Camel Maxi Dress,221.27,38,DRESS,Fashion Hub Ltd,04/29/2025
AB-DRE-07377-XS,Charcoal Shift Dress - XS,$310.74,83,N/A,Atelier Nord Studio,09/21/2025
AB-TOP-07378-XS,Indigo Button-Up Shirt,$50.80,59,Tshirts/Tops,Atelier Nord,05/19/2025
AB-ACC-07379-S,Black Woven Belt,$55.48,96,Accs,,11/03/2024
AB-DRE-07380-L,Blush Shift Dress,$264.67,6,Dresses,Atelier Nord Studio,08/09/2025
AB-DRE-07381-S,Camel Wrap Dress,316.67,4,dress,ApparelSolns,08/11/2025
AB-DRE-07382-L,Charcoal Maxi Dress,$86.74,71,Dresses ,FH Wholesale (old),03/22/2025
AB-DRE-07383-XL,Cognac Midi Dress,$81.02,53,Dresses,TW Co.,10/07/2023
AB-FOO-07384-L,Indigo Loafer - L,302.56,94,SHOES,,11/30/2023
AB-DRE-07385-XXL,Burgundy Slip Dress,188.46,27,dress,Apparel Sol.,01/04/2026
AB-FOO-07386-L,Emerald Heeled Mule - L,178.78,119,Shoes/Footwear,Textile World Co,12/02/2024
AB-ACC-07387-S,Beige Statement Earrings,116.8,64,Accessory,TW Co.,05/02/2024
AB-OUT-07388-S,Indigo Blazer,$143.52,128,Jackets/Outerwear,Atelier Nord Studio,03/19/2025
AB-TOP-07389-XS,Emerald V-Neck Sweater - XS,$125.88,54,TOPS,A. Nord,04/04/2025
AB-DRE-07390-M,Blush Slip Dress,184.16,94,dress,Textile World,03/01/2026
AB-DRE-07392-S,Indigo Slip Dress,$201.24,118,Dresses,FH Wholesale (old),06/21/2025
AB-DRE-07392-S,Indigo Slip Dre ss,$201.24,118,Dresses,FH Wholesale (old),06/21/2025
AB-BOT-07393-M,Blush Denim Short,$55.10,39,Pants/Bottoms,Apparel Solutions,07/17/2025
AB-FOO-07394-XS,Charcoal Ballet Flat,$300.28,30,SHOES,Apparel Sol.,02/14/2024
AB-BOT-07395-M,Blush Skinny Jean,$216.54,8,bottoms,Apparel Solutions,04/06/2025
AB-OUT-07396-S,Indigo Denim Jacket,280.56,143,Outr,ApparelSolns,06/09/2024
AB-OUT-07397-M,Black Wool Peacoat,$288.25,102,Jackets/Outerwear,Fashion Hub,12/29/2023
AB-DRE-07399-L,Emerald Shift Dress,297.71,59,Dresses ,A. Nord,01/13/2024
AB-DRE-07399-L,Eme rald Shift Dress,297.71,59,Dresses ,A. Nord,01/13/2024
AB-OUT-07400-XL,Emerald Blazer - XL,117.27,0,Outr,A. Nord,04/13/2025
AB-TOP-07401-XXL,Burgundy Cardigan - XXL,246.13,25,top,Apparel Sol.,08/25/2025
AB-DRE-07402-S,Emerald Wrap Dress,98.54,104,dress,Textile World,09/29/2023
AB-DRE-07403-M,Black Shirt Dress - M,231.37,14,dress,Fashion Hub,03/31/2025
AB-TOP-07404-S,Beige Silk Blouse,$31.27,40,Tshirts/Tops,Textile World,08/31/2025
AB-DRE-07405-S,Burgundy Wrap Dress,20.36,91,Dresses,Fashion Hub Ltd,12/28/2023
AB-TOP-07406-L,Camel V-Neck Sweater,292.49,114,top,Apparel Solutions,12/18/2023
AB-FOO-07407-XXL,Black Loafer - XXL,$315.33,82,SHOES,ApparelSolns,10/07/2023
AB-BOT-07408-S,Cognac Chino Pant,88.99,126,Pants/Bottoms,Fashion Hub Ltd,05/24/2024
AB-OUT-07409-M,Camel Blazer,$293.53,72,Outr,A. Nord,03/23/2024
AB-BOT-07410-S,Indigo Midi Skirt - S,$73.46,62,Bottoms,TW Co.,08/11/2025
AB-BOT-07410-S,Indigo Midi Skirt - S ,$73.46,62,Bottoms,TW Co.,08/11/2025
AB-ACC-07411-M,Cognac Wide-Brim Hat,$109.46,10,Accessory,Atelier Nord Studio,06/24/2024
AB-ACC-07412-S,Cognac Woven Belt - S,$183.45,75,Accessories,Fashion Hub,10/05/2023
AB-BOT-07413-L,White Skinny Jean - L,148.91,65,Bottoms,Fashion Hub,08/28/2025
AB-ACC-07414-XS,Beige Woven Belt - XS,$130.66,62,accessories,Textile World,06/05/2026
AB-DRE-07415-XXL,Emerald Wrap Dress - XXL,252.74,63,Dresses,Atelier Nord,12/10/2023
AB-DRE-07416-XXL,Tan Shirt Dress,$300.50,10,Dresses ,Textile World,01/05/2026
AB-ACC-07417-XL,White Crossbody Bag,$259.05,25,accessories,Textile World Co,06/29/2025
AB-FOO-07418-L,White Low-Top Sneaker,305.47,49,footwear,FH Wholesale (old),07/10/2025
AB-BOT-07419-XL,White Wide-Leg Trouser,162.74,119,Btms,A. Nord,11/17/2023
AB-ACC-07420-XS,Tan Twill Scarf - XS,$69.09,60,Accs,Fashion Hub Ltd,02/19/2025
AB-FOO-07421-XL,Indigo Low-Top Sneaker,289.68,35,Shoes/Footwear,A. Nord,12/28/2025
AB-ACC-07422-XL,Emerald Woven Belt,$94.75,91,Accessory,Apparel Solutions,10/28/2024
AB-DRE-07423-XS,Tan Shift Dress,205.44,48,dress,FH Wholesale (old),10/28/2024
AB-DRE-07424-S,Burgundy Maxi Dress,$90.35,98,Dresses ,Atelier Nord,02/09/2024
AB-DRE-07425-S,Tan Wrap Dress,165.89,71,DRESS,Textile World Co,05/25/2025
AB-BOT-07426-XS,Charcoal Skinny Jean,219.81,15,Btms,A. Nord,07/30/2024
AB-DRE-07427-XS,Beige Wrap Dress,$194.36,102,dress,Fashion Hub Ltd,07/17/2025
AB-OUT-07428-L,Cognac Trench Coat,206.2,60,Outr,TW Co.,07/19/2025
AB-ACC-07429-L,Black Twill Scarf,86.67,50,Accessories,Atelier Nord Studio,02/19/2025
AB-BOT-07430-M,Indigo Chino Pant,$306.61,75,Bottoms,Textile World,07/05/2025
AB-ACC-07431-XXL,Ivory Twill Scarf,186.76,87,ACC,Apparel Solutions,01/12/2025
AB-FOO-07432-S,Burgundy Loafer,$325.29,92,SHOES,Textile World Co,02/08/2025
AB-DRE-07433-XXL,Blush Shirt Dress - XXL,26.28,10,Dresses ,Textile World,05/18/2025
AB-TOP-07434-M,Tan Tank Top,255.52,140,Tshirts/Tops,Apparel Sol.,02/12/2026
AB-DRE-07435-S,Beige Maxi Dress,155.36,14,dress,FH Wholesale (old),09/03/2024
AB-TOP-07436-S,Black Henley - S,$70.26,115,top,TW Co.,02/21/2025
AB-DRE-07437-XS,Beige Slip Dress,120.79,64,Dresses ,Textile World Co,08/04/2025
AB-ACC-07438-S,Cognac Wide-Brim Hat,$28.35,53,accessories,Fashion Hub Ltd,01/11/2024
AB-TOP-07439-XXL,White Button-Up Shirt - XXL,$95.50,124,TOP,Fashion Hub,04/19/2024
AB-FOO-07440-S,Black Ankle Boot,70.05,77,SHOES,A. Nord,02/04/2026
AB-FOO-07440-S,Black Ankle  Boot,70.05,77,SHOES,A. Nord,02/04/2026
AB-OUT-07441-XS,Blush Wool Peacoat,160.78,118,Outerwear,Textile World,12/27/2023
AB-ACC-07442-XL,Emerald Twill Scarf,270.69,54,Accessory,Atelier Nord Studio,06/13/2024
AB-ACC-07443-S,Ivory Twill Scarf,48.54,112,Accessories,Apparel Sol.,12/25/2024
AB-OUT-07444-XL,Beige Puffer Vest,48.6,42,Outerwear,TW Co.,11/24/2024
AB-DRE-07445-XS,Ivory Maxi Dress - XS,$83.71,93,Dresses,Textile World,01/11/2025
AB-ACC-07446-S,Cognac Woven Belt,309.27,89,Accessories,Apparel Sol.,08/17/2024
AB-BOT-07447-S,Beige Skinny Jean,$274.74,8,BOTTOM,Apparel Solutions,02/02/2025
AB-ACC-07448-M,Camel Wide-Brim Hat,232.25,127,9,Fashion Hub Ltd,07/07/2024
AB-BOT-07449-L,Emerald Midi Skirt,247.42,49,,TW Co.,07/26/2024
AB-OUT-07450-M,Cognac Wool Peacoat - M,$285.05,124,Outerwear,Atelier Nord Studio,08/08/2024
AB-OUT-07450-M,Cognac Wool Pe acoat - M,$285.05,124,Outerwear,Atelier Nord Studio,08/08/2024
AB-OUT-07451-XXL,Blush Puffer Vest,$221.51,124,Outr,Apparel Solutions,09/15/2025
AB-TOP-07452-XL,White Tank Top,277.9,13,Tshirts/Tops,Atelier Nord,08/17/2024
AB-OUT-07453-XL,Burgundy Puffer Vest - XL,$286.02,79,Jackets/Outerwear,Atelier Nord,02/14/2024
AB-TOP-07454-XXL,Beige Tank Top,114.89,26,Tops,,12/19/2025
AB-TOP-07454-XXL,Be ige Tank Top,114.89,26,Tops,,12/19/2025
AB-DRE-07455-L,Cognac Maxi Dress,$106.02,42,Dresses ,FH Wholesale (old),11/12/2024
AB-DRE-07456-L,Beige Maxi Dress,32.14,139,Dresses ,Apparel Solutions,07/26/2023
AB-DRE-07457-L,Indigo Shirt Dress,203.95,99,dress,Fashion Hub,12/24/2023
AB-FOO-07458-XL,Ivory Espadrille - XL,$27.62,75,Ftwr,Apparel Solutions,10/06/2023
AB-OUT-07459-M,Emerald Trench Coat - M,275.29,41,outerwear,FH Wholesale (old),08/28/2023
AB-ACC-07460-S,Ivory Wide-Brim Hat - S,$66.31,47,ACC,Apparel Sol.,10/23/2025
AB-BOT-07461-S,Black Denim Short,$98.88,97,BOTTOM,Apparel Solutions,01/22/2026
AB-BOT-07462-S,Indigo Chino Pant,$276.50,24,Btms,Apparel Solutions,01/25/2026
AB-DRE-07463-M,Emerald Slip Dress - M,230.86,80,DRESS,Atelier Nord Studio,04/27/2025
AB-TOP-07464-XL,Tan Silk Blouse,$101.92,61,Tshirts/Tops,ApparelSolns,07/21/2025
AB-FOO-07465-XXL,Charcoal Ballet Flat - XXL,$125.10,85,SHOES,TW Co.,12/30/2024
AB-FOO-07466-XXL,Beige Espadrille - XXL,155.7,102,Footwear,FH Wholesale (old),01/16/2024
AB-DRE-07467-XL,Tan Shirt Dress,$64.49,140,Dresses,ApparelSolns,06/11/2025
AB-OUT-07468-M,Tan Blazer - M,57.33,1,Outr,Fashion Hub Ltd,01/04/2025
AB-ACC-07469-XL,White Twill Scarf,170.62,77,ACC,,10/31/2025
AB-FOO-07470-XS,Charcoal Heeled Mule,$46.20,106,SHOES,FH Wholesale (old),02/26/2024
AB-BOT-07471-XL,Black Chino Pant - XL,$291.75,13,Btms,FH Wholesale (old),07/05/2024
AB-BOT-07471-XL,Black Chino Pant - XL ,$291.75,13,Btms,FH Wholesale (old),07/05/2024
AB-ACC-07472-XXL,Camel Twill Scarf,180.77,99,Accessories,Apparel Sol.,05/10/2025
AB-TOP-07473-M,Tan Henley,29.18,92,Tops,FH Wholesale (old),07/06/2025
AB-OUT-07474-S,Cognac Wool Peacoat,328.79,65,Outerwear,,05/08/2024
AB-FOO-07475-S,Camel Espadrille,22.61,65,SHOES,Fashion Hub,12/16/2023
AB-ACC-07478-XS,Camel Woven Belt,317.22,30,Accessory,,01/21/2025
AB-TOP-07479-M,Emerald Turtleneck,263.03,0,TOP,Atelier Nord,12/27/2025
AB-OUT-07480-XXL,Indigo Puffer Vest - XXL,$313.59,102,outerwear,FH Wholesale (old),03/15/2024
AB-ACC-07481-M,Beige Crossbody Bag,80.79,107,accessories,FH Wholesale (old),11/06/2025
AB-TOP-07482-M,Cognac Silk Blouse,$131.26,80,TOP,Textile World Co,10/31/2025
AB-DRE-07483-XL,Blush Slip Dress,173.3,15,Drss,Textile World,04/16/2025
AB-OUT-07484-S,Beige Puffer Vest,140.08,28,outerwear,Textile World Co,10/30/2025
AB-DRE-07485-XXL,Beige Maxi Dress,$200.79,120,Dresses ,Apparel Sol.,10/13/2023
AB-FOO-07486-L,Ivory Espadrille,55.91,2,Shoes/Footwear,Atelier Nord Studio,02/06/2024
AB-ACC-07487-XS,Blush Leather Tote,26.72,66,Accessory,Textile World Co,08/17/2024
AB-ACC-07487-XS,Blush Le ather Tote,26.72,66,Accessory,Textile World Co,08/17/2024
AB-FOO-07488-XL,Indigo Espadrille,110.95,120,Footwear,Fashion Hub Ltd,01/17/2024
AB-ACC-07489-M,Beige Woven Belt,$183.48,108,Accessory,TW Co.,01/31/2024
AB-BOT-07490-XL,Blush Chino Pant,$199.34,21,Bottoms,ApparelSolns,05/14/2024
AB-ACC-07491-L,Burgundy Wide-Brim Hat,260.2,28,ACC,,02/11/2025
AB-FOO-07492-XXL,Tan Ankle Boot,$54.76,59,footwear,FH Wholesale (old),06/16/2024
AB-FOO-07492-XXL,Tan Ankle  Boot,$54.76,59,footwear,FH Wholesale (old),06/16/2024
AB-OUT-07493-XXL,Blush Puffer Vest,87.02,24,OUTER,,03/13/2024
AB-BOT-07494-XS,Camel Wide-Leg Trouser,22.12,119,bottoms,A. Nord,02/12/2026
AB-TOP-07495-XL,Emerald Silk Blouse - XL,247.59,106,,A. Nord,08/13/2024
AB-TOP-07495-XL,Eme rald Silk Blouse - XL,247.59,106,,A. Nord,08/13/2024
AB-BOT-07496-L,Cognac Linen Pant,$276.39,17,Bottoms,Fashion Hub,02/22/2024
AB-ACC-07497-XXL,Ivory Leather Tote - XXL,262.07,36,accessories,Fashion Hub,05/03/2024
AB-TOP-07498-XL,Camel Button-Up Shirt - XL,$208.27,66,Tshirts/Tops,ApparelSolns,04/28/2026
AB-DRE-07499-L,Beige Wrap Dress - L,141.7,65,DRESS,Fashion Hub,05/04/2025
AB-DRE-07500-XS,White Maxi Dress,282.54,84,DRESS,ApparelSolns,04/23/2025
AB-FOO-07501-XXL,Black Ankle Boot,159.34,38,Footwear,TW Co.,11/19/2023
AB-DRE-07502-XS,Emerald Wrap Dress,$178.87,57,dress,Fashion Hub,12/16/2025
AB-DRE-07502-XS,Eme rald Wrap Dress,$178.87,57,dress,Fashion Hub,12/16/2025
AB-ACC-07503-L,Charcoal Twill Scarf - L,$221.18,53,Accessory,Atelier Nord Studio,01/26/2024
AB-TOP-07504-M,Black Turtleneck,190.4,85,Tops,Atelier Nord Studio,06/15/2025
AB-ACC-07505-S,Emerald Twill Scarf - S,$91.66,86,Accs,TW Co.,12/30/2024
AB-TOP-07506-XL,Indigo Turtleneck,258.47,12,top,Textile World,12/01/2023
AB-ACC-07507-XL,Ivory Woven Belt,200.22,94,ACC,A. Nord,09/12/2024
AB-OUT-07508-XS,White Trench Coat,305.22,17,OUTER,A. Nord,07/20/2025
AB-TOP-07509-XS,Ivory Cardigan,$287.60,39,N/A,Textile World,06/16/2024
AB-TOP-07510-L,Tan Henley,103.1,97,top,A. Nord,08/27/2025
AB-BOT-07511-XL,Ivory Chino Pant,52.67,66,Pants/Bottoms,Textile World Co,10/12/2025
AB-DRE-07512-XS,Tan Wrap Dress,93.11,57,Drss,Fashion Hub Ltd,03/03/2025
AB-OUT-07513-XL,Burgundy Puffer Vest,23.95,33,OUTER,Apparel Sol.,12/31/2025
AB-FOO-07514-M,Cognac Ankle Boot,126.84,71,SHOES,Apparel Solutions,01/18/2026
AB-FOO-07515-M,Ivory Heeled Mule,$160.24,27,Shoes/Footwear,Apparel Solutions,08/06/2025
AB-TOP-07516-M,Emerald Button-Up Shirt,331.35,27,Tshirts/Tops,ApparelSolns,01/25/2025
AB-DRE-07517-XL,Charcoal Maxi Dress,$180.96,65,DRESS,ApparelSolns,12/11/2025
AB-OUT-07518-M,White Wool Peacoat,$94.53,107,OUTER,,07/14/2025
AB-DRE-07519-XL,Camel Maxi Dress,$257.07,81,Dresses,Fashion Hub Ltd,04/30/2024
AB-DRE-07520-XL,Burgundy Midi Dress - XL,$101.23,81,N/A,Atelier Nord,10/23/2025
AB-DRE-07522-S,White Midi Dress - S,84.94,111,Drss,Fashion Hub Ltd,09/16/2025
AB-DRE-07522-S,White  Midi Dress - S,84.94,111,Drss,Fashion Hub Ltd,09/16/2025
AB-FOO-07523-M,Emerald Loafer - M,176.9,54,Footwear,ApparelSolns,04/27/2025
AB-OUT-07524-XXL,Ivory Denim Jacket,$236.00,94,Jackets/Outerwear,Atelier Nord,03/07/2024
AB-BOT-07525-XS,Camel Wide-Leg Trouser - XS,314.54,0,BOTTOM,,06/28/2025
AB-BOT-07526-XXL,Cognac Midi Skirt,105.7,14,BOTTOM,Textile World Co,02/08/2024
AB-DRE-07527-S,Ivory Maxi Dress - S,$317.93,116,Drss,Textile World,01/10/2024
AB-TOP-07528-XS,Camel Henley - XS,$117.23,122,Tshirts/Tops,Atelier Nord Studio,12/10/2023
AB-ACC-07529-S,Indigo Twill Scarf,95.95,125,accessories,Textile World,12/29/2024
AB-BOT-07530-S,Blush Wide-Leg Trouser,$304.39,135,Btms,FH Wholesale (old),11/06/2024
AB-FOO-07531-L,Tan Low-Top Sneaker - L,126.97,125,N/A,Apparel Sol.,02/13/2026
AB-DRE-07533-XS,Burgundy Wrap Dress - XS,226.59,138,dress,Apparel Solutions,08/18/2025
AB-ACC-07534-XS,Cognac Twill Scarf,$239.60,69,accessories,,05/03/2024
AB-FOO-07535-XXL,Emerald Ankle Boot - XXL,106.35,0,SHOES,Textile World,08/29/2024
AB-DRE-07536-XXL,Charcoal Midi Dress,124.27,79,Dresses,Apparel Sol.,05/13/2024
AB-BOT-07537-XXL,Beige Pleated Skirt - XXL,$228.32,110,Btms,Atelier Nord,04/14/2024
AB-ACC-07538-XS,Camel Twill Scarf,$74.53,37,Accessories,Textile World,04/29/2024
AB-BOT-07539-XS,Tan Midi Skirt,$196.43,20,bottoms,Fashion Hub Ltd,08/27/2025
AB-ACC-07540-XS,Charcoal Crossbody Bag - XS,75.5,34,ACC,Atelier Nord Studio,06/16/2024
AB-ACC-07541-XXL,Black Leather Tote - XXL,247.22,43,Accessories,Atelier Nord,08/06/2024
AB-DRE-07542-S,Cognac Maxi Dress,$307.54,40,dress,Fashion Hub Ltd,11/04/2023
AB-TOP-07543-L,Blush Silk Blouse,305.18,19,Tops,A. Nord,10/24/2023
AB-BOT-07544-XL,White Pleated Skirt,153.63,41,Bottoms,Textile World Co,03/10/2024
AB-DRE-07545-M,Beige Shirt Dress - M,323.99,116,Drss,Textile World,09/21/2024
AB-FOO-07546-XS,Tan Loafer,62.59,141,Ftwr,Apparel Sol.,02/28/2024
AB-TOP-07547-L,Beige V-Neck Sweater,171.7,91,TOP,Atelier Nord Studio,01/06/2024
AB-OUT-07548-XS,Blush Denim Jacket,286.14,12,OUTER,Fashion Hub,08/07/2023
AB-DRE-07549-XS,Camel Shift Dress - XS,153.9,99,DRESS,Textile World,01/29/2024
AB-TOP-07550-XS,Charcoal Silk Blouse,$59.08,120,Tshirts/Tops,Atelier Nord Studio,11/12/2024
AB-TOP-07551-XS,Black Crewneck Tee - XS,$131.91,107,TOPS,Textile World Co,10/12/2025
AB-FOO-07552-M,Emerald Ballet Flat,186.57,115,,TW Co.,03/10/2025
AB-BOT-07553-L,Camel Denim Short,224.52,144,Pants/Bottoms,Fashion Hub,04/28/2024
AB-DRE-07554-L,White Slip Dress,299.69,45,Drss,Textile World Co,02/21/2024
AB-BOT-07555-XL,White Denim Short,73.45,49,bottoms,Textile World,03/26/2026
AB-OUT-07556-XS,Blush Trench Coat - XS,56.28,133,Jackets/Outerwear,Fashion Hub Ltd,07/21/2023
AB-ACC-07557-XS,Burgundy Leather Tote,71.04,34,Accs,Fashion Hub Ltd,06/26/2024
AB-ACC-07559-M,Tan Leather Tote,269.58,39,ACC,TW Co.,01/09/2025
AB-BOT-07560-L,Camel Pleated Skirt - L,$287.59,73,BOTTOM,ApparelSolns,02/10/2025
AB-OUT-07561-L,White Trench Coat,$114.33,101,Jackets/Outerwear,Fashion Hub Ltd,01/17/2025
AB-TOP-07562-M,Indigo Turtleneck,$124.92,72,Tshirts/Tops,TW Co.,06/04/2024
AB-BOT-07563-M,Ivory Chino Pant - M,131.64,98,Btms,Atelier Nord,08/04/2025
AB-BOT-07564-XXL,Indigo Wide-Leg Trouser,135.34,126,Bottoms,Atelier Nord Studio,11/06/2024
AB-ACC-07565-XS,Beige Crossbody Bag - XS,252.33,85,Accessory,Apparel Sol.,03/20/2024
AB-BOT-07566-S,Burgundy Pleated Skirt,121.51,109,Bottoms,Fashion Hub Ltd,02/19/2024
AB-BOT-07567-XL,Camel Pleated Skirt,162.02,96,Btms,Atelier Nord,04/10/2024
AB-BOT-07568-XL,White Chino Pant,$30.93,48,BOTTOM,Atelier Nord Studio,04/15/2024
AB-FOO-07569-S,Emerald Loafer,56.02,11,Ftwr,Fashion Hub Ltd,01/10/2024
AB-DRE-07570-S,Blush Maxi Dress,$70.99,23,Dresses,Apparel Sol.,01/14/2024
AB-ACC-07571-XXL,Burgundy Statement Earrings,107.95,46,Accs,ApparelSolns,04/21/2024
AB-TOP-07572-XS,Blush V-Neck Sweater,$83.40,119,TOP,ApparelSolns,03/09/2025
AB-TOP-07573-XS,Cognac Cardigan - XS,116.28,82,TOPS,Textile World Co,07/29/2024
AB-FOO-07574-L,Charcoal Espadrille,$116.90,114,Shoes/Footwear,Apparel Sol.,07/28/2024
AB-DRE-07576-XL,Tan Midi Dress,237.98,77,dress,Fashion Hub Ltd,12/18/2023
AB-OUT-07577-L,Ivory Puffer Vest,$147.94,72,Outr,ApparelSolns,03/12/2025
AB-OUT-07578-M,Cognac Blazer,$266.37,126,Jackets/Outerwear,FH Wholesale (old),03/18/2025
AB-ACC-07579-S,Emerald Crossbody Bag,$88.60,118,accessories,ApparelSolns,02/08/2024
AB-DRE-07580-XL,Black Slip Dress,$332.33,140,Dresses ,Atelier Nord Studio,04/07/2025
AB-FOO-07581-XS,Blush Ballet Flat,274.35,56,footwear,Fashion Hub Ltd,08/10/2025
AB-BOT-07582-L,Camel Midi Skirt,39.6,39,Bottoms,A. Nord,03/03/2025
AB-DRE-07583-L,Charcoal Midi Dress - L,$24.26,2,dress,Fashion Hub,05/17/2025
AB-BOT-07584-M,Beige Linen Pant - M,$71.63,31,Bottoms,Atelier Nord,02/13/2026
AB-FOO-07585-L,Blush Heeled Mule,122.74,46,Shoes/Footwear,Fashion Hub Ltd,07/28/2023
AB-FOO-07586-L,Charcoal Espadrille,$86.40,5,Ftwr,FH Wholesale (old),01/12/2024
AB-DRE-07587-M,Indigo Shift Dress - M,$205.16,112,DRESS,Fashion Hub,03/30/2024
AB-ACC-07588-M,Tan Wide-Brim Hat,$201.21,54,ACC,Fashion Hub,12/05/2024
AB-OUT-07589-XS,Cognac Wool Peacoat,$200.80,56,Jackets/Outerwear,A. Nord,05/12/2024
AB-ACC-07590-XL,Burgundy Statement Earrings,29.95,23,Accessory,Apparel Sol.,10/19/2024
AB-TOP-07591-S,Black Turtleneck,26.0,117,TOP,A. Nord,12/22/2023
AB-FOO-07592-L,Indigo Ballet Flat - L,182.9,121,footwear,Fashion Hub Ltd,09/02/2025
AB-ACC-07593-S,Emerald Leather Tote,316.87,46,Accs,Fashion Hub,12/25/2024
AB-DRE-07594-L,Ivory Slip Dress,$152.22,12,Dresses ,ApparelSolns,01/04/2024
AB-TOP-07595-XXL,Indigo Crewneck Tee - XXL,171.97,13,Tops,Atelier Nord,06/29/2023
AB-FOO-07596-XS,Emerald Espadrille - XS,$165.93,43,Footwear,Fashion Hub Ltd,08/05/2024
AB-FOO-07596-XS,Eme rald Espadrille - XS,$165.93,43,Footwear,Fashion Hub Ltd,08/05/2024
AB-ACC-07597-L,Burgundy Statement Earrings,$248.52,18,ACC,Atelier Nord,05/17/2025
AB-TOP-07598-XS,White Cardigan,$238.43,123,TOPS,ApparelSolns,10/10/2023
AB-TOP-07599-XS,Black Henley,19.9,38,TOPS,Fashion Hub Ltd,01/03/2026
AB-BOT-07600-XS,Burgundy Wide-Leg Trouser,226.66,55,BOTTOM,Textile World Co,04/30/2026
AB-FOO-07601-XS,Blush Ankle Boot,57.34,19,footwear,Fashion Hub,01/16/2026
AB-FOO-07602-L,Burgundy Ankle Boot,269.73,28,Ftwr,Textile World,10/02/2023
AB-OUT-07603-XL,Indigo Denim Jacket - XL,274.06,10,Jackets/Outerwear,A. Nord,04/20/2026
AB-BOT-07605-XXL,Ivory Denim Short,$119.12,84,Pants/Bottoms,TW Co.,04/22/2024
AB-BOT-07606-XL,Blush Denim Short,$60.59,114,Btms,Atelier Nord Studio,05/29/2024
AB-TOP-07607-XS,Emerald V-Neck Sweater - XS,262.55,52,Tshirts/Tops,Textile World Co,10/11/2025
AB-DRE-07608-M,Indigo Slip Dress,26.34,45,DRESS,ApparelSolns,06/04/2025
AB-DRE-07609-XXL,Ivory Shirt Dress,250.79,28,dress,Fashion Hub,04/28/2024
AB-DRE-07610-XS,Cognac Shirt Dress,222.72,88,dress,Apparel Sol.,04/26/2025
AB-DRE-07611-M,Ivory Wrap Dress,301.73,35,Dresses ,Textile World,10/13/2024
AB-BOT-07612-S,Blush Wide-Leg Trouser,48.78,118,BOTTOM,Textile World Co,08/02/2025
AB-DRE-07613-L,Cognac Shift Dress,308.61,49,dress,A. Nord,12/09/2023
AB-TOP-07614-L,Black Silk Blouse,$227.06,33,TOP,FH Wholesale (old),06/26/2023
AB-BOT-07615-L,Cognac Skinny Jean - L,$145.34,118,bottoms,Atelier Nord Studio,06/17/2024
AB-DRE-07616-S,Ivory Slip Dress,$194.25,135,dress,A. Nord,01/26/2024
AB-FOO-07617-M,Black Ankle Boot,$90.26,101,Shoes/Footwear,Atelier Nord Studio,09/17/2024
AB-OUT-07618-S,Indigo Denim Jacket,28.46,40,Outr,A. Nord,09/04/2025
AB-ACC-07619-XXL,Indigo Wide-Brim Hat - XXL,$261.36,17,9,ApparelSolns,03/08/2025
AB-TOP-07620-L,Burgundy Button-Up Shirt,316.45,76,Tops,Fashion Hub Ltd,04/18/2026
AB-FOO-07621-M,Camel Ballet Flat - M,251.02,111,SHOES,ApparelSolns,11/23/2024
AB-OUT-07622-XS,Burgundy Denim Jacket,$235.70,115,Outr,Textile World Co,01/19/2024
AB-OUT-07622-XS,Burgundy De nim Jacket,$235.70,115,Outr,Textile World Co,01/19/2024
AB-DRE-07623-S,Camel Midi Dress,166.17,58,Drss,Atelier Nord,07/25/2025
AB-BOT-07624-S,Emerald Denim Short,$292.91,44,Pants/Bottoms,Textile World,02/05/2026
AB-DRE-07626-M,Emerald Midi Dress,$333.10,78,Dresses ,ApparelSolns,07/13/2024
AB-ACC-07627-XS,Tan Woven Belt,288.55,17,Accessory,Textile World Co,12/24/2025
AB-TOP-07628-XS,Tan Silk Blouse - XS,85.12,106,Tops,Apparel Solutions,11/16/2024
AB-FOO-07629-S,Blush Ballet Flat,$296.20,55,Shoes/Footwear,TW Co.,03/10/2024
AB-FOO-07631-XL,Ivory Low-Top Sneaker,$264.02,127,Shoes/Footwear,Atelier Nord,11/04/2025
AB-DRE-07632-XXL,Beige Shift Dress - XXL,218.71,56,Dresses ,Textile World Co,03/26/2026
AB-ACC-07633-XS,Cognac Wide-Brim Hat - XS,80.63,119,Accs,Fashion Hub,10/15/2025
AB-OUT-07634-XS,Beige Moto Jacket,227.93,123,Outr,ApparelSolns,11/19/2023
AB-TOP-07635-XS,White Button-Up Shirt - XS,117.71,135,Tshirts/Tops,,01/02/2024
AB-ACC-07636-S,Ivory Crossbody Bag - S,125.07,81,accessories,FH Wholesale (old),05/05/2024
AB-FOO-07637-M,White Ankle Boot,275.96,96,Shoes/Footwear,A. Nord,06/10/2024
AB-FOO-07637-M,White  Ankle Boot,275.96,96,Shoes/Footwear,A. Nord,06/10/2024
AB-TOP-07638-S,Indigo V-Neck Sweater - S,281.08,100,TOP,Atelier Nord Studio,06/11/2023
AB-DRE-07639-XL,Burgundy Maxi Dress,49.88,94,Dresses ,Textile World Co,01/17/2024
AB-TOP-07640-XS,Black V-Neck Sweater,$107.25,3,top,ApparelSolns,07/22/2023
AB-TOP-07640-XS,Black V-Ne ck Sweater,$107.25,3,top,ApparelSolns,07/22/2023
AB-BOT-07641-S,Emerald Chino Pant,$263.02,82,Bottoms,Textile World Co,05/14/2024
AB-OUT-07642-S,Camel Puffer Vest,202.62,48,outerwear,,12/27/2024
AB-TOP-07643-S,Indigo Silk Blouse,259.43,113,Tops,TW Co.,01/16/2025
AB-ACC-07644-XXL,Burgundy Leather Tote - XXL,41.79,63,Accs,Fashion Hub,09/09/2023
AB-ACC-07645-M,Emerald Twill Scarf - M,292.95,127,Accessory,Textile World Co,12/30/2025
AB-OUT-07646-XS,Camel Moto Jacket,273.21,47,Outerwear,ApparelSolns,10/19/2024
AB-ACC-07647-XL,Ivory Woven Belt,28.45,96,Accessories,Textile World,04/27/2025
AB-DRE-07648-XS,Indigo Shirt Dress - XS,$304.07,132,dress,Apparel Solutions,10/09/2025
AB-BOT-07649-XL,Burgundy Midi Skirt - XL,$143.52,76,Pants/Bottoms,FH Wholesale (old),08/13/2025
AB-ACC-07650-XL,Burgundy Leather Tote,$306.19,13,Accs,ApparelSolns,06/24/2024
AB-FOO-07651-L,Tan Ballet Flat,$90.59,74,Ftwr,ApparelSolns,09/30/2024
AB-DRE-07652-XL,Cognac Midi Dress - XL,258.01,41,DRESS,A. Nord,07/10/2025
AB-DRE-07653-L,Beige Shift Dress - L,78.73,73,Drss,Textile World,10/12/2024
AB-DRE-07654-XS,Camel Shirt Dress,$65.18,3,Drss,Apparel Solutions,09/01/2023
AB-TOP-07655-XL,Tan Button-Up Shirt - XL,$48.25,121,Tshirts/Tops,Atelier Nord Studio,10/01/2024
AB-FOO-07656-M,Camel Ballet Flat - M,189.85,21,SHOES,Textile World,08/11/2025
AB-DRE-07657-XL,Burgundy Maxi Dress,145.3,32,dress,Atelier Nord,11/10/2025
AB-OUT-07658-S,Ivory Puffer Vest - S,180.68,61,Outerwear,Textile World,08/19/2025
AB-TOP-07659-XXL,Burgundy Crewneck Tee - XXL,$218.65,89,top,Textile World,02/11/2024
AB-FOO-07660-S,Tan Ballet Flat,$135.31,52,footwear,Apparel Solutions,04/09/2025
AB-OUT-07661-S,Burgundy Blazer,$74.14,94,,FH Wholesale (old),12/22/2023
AB-DRE-07662-XXL,Cognac Shift Dress,261.84,31,DRESS,A. Nord,12/24/2023
AB-TOP-07663-L,White V-Neck Sweater,$55.22,60,N/A,Apparel Solutions,03/29/2025
AB-BOT-07664-S,Cognac Pleated Skirt,65.95,75,BOTTOM,Atelier Nord Studio,03/22/2026
AB-FOO-07665-XS,Ivory Espadrille,$43.16,109,SHOES,Apparel Solutions,04/23/2025
AB-DRE-07666-XL,Charcoal Shift Dress - XL,$283.90,136,dress,A. Nord,01/07/2024
AB-OUT-07667-M,Charcoal Moto Jacket,$121.69,120,Jackets/Outerwear,Textile World,06/23/2025
AB-OUT-07667-M,Charcoal Moto Jacke t,$121.69,120,Jackets/Outerwear,Textile World,06/23/2025
AB-OUT-07669-L,Burgundy Trench Coat - L,211.78,71,OUTER,TW Co.,02/14/2024
AB-ACC-07670-L,White Leather Tote,236.43,-2,ACC,Fashion Hub,04/02/2025
AB-FOO-07671-XL,Ivory Loafer - XL,223.53,121,Footwear,Atelier Nord Studio,03/07/2025
AB-DRE-07672-XXL,Tan Midi Dress,155.88,26,DRESS,Atelier Nord Studio,08/12/2024
AB-BOT-07673-L,Tan Chino Pant - L,$32.20,112,bottoms,TW Co.,03/27/2026
AB-ACC-07674-L,Black Woven Belt - L,206.45,26,Accessory,,07/26/2025
AB-ACC-07675-XL,Burgundy Leather Tote,315.35,101,Accessory,Apparel Solutions,12/12/2024
AB-DRE-07676-M,Camel Slip Dress - M,144.92,60,Dresses,Fashion Hub Ltd,01/04/2024
AB-TOP-07677-M,White V-Neck Sweater - M,$248.64,138,Tshirts/Tops,Atelier Nord Studio,07/29/2024
AB-DRE-07678-L,Ivory Wrap Dress,52.04,1,DRESS,Textile World,12/15/2024
AB-ACC-07679-XS,Tan Statement Earrings,256.32,104,Accessories,TW Co.,08/10/2024
AB-BOT-07680-M,Tan Wide-Leg Trouser - M,202.84,43,bottoms,Fashion Hub,04/12/2024
AB-FOO-07681-L,White Espadrille,138.58,51,SHOES,Apparel Solutions,07/02/2025
AB-TOP-07682-S,Burgundy Henley - S,44.44,74,TOPS,A. Nord,01/21/2025
AB-DRE-07683-M,Blush Shirt Dress,$318.85,50,dress,ApparelSolns,09/29/2023
AB-DRE-07683-M,Blush Shirt Dre ss,$318.85,50,dress,ApparelSolns,09/29/2023
AB-TOP-07684-M,Tan Henley,266.17,105,Tops,Apparel Solutions,08/09/2025
AB-OUT-07685-XS,Camel Denim Jacket - XS,303.36,88,Outr,Apparel Solutions,11/13/2025
AB-TOP-07686-L,White Turtleneck,$77.73,52,TOP,Textile World Co,08/25/2024
AB-BOT-07687-XXL,Charcoal Midi Skirt,74.9,85,Btms,A. Nord,04/04/2025
AB-ACC-07688-XXL,Emerald Woven Belt,129.97,14,Accs,Atelier Nord,02/07/2025
AB-TOP-07689-XS,Blush Silk Blouse,232.46,97,TOP,Atelier Nord Studio,02/13/2025
AB-OUT-07690-XL,Indigo Moto Jacket,$23.31,85,outerwear,Apparel Solutions,07/20/2025
AB-BOT-07691-XS,White Chino Pant,173.03,107,bottoms,Atelier Nord,08/15/2024
AB-DRE-07692-S,Charcoal Shirt Dress,248.75,65,Dresses,Atelier Nord,04/02/2025
AB-DRE-07693-XXL,Tan Wrap Dress,$37.17,69,Dresses ,Apparel Solutions,06/16/2023
AB-ACC-07694-XL,Charcoal Woven Belt - XL,$174.38,130,accessories,Atelier Nord,03/05/2026
AB-BOT-07695-L,Beige Pleated Skirt,$20.00,17,BOTTOM,Fashion Hub,06/06/2025
AB-ACC-07696-XS,Ivory Statement Earrings,48.19,55,ACC,,11/21/2024
AB-FOO-07697-S,Beige Ankle Boot,$161.41,24,Ftwr,TW Co.,02/18/2025
AB-FOO-07698-XL,Charcoal Loafer,$306.47,136,Footwear,Fashion Hub Ltd,01/30/2025
AB-FOO-07699-L,White Low-Top Sneaker,$20.26,134,footwear,Apparel Sol.,08/30/2023
