vendor_sku,product_title,list_price,currency,pack_size,supplier
v-acc-00000-xxl,Black Twill Scarf (XXL),91.35,USD,12,Apparel Solutions
v-top-00001-l,Beige V-Neck Sweater (L),26.3,USD,1,Fashion Hub Ltd
v-top-00001-l,Beige V-Neck Sweater (L) - Case Pack,302.45,USD,12,Fashion Hub Ltd
v-foo-00002-xl,Black Loafer (XL),237.3,USD,6,Textile World Co
v-out-00004-s,Camel Wool Peacoat (S),317.54,USD,1,Textile World Co
v-top-00005-m,White Cardigan (M),198.88,USD,1,Apparel Solutions
v-out-00006-l,White Puffer Vest (L),185.31,USD,12,Fashion Hub Ltd
v-bot-00008-l,White Midi Skirt (L),157.16,USD,1,Apparel Solutions
v-acc-00010-xxl,Cognac Leather Tote (XXL),69.26,USD,12,Textile World Co
v-acc-00011-s,Cognac Statement Earrings (S),273.7,USD,1,Apparel Solutions
v-top-00012-m,Indigo Tank Top (M),82.78,USD,6,Fashion Hub Ltd
v-acc-00013-xxl,Indigo Crossbody Bag (XXL),60.07,USD,6,Atelier Nord
v-acc-00014-m,Cognac Wide-Brim Hat (M),293.26,USD,12,Atelier Nord
v-acc-00016-l,Tan Leather Tote (L),134.48,USD,6,Fashion Hub Ltd
v-dre-00017-xxl,Black Slip Dress (XXL),223.94,USD,12,Fashion Hub Ltd
v-acc-00019-xl,Camel Statement Earrings (XL),173.54,USD,6,Textile World Co
v-foo-00021-m,Beige Ankle Boot (M),34.2,CAD,6,Atelier Nord
v-dre-00022-s,Black Midi Dress (S),45.22,USD,1,Fashion Hub Ltd
v-top-00023-xxl,Ivory Silk Blouse (XXL),415.34,CAD,1,Atelier Nord
v-foo-00024-s,Indigo Loafer (S),237.89,USD,1,Textile World Co
v-dre-00026-xl,Beige Wrap Dress (XL),199.5,USD,6,Textile World Co
v-foo-00028-xxl,Camel Low-Top Sneaker (XXL),116.07,CAD,12,Atelier Nord
v-foo-00029-s,Emerald Loafer (S),379.18,CAD,1,Atelier Nord
v-top-00030-l,Blush Cardigan (L),161.99,USD,12,Atelier Nord
v-acc-00031-xs,White Statement Earrings (XS),322.96,CAD,6,Atelier Nord
v-bot-00032-l,Cognac Wide-Leg Trouser (L),146.18,USD,12,Textile World Co
v-bot-00033-l,White Midi Skirt (L),33.16,USD,12,Fashion Hub Ltd
v-top-00034-s,Charcoal V-Neck Sweater (S),165.04,USD,1,Atelier Nord
v-out-00035-l,Ivory Moto Jacket (L),315.88,USD,12,Fashion Hub Ltd
v-out-00036-xxl,Indigo Wool Peacoat (XXL),63.34,USD,12,Atelier Nord
v-out-00036-xxl,Indigo Wool Peacoat (XXL) - Case Pack,728.41,USD,12,Atelier Nord
v-top-00037-m,Burgundy Crewneck Tee (M),33.19,USD,12,Fashion Hub Ltd
v-foo-00038-xl,Black Low-Top Sneaker (XL),280.82,USD,1,Fashion Hub Ltd
v-top-00039-xs,Indigo Turtleneck (XS),189.49,USD,1,Textile World Co
v-top-00040-xl,Tan Cardigan (XL),300.6,USD,12,Apparel Solutions
v-acc-00041-m,Charcoal Woven Belt (M),82.37,CAD,12,Atelier Nord
v-dre-00042-l,Black Wrap Dress (L),38.77,USD,1,Fashion Hub Ltd
v-dre-00043-xs,Blush Midi Dress (XS),128.86,USD,1,Textile World Co
v-foo-00044-xl,Camel Espadrille (XL),225.2,USD,1,Fashion Hub Ltd
v-foo-00044-xl,Camel Espadrille (XL) - Case Pack,2589.8,USD,12,Fashion Hub Ltd
v-top-00045-xs,Camel Silk Blouse (XS),241.82,USD,1,Fashion Hub Ltd
v-dre-00046-xxl,Charcoal Slip Dress (XXL),79.94,USD,1,Apparel Solutions
v-dre-00048-m,Tan Midi Dress (M),234.65,USD,6,Textile World Co
v-top-00049-xxl,White V-Neck Sweater (XXL),186.13,USD,1,Textile World Co
v-foo-00050-s,Indigo Low-Top Sneaker (S),109.03,USD,6,Fashion Hub Ltd
v-bot-00051-xxl,Charcoal Linen Pant (XXL),122.34,USD,1,Fashion Hub Ltd
v-acc-00052-s,Charcoal Leather Tote (S),287.77,USD,6,Textile World Co
v-acc-00053-xxl,Indigo Woven Belt (XXL),97.5,USD,1,Textile World Co
v-top-00054-s,Charcoal Henley (S),169.88,CAD,12,Atelier Nord
v-top-00055-m,Indigo Turtleneck (M),279.59,USD,1,Apparel Solutions
v-acc-00056-xxl,Indigo Wide-Brim Hat (XXL),298.95,USD,6,Apparel Solutions
v-dre-00057-m,Beige Midi Dress (M),50.99,USD,12,
v-acc-00058-xl,Indigo Woven Belt (XL),136.63,USD,12,Fashion Hub Ltd
v-out-00062-xxl,Indigo Blazer (XXL),203.78,USD,6,Textile World Co
v-foo-00063-m,Camel Ankle Boot (M),141.25,USD,1,Textile World Co
v-out-00064-s,Tan Denim Jacket (S),349.02,CAD,1,Atelier Nord
v-top-00065-xxl,Cognac Button-Up Shirt (XXL),45.55,USD,1,Apparel Solutions
v-dre-00066-s,Charcoal Midi Dress (S),31.88,USD,12,Fashion Hub Ltd
v-dre-00066-s,Charcoal Midi Dress (S) - Case Pack,366.62,USD,12,Fashion Hub Ltd
v-top-00067-xxl,Indigo Henley (XXL),234.58,USD,1,Textile World Co
v-out-00068-xxl,Ivory Trench Coat (XXL),294.32,USD,1,Fashion Hub Ltd
v-out-00069-xxl,Ivory Trench Coat (XXL),45.25,CAD,12,Atelier Nord
v-top-00070-l,Ivory Henley (L),309.93,USD,6,Apparel Solutions
v-acc-00071-xl,Indigo Wide-Brim Hat (XL),396.79,CAD,1,Atelier Nord
v-dre-00072-m,Tan Midi Dress (M),206.05,USD,12,Atelier Nord
v-bot-00074-l,Charcoal Wide-Leg Trouser (L),222.82,USD,1,Textile World Co
v-out-00075-l,Cognac Wool Peacoat (L),50.11,CAD,6,Atelier Nord
v-foo-00076-xl,Black Espadrille (XL),215.07,CAD,1,Atelier Nord
v-out-00077-xxl,Cognac Denim Jacket (XXL),165.97,USD,1,Textile World Co
v-out-00078-m,Indigo Moto Jacket (M),336.58,CAD,1,Atelier Nord
v-foo-00079-l,Black Loafer (L),45.01,USD,6,Fashion Hub Ltd
v-out-00080-m,Black Trench Coat (M),116.82,USD,1,Atelier Nord
v-dre-00081-l,Camel Maxi Dress (L),274.32,USD,1,Apparel Solutions
v-acc-00082-m,Black Wide-Brim Hat (M),211.85,USD,1,Textile World Co
v-top-00083-xs,Charcoal Turtleneck (XS),90.42,USD,1,Textile World Co
v-foo-00085-xs,Burgundy Espadrille (XS),307.93,USD,1,Textile World Co
v-top-00086-xxl,Beige Button-Up Shirt (XXL),188.13,CAD,6,Atelier Nord
v-foo-00087-s,Tan Espadrille (S),214.59,USD,12,Fashion Hub Ltd
v-acc-00088-xl,White Wide-Brim Hat (XL),127.95,USD,1,Fashion Hub Ltd
v-dre-00089-xxl,Cognac Wrap Dress (XXL),20.97,USD,1,Apparel Solutions
v-dre-00089-xxl,Cognac Wrap Dress (XXL) - Case Pack,241.15,USD,12,Apparel Solutions
v-out-00090-m,Indigo Moto Jacket (M),244.92,USD,1,Atelier Nord
v-acc-00091-m,Tan Wide-Brim Hat (M),203.15,CAD,6,Atelier Nord
v-foo-00093-m,Indigo Espadrille (M),165.03,USD,6,
v-out-00094-m,Blush Trench Coat (M),103.8,USD,6,Apparel Solutions
v-top-00095-s,White Turtleneck (S),227.8,CAD,1,Atelier Nord
v-out-00096-l,Burgundy Blazer (L),257.41,USD,1,Atelier Nord
v-foo-00098-l,Blush Loafer (L),121.67,USD,1,Apparel Solutions
v-acc-00100-s,Charcoal Leather Tote (S),140.69,CAD,1,Atelier Nord
v-dre-00101-m,Charcoal Wrap Dress (M),127.18,USD,1,Textile World Co
v-acc-00102-m,Ivory Wide-Brim Hat (M),307.47,USD,1,Fashion Hub Ltd
v-bot-00103-xs,Emerald Linen Pant (XS),187.15,USD,1,Fashion Hub Ltd
v-out-00104-xs,Ivory Wool Peacoat (XS),291.36,USD,1,Apparel Solutions
v-out-00104-xs,Ivory Wool Peacoat (XS) - Case Pack,3350.64,USD,12,Apparel Solutions
v-bot-00106-l,Cognac Skinny Jean (L),266.14,USD,12,Textile World Co
v-bot-00106-l,Cognac Skinny Jean (L) - Case Pack,3060.61,USD,12,Textile World Co
v-out-00107-l,Beige Wool Peacoat (L),187.05,USD,6,Apparel Solutions
v-acc-00108-xxl,Charcoal Twill Scarf (XXL),100.56,USD,1,Textile World Co
v-foo-00110-xs,Camel Heeled Mule (XS),108.48,USD,1,Textile World Co
v-out-00111-s,Tan Moto Jacket (S),252.83,USD,6,Apparel Solutions
v-out-00111-s,Tan Moto Jacket (S) - Case Pack,2907.55,USD,12,Apparel Solutions
v-top-00112-s,Tan Turtleneck (S),275.18,USD,12,Apparel Solutions
v-bot-00113-xl,Camel Midi Skirt (XL),151.3,USD,1,Apparel Solutions
v-dre-00114-m,Indigo Shirt Dress (M),200.61,CAD,6,Atelier Nord
v-acc-00115-m,Beige Woven Belt (M),45.6,USD,12,
v-acc-00116-xs,Beige Woven Belt (XS),155.21,USD,1,Textile World Co
v-bot-00117-xxl,Indigo Denim Short (XXL),301.59,USD,6,Atelier Nord
v-out-00118-xxl,Blush Wool Peacoat (XXL),274.58,USD,6,Fashion Hub Ltd
v-acc-00119-xxl,Camel Crossbody Bag (XXL),341.92,CAD,1,Atelier Nord
v-out-00120-m,Blush Moto Jacket (M),55.79,USD,1,Apparel Solutions
v-dre-00122-xxl,Emerald Slip Dress (XXL),236.99,USD,12,Atelier Nord
v-foo-00123-l,Camel Low-Top Sneaker (L),54.6,USD,12,Atelier Nord
v-bot-00124-xs,Cognac Pleated Skirt (XS),63.33,CAD,1,Atelier Nord
v-top-00125-xxl,Emerald Silk Blouse (XXL),171.2,USD,1,Apparel Solutions
v-out-00126-l,Charcoal Denim Jacket (L),139.21,USD,12,Textile World Co
v-top-00128-m,Burgundy Button-Up Shirt (M),369.46,CAD,1,Atelier Nord
v-out-00129-xl,Blush Wool Peacoat (XL),154.83,USD,1,Atelier Nord
v-bot-00130-xl,Charcoal Linen Pant (XL),126.87,CAD,1,Atelier Nord
v-dre-00131-xxl,Emerald Shirt Dress (XXL),184.47,CAD,12,Atelier Nord
v-top-00132-xl,Cognac Silk Blouse (XL),269.03,USD,1,Apparel Solutions
v-foo-00133-xxl,Black Heeled Mule (XXL),143.24,USD,6,Textile World Co
v-out-00134-xl,Blush Wool Peacoat (XL),209.38,USD,1,Atelier Nord
v-acc-00135-m,Indigo Wide-Brim Hat (M),396.47,CAD,1,Atelier Nord
v-top-00136-xxl,Tan Turtleneck (XXL),314.35,USD,1,Apparel Solutions
v-top-00137-s,Emerald V-Neck Sweater (S),294.71,USD,1,Apparel Solutions
v-top-00138-m,Blush Button-Up Shirt (M),85.16,CAD,1,Atelier Nord
v-foo-00139-s,Ivory Espadrille (S),42.47,USD,12,Textile World Co
v-acc-00140-xl,Emerald Leather Tote (XL),88.44,USD,1,Textile World Co
v-dre-00141-l,Black Shirt Dress (L),224.65,USD,1,Apparel Solutions
v-out-00142-m,Beige Wool Peacoat (M),214.0,USD,1,Atelier Nord
v-dre-00143-l,Indigo Midi Dress (L),91.59,USD,12,Fashion Hub Ltd
v-dre-00146-xxl,Burgundy Shirt Dress (XXL),206.05,USD,1,Textile World Co
v-acc-00148-s,Ivory Crossbody Bag (S),252.88,USD,1,Textile World Co
v-foo-00149-m,Ivory Ballet Flat (M),292.63,USD,12,Atelier Nord
v-dre-00150-xs,Emerald Wrap Dress (XS),246.83,USD,1,Textile World Co
v-acc-00151-l,Tan Statement Earrings (L),44.6,USD,1,Apparel Solutions
v-dre-00152-l,White Slip Dress (L),212.11,USD,12,Apparel Solutions
v-bot-00154-xxl,White Linen Pant (XXL),286.64,USD,6,Atelier Nord
v-out-00155-xs,Ivory Moto Jacket (XS),109.63,USD,6,Fashion Hub Ltd
v-top-00156-s,Cognac Turtleneck (S),202.08,CAD,1,Atelier Nord
v-foo-00157-s,Burgundy Espadrille (S),215.79,USD,12,Atelier Nord
v-out-00158-xxl,Black Wool Peacoat (XXL),82.34,USD,12,Apparel Solutions
v-dre-00159-m,Tan Wrap Dress (M),36.81,USD,1,Apparel Solutions
v-top-00160-xxl,White Henley (XXL),212.79,USD,1,Textile World Co
v-bot-00162-m,Charcoal Midi Skirt (M),262.59,USD,1,Textile World Co
v-bot-00163-m,Cognac Wide-Leg Trouser (M),53.96,USD,1,Textile World Co
v-bot-00165-xl,Indigo Linen Pant (XL),237.95,USD,1,Fashion Hub Ltd
v-dre-00166-xs,Beige Slip Dress (XS),171.18,USD,1,Atelier Nord
v-acc-00167-l,Camel Wide-Brim Hat (L),36.56,USD,1,Fashion Hub Ltd
v-out-00168-xs,Tan Denim Jacket (XS),314.94,CAD,12,Atelier Nord
v-top-00169-s,Beige Tank Top (S),55.41,USD,6,Fashion Hub Ltd
v-dre-00170-xl,Beige Maxi Dress (XL),154.95,USD,1,Apparel Solutions
v-acc-00171-xxl,Tan Twill Scarf (XXL),146.49,USD,1,Textile World Co
v-dre-00172-l,Indigo Maxi Dress (L),120.01,USD,12,Fashion Hub Ltd
v-dre-00173-xxl,Ivory Shift Dress (XXL),36.72,USD,6,Atelier Nord
v-out-00174-xxl,Burgundy Moto Jacket (XXL),249.29,USD,12,Apparel Solutions
v-acc-00176-xl,Camel Twill Scarf (XL),125.47,USD,1,Apparel Solutions
v-bot-00177-s,Emerald Linen Pant (S),123.58,USD,1,Fashion Hub Ltd
v-bot-00179-m,Burgundy Pleated Skirt (M),124.02,USD,6,Apparel Solutions
v-bot-00180-l,Tan Denim Short (L),61.1,USD,6,Fashion Hub Ltd
v-foo-00183-xs,Tan Ankle Boot (XS),145.97,USD,12,Apparel Solutions
v-foo-00184-m,Indigo Heeled Mule (M),239.05,USD,1,Textile World Co
v-out-00185-xxl,Camel Moto Jacket (XXL),177.71,USD,1,Atelier Nord
v-out-00185-xxl,Camel Moto Jacket (XXL) - Case Pack,2043.67,USD,12,Atelier Nord
v-bot-00186-xs,Beige Chino Pant (XS),82.05,USD,1,Fashion Hub Ltd
v-bot-00187-m,Camel Midi Skirt (M),53.72,USD,1,
v-out-00188-l,Ivory Trench Coat (L),170.64,USD,1,Textile World Co
v-out-00189-l,Black Blazer (L),157.29,USD,6,Fashion Hub Ltd
v-dre-00190-xl,Indigo Slip Dress (XL),327.3,CAD,6,Atelier Nord
v-top-00191-m,Black Cardigan (M),264.96,USD,6,Textile World Co
v-acc-00192-l,White Woven Belt (L),88.77,USD,1,Fashion Hub Ltd
v-acc-00192-l,White Woven Belt (L) - Case Pack,1020.85,USD,12,Fashion Hub Ltd
v-top-00193-xxl,Camel Cardigan (XXL),86.83,USD,1,Apparel Solutions
v-foo-00194-xl,White Espadrille (XL),304.15,USD,1,Textile World Co
v-acc-00195-s,Ivory Statement Earrings (S),61.67,USD,1,Fashion Hub Ltd
v-foo-00196-xs,Tan Low-Top Sneaker (XS),319.35,USD,1,Textile World Co
v-foo-00197-xxl,Emerald Loafer (XXL),280.55,USD,1,Apparel Solutions
v-out-00198-l,Emerald Moto Jacket (L),257.43,USD,1,Apparel Solutions
v-foo-00199-l,Camel Ankle Boot (L),29.97,USD,6,Atelier Nord
v-dre-00200-xs,Tan Wrap Dress (XS),152.75,USD,6,Atelier Nord
v-foo-00201-m,Charcoal Espadrille (M),232.0,CAD,1,Atelier Nord
v-top-00202-xs,Burgundy Tank Top (XS),29.62,USD,1,Textile World Co
v-foo-00203-s,Beige Loafer (S),130.61,USD,1,Apparel Solutions
v-out-00204-xl,Tan Wool Peacoat (XL),258.29,USD,1,Fashion Hub Ltd
v-out-00204-xl,Tan Wool Peacoat (XL) - Case Pack,2970.34,USD,12,Fashion Hub Ltd
v-dre-00205-xxl,Cognac Wrap Dress (XXL),107.12,USD,6,Atelier Nord
v-top-00206-m,Blush Silk Blouse (M),57.02,USD,1,Atelier Nord
v-foo-00207-m,Tan Heeled Mule (M),222.91,USD,1,Textile World Co
v-acc-00208-xl,Indigo Statement Earrings (XL),23.49,USD,1,Apparel Solutions
v-bot-00209-s,Emerald Pleated Skirt (S),314.85,USD,1,Textile World Co
v-dre-00210-xl,Cognac Wrap Dress (XL),218.72,USD,6,Fashion Hub Ltd
v-out-00211-s,Ivory Trench Coat (S),246.41,USD,1,Textile World Co
v-out-00211-s,Ivory Trench Coat (S) - Case Pack,2833.72,USD,12,Textile World Co
v-dre-00212-s,Burgundy Shirt Dress (S),276.17,CAD,12,Atelier Nord
v-foo-00213-l,Camel Low-Top Sneaker (L),131.38,USD,1,Textile World Co
v-dre-00214-xl,Cognac Maxi Dress (XL),301.6,USD,6,Atelier Nord
v-foo-00216-xs,Camel Ankle Boot (XS),100.07,USD,6,Textile World Co
v-out-00217-l,Charcoal Moto Jacket (L),309.09,USD,1,Apparel Solutions
v-out-00218-s,Blush Puffer Vest (S),299.16,USD,1,Atelier Nord
v-dre-00220-s,Burgundy Maxi Dress (S),160.92,USD,6,Atelier Nord
v-dre-00220-s,Burgundy Maxi Dress (S) - Case Pack,1850.58,USD,12,Atelier Nord
v-top-00221-s,Charcoal Button-Up Shirt (S),51.91,USD,1,Atelier Nord
v-dre-00222-s,Black Wrap Dress (S),295.65,CAD,6,Atelier Nord
v-top-00223-xl,Beige Henley (XL),206.54,USD,1,Fashion Hub Ltd
v-bot-00224-xs,Indigo Pleated Skirt (XS),90.92,USD,1,Apparel Solutions
v-acc-00225-xl,White Statement Earrings (XL),38.79,USD,6,Apparel Solutions
v-foo-00226-xs,Cognac Loafer (XS),286.11,USD,1,Atelier Nord
v-out-00227-xxl,Camel Wool Peacoat (XXL),131.4,USD,1,Fashion Hub Ltd
v-top-00229-m,Cognac Tank Top (M),274.96,USD,12,Textile World Co
v-top-00229-m,Cognac Tank Top (M) - Case Pack,3162.04,USD,12,Textile World Co
v-out-00230-s,Ivory Blazer (S),235.21,USD,1,Fashion Hub Ltd
v-dre-00231-s,Black Midi Dress (S),116.56,USD,6,Fashion Hub Ltd
v-out-00232-m,Emerald Puffer Vest (M),231.96,USD,1,Fashion Hub Ltd
v-dre-00233-m,Tan Wrap Dress (M),56.66,USD,1,Apparel Solutions
v-out-00234-l,Emerald Blazer (L),320.2,USD,12,Apparel Solutions
v-out-00235-m,Cognac Wool Peacoat (M),237.57,USD,1,Fashion Hub Ltd
v-dre-00237-xl,Emerald Shift Dress (XL),87.6,CAD,6,Atelier Nord
v-out-00238-m,Burgundy Moto Jacket (M),98.84,USD,6,Atelier Nord
v-acc-00239-m,Indigo Statement Earrings (M),303.81,USD,1,Textile World Co
v-foo-00240-xs,Emerald Espadrille (XS),38.31,USD,12,Textile World Co
v-out-00242-s,Beige Moto Jacket (S),140.21,USD,6,Apparel Solutions
v-top-00243-s,Burgundy Crewneck Tee (S),237.25,CAD,1,Atelier Nord
v-dre-00244-s,Emerald Shirt Dress (S),217.33,USD,1,Apparel Solutions
v-top-00245-l,White Silk Blouse (L),290.3,USD,1,Textile World Co
v-acc-00246-m,Tan Woven Belt (M),184.24,USD,1,Fashion Hub Ltd
v-bot-00247-xxl,Burgundy Linen Pant (XXL),258.81,USD,1,Textile World Co
v-top-00248-s,Ivory Turtleneck (S),37.04,CAD,6,Atelier Nord
v-foo-00249-xs,Beige Low-Top Sneaker (XS),110.72,USD,12,Fashion Hub Ltd
v-out-00250-xs,Beige Denim Jacket (XS),295.02,USD,1,Textile World Co
v-out-00251-m,Cognac Blazer (M),275.36,USD,1,Textile World Co
v-bot-00252-xs,Cognac Chino Pant (XS),167.26,USD,6,Fashion Hub Ltd
v-bot-00253-s,Burgundy Pleated Skirt (S),307.26,USD,12,Apparel Solutions
v-top-00254-xxl,Charcoal Button-Up Shirt (XXL),55.7,USD,1,Apparel Solutions
v-acc-00256-xl,Burgundy Wide-Brim Hat (XL),275.0,USD,1,Apparel Solutions
v-top-00257-xxl,Black V-Neck Sweater (XXL),204.58,USD,1,Apparel Solutions
v-acc-00258-xxl,Emerald Twill Scarf (XXL),204.87,USD,1,Apparel Solutions
v-bot-00259-l,Tan Midi Skirt (L),154.77,USD,6,Apparel Solutions
v-out-00260-l,Emerald Denim Jacket (L),120.96,USD,1,Textile World Co
v-acc-00261-m,Burgundy Woven Belt (M),57.04,USD,12,Atelier Nord
v-foo-00262-s,Blush Ankle Boot (S),55.01,USD,1,Atelier Nord
v-bot-00263-m,Black Skinny Jean (M),276.41,USD,1,Atelier Nord
v-bot-00264-xl,Blush Midi Skirt (XL),74.27,USD,12,Apparel Solutions
v-foo-00265-m,Emerald Heeled Mule (M),33.82,CAD,12,Atelier Nord
v-out-00266-xl,Charcoal Trench Coat (XL),33.09,USD,1,Apparel Solutions
v-out-00266-xl,Charcoal Trench Coat (XL) - Case Pack,380.54,USD,12,Apparel Solutions
v-foo-00267-l,Tan Espadrille (L),173.18,USD,1,Apparel Solutions
v-foo-00269-m,Charcoal Loafer (M),40.34,USD,6,Apparel Solutions
v-foo-00270-xxl,Beige Ballet Flat (XXL),57.23,USD,6,Fashion Hub Ltd
v-dre-00271-m,Cognac Shift Dress (M),76.97,USD,1,Textile World Co
v-foo-00272-xs,Black Ankle Boot (XS),231.25,USD,1,Textile World Co
v-out-00273-xl,Beige Trench Coat (XL),110.26,USD,12,Textile World Co
v-acc-00276-xl,Indigo Twill Scarf (XL),258.31,USD,12,Apparel Solutions
v-out-00277-xl,Tan Wool Peacoat (XL),226.82,USD,6,Textile World Co
v-foo-00279-s,White Espadrille (S),153.55,USD,1,Fashion Hub Ltd
v-out-00280-l,Charcoal Blazer (L),399.93,CAD,1,Atelier Nord
v-bot-00281-xl,Charcoal Denim Short (XL),318.98,USD,1,Apparel Solutions
v-out-00282-l,Ivory Wool Peacoat (L),180.58,USD,1,Apparel Solutions
v-out-00283-m,Charcoal Trench Coat (M),85.6,USD,12,Apparel Solutions
v-acc-00285-xs,Camel Woven Belt (XS),379.96,CAD,1,Atelier Nord
v-dre-00286-xs,Camel Midi Dress (XS),301.6,USD,1,Apparel Solutions
v-foo-00288-s,Camel Espadrille (S),198.13,USD,6,Fashion Hub Ltd
v-top-00289-s,Tan Turtleneck (S),46.96,USD,12,Fashion Hub Ltd
v-out-00290-s,Tan Moto Jacket (S),311.27,USD,12,Fashion Hub Ltd
v-acc-00291-xxl,Emerald Crossbody Bag (XXL),245.92,USD,1,
v-dre-00292-xs,Black Shirt Dress (XS),180.44,USD,1,Textile World Co
v-out-00293-l,Black Trench Coat (L),75.45,USD,6,Atelier Nord
v-top-00294-xl,Camel Crewneck Tee (XL),311.44,USD,6,Fashion Hub Ltd
v-out-00295-xl,Cognac Blazer (XL),307.41,USD,1,Atelier Nord
v-foo-00296-s,Camel Heeled Mule (S),117.49,USD,12,Fashion Hub Ltd
v-dre-00297-xs,Ivory Shirt Dress (XS),266.01,USD,1,Apparel Solutions
v-foo-00298-l,Indigo Espadrille (L),44.13,USD,1,Apparel Solutions
v-bot-00299-s,Blush Chino Pant (S),99.95,USD,1,Fashion Hub Ltd
v-dre-00300-xl,Camel Shift Dress (XL),93.05,USD,1,Fashion Hub Ltd
v-bot-00301-xs,Tan Skinny Jean (XS),111.13,USD,12,Atelier Nord
v-foo-00303-s,Charcoal Low-Top Sneaker (S),63.23,USD,6,Atelier Nord
v-acc-00304-xl,Emerald Wide-Brim Hat (XL),255.67,USD,6,Textile World Co
v-out-00305-m,Burgundy Puffer Vest (M),295.06,USD,1,Fashion Hub Ltd
v-foo-00306-xl,Charcoal Loafer (XL),66.88,USD,1,Textile World Co
v-foo-00306-xl,Charcoal Loafer (XL) - Case Pack,769.12,USD,12,Textile World Co
v-top-00307-xl,Burgundy Turtleneck (XL),46.31,USD,1,Atelier Nord
v-top-00308-xl,Ivory Henley (XL),224.49,CAD,1,Atelier Nord
v-out-00309-xxl,Camel Blazer (XXL),136.39,USD,6,Fashion Hub Ltd
v-bot-00310-xs,White Denim Short (XS),118.47,USD,1,Atelier Nord
v-acc-00312-l,Tan Statement Earrings (L),331.72,USD,1,Apparel Solutions
v-out-00313-xxl,White Denim Jacket (XXL),211.54,USD,1,Textile World Co
v-bot-00314-xl,Indigo Denim Short (XL),235.54,USD,6,Textile World Co
v-top-00315-l,Camel Crewneck Tee (L),176.12,USD,1,Atelier Nord
v-out-00316-m,Ivory Wool Peacoat (M),308.31,USD,6,Textile World Co
v-top-00318-xxl,Beige Henley (XXL),92.32,USD,1,Fashion Hub Ltd
v-out-00319-s,Cognac Trench Coat (S),60.04,USD,1,Fashion Hub Ltd
v-acc-00320-xl,Blush Wide-Brim Hat (XL),90.82,USD,1,Apparel Solutions
v-foo-00321-m,Indigo Low-Top Sneaker (M),35.69,USD,1,Apparel Solutions
v-foo-00323-l,Burgundy Ballet Flat (L),61.01,USD,1,Atelier Nord
v-foo-00324-s,Charcoal Heeled Mule (S),290.81,USD,6,Apparel Solutions
v-bot-00326-m,Charcoal Pleated Skirt (M),290.83,USD,1,Fashion Hub Ltd
v-bot-00326-m,Charcoal Pleated Skirt (M) - Case Pack,3344.54,USD,12,Fashion Hub Ltd
v-foo-00327-xs,Charcoal Espadrille (XS),130.08,USD,1,Apparel Solutions
v-top-00328-xxl,Beige Turtleneck (XXL),160.9,USD,1,Textile World Co
v-top-00329-xxl,Charcoal Turtleneck (XXL),245.15,USD,1,Fashion Hub Ltd
v-acc-00330-s,Burgundy Wide-Brim Hat (S),387.44,CAD,1,
v-dre-00331-xl,Emerald Maxi Dress (XL),110.96,USD,1,
v-out-00332-xxl,White Denim Jacket (XXL),250.57,USD,6,Atelier Nord
v-dre-00333-xs,Indigo Shift Dress (XS),238.4,USD,1,Textile World Co
v-foo-00334-xxl,Beige Loafer (XXL),148.25,CAD,6,Atelier Nord
v-bot-00335-s,Beige Chino Pant (S),185.04,USD,1,Atelier Nord
v-out-00336-xxl,Tan Blazer (XXL),220.96,CAD,6,Atelier Nord
v-bot-00337-l,Cognac Linen Pant (L),284.16,USD,6,Textile World Co
v-top-00338-xxl,White Crewneck Tee (XXL),247.83,USD,1,Fashion Hub Ltd
v-acc-00339-xxl,White Leather Tote (XXL),21.35,USD,1,Textile World Co
v-dre-00340-xxl,Beige Wrap Dress (XXL),215.2,USD,1,Atelier Nord
v-foo-00341-xs,Indigo Loafer (XS),170.18,USD,1,Fashion Hub Ltd
v-top-00343-s,Charcoal Silk Blouse (S),264.41,USD,12,Apparel Solutions
v-out-00344-l,Blush Moto Jacket (L),270.69,CAD,1,Atelier Nord
v-acc-00345-xxl,Tan Twill Scarf (XXL),43.03,USD,1,Fashion Hub Ltd
v-foo-00346-xxl,Black Heeled Mule (XXL),228.95,USD,12,Fashion Hub Ltd
v-out-00347-xl,Blush Blazer (XL),295.46,USD,1,Fashion Hub Ltd
v-bot-00348-xl,Burgundy Midi Skirt (XL),141.9,CAD,12,Atelier Nord
v-dre-00349-xxl,Beige Slip Dress (XXL),72.52,USD,6,Fashion Hub Ltd
v-bot-00350-xxl,Ivory Denim Short (XXL),431.67,CAD,12,Atelier Nord
v-foo-00351-l,Beige Low-Top Sneaker (L),132.04,USD,6,Apparel Solutions
v-acc-00352-xl,White Statement Earrings (XL),32.9,USD,12,Apparel Solutions
v-top-00353-xl,Beige Tank Top (XL),303.78,USD,1,Atelier Nord
v-bot-00355-xxl,Beige Linen Pant (XXL),45.02,USD,1,Atelier Nord
v-bot-00356-xs,White Linen Pant (XS),64.86,USD,1,Apparel Solutions
v-out-00357-xs,Blush Wool Peacoat (XS),19.11,USD,1,Fashion Hub Ltd
v-dre-00358-s,White Shift Dress (S),73.97,USD,1,Fashion Hub Ltd
v-foo-00359-xs,Indigo Loafer (XS),45.7,USD,6,Fashion Hub Ltd
v-foo-00360-xs,Indigo Ballet Flat (XS),137.7,USD,6,Apparel Solutions
v-foo-00361-xl,Beige Low-Top Sneaker (XL),213.05,USD,1,Textile World Co
v-dre-00362-l,Camel Shift Dress (L),37.16,USD,1,Textile World Co
v-acc-00364-xl,Beige Crossbody Bag (XL),159.66,USD,12,
v-top-00365-xl,Blush Cardigan (XL),349.34,CAD,12,Atelier Nord
v-dre-00366-xl,Tan Maxi Dress (XL),108.29,USD,12,Textile World Co
v-dre-00367-m,Indigo Midi Dress (M),235.14,USD,6,Apparel Solutions
v-bot-00368-m,Indigo Pleated Skirt (M),174.76,CAD,12,Atelier Nord
v-bot-00370-xxl,Camel Chino Pant (XXL),251.96,USD,12,Fashion Hub Ltd
v-out-00371-m,Tan Trench Coat (M),94.42,USD,6,Textile World Co
v-out-00372-l,White Denim Jacket (L),196.22,USD,1,Atelier Nord
v-acc-00373-xs,Cognac Crossbody Bag (XS),238.08,USD,1,Apparel Solutions
v-acc-00374-s,White Twill Scarf (S),67.0,USD,1,Apparel Solutions
v-acc-00375-l,Tan Statement Earrings (L),319.13,USD,1,Apparel Solutions
v-top-00376-s,Camel V-Neck Sweater (S),150.43,USD,6,Textile World Co
v-top-00378-xs,Indigo Button-Up Shirt (XS),277.02,USD,1,Fashion Hub Ltd
v-dre-00379-s,Emerald Shift Dress (S),121.24,USD,1,Atelier Nord
v-dre-00381-xxl,White Shirt Dress (XXL),298.38,USD,1,
v-bot-00382-m,Ivory Denim Short (M),421.33,CAD,1,Atelier Nord
v-out-00383-s,Ivory Blazer (S),138.24,USD,12,Atelier Nord
v-foo-00384-xs,Indigo Heeled Mule (XS),78.46,USD,1,Textile World Co
v-top-00385-m,Blush Silk Blouse (M),152.09,USD,1,Textile World Co
v-top-00385-m,Blush Silk Blouse (M) - Case Pack,1749.04,USD,12,Textile World Co
v-bot-00388-s,White Pleated Skirt (S),55.37,USD,1,Apparel Solutions
v-bot-00389-l,Indigo Denim Short (L),188.28,USD,6,Textile World Co
v-out-00390-xxl,Cognac Blazer (XXL),188.48,USD,12,Textile World Co
v-bot-00391-l,Blush Wide-Leg Trouser (L),279.25,USD,1,Fashion Hub Ltd
v-bot-00392-xl,Indigo Wide-Leg Trouser (XL),190.17,CAD,12,Atelier Nord
v-acc-00393-s,Emerald Crossbody Bag (S),183.25,USD,12,Fashion Hub Ltd
v-top-00394-xl,Charcoal Button-Up Shirt (XL),70.21,USD,1,Apparel Solutions
v-acc-00395-xl,Cognac Crossbody Bag (XL),183.0,USD,1,Fashion Hub Ltd
v-foo-00396-xs,Cognac Ballet Flat (XS),253.14,CAD,12,Atelier Nord
v-acc-00397-m,Charcoal Statement Earrings (M),160.58,USD,6,Fashion Hub Ltd
v-top-00398-s,White Henley (S),262.83,USD,1,Textile World Co
v-acc-00399-l,Tan Wide-Brim Hat (L),201.6,USD,1,Textile World Co
v-bot-00400-xl,Black Midi Skirt (XL),178.45,USD,12,Apparel Solutions
v-dre-00401-m,Camel Shirt Dress (M),297.1,USD,1,Apparel Solutions
v-top-00402-xs,Indigo Silk Blouse (XS),280.21,USD,1,Apparel Solutions
v-bot-00403-xxl,Ivory Wide-Leg Trouser (XXL),261.64,USD,1,Apparel Solutions
v-bot-00404-m,Tan Denim Short (M),128.31,USD,6,Atelier Nord
v-acc-00407-xs,Blush Statement Earrings (XS),113.69,CAD,6,Atelier Nord
v-bot-00408-m,Camel Chino Pant (M),121.67,USD,12,Apparel Solutions
v-acc-00411-m,Tan Leather Tote (M),283.3,USD,1,Textile World Co
v-acc-00412-xs,Camel Woven Belt (XS),209.96,USD,6,Apparel Solutions
v-out-00413-xxl,Camel Blazer (XXL),148.74,USD,12,Textile World Co
v-acc-00415-xs,Black Crossbody Bag (XS),279.81,USD,1,Apparel Solutions
v-bot-00416-s,White Chino Pant (S),42.55,USD,1,Atelier Nord
v-dre-00417-s,Camel Shift Dress (S),358.86,CAD,1,Atelier Nord
v-acc-00418-xl,White Leather Tote (XL),211.78,USD,1,Fashion Hub Ltd
v-dre-00419-xxl,Charcoal Shirt Dress (XXL),312.59,USD,1,Textile World Co
v-bot-00420-s,White Skinny Jean (S),201.08,USD,1,Fashion Hub Ltd
v-bot-00420-s,White Skinny Jean (S) - Case Pack,2312.42,USD,12,Fashion Hub Ltd
v-out-00421-s,Ivory Wool Peacoat (S),212.68,USD,6,Apparel Solutions
v-foo-00422-xl,Burgundy Loafer (XL),260.17,USD,6,Apparel Solutions
v-acc-00423-xl,Charcoal Woven Belt (XL),235.83,USD,1,Textile World Co
v-top-00424-l,Emerald Turtleneck (L),92.52,USD,12,Fashion Hub Ltd
v-foo-00426-l,Ivory Espadrille (L),23.54,USD,6,Fashion Hub Ltd
v-dre-00427-xs,Black Midi Dress (XS),235.3,CAD,1,Atelier Nord
v-out-00428-l,Burgundy Denim Jacket (L),209.13,USD,1,Fashion Hub Ltd
v-bot-00429-m,White Pleated Skirt (M),179.97,USD,1,Fashion Hub Ltd
v-bot-00430-l,Blush Denim Short (L),112.46,USD,1,Fashion Hub Ltd
v-acc-00432-xxl,Tan Statement Earrings (XXL),54.81,USD,1,Textile World Co
v-top-00433-m,Emerald Silk Blouse (M),68.5,USD,1,Apparel Solutions
v-dre-00434-xs,White Shirt Dress (XS),261.79,USD,1,Apparel Solutions
v-top-00435-xl,Burgundy Button-Up Shirt (XL),175.11,USD,1,Fashion Hub Ltd
v-top-00436-s,Beige Henley (S),63.35,USD,6,Apparel Solutions
v-acc-00437-s,White Statement Earrings (S),31.02,USD,6,Fashion Hub Ltd
v-top-00438-l,Blush Henley (L),68.16,USD,6,Textile World Co
v-dre-00440-xl,White Shift Dress (XL),53.83,USD,1,Apparel Solutions
v-bot-00441-xs,Cognac Midi Skirt (XS),53.64,CAD,12,Atelier Nord
v-dre-00442-xs,Blush Shift Dress (XS),27.76,CAD,12,Atelier Nord
v-foo-00443-xl,Burgundy Ballet Flat (XL),147.07,USD,1,Textile World Co
v-bot-00444-s,Cognac Linen Pant (S),20.17,USD,12,Textile World Co
v-bot-00445-xxl,Blush Denim Short (XXL),310.69,USD,6,Fashion Hub Ltd
v-acc-00446-xxl,Burgundy Crossbody Bag (XXL),47.59,USD,12,Apparel Solutions
v-out-00447-s,Black Denim Jacket (S),46.25,USD,1,Apparel Solutions
v-foo-00448-m,Burgundy Heeled Mule (M),321.52,USD,1,Atelier Nord
v-top-00449-l,Tan Silk Blouse (L),196.63,USD,1,Fashion Hub Ltd
v-acc-00450-m,Charcoal Leather Tote (M),272.98,USD,1,Apparel Solutions
v-acc-00451-l,Blush Woven Belt (L),91.49,USD,1,Apparel Solutions
v-foo-00452-xs,Ivory Ankle Boot (XS),156.78,USD,1,Textile World Co
v-bot-00454-m,Tan Midi Skirt (M),83.35,USD,12,Fashion Hub Ltd
v-top-00455-l,Blush Turtleneck (L),217.15,USD,1,Fashion Hub Ltd
v-top-00455-l,Blush Turtleneck (L) - Case Pack,2497.22,USD,12,Fashion Hub Ltd
v-bot-00456-l,Indigo Skinny Jean (L),47.59,USD,1,Textile World Co
v-bot-00457-xs,Black Skinny Jean (XS),57.93,USD,12,Textile World Co
v-top-00459-l,Tan Turtleneck (L),43.56,USD,12,Textile World Co
v-top-00460-s,Black Henley (S),262.0,USD,1,Atelier Nord
v-top-00461-l,Tan Cardigan (L),125.01,USD,1,Textile World Co
v-dre-00462-xs,Ivory Maxi Dress (XS),201.48,USD,6,Textile World Co
v-acc-00464-xxl,Charcoal Wide-Brim Hat (XXL),308.1,USD,1,Fashion Hub Ltd
v-foo-00465-xl,Blush Heeled Mule (XL),136.62,USD,1,Apparel Solutions
v-dre-00466-xs,Charcoal Slip Dress (XS),38.01,USD,12,Apparel Solutions
v-foo-00468-s,Black Espadrille (S),170.48,CAD,12,Atelier Nord
v-bot-00469-xxl,Blush Denim Short (XXL),295.25,USD,1,Apparel Solutions
v-acc-00470-xl,Beige Woven Belt (XL),190.31,USD,1,Textile World Co
v-out-00471-s,Camel Puffer Vest (S),43.03,CAD,1,Atelier Nord
v-foo-00472-xl,Black Low-Top Sneaker (XL),25.13,CAD,1,Atelier Nord
v-bot-00473-s,Burgundy Pleated Skirt (S),35.82,USD,1,Apparel Solutions
v-acc-00475-xs,Beige Crossbody Bag (XS),114.5,USD,1,Apparel Solutions
v-acc-00476-l,Tan Crossbody Bag (L),70.31,USD,1,Apparel Solutions
v-acc-00477-l,Ivory Wide-Brim Hat (L),233.2,USD,1,Apparel Solutions
v-foo-00479-s,Beige Ballet Flat (S),298.14,USD,1,Fashion Hub Ltd
v-acc-00480-m,Charcoal Twill Scarf (M),70.83,USD,1,Apparel Solutions
v-acc-00481-xxl,Tan Statement Earrings (XXL),142.77,USD,12,Apparel Solutions
v-bot-00482-m,White Linen Pant (M),249.34,USD,1,Apparel Solutions
v-out-00483-l,Burgundy Denim Jacket (L),280.16,USD,1,Textile World Co
v-out-00485-m,Black Moto Jacket (M),115.11,USD,1,Fashion Hub Ltd
v-foo-00487-xxl,Emerald Loafer (XXL),145.35,USD,1,Fashion Hub Ltd
v-out-00488-xs,Black Trench Coat (XS),80.7,USD,1,Apparel Solutions
v-acc-00489-xxl,Burgundy Wide-Brim Hat (XXL),211.17,USD,1,Apparel Solutions
v-top-00490-xl,Indigo Crewneck Tee (XL),65.28,USD,6,Atelier Nord
v-bot-00492-xs,Camel Linen Pant (XS),268.08,USD,1,Atelier Nord
v-bot-00494-m,Indigo Pleated Skirt (M),153.33,USD,1,Textile World Co
v-acc-00496-l,Cognac Woven Belt (L),199.42,USD,1,Textile World Co
v-foo-00497-xxl,Cognac Heeled Mule (XXL),264.95,CAD,6,Atelier Nord
v-dre-00498-xxl,Indigo Wrap Dress (XXL),171.04,USD,6,Fashion Hub Ltd
v-foo-00499-s,Beige Espadrille (S),302.48,USD,1,Fashion Hub Ltd
v-acc-00501-m,Beige Leather Tote (M),286.19,USD,1,Apparel Solutions
v-acc-00501-m,Beige Leather Tote (M) - Case Pack,3291.18,USD,12,Apparel Solutions
v-out-00502-xl,Indigo Puffer Vest (XL),273.89,USD,12,Apparel Solutions
v-top-00503-l,White Cardigan (L),62.93,USD,1,Textile World Co
v-top-00503-l,White Cardigan (L) - Case Pack,723.7,USD,12,Textile World Co
v-foo-00504-xl,Camel Ankle Boot (XL),284.11,USD,1,Apparel Solutions
v-bot-00506-xxl,Beige Denim Short (XXL),29.72,USD,1,Atelier Nord
v-bot-00507-l,Burgundy Skinny Jean (L),282.91,USD,1,Apparel Solutions
v-dre-00508-l,Camel Shift Dress (L),308.84,USD,1,Fashion Hub Ltd
v-dre-00509-m,Emerald Shirt Dress (M),241.1,USD,6,Apparel Solutions
v-top-00511-m,White Silk Blouse (M),80.41,CAD,12,Atelier Nord
v-foo-00512-s,Ivory Ankle Boot (S),270.69,USD,1,Textile World Co
v-out-00515-xl,Emerald Trench Coat (XL),121.79,USD,1,
v-acc-00516-xs,Camel Twill Scarf (XS),45.46,CAD,1,Atelier Nord
v-bot-00517-xxl,Charcoal Linen Pant (XXL),95.67,USD,1,Textile World Co
v-top-00518-s,Emerald Crewneck Tee (S),192.2,USD,6,Textile World Co
v-dre-00519-xxl,Camel Slip Dress (XXL),150.89,USD,1,Apparel Solutions
v-dre-00520-s,Camel Maxi Dress (S),107.59,USD,12,Atelier Nord
v-foo-00521-xs,Beige Heeled Mule (XS),165.01,USD,1,Fashion Hub Ltd
v-acc-00522-m,Beige Wide-Brim Hat (M),222.23,USD,6,Apparel Solutions
v-dre-00523-m,Tan Shift Dress (M),97.48,USD,12,Apparel Solutions
v-bot-00524-xs,Charcoal Denim Short (XS),305.56,CAD,1,Atelier Nord
v-top-00525-m,Camel Henley (M),139.58,USD,1,Atelier Nord
v-acc-00526-m,Charcoal Wide-Brim Hat (M),220.82,USD,12,Textile World Co
v-dre-00527-s,Camel Slip Dress (S),106.22,USD,1,Textile World Co
v-acc-00528-xl,Burgundy Woven Belt (XL),301.24,USD,6,Textile World Co
v-top-00529-s,Blush Turtleneck (S),147.52,USD,1,Apparel Solutions
v-dre-00530-l,Camel Slip Dress (L),160.1,USD,6,Fashion Hub Ltd
v-dre-00533-xs,Ivory Shirt Dress (XS),115.45,USD,6,Atelier Nord
v-acc-00534-l,Black Twill Scarf (L),82.28,USD,1,Apparel Solutions
v-bot-00535-s,White Chino Pant (S),282.15,CAD,1,Atelier Nord
v-out-00536-xs,Black Denim Jacket (XS),245.17,USD,12,Textile World Co
v-out-00536-xs,Black Denim Jacket (XS) - Case Pack,2819.45,USD,12,Textile World Co
v-foo-00537-xxl,Black Low-Top Sneaker (XXL),217.28,USD,6,Fashion Hub Ltd
v-top-00539-m,Camel Crewneck Tee (M),237.81,USD,6,Atelier Nord
v-out-00540-m,Ivory Blazer (M),130.14,USD,1,Atelier Nord
v-out-00541-s,Charcoal Moto Jacket (S),77.72,USD,12,Textile World Co
v-foo-00542-m,White Low-Top Sneaker (M),131.05,USD,1,Fashion Hub Ltd
v-foo-00543-xl,Black Loafer (XL),218.34,USD,1,Fashion Hub Ltd
v-acc-00544-l,Indigo Twill Scarf (L),55.74,USD,1,Atelier Nord
v-acc-00545-xxl,Charcoal Leather Tote (XXL),108.15,USD,1,Fashion Hub Ltd
v-foo-00546-xl,Beige Ballet Flat (XL),143.98,USD,1,Textile World Co
v-acc-00547-m,White Wide-Brim Hat (M),249.62,USD,6,Fashion Hub Ltd
v-bot-00549-l,Cognac Skinny Jean (L),223.33,USD,6,Textile World Co
v-dre-00552-xs,Emerald Shift Dress (XS),267.58,USD,6,Fashion Hub Ltd
v-dre-00553-m,Tan Shift Dress (M),319.69,CAD,6,Atelier Nord
v-top-00554-xxl,Ivory Crewneck Tee (XXL),117.05,USD,1,Textile World Co
v-dre-00555-m,White Shirt Dress (M),74.97,USD,1,Apparel Solutions
v-out-00556-xxl,Indigo Wool Peacoat (XXL),263.67,USD,12,Atelier Nord
v-foo-00558-s,Emerald Espadrille (S),355.48,CAD,1,Atelier Nord
v-acc-00559-l,Ivory Statement Earrings (L),71.99,CAD,1,Atelier Nord
v-top-00560-xxl,Camel V-Neck Sweater (XXL),21.94,USD,12,Apparel Solutions
v-acc-00561-xl,Burgundy Wide-Brim Hat (XL),314.05,USD,1,Textile World Co
v-foo-00562-xl,Burgundy Espadrille (XL),142.51,USD,1,Fashion Hub Ltd
v-dre-00563-xxl,Tan Shirt Dress (XXL),62.96,USD,1,Atelier Nord
v-acc-00564-l,Cognac Leather Tote (L),384.18,CAD,12,Atelier Nord
v-out-00565-m,Charcoal Wool Peacoat (M),33.35,USD,12,Apparel Solutions
v-out-00565-m,Charcoal Wool Peacoat (M) - Case Pack,383.53,USD,12,Apparel Solutions
v-acc-00566-s,Indigo Crossbody Bag (S),166.79,USD,1,Fashion Hub Ltd
v-out-00567-xs,Blush Denim Jacket (XS),244.98,USD,1,Atelier Nord
v-out-00568-xl,Black Denim Jacket (XL),253.78,USD,6,Fashion Hub Ltd
v-foo-00569-xxl,Tan Low-Top Sneaker (XXL),418.65,CAD,1,Atelier Nord
v-top-00570-m,Emerald Turtleneck (M),234.31,USD,1,Atelier Nord
v-out-00571-xxl,White Moto Jacket (XXL),19.47,USD,1,Textile World Co
v-acc-00572-xl,Cognac Woven Belt (XL),227.05,USD,6,Apparel Solutions
v-out-00573-xxl,Burgundy Trench Coat (XXL),50.33,USD,12,Atelier Nord
v-top-00574-l,Charcoal Cardigan (L),223.27,USD,1,Textile World Co
v-out-00575-xxl,Tan Moto Jacket (XXL),248.8,USD,6,Fashion Hub Ltd
v-acc-00576-s,Cognac Wide-Brim Hat (S),18.08,USD,1,Atelier Nord
v-out-00577-xl,Emerald Puffer Vest (XL),224.15,USD,1,Textile World Co
v-bot-00578-xxl,Indigo Skinny Jean (XXL),163.65,USD,6,Apparel Solutions
v-foo-00579-m,Charcoal Espadrille (M),307.9,USD,6,Atelier Nord
v-foo-00579-m,Charcoal Espadrille (M) - Case Pack,3540.85,USD,12,Atelier Nord
v-dre-00581-xl,Burgundy Shirt Dress (XL),79.68,USD,12,Textile World Co
v-dre-00582-xxl,Ivory Shirt Dress (XXL),169.84,USD,1,Textile World Co
v-top-00583-l,Cognac Tank Top (L),210.63,USD,1,Atelier Nord
v-out-00584-xs,Cognac Moto Jacket (XS),133.81,USD,1,Fashion Hub Ltd
v-top-00585-s,Camel Turtleneck (S),235.84,USD,1,Apparel Solutions
v-top-00586-xl,Charcoal Button-Up Shirt (XL),125.9,USD,12,Fashion Hub Ltd
v-foo-00587-xl,Burgundy Espadrille (XL),242.01,USD,6,Textile World Co
v-foo-00588-xxl,Camel Espadrille (XXL),300.86,USD,12,Fashion Hub Ltd
v-acc-00589-xs,Cognac Woven Belt (XS),247.16,USD,1,Fashion Hub Ltd
v-foo-00591-s,Burgundy Low-Top Sneaker (S),152.22,USD,1,Apparel Solutions
v-bot-00592-xs,Cognac Linen Pant (XS),30.05,USD,1,Atelier Nord
v-bot-00594-m,Ivory Skinny Jean (M),253.58,USD,1,Fashion Hub Ltd
v-foo-00595-xs,Blush Loafer (XS),175.48,USD,1,Apparel Solutions
v-top-00596-xl,Indigo Silk Blouse (XL),46.02,USD,1,Atelier Nord
v-acc-00597-m,Blush Woven Belt (M),81.02,USD,1,Apparel Solutions
v-foo-00598-xs,Black Espadrille (XS),151.16,USD,6,Apparel Solutions
v-acc-00599-xs,Indigo Woven Belt (XS),137.06,CAD,1,Atelier Nord
v-foo-00600-xl,Cognac Ballet Flat (XL),221.7,CAD,1,Atelier Nord
v-bot-00601-xs,Cognac Pleated Skirt (XS),68.55,USD,1,Fashion Hub Ltd
v-top-00602-xxl,Charcoal V-Neck Sweater (XXL),276.25,USD,12,Textile World Co
v-top-00603-xxl,Cognac Turtleneck (XXL),207.63,USD,1,Atelier Nord
v-out-00606-xxl,Emerald Denim Jacket (XXL),205.81,CAD,6,Atelier Nord
v-acc-00607-xs,Cognac Twill Scarf (XS),243.44,USD,1,Fashion Hub Ltd
v-top-00608-xs,Cognac Tank Top (XS),265.4,USD,1,Apparel Solutions
v-top-00609-l,Emerald Button-Up Shirt (L),268.25,USD,1,Atelier Nord
v-bot-00610-s,Charcoal Denim Short (S),356.62,CAD,1,Atelier Nord
v-acc-00611-xxl,Camel Leather Tote (XXL),303.5,USD,12,
v-foo-00612-xs,White Low-Top Sneaker (XS),185.42,USD,1,Fashion Hub Ltd
v-foo-00613-s,Camel Ankle Boot (S),87.76,USD,6,Apparel Solutions
v-bot-00614-xl,Charcoal Wide-Leg Trouser (XL),77.48,USD,12,Apparel Solutions
v-top-00616-xl,Burgundy Turtleneck (XL),306.69,USD,1,Atelier Nord
v-acc-00617-xs,Charcoal Statement Earrings (XS),203.96,USD,6,Apparel Solutions
v-acc-00617-xs,Charcoal Statement Earrings (XS) - Case Pack,2345.54,USD,12,Apparel Solutions
v-out-00618-xl,Blush Denim Jacket (XL),227.1,USD,6,Apparel Solutions
v-foo-00619-l,Blush Ballet Flat (L),19.44,USD,6,Textile World Co
v-foo-00619-l,Blush Ballet Flat (L) - Case Pack,223.56,USD,12,Textile World Co
v-bot-00620-xxl,Burgundy Linen Pant (XXL),142.75,CAD,1,Atelier Nord
v-acc-00621-l,Blush Statement Earrings (L),217.41,CAD,1,Atelier Nord
v-foo-00622-xxl,Ivory Ankle Boot (XXL),276.17,USD,1,Fashion Hub Ltd
v-bot-00623-xxl,Burgundy Pleated Skirt (XXL),237.83,USD,1,Fashion Hub Ltd
v-foo-00624-xl,Black Espadrille (XL),327.76,CAD,1,Atelier Nord
v-foo-00625-xl,Cognac Ballet Flat (XL),292.31,CAD,12,Atelier Nord
v-foo-00625-xl,Cognac Ballet Flat (XL) - Case Pack,3361.57,CAD,12,Atelier Nord
v-out-00626-xxl,Beige Trench Coat (XXL),59.87,USD,1,
v-top-00627-xl,Blush Cardigan (XL),214.54,USD,1,Fashion Hub Ltd
v-foo-00628-s,Emerald Low-Top Sneaker (S),188.47,USD,1,Textile World Co
v-acc-00629-xs,Blush Crossbody Bag (XS),255.13,USD,12,Textile World Co
v-dre-00630-xs,Charcoal Shift Dress (XS),172.1,USD,6,Textile World Co
v-out-00631-xs,Black Denim Jacket (XS),49.23,USD,1,Apparel Solutions
v-dre-00632-xl,Camel Shirt Dress (XL),138.86,USD,12,Textile World Co
v-foo-00633-xl,White Espadrille (XL),132.43,USD,1,
v-out-00634-l,Blush Wool Peacoat (L),297.04,USD,1,Atelier Nord
v-bot-00635-s,Ivory Chino Pant (S),178.74,USD,1,Fashion Hub Ltd
v-bot-00636-m,Ivory Wide-Leg Trouser (M),220.07,USD,1,Fashion Hub Ltd
v-dre-00637-l,White Shirt Dress (L),223.09,CAD,1,Atelier Nord
v-out-00638-xs,Charcoal Moto Jacket (XS),179.11,USD,6,Textile World Co
v-foo-00640-xl,Beige Heeled Mule (XL),283.52,USD,12,Fashion Hub Ltd
v-bot-00641-l,Beige Chino Pant (L),91.57,CAD,1,Atelier Nord
v-bot-00642-s,Beige Midi Skirt (S),71.47,USD,1,Apparel Solutions
v-foo-00643-s,White Loafer (S),133.15,USD,1,Atelier Nord
v-bot-00644-xxl,Cognac Denim Short (XXL),372.26,CAD,6,Atelier Nord
v-out-00645-xs,Beige Puffer Vest (XS),46.23,USD,1,Fashion Hub Ltd
v-foo-00646-xxl,Tan Ankle Boot (XXL),183.54,USD,12,Atelier Nord
v-foo-00646-xxl,Tan Ankle Boot (XXL) - Case Pack,2110.71,USD,12,Atelier Nord
v-top-00647-l,Charcoal Cardigan (L),169.23,CAD,6,Atelier Nord
v-bot-00648-s,Emerald Pleated Skirt (S),103.91,USD,6,Fashion Hub Ltd
v-dre-00649-xxl,Black Midi Dress (XXL),192.42,USD,1,Fashion Hub Ltd
v-dre-00649-xxl,Black Midi Dress (XXL) - Case Pack,2212.83,USD,12,Fashion Hub Ltd
v-foo-00653-m,Ivory Heeled Mule (M),91.17,USD,1,Atelier Nord
v-foo-00653-m,Ivory Heeled Mule (M) - Case Pack,1048.45,USD,12,Atelier Nord
v-dre-00654-xxl,Indigo Shirt Dress (XXL),274.58,USD,1,Textile World Co
v-bot-00655-s,Burgundy Chino Pant (S),80.62,USD,1,
v-dre-00656-xxl,Beige Slip Dress (XXL),66.53,USD,1,Fashion Hub Ltd
v-top-00657-xl,Emerald Silk Blouse (XL),63.04,CAD,12,Atelier Nord
v-acc-00659-xxl,Camel Wide-Brim Hat (XXL),304.8,USD,1,Fashion Hub Ltd
v-acc-00661-s,Beige Leather Tote (S),128.31,USD,6,Fashion Hub Ltd
v-top-00662-m,Indigo Button-Up Shirt (M),132.05,USD,12,Atelier Nord
v-top-00663-xl,White V-Neck Sweater (XL),253.49,USD,1,Apparel Solutions
v-bot-00665-xs,Cognac Chino Pant (XS),175.81,USD,6,Fashion Hub Ltd
v-foo-00666-xl,Cognac Ballet Flat (XL),233.8,USD,1,Apparel Solutions
v-out-00667-l,Blush Trench Coat (L),294.4,USD,1,Atelier Nord
v-top-00668-l,White Button-Up Shirt (L),218.98,USD,1,Textile World Co
v-dre-00669-xl,Blush Maxi Dress (XL),230.44,USD,12,Fashion Hub Ltd
v-dre-00669-xl,Blush Maxi Dress (XL) - Case Pack,2650.06,USD,12,Fashion Hub Ltd
v-dre-00670-xxl,Indigo Wrap Dress (XXL),40.99,USD,12,Apparel Solutions
v-dre-00671-xl,Charcoal Shift Dress (XL),74.66,USD,6,Apparel Solutions
v-acc-00672-xxl,Charcoal Leather Tote (XXL),282.66,USD,1,Textile World Co
v-bot-00673-xl,Charcoal Midi Skirt (XL),65.85,USD,12,Apparel Solutions
v-top-00674-xs,Beige Henley (XS),273.79,USD,6,Fashion Hub Ltd
v-dre-00675-m,Beige Maxi Dress (M),70.44,USD,1,Atelier Nord
v-out-00676-s,Beige Trench Coat (S),164.59,USD,1,Fashion Hub Ltd
v-foo-00677-m,Cognac Ankle Boot (M),278.6,USD,12,Atelier Nord
v-top-00678-xxl,Blush Henley (XXL),20.74,USD,1,Fashion Hub Ltd
v-foo-00679-m,Blush Ankle Boot (M),69.99,USD,1,Apparel Solutions
v-dre-00680-m,Beige Maxi Dress (M),69.82,USD,12,Apparel Solutions
v-out-00681-m,Blush Blazer (M),140.64,CAD,12,Atelier Nord
v-bot-00682-s,Tan Denim Short (S),231.51,USD,6,Fashion Hub Ltd
v-out-00683-s,Charcoal Denim Jacket (S),164.73,USD,1,Textile World Co
v-out-00683-s,Charcoal Denim Jacket (S) - Case Pack,1894.39,USD,12,Textile World Co
v-foo-00685-l,Black Loafer (L),228.03,USD,6,
v-dre-00690-s,Tan Maxi Dress (S),212.88,USD,1,Textile World Co
v-acc-00691-l,Beige Wide-Brim Hat (L),41.45,USD,12,Fashion Hub Ltd
v-out-00693-xl,Burgundy Wool Peacoat (XL),198.15,CAD,1,Atelier Nord
v-top-00694-s,Burgundy Silk Blouse (S),308.86,USD,1,Apparel Solutions
v-bot-00695-xs,White Chino Pant (XS),312.1,USD,12,Fashion Hub Ltd
v-acc-00697-s,Camel Crossbody Bag (S),241.86,USD,1,Textile World Co
v-bot-00698-s,Cognac Wide-Leg Trouser (S),27.3,USD,1,Fashion Hub Ltd
v-dre-00699-xl,Emerald Maxi Dress (XL),181.9,USD,1,Apparel Solutions
v-foo-00700-xl,Beige Low-Top Sneaker (XL),287.99,CAD,1,Atelier Nord
v-acc-00701-m,Cognac Statement Earrings (M),163.25,USD,6,Apparel Solutions
v-top-00703-m,Blush Silk Blouse (M),250.24,CAD,12,Atelier Nord
v-out-00704-l,Black Wool Peacoat (L),198.29,USD,12,Apparel Solutions
v-dre-00705-xl,Indigo Midi Dress (XL),145.34,USD,12,Atelier Nord
v-acc-00706-l,Indigo Statement Earrings (L),95.41,USD,6,Textile World Co
v-bot-00707-xxl,Beige Denim Short (XXL),110.99,USD,6,Apparel Solutions
v-top-00710-xs,Ivory Crewneck Tee (XS),97.23,USD,12,Apparel Solutions
v-top-00711-s,White Turtleneck (S),163.63,USD,1,Fashion Hub Ltd
v-dre-00712-l,Blush Maxi Dress (L),118.03,USD,12,Fashion Hub Ltd
v-dre-00713-xl,White Maxi Dress (XL),73.54,USD,1,Atelier Nord
v-out-00714-xxl,White Moto Jacket (XXL),141.93,USD,1,Textile World Co
v-acc-00715-l,Charcoal Twill Scarf (L),173.67,USD,1,Fashion Hub Ltd
v-top-00718-s,White Turtleneck (S),163.97,CAD,1,Atelier Nord
v-acc-00720-xl,Burgundy Crossbody Bag (XL),132.29,USD,12,Textile World Co
v-bot-00721-xxl,White Chino Pant (XXL),318.6,USD,6,Apparel Solutions
v-dre-00722-xxl,Ivory Shirt Dress (XXL),55.86,USD,6,Fashion Hub Ltd
v-foo-00723-l,Blush Espadrille (L),24.45,USD,12,Textile World Co
v-acc-00724-xs,Camel Leather Tote (XS),307.9,CAD,1,Atelier Nord
v-out-00726-xl,Beige Wool Peacoat (XL),38.42,USD,12,Textile World Co
v-dre-00727-m,Cognac Shift Dress (M),18.18,USD,1,Atelier Nord
v-foo-00730-m,Beige Low-Top Sneaker (M),144.04,USD,6,
v-top-00731-s,Black V-Neck Sweater (S),278.23,USD,6,Textile World Co
v-out-00732-xs,White Trench Coat (XS),213.5,USD,6,Atelier Nord
v-acc-00733-xs,Camel Wide-Brim Hat (XS),83.09,USD,1,Apparel Solutions
v-bot-00734-xs,Emerald Linen Pant (XS),358.03,CAD,6,Atelier Nord
v-foo-00735-m,Indigo Espadrille (M),264.45,USD,1,Fashion Hub Ltd
v-top-00736-xs,Camel V-Neck Sweater (XS),300.52,USD,12,Textile World Co
v-acc-00737-l,Cognac Leather Tote (L),76.95,USD,1,Textile World Co
v-acc-00738-xxl,Cognac Leather Tote (XXL),327.83,CAD,12,Atelier Nord
v-out-00740-xxl,Blush Puffer Vest (XXL),181.66,USD,1,Textile World Co
v-dre-00741-m,Blush Slip Dress (M),352.24,CAD,1,Atelier Nord
v-acc-00742-s,Beige Woven Belt (S),129.57,USD,1,Textile World Co
v-dre-00743-l,Emerald Shift Dress (L),18.95,USD,1,Atelier Nord
v-foo-00744-s,Cognac Ankle Boot (S),19.82,USD,6,Apparel Solutions
v-bot-00746-m,Camel Wide-Leg Trouser (M),86.69,USD,12,Textile World Co
v-foo-00747-s,Beige Heeled Mule (S),238.99,USD,1,Fashion Hub Ltd
v-out-00748-xl,Burgundy Blazer (XL),191.21,USD,6,Fashion Hub Ltd
v-out-00750-s,White Denim Jacket (S),205.17,USD,1,Fashion Hub Ltd
v-out-00750-s,White Denim Jacket (S) - Case Pack,2359.45,USD,12,Fashion Hub Ltd
v-dre-00751-m,Black Slip Dress (M),114.69,USD,1,Textile World Co
v-top-00752-xl,Emerald Cardigan (XL),82.33,USD,1,Fashion Hub Ltd
v-out-00753-m,Ivory Trench Coat (M),164.67,USD,1,Fashion Hub Ltd
v-bot-00755-s,Cognac Chino Pant (S),135.68,USD,1,Atelier Nord
v-foo-00756-s,Cognac Espadrille (S),41.28,USD,1,Textile World Co
v-dre-00758-xxl,Beige Shift Dress (XXL),247.99,USD,1,Fashion Hub Ltd
v-foo-00759-s,Beige Heeled Mule (S),43.61,CAD,1,Atelier Nord
v-acc-00760-xxl,Ivory Woven Belt (XXL),51.93,USD,12,Fashion Hub Ltd
v-foo-00761-xs,Camel Low-Top Sneaker (XS),233.96,USD,1,Apparel Solutions
v-acc-00764-l,Black Statement Earrings (L),95.75,USD,1,Fashion Hub Ltd
v-bot-00765-xl,Burgundy Midi Skirt (XL),34.52,USD,1,Apparel Solutions
v-out-00766-xxl,Camel Blazer (XXL),269.46,USD,1,Apparel Solutions
v-acc-00767-l,Charcoal Crossbody Bag (L),287.34,USD,1,Fashion Hub Ltd
v-foo-00768-s,White Loafer (S),168.46,USD,1,Textile World Co
v-acc-00769-s,Black Twill Scarf (S),123.14,USD,12,Apparel Solutions
v-bot-00770-xxl,Blush Skinny Jean (XXL),125.43,USD,12,Apparel Solutions
v-dre-00772-m,Ivory Midi Dress (M),214.79,USD,1,Atelier Nord
v-out-00773-xl,Tan Puffer Vest (XL),143.51,USD,6,Textile World Co
v-dre-00774-l,Blush Slip Dress (L),82.79,USD,6,Textile World Co
v-foo-00775-s,Charcoal Espadrille (S),236.06,USD,1,Apparel Solutions
v-out-00776-xl,Tan Trench Coat (XL),111.02,USD,1,Textile World Co
v-dre-00778-xxl,Burgundy Maxi Dress (XXL),64.53,USD,1,Apparel Solutions
v-bot-00779-xl,Black Wide-Leg Trouser (XL),193.98,USD,1,Apparel Solutions
v-bot-00780-xs,Tan Wide-Leg Trouser (XS),43.57,USD,1,Apparel Solutions
v-out-00782-s,Ivory Trench Coat (S),28.3,USD,12,Textile World Co
v-out-00783-xxl,Burgundy Trench Coat (XXL),238.91,USD,1,Textile World Co
v-out-00785-xxl,Beige Moto Jacket (XXL),235.99,USD,1,Atelier Nord
v-acc-00786-xl,Beige Wide-Brim Hat (XL),169.84,USD,1,Fashion Hub Ltd
v-top-00787-xl,Cognac Turtleneck (XL),304.52,USD,6,Atelier Nord
v-out-00788-xs,Tan Puffer Vest (XS),105.72,USD,6,Textile World Co
v-foo-00790-xxl,Emerald Low-Top Sneaker (XXL),62.54,CAD,1,Atelier Nord
v-bot-00791-xxl,Beige Midi Skirt (XXL),142.26,USD,6,Textile World Co
v-top-00794-m,Tan Henley (M),168.26,USD,1,Fashion Hub Ltd
v-foo-00796-s,Ivory Espadrille (S),75.19,USD,1,Textile World Co
v-dre-00797-l,Burgundy Shift Dress (L),211.05,USD,1,Apparel Solutions
v-bot-00798-m,Beige Skinny Jean (M),165.01,USD,12,Fashion Hub Ltd
v-top-00799-s,Charcoal Henley (S),148.08,USD,6,Atelier Nord
v-bot-00801-xxl,Black Wide-Leg Trouser (XXL),27.67,USD,12,Apparel Solutions
v-foo-00802-m,Camel Loafer (M),32.3,USD,6,Fashion Hub Ltd
v-top-00804-m,Blush Button-Up Shirt (M),254.88,USD,1,Atelier Nord
v-foo-00805-l,Camel Ankle Boot (L),53.22,USD,12,Textile World Co
v-foo-00805-l,Camel Ankle Boot (L) - Case Pack,612.03,USD,12,Textile World Co
v-foo-00806-s,Cognac Heeled Mule (S),196.93,USD,6,Textile World Co
v-acc-00807-xs,Cognac Statement Earrings (XS),317.41,CAD,12,Atelier Nord
v-foo-00808-xl,Camel Ballet Flat (XL),298.07,USD,1,Apparel Solutions
v-acc-00809-l,Emerald Statement Earrings (L),293.88,USD,1,Textile World Co
v-acc-00812-xxl,Black Leather Tote (XXL),226.61,USD,1,Textile World Co
v-top-00813-xl,Camel Button-Up Shirt (XL),237.78,USD,12,Apparel Solutions
v-dre-00814-xxl,Indigo Shift Dress (XXL),255.74,USD,1,Fashion Hub Ltd
v-dre-00814-xxl,Indigo Shift Dress (XXL) - Case Pack,2941.01,USD,12,Fashion Hub Ltd
v-acc-00816-m,Cognac Crossbody Bag (M),337.0,CAD,12,Atelier Nord
v-foo-00818-m,Blush Espadrille (M),327.01,USD,12,Fashion Hub Ltd
v-top-00819-xxl,Indigo Tank Top (XXL),185.08,USD,1,
v-foo-00820-xxl,Camel Ankle Boot (XXL),226.0,USD,1,Apparel Solutions
v-top-00821-m,Charcoal Henley (M),263.12,USD,12,Atelier Nord
v-foo-00822-xs,Ivory Ballet Flat (XS),243.31,USD,1,Apparel Solutions
v-out-00823-l,Black Puffer Vest (L),75.9,USD,1,Textile World Co
v-foo-00824-s,Blush Ballet Flat (S),264.5,USD,6,Fashion Hub Ltd
v-bot-00825-xs,Burgundy Wide-Leg Trouser (XS),178.81,CAD,6,Atelier Nord
v-foo-00827-m,Burgundy Espadrille (M),191.65,USD,1,Fashion Hub Ltd
v-bot-00828-s,Charcoal Pleated Skirt (S),101.23,USD,12,Apparel Solutions
v-foo-00830-xs,Cognac Loafer (XS),187.62,USD,1,Textile World Co
v-dre-00831-m,Burgundy Midi Dress (M),68.61,USD,1,Textile World Co
v-dre-00832-xs,Emerald Slip Dress (XS),26.69,USD,6,Textile World Co
v-out-00833-l,White Moto Jacket (L),75.6,USD,12,Atelier Nord
v-dre-00834-s,Blush Shift Dress (S),308.27,USD,1,Fashion Hub Ltd
v-bot-00835-l,Burgundy Skinny Jean (L),155.73,USD,1,Fashion Hub Ltd
v-bot-00836-xl,Ivory Wide-Leg Trouser (XL),303.22,USD,1,Apparel Solutions
v-acc-00837-m,Blush Statement Earrings (M),166.22,USD,1,Atelier Nord
v-top-00838-l,Emerald Tank Top (L),103.65,USD,1,Textile World Co
v-foo-00839-xs,Cognac Low-Top Sneaker (XS),361.28,CAD,6,Atelier Nord
v-foo-00840-m,White Espadrille (M),191.66,CAD,12,Atelier Nord
v-foo-00841-s,Cognac Low-Top Sneaker (S),134.9,USD,12,
v-acc-00842-l,Indigo Wide-Brim Hat (L),183.14,USD,1,Apparel Solutions
v-acc-00843-xxl,White Statement Earrings (XXL),52.52,USD,6,Atelier Nord
v-acc-00843-xxl,White Statement Earrings (XXL) - Case Pack,603.98,USD,12,Atelier Nord
v-foo-00844-s,Emerald Ankle Boot (S),313.8,USD,12,Apparel Solutions
v-top-00845-l,Blush Cardigan (L),44.61,USD,12,Fashion Hub Ltd
v-acc-00846-xxl,Ivory Twill Scarf (XXL),159.92,USD,1,Textile World Co
v-foo-00847-s,Emerald Loafer (S),222.25,USD,1,Textile World Co
v-foo-00849-m,Ivory Heeled Mule (M),129.9,USD,1,Fashion Hub Ltd
v-top-00850-m,White Tank Top (M),84.37,USD,12,Fashion Hub Ltd
v-bot-00852-s,Ivory Chino Pant (S),368.82,CAD,6,Atelier Nord
v-out-00853-xxl,Camel Trench Coat (XXL),57.15,USD,1,Textile World Co
v-top-00854-l,Burgundy Silk Blouse (L),424.16,CAD,12,Atelier Nord
v-bot-00855-l,Indigo Linen Pant (L),208.85,USD,1,Atelier Nord
v-out-00856-l,Emerald Puffer Vest (L),84.04,USD,6,Apparel Solutions
v-top-00857-s,Burgundy Henley (S),143.8,USD,1,Apparel Solutions
v-out-00859-s,White Blazer (S),166.55,USD,1,Apparel Solutions
v-foo-00860-l,Charcoal Ankle Boot (L),224.35,USD,6,Fashion Hub Ltd
v-out-00862-xl,Emerald Puffer Vest (XL),144.1,USD,12,Apparel Solutions
v-bot-00863-xl,Burgundy Skinny Jean (XL),237.35,USD,12,Apparel Solutions
v-acc-00864-s,Beige Crossbody Bag (S),209.55,USD,1,Fashion Hub Ltd
v-acc-00867-s,Beige Twill Scarf (S),215.19,USD,1,Textile World Co
v-bot-00868-s,Burgundy Pleated Skirt (S),71.93,USD,1,Atelier Nord
v-top-00869-s,White Tank Top (S),271.25,USD,1,Textile World Co
v-out-00870-l,Tan Trench Coat (L),80.72,USD,1,Textile World Co
v-acc-00871-xs,White Woven Belt (XS),156.65,USD,1,Textile World Co
v-out-00872-s,Cognac Blazer (S),310.59,CAD,1,Atelier Nord
v-dre-00873-l,Cognac Midi Dress (L),103.55,USD,1,Fashion Hub Ltd
v-dre-00875-xxl,Beige Maxi Dress (XXL),119.14,USD,1,Apparel Solutions
v-top-00876-xl,Tan Button-Up Shirt (XL),155.01,USD,6,Atelier Nord
v-foo-00878-xs,Tan Ankle Boot (XS),22.41,USD,1,Fashion Hub Ltd
v-foo-00880-xl,Black Ankle Boot (XL),302.84,USD,6,Textile World Co
v-top-00881-s,Beige V-Neck Sweater (S),217.43,USD,1,Atelier Nord
v-acc-00882-m,Camel Leather Tote (M),298.57,CAD,12,Atelier Nord
v-out-00883-xxl,Indigo Wool Peacoat (XXL),96.6,USD,12,Apparel Solutions
v-top-00884-m,Indigo Cardigan (M),96.26,USD,1,
v-out-00885-s,Emerald Moto Jacket (S),72.2,USD,12,Atelier Nord
v-bot-00886-s,Indigo Denim Short (S),281.25,USD,6,Fashion Hub Ltd
v-bot-00888-xs,Tan Linen Pant (XS),222.16,USD,1,Fashion Hub Ltd
v-acc-00889-xl,Indigo Woven Belt (XL),175.77,USD,1,Fashion Hub Ltd
v-out-00890-xs,Burgundy Denim Jacket (XS),17.78,USD,1,Textile World Co
v-foo-00891-m,Blush Loafer (M),141.37,USD,1,Apparel Solutions
v-foo-00892-l,White Ballet Flat (L),212.75,USD,6,Apparel Solutions
v-top-00893-s,Tan Cardigan (S),221.38,USD,12,
v-acc-00894-xs,Emerald Woven Belt (XS),332.11,CAD,1,Atelier Nord
v-bot-00895-xl,Burgundy Skinny Jean (XL),175.57,USD,1,Textile World Co
v-foo-00896-l,Camel Espadrille (L),437.22,CAD,1,Atelier Nord
v-dre-00897-xxl,Blush Wrap Dress (XXL),139.82,USD,1,Fashion Hub Ltd
v-acc-00898-l,Cognac Statement Earrings (L),241.95,USD,1,Textile World Co
v-acc-00900-xs,Ivory Statement Earrings (XS),204.9,USD,1,Textile World Co
v-top-00901-s,Beige Henley (S),265.32,USD,1,Fashion Hub Ltd
v-out-00902-s,Beige Puffer Vest (S),260.94,USD,1,Fashion Hub Ltd
v-acc-00903-m,Indigo Statement Earrings (M),305.22,USD,6,Fashion Hub Ltd
v-dre-00904-xl,Black Midi Dress (XL),122.15,USD,1,Textile World Co
v-bot-00905-s,Indigo Midi Skirt (S),191.88,USD,1,Apparel Solutions
v-bot-00905-s,Indigo Midi Skirt (S) - Case Pack,2206.62,USD,12,Apparel Solutions
v-foo-00906-xs,Ivory Ankle Boot (XS),363.07,CAD,1,Atelier Nord
v-out-00907-xs,Black Moto Jacket (XS),294.26,USD,6,Textile World Co
v-out-00909-s,Charcoal Denim Jacket (S),208.18,USD,1,Fashion Hub Ltd
v-top-00910-l,Blush Button-Up Shirt (L),188.83,USD,1,Fashion Hub Ltd
v-foo-00911-m,Beige Ankle Boot (M),157.02,USD,6,Textile World Co
v-top-00913-m,Tan Crewneck Tee (M),81.54,USD,1,Apparel Solutions
v-foo-00914-xs,Black Heeled Mule (XS),295.5,USD,1,Fashion Hub Ltd
v-foo-00916-s,Indigo Ballet Flat (S),90.36,USD,1,Apparel Solutions
v-bot-00917-xxl,Charcoal Skinny Jean (XXL),281.67,USD,1,Atelier Nord
v-top-00918-l,Beige Henley (L),292.01,USD,6,Fashion Hub Ltd
v-top-00918-l,Beige Henley (L) - Case Pack,3358.11,USD,12,Fashion Hub Ltd
v-foo-00919-l,Ivory Heeled Mule (L),59.48,USD,12,Apparel Solutions
v-dre-00920-m,Charcoal Shift Dress (M),28.69,USD,6,Textile World Co
v-bot-00921-l,Emerald Skinny Jean (L),95.36,CAD,1,Atelier Nord
v-dre-00922-xxl,Ivory Slip Dress (XXL),194.48,USD,12,Textile World Co
v-out-00923-s,Emerald Puffer Vest (S),270.77,USD,1,Atelier Nord
v-acc-00924-s,Burgundy Crossbody Bag (S),112.86,USD,1,Textile World Co
v-bot-00925-l,Black Denim Short (L),29.76,USD,1,Fashion Hub Ltd
v-foo-00926-xl,Indigo Ankle Boot (XL),161.24,USD,1,Atelier Nord
v-out-00927-xl,White Trench Coat (XL),224.2,USD,1,Fashion Hub Ltd
v-bot-00928-s,Camel Pleated Skirt (S),23.65,USD,12,Fashion Hub Ltd
v-acc-00929-xxl,Beige Crossbody Bag (XXL),311.8,USD,1,Fashion Hub Ltd
v-bot-00930-l,Burgundy Midi Skirt (L),256.54,USD,1,Textile World Co
v-out-00931-xs,Tan Blazer (XS),139.46,USD,1,Fashion Hub Ltd
v-top-00932-m,Indigo Button-Up Shirt (M),256.55,USD,1,Textile World Co
v-dre-00933-xl,Black Shirt Dress (XL),274.61,USD,12,
v-dre-00933-xl,Black Shirt Dress (XL) - Case Pack,3158.02,USD,12,Apparel Solutions
v-dre-00934-xs,Beige Maxi Dress (XS),125.33,USD,12,Apparel Solutions
v-acc-00935-m,Ivory Leather Tote (M),181.38,USD,12,Textile World Co
v-foo-00936-xxl,Charcoal Espadrille (XXL),113.21,USD,12,Textile World Co
v-foo-00938-l,White Loafer (L),161.99,USD,1,Apparel Solutions
v-acc-00939-s,White Statement Earrings (S),60.85,CAD,1,Atelier Nord
v-dre-00940-s,White Wrap Dress (S),51.74,USD,1,Apparel Solutions
v-bot-00941-xl,Charcoal Midi Skirt (XL),106.44,USD,1,Fashion Hub Ltd
v-out-00942-l,Indigo Wool Peacoat (L),106.88,USD,1,Fashion Hub Ltd
v-acc-00944-xl,Emerald Woven Belt (XL),216.69,CAD,12,Atelier Nord
v-dre-00945-s,Camel Midi Dress (S),180.43,CAD,12,Atelier Nord
v-top-00946-m,Blush Silk Blouse (M),419.77,CAD,1,Atelier Nord
v-foo-00947-s,Ivory Ballet Flat (S),67.83,USD,12,Textile World Co
v-dre-00948-l,Ivory Slip Dress (L),131.4,USD,1,Apparel Solutions
v-acc-00949-m,Tan Twill Scarf (M),60.32,USD,6,Apparel Solutions
v-bot-00950-xs,Camel Denim Short (XS),140.3,USD,6,Fashion Hub Ltd
v-bot-00951-s,Blush Chino Pant (S),312.81,USD,12,
v-dre-00952-m,Burgundy Shirt Dress (M),289.3,USD,12,Atelier Nord
v-acc-00954-m,White Wide-Brim Hat (M),131.4,USD,1,Fashion Hub Ltd
v-dre-00956-xs,Black Midi Dress (XS),224.41,USD,1,Atelier Nord
v-out-00957-m,Emerald Trench Coat (M),296.55,USD,12,Fashion Hub Ltd
v-dre-00959-xl,Emerald Shift Dress (XL),83.21,USD,6,Fashion Hub Ltd
v-out-00960-s,Camel Denim Jacket (S),235.7,USD,12,Atelier Nord
v-foo-00961-s,White Loafer (S),111.38,USD,1,Textile World Co
v-top-00962-xs,White Cardigan (XS),284.32,CAD,1,Atelier Nord
v-bot-00963-xxl,Emerald Denim Short (XXL),78.12,USD,1,Textile World Co
v-foo-00964-m,Black Heeled Mule (M),168.3,USD,1,Apparel Solutions
v-acc-00966-l,Camel Statement Earrings (L),167.66,USD,1,Textile World Co
v-top-00967-xs,Emerald Button-Up Shirt (XS),188.12,USD,1,Apparel Solutions
v-dre-00968-l,Tan Shirt Dress (L),132.35,USD,1,Fashion Hub Ltd
v-dre-00969-xs,Beige Midi Dress (XS),120.1,USD,1,Textile World Co
v-bot-00970-m,Camel Skinny Jean (M),204.94,USD,12,Atelier Nord
v-top-00972-m,Cognac Silk Blouse (M),259.58,USD,1,Apparel Solutions
v-acc-00973-m,Burgundy Statement Earrings (M),177.89,USD,6,Fashion Hub Ltd
v-dre-00975-s,White Midi Dress (S),163.86,USD,6,Textile World Co
v-dre-00975-s,White Midi Dress (S) - Case Pack,1884.39,USD,12,Textile World Co
v-foo-00976-xl,Burgundy Loafer (XL),148.92,USD,6,Fashion Hub Ltd
v-out-00978-m,Cognac Puffer Vest (M),235.41,USD,1,Textile World Co
v-top-00979-xxl,Ivory Turtleneck (XXL),232.6,USD,1,Textile World Co
v-bot-00980-l,White Wide-Leg Trouser (L),40.66,USD,6,Fashion Hub Ltd
v-out-00981-xs,Charcoal Moto Jacket (XS),254.96,USD,1,Fashion Hub Ltd
v-top-00982-m,White Henley (M),37.36,USD,1,Fashion Hub Ltd
v-top-00983-s,Beige V-Neck Sweater (S),75.83,USD,6,Textile World Co
v-top-00984-m,Burgundy Silk Blouse (M),122.38,USD,1,Apparel Solutions
v-acc-00985-xl,Charcoal Wide-Brim Hat (XL),50.88,USD,12,
v-acc-00987-xl,Charcoal Twill Scarf (XL),180.96,CAD,6,Atelier Nord
v-acc-00988-m,Ivory Twill Scarf (M),143.11,USD,12,Atelier Nord
v-foo-00992-l,Camel Heeled Mule (L),271.48,USD,1,Textile World Co
v-dre-00993-xxl,Black Midi Dress (XXL),293.54,CAD,6,Atelier Nord
v-foo-00994-xs,Tan Espadrille (XS),60.68,USD,1,Fashion Hub Ltd
v-foo-00995-s,Burgundy Ankle Boot (S),127.83,USD,1,Fashion Hub Ltd
v-bot-00996-xs,Indigo Denim Short (XS),264.88,USD,1,Textile World Co
v-acc-00997-m,Beige Wide-Brim Hat (M),170.96,CAD,1,Atelier Nord
v-foo-00998-l,Ivory Ballet Flat (L),54.67,USD,1,Fashion Hub Ltd
v-bot-00999-xs,Ivory Linen Pant (XS),237.34,USD,1,Fashion Hub Ltd
v-top-01001-s,Emerald Henley (S),220.04,USD,1,Apparel Solutions
v-dre-01002-xl,Blush Slip Dress (XL),304.7,USD,6,Fashion Hub Ltd
v-top-01003-m,Emerald Cardigan (M),151.31,USD,6,Atelier Nord
v-bot-01004-m,Tan Denim Short (M),168.28,USD,12,Textile World Co
v-acc-01005-xs,Emerald Crossbody Bag (XS),216.73,USD,6,Atelier Nord
v-out-01006-s,Cognac Denim Jacket (S),137.46,USD,6,Fashion Hub Ltd
v-out-01007-m,Tan Puffer Vest (M),118.45,USD,12,Apparel Solutions
v-top-01008-m,Blush Silk Blouse (M),249.08,USD,1,
v-bot-01010-xl,Camel Linen Pant (XL),296.2,USD,12,Fashion Hub Ltd
v-dre-01011-s,Blush Wrap Dress (S),181.21,USD,1,Fashion Hub Ltd
v-acc-01012-xl,Beige Crossbody Bag (XL),140.33,CAD,1,Atelier Nord
v-top-01013-xl,Indigo Tank Top (XL),114.67,USD,12,Atelier Nord
v-out-01014-xxl,Burgundy Moto Jacket (XXL),121.7,USD,6,Textile World Co
v-acc-01015-xl,Ivory Woven Belt (XL),125.47,USD,1,Apparel Solutions
v-foo-01017-xl,Charcoal Heeled Mule (XL),233.23,USD,1,Fashion Hub Ltd
v-top-01019-m,Cognac Button-Up Shirt (M),226.94,USD,6,Atelier Nord
v-out-01020-xl,Camel Denim Jacket (XL),215.65,USD,1,Atelier Nord
v-top-01021-l,Beige Silk Blouse (L),219.18,USD,6,Textile World Co
v-acc-01022-l,Beige Wide-Brim Hat (L),178.18,USD,1,Fashion Hub Ltd
v-bot-01023-xxl,Ivory Wide-Leg Trouser (XXL),275.19,USD,1,Apparel Solutions
v-top-01024-m,Indigo Turtleneck (M),213.32,USD,6,Apparel Solutions
v-foo-01025-s,Indigo Low-Top Sneaker (S),64.42,USD,1,Fashion Hub Ltd
v-dre-01026-xl,Emerald Maxi Dress (XL),202.94,CAD,6,Atelier Nord
v-bot-01027-xs,Ivory Pleated Skirt (XS),256.48,USD,12,Apparel Solutions
v-foo-01028-xs,Tan Low-Top Sneaker (XS),333.71,CAD,1,Atelier Nord
v-top-01029-m,Beige Tank Top (M),292.26,USD,1,Fashion Hub Ltd
v-acc-01030-l,White Statement Earrings (L),88.01,USD,1,Textile World Co
v-foo-01031-xl,Beige Espadrille (XL),162.55,USD,1,Apparel Solutions
v-foo-01032-m,Blush Ankle Boot (M),358.34,CAD,1,Atelier Nord
v-bot-01033-s,White Wide-Leg Trouser (S),302.07,USD,12,Textile World Co
v-dre-01034-l,Black Slip Dress (L),231.07,USD,1,Apparel Solutions
v-foo-01035-xxl,Emerald Heeled Mule (XXL),301.57,USD,6,Textile World Co
v-foo-01035-xxl,Emerald Heeled Mule (XXL) - Case Pack,3468.05,USD,12,Textile World Co
v-out-01036-m,Blush Blazer (M),212.12,USD,1,Fashion Hub Ltd
v-acc-01037-xxl,Black Statement Earrings (XXL),92.02,USD,1,Textile World Co
v-acc-01038-xxl,Blush Statement Earrings (XXL),190.1,USD,6,Fashion Hub Ltd
v-out-01039-l,Black Denim Jacket (L),106.13,USD,1,Apparel Solutions
v-bot-01040-l,Ivory Midi Skirt (L),274.26,USD,1,Apparel Solutions
v-out-01042-xxl,Ivory Moto Jacket (XXL),161.18,USD,1,Apparel Solutions
v-foo-01043-xxl,Cognac Espadrille (XXL),156.67,USD,6,Apparel Solutions
v-foo-01043-xxl,Cognac Espadrille (XXL) - Case Pack,1801.7,USD,12,Apparel Solutions
v-top-01044-l,Tan Silk Blouse (L),18.87,USD,1,Textile World Co
v-dre-01045-xs,Beige Shift Dress (XS),67.66,USD,12,Fashion Hub Ltd
v-acc-01046-xxl,Beige Leather Tote (XXL),350.72,CAD,1,Atelier Nord
v-out-01047-m,Ivory Blazer (M),227.61,USD,1,Textile World Co
v-dre-01048-l,White Midi Dress (L),73.82,USD,12,Apparel Solutions
v-foo-01049-xs,Black Low-Top Sneaker (XS),297.92,USD,1,
v-dre-01050-xs,Ivory Shirt Dress (XS),271.15,CAD,12,Atelier Nord
v-dre-01050-xs,Ivory Shirt Dress (XS) - Case Pack,3118.22,CAD,12,Atelier Nord
v-top-01051-xl,Ivory Tank Top (XL),21.87,USD,6,
v-out-01052-xs,Emerald Blazer (XS),249.39,USD,6,Textile World Co
v-dre-01053-l,Burgundy Shift Dress (L),57.41,USD,6,Atelier Nord
v-bot-01054-xxl,Camel Midi Skirt (XXL),145.7,USD,6,Textile World Co
v-bot-01055-m,Camel Skinny Jean (M),207.19,USD,6,Textile World Co
v-foo-01056-l,Tan Espadrille (L),21.05,USD,6,Fashion Hub Ltd
v-dre-01057-xxl,Indigo Shirt Dress (XXL),227.79,USD,12,Textile World Co
v-foo-01058-xs,White Ballet Flat (XS),33.62,USD,1,Fashion Hub Ltd
v-dre-01059-xl,Tan Slip Dress (XL),20.12,USD,1,Fashion Hub Ltd
v-out-01060-xxl,Indigo Wool Peacoat (XXL),57.29,USD,12,Apparel Solutions
v-bot-01061-xl,Ivory Pleated Skirt (XL),300.76,USD,1,Atelier Nord
v-top-01062-xl,Burgundy Tank Top (XL),61.01,USD,6,Atelier Nord
v-top-01063-m,Emerald Silk Blouse (M),311.86,USD,12,Apparel Solutions
v-dre-01064-xl,Camel Slip Dress (XL),154.09,USD,1,Apparel Solutions
v-acc-01065-xl,Ivory Crossbody Bag (XL),46.05,CAD,1,Atelier Nord
v-bot-01066-l,Black Wide-Leg Trouser (L),65.77,USD,1,Apparel Solutions
v-top-01067-l,Black Henley (L),312.07,USD,6,Apparel Solutions
v-out-01068-s,Burgundy Moto Jacket (S),126.15,USD,1,Fashion Hub Ltd
v-dre-01069-xxl,Ivory Midi Dress (XXL),182.86,USD,1,Apparel Solutions
v-top-01070-xs,Indigo Silk Blouse (XS),258.06,USD,1,Textile World Co
v-top-01071-xxl,Tan Button-Up Shirt (XXL),142.14,USD,1,Fashion Hub Ltd
v-top-01071-xxl,Tan Button-Up Shirt (XXL) - Case Pack,1634.61,USD,12,Fashion Hub Ltd
v-acc-01073-xxl,Beige Woven Belt (XXL),118.74,USD,6,Fashion Hub Ltd
v-acc-01075-xs,Blush Woven Belt (XS),187.57,USD,6,Fashion Hub Ltd
v-out-01076-s,Ivory Wool Peacoat (S),58.83,CAD,6,
v-out-01078-xxl,Camel Blazer (XXL),126.6,USD,1,Textile World Co
v-dre-01079-l,Charcoal Slip Dress (L),286.63,USD,1,Atelier Nord
v-foo-01080-xs,Indigo Loafer (XS),378.45,CAD,1,Atelier Nord
v-acc-01081-xs,White Crossbody Bag (XS),317.59,USD,1,Apparel Solutions
v-acc-01082-l,Ivory Statement Earrings (L),104.57,USD,6,Fashion Hub Ltd
v-out-01083-s,Ivory Wool Peacoat (S),276.53,USD,12,Apparel Solutions
v-dre-01084-xl,Black Slip Dress (XL),297.78,USD,12,Fashion Hub Ltd
v-dre-01086-xl,White Slip Dress (XL),53.62,USD,12,Fashion Hub Ltd
v-bot-01087-xs,Indigo Midi Skirt (XS),144.85,USD,1,
v-foo-01088-xxl,Emerald Espadrille (XXL),206.95,USD,6,Atelier Nord
v-foo-01090-l,Black Ankle Boot (L),21.82,USD,1,Fashion Hub Ltd
v-acc-01091-xxl,Tan Crossbody Bag (XXL),109.27,USD,1,Atelier Nord
v-acc-01092-l,Tan Statement Earrings (L),43.51,USD,1,Apparel Solutions
v-bot-01093-xxl,Black Skinny Jean (XXL),284.57,USD,6,
v-acc-01094-s,Tan Leather Tote (S),278.76,USD,6,Atelier Nord
v-top-01095-s,Emerald Button-Up Shirt (S),193.12,CAD,6,Atelier Nord
v-bot-01096-l,Burgundy Linen Pant (L),218.09,CAD,6,Atelier Nord
v-bot-01097-xl,Camel Wide-Leg Trouser (XL),33.15,USD,6,Atelier Nord
v-acc-01098-l,Indigo Statement Earrings (L),250.69,USD,1,Atelier Nord
v-out-01099-xl,Emerald Denim Jacket (XL),85.75,USD,1,Atelier Nord
v-top-01100-m,Beige Cardigan (M),100.36,USD,12,
v-top-01101-xxl,Beige Henley (XXL),156.34,USD,1,
v-bot-01102-s,Burgundy Pleated Skirt (S),161.87,CAD,12,Atelier Nord
v-bot-01103-m,Tan Denim Short (M),76.02,CAD,1,Atelier Nord
v-bot-01105-xxl,Burgundy Pleated Skirt (XXL),229.83,USD,1,Fashion Hub Ltd
v-bot-01106-l,Beige Wide-Leg Trouser (L),259.68,USD,1,Fashion Hub Ltd
v-bot-01107-xs,Cognac Wide-Leg Trouser (XS),124.97,USD,1,Fashion Hub Ltd
v-top-01109-xl,White Turtleneck (XL),164.42,USD,6,Textile World Co
v-dre-01110-m,Cognac Wrap Dress (M),275.42,USD,1,Textile World Co
v-foo-01112-xl,White Loafer (XL),172.15,USD,1,Fashion Hub Ltd
v-top-01113-s,Blush Turtleneck (S),239.58,USD,1,Apparel Solutions
v-acc-01114-xxl,Ivory Twill Scarf (XXL),119.43,USD,1,Apparel Solutions
v-bot-01115-xs,Indigo Chino Pant (XS),270.77,USD,1,Textile World Co
v-dre-01116-xs,Ivory Slip Dress (XS),132.47,USD,12,Apparel Solutions
v-acc-01117-s,Charcoal Statement Earrings (S),333.62,CAD,12,Atelier Nord
v-out-01118-l,Indigo Denim Jacket (L),302.96,USD,1,Apparel Solutions
v-top-01119-m,White V-Neck Sweater (M),139.69,USD,1,Apparel Solutions
v-acc-01121-m,Cognac Statement Earrings (M),132.92,USD,6,
v-acc-01122-xs,Blush Woven Belt (XS),297.5,USD,1,Apparel Solutions
v-out-01123-s,Tan Denim Jacket (S),222.13,USD,1,Atelier Nord
v-bot-01124-xs,White Pleated Skirt (XS),127.66,USD,6,Apparel Solutions
v-foo-01125-xs,Charcoal Ballet Flat (XS),174.02,USD,12,Apparel Solutions
v-top-01127-xxl,Camel Tank Top (XXL),56.24,USD,1,Apparel Solutions
v-acc-01129-xxl,Beige Wide-Brim Hat (XXL),126.46,USD,1,Textile World Co
v-acc-01130-s,Tan Wide-Brim Hat (S),172.04,USD,1,Atelier Nord
v-dre-01131-s,Beige Slip Dress (S),155.8,USD,12,Apparel Solutions
v-out-01132-xs,White Denim Jacket (XS),147.57,USD,6,Fashion Hub Ltd
v-out-01134-l,Beige Wool Peacoat (L),457.86,CAD,6,
v-acc-01136-xs,Cognac Wide-Brim Hat (XS),155.61,USD,6,Textile World Co
v-bot-01137-xs,Blush Denim Short (XS),72.48,CAD,1,Atelier Nord
v-dre-01138-s,Cognac Wrap Dress (S),129.28,USD,1,Fashion Hub Ltd
v-dre-01139-s,Black Maxi Dress (S),249.92,USD,1,Textile World Co
v-top-01141-l,Indigo Crewneck Tee (L),188.86,USD,12,
v-out-01142-xl,Burgundy Denim Jacket (XL),243.52,USD,12,Textile World Co
v-out-01143-l,Tan Denim Jacket (L),278.39,USD,6,Textile World Co
v-foo-01144-l,Beige Espadrille (L),85.65,USD,1,Atelier Nord
v-top-01146-xxl,Cognac Button-Up Shirt (XXL),211.09,USD,1,Fashion Hub Ltd
v-foo-01147-xs,Beige Loafer (XS),233.26,USD,1,Textile World Co
v-foo-01149-l,Blush Loafer (L),166.91,USD,1,Fashion Hub Ltd
v-out-01150-xs,Indigo Trench Coat (XS),130.59,USD,1,Apparel Solutions
v-top-01151-s,Camel Silk Blouse (S),100.27,USD,6,Textile World Co
v-dre-01152-s,Tan Maxi Dress (S),216.42,USD,12,Fashion Hub Ltd
v-dre-01154-xs,White Maxi Dress (XS),91.98,USD,12,Textile World Co
v-foo-01155-xs,Indigo Loafer (XS),37.79,USD,12,Apparel Solutions
v-out-01156-xs,Emerald Moto Jacket (XS),285.83,CAD,12,Atelier Nord
v-foo-01158-xs,Emerald Heeled Mule (XS),246.24,USD,12,Textile World Co
v-foo-01159-xl,Charcoal Low-Top Sneaker (XL),307.43,USD,1,Atelier Nord
v-foo-01161-l,Tan Ballet Flat (L),266.11,USD,6,Apparel Solutions
v-foo-01162-s,Black Ballet Flat (S),101.35,USD,1,Fashion Hub Ltd
v-foo-01162-s,Black Ballet Flat (S) - Case Pack,1165.52,USD,12,Fashion Hub Ltd
v-top-01163-xl,Burgundy Silk Blouse (XL),282.87,USD,12,Apparel Solutions
v-foo-01164-m,Tan Ballet Flat (M),316.85,USD,1,Apparel Solutions
v-bot-01167-xxl,Cognac Chino Pant (XXL),248.71,USD,1,Atelier Nord
v-top-01169-xl,Indigo Tank Top (XL),131.92,USD,12,Apparel Solutions
v-out-01170-l,Charcoal Wool Peacoat (L),85.65,USD,1,Fashion Hub Ltd
v-out-01170-l,Charcoal Wool Peacoat (L) - Case Pack,984.98,USD,12,Fashion Hub Ltd
v-dre-01171-m,Burgundy Shirt Dress (M),42.43,USD,1,Textile World Co
v-acc-01172-l,Charcoal Leather Tote (L),29.13,USD,6,Apparel Solutions
v-dre-01174-l,Cognac Slip Dress (L),191.06,USD,1,Textile World Co
v-foo-01175-xs,Burgundy Low-Top Sneaker (XS),97.81,USD,1,Textile World Co
v-acc-01176-xxl,Charcoal Woven Belt (XXL),322.65,USD,1,Fashion Hub Ltd
v-dre-01178-m,Indigo Maxi Dress (M),227.66,USD,12,Fashion Hub Ltd
v-dre-01179-xxl,Black Slip Dress (XXL),31.48,USD,1,Textile World Co
v-out-01180-l,Black Wool Peacoat (L),120.75,USD,1,Textile World Co
v-bot-01181-xs,Indigo Linen Pant (XS),77.01,USD,1,Textile World Co
v-top-01182-l,Black V-Neck Sweater (L),270.7,USD,1,Atelier Nord
v-dre-01183-l,White Midi Dress (L),308.6,USD,6,Textile World Co
v-dre-01184-xs,Charcoal Slip Dress (XS),243.62,USD,12,Atelier Nord
v-top-01185-xs,Black V-Neck Sweater (XS),152.02,CAD,1,Atelier Nord
v-bot-01186-xs,Emerald Skinny Jean (XS),209.04,USD,1,Apparel Solutions
v-top-01187-xs,Cognac Crewneck Tee (XS),285.14,USD,12,Apparel Solutions
v-foo-01188-xl,Charcoal Heeled Mule (XL),153.71,USD,1,Fashion Hub Ltd
v-out-01189-xs,Beige Puffer Vest (XS),224.31,USD,1,Apparel Solutions
v-foo-01190-s,Beige Ballet Flat (S),47.74,USD,1,Fashion Hub Ltd
v-bot-01191-xxl,Ivory Denim Short (XXL),127.8,USD,1,Apparel Solutions
v-dre-01193-xl,Indigo Slip Dress (XL),108.61,USD,1,Apparel Solutions
v-bot-01194-m,Emerald Wide-Leg Trouser (M),106.03,USD,1,Apparel Solutions
v-foo-01195-s,Tan Espadrille (S),87.1,USD,12,Fashion Hub Ltd
v-acc-01197-xxl,Burgundy Crossbody Bag (XXL),189.04,USD,1,Atelier Nord
v-foo-01198-xl,Blush Loafer (XL),144.45,USD,1,Apparel Solutions
v-out-01199-s,Emerald Moto Jacket (S),205.66,USD,1,Fashion Hub Ltd
v-foo-01200-l,Charcoal Low-Top Sneaker (L),259.15,USD,1,Apparel Solutions
v-out-01201-m,Black Trench Coat (M),39.36,USD,6,Fashion Hub Ltd
v-top-01202-l,Camel Silk Blouse (L),205.38,USD,1,Textile World Co
v-top-01203-m,Charcoal Turtleneck (M),82.52,USD,12,Textile World Co
v-bot-01204-s,Cognac Pleated Skirt (S),72.38,USD,12,Textile World Co
v-dre-01205-xxl,Black Wrap Dress (XXL),126.42,USD,1,Textile World Co
v-bot-01206-s,Emerald Pleated Skirt (S),269.83,USD,1,Apparel Solutions
v-foo-01207-xs,Burgundy Heeled Mule (XS),65.4,USD,1,
v-bot-01208-l,Cognac Wide-Leg Trouser (L),114.47,USD,1,Apparel Solutions
v-bot-01209-xl,Beige Skinny Jean (XL),278.15,USD,1,Textile World Co
v-bot-01210-xs,Charcoal Pleated Skirt (XS),281.44,USD,6,Apparel Solutions
v-out-01211-xs,Burgundy Trench Coat (XS),356.44,CAD,1,Atelier Nord
v-dre-01213-xl,Blush Shirt Dress (XL),310.25,CAD,1,Atelier Nord
v-dre-01214-xxl,Indigo Slip Dress (XXL),79.91,USD,12,
v-bot-01215-m,Charcoal Chino Pant (M),285.16,USD,12,Atelier Nord
v-dre-01216-xs,Cognac Shift Dress (XS),254.6,USD,6,Textile World Co
v-foo-01217-xl,Charcoal Ballet Flat (XL),160.05,USD,12,Fashion Hub Ltd
v-out-01218-l,Indigo Denim Jacket (L),259.42,USD,1,Apparel Solutions
v-top-01220-xl,Cognac Button-Up Shirt (XL),254.91,USD,12,
v-top-01221-xs,Blush V-Neck Sweater (XS),116.41,USD,1,Textile World Co
v-dre-01222-m,Tan Shirt Dress (M),236.65,USD,1,Textile World Co
v-acc-01223-m,Cognac Statement Earrings (M),250.4,USD,1,Fashion Hub Ltd
v-dre-01224-xl,Indigo Maxi Dress (XL),160.94,USD,12,Fashion Hub Ltd
v-top-01227-l,Charcoal Tank Top (L),81.44,USD,1,Atelier Nord
v-foo-01228-s,Blush Ankle Boot (S),107.23,USD,12,Textile World Co
v-acc-01229-s,Blush Woven Belt (S),206.14,CAD,6,Atelier Nord
v-acc-01230-m,Camel Wide-Brim Hat (M),191.64,USD,1,Fashion Hub Ltd
v-bot-01231-xxl,Beige Pleated Skirt (XXL),415.29,CAD,1,Atelier Nord
v-bot-01231-xxl,Beige Pleated Skirt (XXL) - Case Pack,4775.84,CAD,12,Atelier Nord
v-top-01232-l,Charcoal Cardigan (L),115.93,USD,1,Fashion Hub Ltd
v-dre-01233-xs,Ivory Wrap Dress (XS),28.19,USD,1,Textile World Co
v-bot-01234-l,White Wide-Leg Trouser (L),84.9,USD,1,Apparel Solutions
v-foo-01235-xs,Emerald Ankle Boot (XS),173.83,USD,1,Apparel Solutions
v-out-01236-xs,Ivory Denim Jacket (XS),181.02,USD,6,Textile World Co
v-foo-01238-xl,Camel Loafer (XL),168.41,USD,12,Textile World Co
v-bot-01239-l,Ivory Skinny Jean (L),269.71,USD,1,Fashion Hub Ltd
v-dre-01240-l,Emerald Slip Dress (L),192.08,USD,1,Atelier Nord
v-acc-01241-xxl,Blush Crossbody Bag (XXL),133.73,USD,12,Apparel Solutions
v-bot-01242-xxl,Beige Wide-Leg Trouser (XXL),150.1,USD,12,Atelier Nord
v-foo-01243-xxl,Indigo Ankle Boot (XXL),89.88,USD,1,Fashion Hub Ltd
v-acc-01244-xxl,Camel Wide-Brim Hat (XXL),228.48,USD,1,Fashion Hub Ltd
v-out-01245-m,White Puffer Vest (M),247.68,USD,1,Fashion Hub Ltd
v-top-01247-xxl,Tan V-Neck Sweater (XXL),129.98,USD,12,Atelier Nord
v-top-01247-xxl,Tan V-Neck Sweater (XXL) - Case Pack,1494.77,USD,12,Atelier Nord
v-bot-01248-xs,Black Chino Pant (XS),52.14,USD,1,Apparel Solutions
v-acc-01249-l,Emerald Statement Earrings (L),40.47,USD,6,Atelier Nord
v-bot-01250-s,Emerald Linen Pant (S),273.03,USD,6,Atelier Nord
v-top-01251-m,Ivory V-Neck Sweater (M),174.96,USD,12,Fashion Hub Ltd
v-top-01252-m,Tan Crewneck Tee (M),142.46,USD,12,Textile World Co
v-acc-01253-xl,Tan Twill Scarf (XL),151.34,USD,1,Textile World Co
v-acc-01254-xxl,Tan Wide-Brim Hat (XXL),126.74,USD,1,Fashion Hub Ltd
v-top-01255-l,Black Crewneck Tee (L),296.8,USD,12,Textile World Co
v-acc-01258-s,Burgundy Leather Tote (S),140.31,USD,1,Fashion Hub Ltd
v-dre-01259-xxl,Cognac Shift Dress (XXL),201.78,USD,1,Textile World Co
v-out-01260-s,Charcoal Moto Jacket (S),127.1,USD,1,Fashion Hub Ltd
v-out-01260-s,Charcoal Moto Jacket (S) - Case Pack,1461.65,USD,12,Fashion Hub Ltd
v-acc-01262-xl,Tan Woven Belt (XL),31.18,USD,12,Apparel Solutions
v-dre-01263-xs,Emerald Slip Dress (XS),92.47,USD,1,Textile World Co
v-dre-01264-l,Burgundy Shirt Dress (L),118.96,USD,1,Textile World Co
v-acc-01265-m,White Crossbody Bag (M),201.47,USD,1,Fashion Hub Ltd
v-foo-01266-s,Burgundy Espadrille (S),91.18,USD,6,Fashion Hub Ltd
v-bot-01267-s,Indigo Linen Pant (S),36.02,USD,1,Fashion Hub Ltd
v-foo-01269-m,Burgundy Heeled Mule (M),101.04,USD,1,Textile World Co
v-out-01270-xs,Camel Blazer (XS),273.75,USD,1,Textile World Co
v-bot-01271-xs,Cognac Wide-Leg Trouser (XS),260.37,USD,6,Textile World Co
v-out-01272-s,Blush Puffer Vest (S),282.35,CAD,1,Atelier Nord
v-out-01273-xs,Charcoal Moto Jacket (XS),307.03,USD,1,Textile World Co
v-bot-01274-s,Cognac Denim Short (S),169.06,USD,12,Textile World Co
v-out-01275-xxl,Ivory Wool Peacoat (XXL),92.48,USD,6,Textile World Co
v-bot-01276-xl,Camel Pleated Skirt (XL),315.51,USD,12,Atelier Nord
v-out-01277-l,Blush Moto Jacket (L),92.18,CAD,6,Atelier Nord
v-foo-01278-l,Burgundy Loafer (L),272.98,USD,1,Textile World Co
v-out-01279-m,White Denim Jacket (M),187.02,USD,1,Textile World Co
v-dre-01281-l,Burgundy Midi Dress (L),63.82,USD,12,Textile World Co
v-top-01282-l,Emerald Tank Top (L),415.74,CAD,1,Atelier Nord
v-out-01283-xl,Tan Wool Peacoat (XL),138.34,USD,1,Fashion Hub Ltd
v-out-01284-s,Ivory Puffer Vest (S),315.17,USD,1,Atelier Nord
v-acc-01285-xxl,Tan Crossbody Bag (XXL),227.95,USD,1,Apparel Solutions
v-acc-01286-l,Charcoal Leather Tote (L),295.24,USD,6,Fashion Hub Ltd
v-acc-01287-xxl,Black Statement Earrings (XXL),101.04,USD,1,Textile World Co
v-bot-01288-xl,Charcoal Pleated Skirt (XL),21.6,USD,6,Textile World Co
v-acc-01289-xxl,Indigo Crossbody Bag (XXL),166.11,USD,12,Fashion Hub Ltd
v-out-01290-m,Indigo Trench Coat (M),181.42,USD,1,Apparel Solutions
v-dre-01293-l,Ivory Wrap Dress (L),47.22,USD,1,Fashion Hub Ltd
v-dre-01293-l,Ivory Wrap Dress (L) - Case Pack,543.03,USD,12,Fashion Hub Ltd
v-out-01294-xxl,Camel Blazer (XXL),70.8,USD,12,Atelier Nord
v-acc-01295-l,Charcoal Leather Tote (L),168.68,USD,1,Textile World Co
v-foo-01296-s,Ivory Low-Top Sneaker (S),244.02,USD,1,Fashion Hub Ltd
v-out-01297-xl,Tan Denim Jacket (XL),270.61,USD,1,Fashion Hub Ltd
v-dre-01298-xs,Indigo Wrap Dress (XS),39.48,USD,1,Apparel Solutions
v-bot-01299-xxl,Emerald Chino Pant (XXL),20.8,USD,12,Fashion Hub Ltd
v-top-01300-s,White Crewneck Tee (S),137.66,USD,12,Fashion Hub Ltd
v-dre-01303-l,Black Wrap Dress (L),330.39,CAD,1,Atelier Nord
v-dre-01303-l,Black Wrap Dress (L) - Case Pack,3799.48,CAD,12,Atelier Nord
v-foo-01304-m,Cognac Ankle Boot (M),128.47,USD,12,Textile World Co
v-out-01305-xs,Charcoal Blazer (XS),23.51,USD,12,Apparel Solutions
v-foo-01307-l,Blush Ankle Boot (L),437.91,CAD,6,Atelier Nord
v-out-01308-s,Beige Wool Peacoat (S),280.0,USD,12,Textile World Co
v-bot-01309-m,White Chino Pant (M),93.7,CAD,1,Atelier Nord
v-out-01310-s,Cognac Blazer (S),76.59,USD,1,Textile World Co
v-acc-01312-l,Tan Woven Belt (L),221.84,USD,1,Fashion Hub Ltd
v-acc-01313-xxl,White Crossbody Bag (XXL),292.41,USD,1,Apparel Solutions
v-dre-01314-xxl,Burgundy Maxi Dress (XXL),283.56,CAD,1,Atelier Nord
v-acc-01316-xxl,Charcoal Wide-Brim Hat (XXL),195.09,USD,12,Fashion Hub Ltd
v-dre-01317-xxl,Beige Maxi Dress (XXL),109.65,USD,6,Fashion Hub Ltd
v-out-01318-m,Blush Denim Jacket (M),177.69,USD,1,Textile World Co
v-out-01319-l,Cognac Moto Jacket (L),61.69,USD,12,Apparel Solutions
v-bot-01320-l,Tan Chino Pant (L),197.96,USD,1,Textile World Co
v-acc-01321-xl,Black Statement Earrings (XL),111.49,USD,12,Apparel Solutions
v-acc-01322-xxl,Emerald Wide-Brim Hat (XXL),167.41,USD,1,Textile World Co
v-dre-01323-s,Burgundy Midi Dress (S),228.22,USD,12,Textile World Co
v-bot-01324-xxl,Emerald Midi Skirt (XXL),153.8,CAD,1,Atelier Nord
v-foo-01325-l,Blush Heeled Mule (L),320.25,USD,1,Atelier Nord
v-top-01326-xxl,Camel Button-Up Shirt (XXL),243.71,USD,12,Textile World Co
v-top-01327-xl,Blush Silk Blouse (XL),274.44,USD,6,Fashion Hub Ltd
v-acc-01328-s,Beige Leather Tote (S),235.75,USD,1,Atelier Nord
v-bot-01329-s,Burgundy Wide-Leg Trouser (S),128.05,USD,1,Fashion Hub Ltd
v-bot-01330-xxl,Indigo Chino Pant (XXL),298.63,USD,1,Textile World Co
v-out-01331-xs,Black Trench Coat (XS),190.59,USD,1,Apparel Solutions
v-acc-01332-xs,Charcoal Crossbody Bag (XS),89.94,USD,1,Fashion Hub Ltd
v-acc-01333-xxl,Ivory Wide-Brim Hat (XXL),240.63,USD,1,Atelier Nord
v-out-01334-m,Indigo Blazer (M),175.64,CAD,12,Atelier Nord
v-top-01335-xxl,Emerald V-Neck Sweater (XXL),25.19,USD,1,Textile World Co
v-out-01338-l,Black Blazer (L),50.67,CAD,1,Atelier Nord
v-out-01338-l,Black Blazer (L) - Case Pack,582.71,CAD,12,Atelier Nord
v-foo-01340-xs,Blush Heeled Mule (XS),53.9,USD,12,Fashion Hub Ltd
v-bot-01341-m,Cognac Skinny Jean (M),45.97,USD,1,Fashion Hub Ltd
v-dre-01342-s,Cognac Shift Dress (S),427.61,CAD,6,Atelier Nord
v-dre-01344-xl,Blush Slip Dress (XL),224.71,USD,1,Textile World Co
v-top-01345-m,Ivory Turtleneck (M),295.42,USD,1,Textile World Co
v-dre-01346-xxl,Ivory Shift Dress (XXL),41.07,USD,12,Atelier Nord
v-out-01348-xl,Ivory Blazer (XL),40.54,USD,1,Textile World Co
v-acc-01349-xxl,Charcoal Statement Earrings (XXL),187.6,USD,12,Apparel Solutions
v-bot-01350-m,Ivory Chino Pant (M),134.53,USD,6,Atelier Nord
v-dre-01351-xs,Cognac Wrap Dress (XS),35.96,USD,12,Atelier Nord
v-dre-01352-s,Ivory Shift Dress (S),20.86,USD,1,Apparel Solutions
v-dre-01352-s,Ivory Shift Dress (S) - Case Pack,239.89,USD,12,Apparel Solutions
v-out-01353-s,White Moto Jacket (S),196.18,USD,1,Apparel Solutions
v-foo-01354-xl,Burgundy Ballet Flat (XL),190.35,USD,6,Apparel Solutions
v-bot-01355-s,Indigo Pleated Skirt (S),242.45,USD,12,Apparel Solutions
v-foo-01356-xl,Emerald Heeled Mule (XL),92.88,USD,1,Textile World Co
v-bot-01357-s,Ivory Linen Pant (S),244.06,CAD,1,
v-acc-01358-xxl,Blush Statement Earrings (XXL),218.91,USD,1,
v-out-01359-m,Emerald Trench Coat (M),226.92,CAD,6,Atelier Nord
v-foo-01360-m,Charcoal Espadrille (M),303.63,USD,6,Fashion Hub Ltd
v-dre-01361-xs,Tan Wrap Dress (XS),237.38,USD,1,Fashion Hub Ltd
v-foo-01362-xxl,White Ankle Boot (XXL),185.1,USD,12,Apparel Solutions
v-top-01363-xl,Tan Cardigan (XL),158.92,USD,12,Textile World Co
v-acc-01365-l,Burgundy Twill Scarf (L),90.18,USD,1,Apparel Solutions
v-foo-01366-l,Beige Ankle Boot (L),222.69,USD,1,Textile World Co
v-bot-01367-s,Blush Skinny Jean (S),306.98,USD,12,Apparel Solutions
v-out-01368-xs,Blush Trench Coat (XS),298.54,USD,1,Apparel Solutions
v-foo-01369-m,Camel Ankle Boot (M),143.96,CAD,12,Atelier Nord
v-acc-01370-l,Beige Statement Earrings (L),295.28,USD,6,Textile World Co
v-top-01371-l,Beige Henley (L),120.62,USD,1,Fashion Hub Ltd
v-dre-01372-xs,White Shift Dress (XS),279.31,USD,6,Apparel Solutions
v-bot-01374-l,White Chino Pant (L),66.53,USD,1,Fashion Hub Ltd
v-out-01375-m,Blush Denim Jacket (M),140.3,USD,1,Apparel Solutions
v-dre-01376-xxl,Emerald Wrap Dress (XXL),66.91,USD,12,Atelier Nord
v-out-01377-xxl,Blush Moto Jacket (XXL),50.7,USD,1,Textile World Co
v-bot-01378-xxl,Indigo Chino Pant (XXL),299.98,USD,6,Apparel Solutions
v-bot-01378-xxl,Indigo Chino Pant (XXL) - Case Pack,3449.77,USD,12,Apparel Solutions
v-bot-01379-m,Tan Chino Pant (M),144.61,USD,1,Fashion Hub Ltd
v-acc-01380-m,Ivory Statement Earrings (M),169.39,USD,1,Atelier Nord
v-top-01381-s,Black V-Neck Sweater (S),122.55,USD,12,Textile World Co
v-acc-01382-xxl,Black Leather Tote (XXL),147.68,USD,1,Apparel Solutions
v-out-01383-l,Camel Wool Peacoat (L),247.49,USD,1,Fashion Hub Ltd
v-bot-01384-s,Cognac Linen Pant (S),101.68,USD,1,Textile World Co
v-dre-01385-xxl,Charcoal Shirt Dress (XXL),77.49,USD,1,Atelier Nord
v-acc-01386-s,Beige Wide-Brim Hat (S),320.21,USD,1,
v-top-01388-xs,White Turtleneck (XS),141.14,USD,1,Atelier Nord
v-acc-01389-m,Charcoal Leather Tote (M),222.15,CAD,6,Atelier Nord
v-acc-01390-xs,Camel Twill Scarf (XS),128.67,USD,1,Apparel Solutions
v-acc-01390-xs,Camel Twill Scarf (XS) - Case Pack,1479.7,USD,12,Apparel Solutions
v-acc-01392-m,Charcoal Woven Belt (M),141.35,CAD,1,Atelier Nord
v-top-01394-m,Blush Silk Blouse (M),237.53,USD,12,Apparel Solutions
v-dre-01395-m,Tan Midi Dress (M),205.15,USD,1,Textile World Co
v-bot-01396-xl,Burgundy Linen Pant (XL),29.32,USD,1,Fashion Hub Ltd
v-acc-01397-xs,White Crossbody Bag (XS),107.53,USD,1,Apparel Solutions
v-bot-01398-s,Burgundy Denim Short (S),54.19,USD,1,Fashion Hub Ltd
v-top-01400-xl,Indigo Henley (XL),68.53,USD,12,Fashion Hub Ltd
v-bot-01401-xl,Black Pleated Skirt (XL),262.95,USD,12,Fashion Hub Ltd
v-out-01402-xl,Tan Denim Jacket (XL),69.25,USD,6,Fashion Hub Ltd
v-foo-01403-xl,Indigo Heeled Mule (XL),79.31,USD,6,Apparel Solutions
v-foo-01403-xl,Indigo Heeled Mule (XL) - Case Pack,912.07,USD,12,Apparel Solutions
v-foo-01404-xxl,Beige Low-Top Sneaker (XXL),286.1,USD,1,Fashion Hub Ltd
v-foo-01405-xl,Burgundy Espadrille (XL),106.86,USD,1,Apparel Solutions
v-acc-01406-xs,Cognac Woven Belt (XS),83.96,USD,6,Textile World Co
v-foo-01409-xs,Blush Ballet Flat (XS),235.48,USD,6,Apparel Solutions
v-dre-01410-xxl,Black Shift Dress (XXL),267.47,USD,1,Fashion Hub Ltd
v-dre-01411-xs,Camel Midi Dress (XS),237.48,USD,1,Fashion Hub Ltd
v-dre-01412-xl,Tan Shirt Dress (XL),258.08,USD,12,Textile World Co
v-dre-01413-xxl,Beige Midi Dress (XXL),87.5,CAD,6,Atelier Nord
v-acc-01414-s,Blush Crossbody Bag (S),65.8,CAD,6,Atelier Nord
v-dre-01416-s,Camel Wrap Dress (S),272.81,USD,1,Textile World Co
v-bot-01417-s,Indigo Skinny Jean (S),292.56,USD,6,Atelier Nord
v-acc-01418-xxl,Ivory Wide-Brim Hat (XXL),192.7,USD,1,Fashion Hub Ltd
v-top-01419-xxl,Black V-Neck Sweater (XXL),57.05,USD,1,Fashion Hub Ltd
v-top-01419-xxl,Black V-Neck Sweater (XXL) - Case Pack,656.07,USD,12,Fashion Hub Ltd
v-bot-01420-xs,Beige Linen Pant (XS),305.09,USD,12,Fashion Hub Ltd
v-bot-01422-l,Blush Pleated Skirt (L),88.72,USD,6,Textile World Co
v-dre-01423-xs,Cognac Shirt Dress (XS),265.7,USD,6,Fashion Hub Ltd
v-bot-01425-s,Indigo Chino Pant (S),216.15,USD,1,Apparel Solutions
v-acc-01426-xxl,Tan Crossbody Bag (XXL),169.38,USD,1,Fashion Hub Ltd
v-top-01427-xs,Blush Button-Up Shirt (XS),53.65,USD,12,Apparel Solutions
v-foo-01428-l,Ivory Low-Top Sneaker (L),198.26,USD,1,Apparel Solutions
v-acc-01429-xl,Camel Statement Earrings (XL),120.88,USD,1,Apparel Solutions
v-out-01430-m,Blush Blazer (M),250.09,USD,1,Fashion Hub Ltd
v-acc-01431-s,Blush Leather Tote (S),207.01,CAD,1,Atelier Nord
v-top-01432-l,Beige V-Neck Sweater (L),61.34,USD,1,Apparel Solutions
v-bot-01433-m,Indigo Midi Skirt (M),170.47,USD,6,Apparel Solutions
v-out-01434-m,Tan Puffer Vest (M),260.46,USD,12,Textile World Co
v-out-01434-m,Tan Puffer Vest (M) - Case Pack,2995.29,USD,12,Textile World Co
v-out-01435-xl,Emerald Puffer Vest (XL),249.41,CAD,12,Atelier Nord
v-top-01436-xl,Cognac Cardigan (XL),235.36,USD,1,Textile World Co
v-top-01436-xl,Cognac Cardigan (XL) - Case Pack,2706.64,USD,12,Textile World Co
v-top-01437-m,Black Turtleneck (M),419.74,CAD,6,Atelier Nord
v-dre-01438-m,Ivory Shift Dress (M),85.97,CAD,1,Atelier Nord
v-bot-01439-xs,Charcoal Midi Skirt (XS),52.86,USD,1,Textile World Co
v-foo-01441-xl,Emerald Ankle Boot (XL),27.19,USD,1,Textile World Co
v-acc-01443-xl,Burgundy Leather Tote (XL),149.37,USD,1,Apparel Solutions
v-acc-01444-m,Black Statement Earrings (M),64.64,USD,12,Fashion Hub Ltd
v-bot-01445-xs,Ivory Denim Short (XS),371.17,CAD,1,Atelier Nord
v-acc-01446-xl,Beige Woven Belt (XL),220.59,USD,1,Apparel Solutions
v-dre-01447-l,Cognac Wrap Dress (L),242.47,USD,1,Textile World Co
v-dre-01449-l,Tan Shirt Dress (L),66.72,USD,1,Atelier Nord
v-out-01450-xs,Camel Trench Coat (XS),41.15,USD,12,Fashion Hub Ltd
v-bot-01451-xl,Ivory Pleated Skirt (XL),40.05,USD,1,Fashion Hub Ltd
v-dre-01452-s,Cognac Midi Dress (S),94.4,USD,6,Fashion Hub Ltd
v-foo-01453-l,Beige Ankle Boot (L),32.32,USD,12,Fashion Hub Ltd
v-top-01454-l,Camel Tank Top (L),108.9,USD,1,Textile World Co
v-dre-01455-xxl,Burgundy Midi Dress (XXL),118.25,USD,6,Fashion Hub Ltd
v-foo-01456-xl,Black Low-Top Sneaker (XL),227.66,CAD,1,Atelier Nord
v-bot-01457-l,Tan Wide-Leg Trouser (L),299.11,USD,1,Fashion Hub Ltd
v-bot-01458-xxl,Tan Wide-Leg Trouser (XXL),247.14,USD,6,Textile World Co
v-foo-01459-xxl,Beige Espadrille (XXL),153.14,USD,12,Apparel Solutions
v-dre-01460-l,Beige Shift Dress (L),286.34,USD,1,Fashion Hub Ltd
v-bot-01461-xs,Beige Denim Short (XS),188.09,USD,1,Textile World Co
v-top-01462-xl,Camel Silk Blouse (XL),169.14,USD,1,Fashion Hub Ltd
v-bot-01463-xs,Ivory Pleated Skirt (XS),194.93,USD,1,Apparel Solutions
v-top-01464-l,Burgundy Silk Blouse (L),318.8,USD,1,Apparel Solutions
v-out-01465-xs,Ivory Blazer (XS),40.36,CAD,1,
v-out-01466-s,Tan Puffer Vest (S),128.84,USD,1,Atelier Nord
v-acc-01468-s,Burgundy Twill Scarf (S),65.52,USD,1,Fashion Hub Ltd
v-out-01469-l,Beige Trench Coat (L),87.74,USD,1,Fashion Hub Ltd
v-top-01471-s,Indigo Cardigan (S),113.55,USD,6,Atelier Nord
v-foo-01472-xxl,Charcoal Heeled Mule (XXL),49.14,USD,12,Atelier Nord
v-foo-01473-s,Emerald Low-Top Sneaker (S),120.61,USD,1,Textile World Co
v-out-01474-l,Blush Moto Jacket (L),80.34,USD,1,Atelier Nord
v-top-01475-m,Camel Cardigan (M),41.72,USD,1,Textile World Co
v-out-01476-xxl,Camel Moto Jacket (XXL),281.58,USD,6,Atelier Nord
v-dre-01478-m,Charcoal Midi Dress (M),159.84,USD,1,Atelier Nord
v-bot-01479-m,Indigo Linen Pant (M),258.03,USD,1,Atelier Nord
v-acc-01480-xl,Beige Statement Earrings (XL),115.85,USD,1,Textile World Co
v-foo-01482-l,Black Espadrille (L),210.56,USD,12,Textile World Co
v-bot-01483-l,Charcoal Linen Pant (L),203.29,USD,6,Textile World Co
v-bot-01484-xl,Tan Wide-Leg Trouser (XL),126.61,USD,1,Fashion Hub Ltd
v-dre-01485-xs,Cognac Shift Dress (XS),213.32,USD,1,Atelier Nord
v-out-01486-xl,Blush Wool Peacoat (XL),173.76,USD,1,Atelier Nord
v-bot-01487-m,Indigo Chino Pant (M),179.53,USD,1,Textile World Co
v-bot-01487-m,Indigo Chino Pant (M) - Case Pack,2064.59,USD,12,Textile World Co
v-out-01488-xxl,Camel Denim Jacket (XXL),287.71,CAD,1,Atelier Nord
v-acc-01490-xl,Cognac Crossbody Bag (XL),220.24,USD,1,Fashion Hub Ltd
v-bot-01491-xl,Emerald Midi Skirt (XL),55.32,USD,1,Atelier Nord
v-bot-01491-xl,Emerald Midi Skirt (XL) - Case Pack,636.18,USD,12,Atelier Nord
v-dre-01492-xxl,Indigo Maxi Dress (XXL),28.0,CAD,12,Atelier Nord
v-bot-01494-xs,Indigo Skinny Jean (XS),26.17,USD,1,Fashion Hub Ltd
v-bot-01494-xs,Indigo Skinny Jean (XS) - Case Pack,300.96,USD,12,Fashion Hub Ltd
v-foo-01495-m,Beige Espadrille (M),71.12,USD,1,Apparel Solutions
v-out-01498-xxl,White Trench Coat (XXL),167.58,USD,1,Textile World Co
v-out-01498-xxl,White Trench Coat (XXL) - Case Pack,1927.17,USD,12,Textile World Co
v-acc-01499-s,Cognac Woven Belt (S),83.7,USD,1,Apparel Solutions
v-foo-01501-xxl,Black Heeled Mule (XXL),326.63,USD,1,Textile World Co
v-bot-01502-m,Charcoal Linen Pant (M),178.31,USD,1,Textile World Co
v-out-01503-xs,Tan Wool Peacoat (XS),46.03,USD,1,Apparel Solutions
v-bot-01505-l,White Skinny Jean (L),292.2,USD,1,Apparel Solutions
v-top-01506-l,Black Henley (L),164.95,USD,1,Fashion Hub Ltd
v-acc-01507-m,Indigo Crossbody Bag (M),245.11,USD,1,Atelier Nord
v-top-01508-xl,Tan Silk Blouse (XL),55.4,USD,1,Fashion Hub Ltd
v-out-01509-xl,Beige Puffer Vest (XL),69.55,USD,1,Fashion Hub Ltd
v-bot-01510-xl,Black Denim Short (XL),171.06,USD,1,Fashion Hub Ltd
v-dre-01511-xs,Charcoal Wrap Dress (XS),57.98,USD,1,Apparel Solutions
v-foo-01514-m,Charcoal Heeled Mule (M),76.39,USD,1,Textile World Co
v-top-01515-s,Ivory Button-Up Shirt (S),204.27,CAD,1,Atelier Nord
v-foo-01516-m,Camel Espadrille (M),202.01,USD,6,Fashion Hub Ltd
v-foo-01517-xxl,Blush Ballet Flat (XXL),158.1,USD,6,Fashion Hub Ltd
v-dre-01519-m,Ivory Maxi Dress (M),40.64,USD,1,Textile World Co
v-bot-01520-xs,Blush Midi Skirt (XS),117.14,USD,12,Fashion Hub Ltd
v-dre-01521-xl,Emerald Midi Dress (XL),290.71,USD,6,Apparel Solutions
v-dre-01521-xl,Emerald Midi Dress (XL) - Case Pack,3343.16,USD,12,Apparel Solutions
v-dre-01522-xl,Charcoal Slip Dress (XL),47.63,USD,1,Textile World Co
v-foo-01523-xl,White Espadrille (XL),309.02,CAD,6,Atelier Nord
v-dre-01524-xs,Charcoal Midi Dress (XS),223.43,CAD,1,Atelier Nord
v-top-01525-s,Emerald V-Neck Sweater (S),194.48,USD,1,Apparel Solutions
v-top-01526-xxl,Black Button-Up Shirt (XXL),296.23,USD,1,Fashion Hub Ltd
v-out-01528-xxl,Indigo Moto Jacket (XXL),104.29,USD,1,Apparel Solutions
v-top-01529-xl,Emerald Tank Top (XL),139.16,USD,1,Fashion Hub Ltd
v-acc-01530-xl,Blush Twill Scarf (XL),27.1,USD,1,Fashion Hub Ltd
v-top-01531-m,White Silk Blouse (M),118.36,CAD,1,Atelier Nord
v-acc-01532-xs,Cognac Woven Belt (XS),93.42,USD,1,Fashion Hub Ltd
v-top-01533-m,White Button-Up Shirt (M),228.86,USD,12,Apparel Solutions
v-bot-01535-l,Beige Midi Skirt (L),214.71,USD,1,Atelier Nord
v-bot-01536-xxl,Emerald Denim Short (XXL),318.34,USD,1,Atelier Nord
v-acc-01537-xs,Charcoal Crossbody Bag (XS),255.55,USD,1,Apparel Solutions
v-foo-01538-xxl,Tan Low-Top Sneaker (XXL),228.98,USD,12,Textile World Co
v-top-01539-xxl,Black Turtleneck (XXL),160.07,USD,6,Textile World Co
v-out-01541-xl,Ivory Blazer (XL),292.72,USD,1,Fashion Hub Ltd
v-out-01542-xl,Beige Denim Jacket (XL),250.35,USD,6,Textile World Co
v-dre-01543-xxl,Ivory Maxi Dress (XXL),288.76,USD,1,Apparel Solutions
v-out-01544-xs,Burgundy Moto Jacket (XS),24.31,USD,12,Textile World Co
v-dre-01545-xxl,Emerald Wrap Dress (XXL),120.83,USD,6,Atelier Nord
v-top-01546-s,Indigo Tank Top (S),137.68,USD,12,Textile World Co
v-dre-01547-m,Emerald Wrap Dress (M),44.97,USD,1,Apparel Solutions
v-out-01548-s,Camel Trench Coat (S),74.38,USD,1,Atelier Nord
v-foo-01549-l,Cognac Heeled Mule (L),216.45,USD,1,Fashion Hub Ltd
v-dre-01551-xxl,Beige Midi Dress (XXL),137.59,USD,1,Atelier Nord
v-acc-01552-l,Camel Statement Earrings (L),69.66,USD,1,Textile World Co
v-foo-01554-l,Beige Espadrille (L),269.77,USD,1,Apparel Solutions
v-dre-01555-s,White Shirt Dress (S),122.33,USD,1,Textile World Co
v-top-01556-m,Indigo Henley (M),72.34,USD,1,Fashion Hub Ltd
v-top-01556-m,Indigo Henley (M) - Case Pack,831.91,USD,12,Fashion Hub Ltd
v-bot-01557-xl,Black Linen Pant (XL),302.33,USD,6,Apparel Solutions
v-bot-01558-xs,White Chino Pant (XS),195.21,USD,12,Fashion Hub Ltd
v-bot-01559-s,Cognac Denim Short (S),250.31,USD,1,Textile World Co
v-acc-01560-l,Emerald Woven Belt (L),314.44,USD,1,Apparel Solutions
v-out-01561-l,Blush Wool Peacoat (L),278.32,USD,6,Fashion Hub Ltd
v-dre-01562-xl,Tan Slip Dress (XL),51.5,USD,1,Atelier Nord
v-out-01564-xl,Charcoal Moto Jacket (XL),125.75,USD,1,Atelier Nord
v-bot-01567-xl,Beige Skinny Jean (XL),253.29,USD,12,Apparel Solutions
v-bot-01567-xl,Beige Skinny Jean (XL) - Case Pack,2912.84,USD,12,Apparel Solutions
v-out-01568-m,Blush Puffer Vest (M),301.53,USD,6,Fashion Hub Ltd
v-bot-01569-s,Tan Chino Pant (S),218.1,USD,1,Apparel Solutions
v-out-01570-m,White Wool Peacoat (M),156.89,USD,1,Fashion Hub Ltd
v-foo-01571-l,Black Ankle Boot (L),19.08,USD,12,Apparel Solutions
v-top-01572-s,Camel Crewneck Tee (S),281.29,USD,12,Apparel Solutions
v-foo-01573-xxl,White Low-Top Sneaker (XXL),60.35,USD,1,Apparel Solutions
v-acc-01575-l,Indigo Statement Earrings (L),425.19,CAD,12,Atelier Nord
v-dre-01576-s,Camel Slip Dress (S),222.79,USD,1,Atelier Nord
v-foo-01577-s,Tan Low-Top Sneaker (S),59.07,USD,12,Apparel Solutions
v-dre-01578-xl,Camel Wrap Dress (XL),183.88,USD,1,Atelier Nord
v-out-01579-xl,Ivory Moto Jacket (XL),306.78,CAD,6,Atelier Nord
v-top-01581-xs,Indigo Crewneck Tee (XS),215.0,USD,1,Textile World Co
v-bot-01582-m,Cognac Denim Short (M),211.04,USD,1,Textile World Co
v-out-01583-xxl,Indigo Trench Coat (XXL),160.07,USD,1,Fashion Hub Ltd
v-top-01584-m,Black V-Neck Sweater (M),120.44,USD,1,Fashion Hub Ltd
v-dre-01585-xxl,Emerald Slip Dress (XXL),277.76,USD,1,Apparel Solutions
v-foo-01586-xxl,Cognac Espadrille (XXL),221.84,USD,1,Fashion Hub Ltd
v-foo-01587-s,Emerald Espadrille (S),273.16,USD,1,Textile World Co
v-acc-01588-xs,Burgundy Woven Belt (XS),203.86,USD,1,Atelier Nord
v-acc-01588-xs,Burgundy Woven Belt (XS) - Case Pack,2344.39,USD,12,Atelier Nord
v-top-01590-xl,Black Henley (XL),185.68,CAD,12,Atelier Nord
v-out-01591-s,Ivory Denim Jacket (S),274.14,USD,1,Apparel Solutions
v-acc-01592-l,White Wide-Brim Hat (L),204.18,USD,12,Textile World Co
v-acc-01593-s,Charcoal Statement Earrings (S),161.09,USD,12,Textile World Co
v-acc-01594-l,Beige Twill Scarf (L),220.47,USD,1,
v-acc-01595-l,Emerald Twill Scarf (L),85.99,CAD,1,Atelier Nord
v-top-01596-xl,Black Cardigan (XL),28.54,USD,12,Apparel Solutions
v-dre-01597-xxl,Emerald Midi Dress (XXL),101.51,USD,1,Atelier Nord
v-foo-01598-m,Charcoal Loafer (M),178.74,USD,12,Atelier Nord
v-bot-01599-xxl,Tan Pleated Skirt (XXL),159.23,USD,12,Apparel Solutions
v-acc-01601-xxl,Beige Leather Tote (XXL),57.0,USD,6,Apparel Solutions
v-foo-01602-xl,Beige Ballet Flat (XL),40.02,USD,6,Atelier Nord
v-acc-01603-xs,Charcoal Leather Tote (XS),170.06,USD,1,Fashion Hub Ltd
v-bot-01604-s,Burgundy Midi Skirt (S),288.76,USD,1,Fashion Hub Ltd
v-out-01605-xs,White Denim Jacket (XS),52.15,USD,6,Apparel Solutions
v-dre-01606-xs,Tan Slip Dress (XS),116.25,USD,1,Textile World Co
v-bot-01607-xl,Beige Linen Pant (XL),81.27,USD,1,Textile World Co
v-acc-01608-s,Charcoal Woven Belt (S),148.21,USD,6,Textile World Co
v-bot-01609-xs,Beige Skinny Jean (XS),76.5,USD,1,Fashion Hub Ltd
v-top-01613-m,Cognac Silk Blouse (M),56.09,USD,1,Fashion Hub Ltd
v-top-01613-m,Cognac Silk Blouse (M) - Case Pack,645.04,USD,12,Fashion Hub Ltd
v-foo-01614-xs,Blush Loafer (XS),275.68,USD,1,Textile World Co
v-dre-01615-m,Burgundy Maxi Dress (M),288.45,USD,1,Fashion Hub Ltd
v-top-01616-xl,Cognac Turtleneck (XL),140.29,USD,1,Apparel Solutions
v-acc-01617-l,Beige Twill Scarf (L),216.89,USD,1,Apparel Solutions
v-out-01618-m,Charcoal Wool Peacoat (M),63.61,USD,1,Fashion Hub Ltd
v-acc-01619-xs,Tan Woven Belt (XS),165.53,USD,1,Textile World Co
v-top-01620-xxl,Beige Cardigan (XXL),288.86,USD,1,Fashion Hub Ltd
v-dre-01622-m,Emerald Maxi Dress (M),25.36,USD,12,Textile World Co
v-bot-01623-l,Beige Denim Short (L),189.42,USD,1,Fashion Hub Ltd
v-out-01624-l,Ivory Blazer (L),255.45,CAD,12,Atelier Nord
v-top-01625-s,Blush Tank Top (S),151.63,USD,6,Apparel Solutions
v-bot-01626-xs,Beige Skinny Jean (XS),148.53,USD,1,Textile World Co
v-bot-01628-m,Black Pleated Skirt (M),205.27,USD,6,Apparel Solutions
v-bot-01629-l,Indigo Denim Short (L),227.28,USD,1,Fashion Hub Ltd
v-acc-01631-xl,Blush Woven Belt (XL),280.69,USD,1,Apparel Solutions
v-dre-01632-xl,Burgundy Shift Dress (XL),36.36,USD,1,Fashion Hub Ltd
v-foo-01633-xs,Camel Heeled Mule (XS),301.35,USD,6,Textile World Co
v-dre-01634-s,Cognac Shirt Dress (S),131.24,USD,6,Fashion Hub Ltd
v-bot-01635-xxl,Emerald Linen Pant (XXL),298.91,USD,1,Atelier Nord
v-top-01636-xl,Camel Button-Up Shirt (XL),148.54,CAD,1,Atelier Nord
v-dre-01637-l,Indigo Slip Dress (L),275.82,USD,6,Fashion Hub Ltd
v-top-01638-l,Charcoal Turtleneck (L),218.0,USD,1,Textile World Co
v-acc-01639-xl,Black Woven Belt (XL),303.31,USD,6,Apparel Solutions
v-dre-01640-xs,Charcoal Slip Dress (XS),235.94,USD,12,Apparel Solutions
v-out-01641-xs,Burgundy Blazer (XS),186.95,USD,12,Fashion Hub Ltd
v-foo-01642-xl,Indigo Heeled Mule (XL),62.93,USD,12,Apparel Solutions
v-acc-01643-xs,Ivory Leather Tote (XS),259.22,USD,1,Apparel Solutions
v-bot-01644-m,Cognac Midi Skirt (M),197.81,USD,1,Apparel Solutions
v-dre-01645-xxl,Camel Shift Dress (XXL),242.09,USD,1,Apparel Solutions
v-dre-01646-m,Tan Slip Dress (M),273.96,USD,1,Apparel Solutions
v-top-01647-l,Black Henley (L),310.68,USD,6,Fashion Hub Ltd
v-foo-01648-xs,Indigo Low-Top Sneaker (XS),101.35,USD,12,Fashion Hub Ltd
v-acc-01651-xl,Emerald Wide-Brim Hat (XL),32.08,USD,1,Apparel Solutions
v-bot-01653-xs,White Pleated Skirt (XS),49.39,USD,1,Atelier Nord
v-bot-01654-m,Beige Pleated Skirt (M),53.97,CAD,1,Atelier Nord
v-dre-01655-m,Black Midi Dress (M),123.1,USD,1,Apparel Solutions
v-dre-01655-m,Black Midi Dress (M) - Case Pack,1415.65,USD,12,Apparel Solutions
v-dre-01656-xl,Camel Maxi Dress (XL),65.88,USD,1,
v-bot-01657-xs,Black Denim Short (XS),254.43,USD,1,Textile World Co
v-acc-01658-xxl,Beige Wide-Brim Hat (XXL),280.34,USD,12,Apparel Solutions
v-foo-01659-xxl,Tan Ankle Boot (XXL),130.29,USD,1,Textile World Co
v-bot-01660-xl,Cognac Denim Short (XL),245.95,CAD,12,Atelier Nord
v-foo-01661-l,Beige Ankle Boot (L),110.85,USD,12,Atelier Nord
v-foo-01662-m,Charcoal Ballet Flat (M),252.42,USD,1,Textile World Co
v-out-01663-xs,Burgundy Wool Peacoat (XS),152.0,USD,1,Textile World Co
v-out-01666-xxl,Beige Blazer (XXL),207.89,USD,1,Textile World Co
v-dre-01667-l,White Wrap Dress (L),171.57,USD,1,Atelier Nord
v-out-01668-s,Charcoal Blazer (S),31.08,CAD,1,Atelier Nord
v-dre-01669-l,Burgundy Slip Dress (L),55.7,USD,1,Fashion Hub Ltd
v-out-01670-s,Burgundy Moto Jacket (S),57.87,USD,1,
v-out-01671-l,Ivory Wool Peacoat (L),241.36,USD,12,Textile World Co
v-dre-01672-xl,Beige Slip Dress (XL),322.68,USD,12,Fashion Hub Ltd
v-acc-01673-l,Emerald Woven Belt (L),236.05,USD,1,Atelier Nord
v-out-01674-xxl,Ivory Blazer (XXL),236.85,USD,1,Textile World Co
v-bot-01675-xl,Beige Skinny Jean (XL),225.18,USD,1,Apparel Solutions
v-dre-01676-xl,Ivory Maxi Dress (XL),306.55,USD,12,Apparel Solutions
v-bot-01678-xxl,Black Wide-Leg Trouser (XXL),156.51,USD,1,Textile World Co
v-foo-01679-m,White Ballet Flat (M),65.65,USD,1,Apparel Solutions
v-out-01680-s,Charcoal Denim Jacket (S),301.25,USD,1,Apparel Solutions
v-top-01681-m,Tan Turtleneck (M),47.8,USD,1,Textile World Co
v-bot-01682-xs,Beige Skinny Jean (XS),19.63,USD,12,Textile World Co
v-bot-01683-l,Beige Pleated Skirt (L),249.92,CAD,12,Atelier Nord
v-top-01684-l,Emerald V-Neck Sweater (L),97.19,USD,1,Atelier Nord
v-top-01686-xl,Ivory Tank Top (XL),103.82,USD,12,Apparel Solutions
v-bot-01688-xxl,Cognac Midi Skirt (XXL),304.32,USD,1,Fashion Hub Ltd
v-bot-01689-s,Indigo Denim Short (S),99.02,USD,1,Textile World Co
v-bot-01690-m,Emerald Linen Pant (M),78.07,USD,1,Textile World Co
v-acc-01691-xs,Charcoal Statement Earrings (XS),39.47,USD,1,Atelier Nord
v-bot-01692-xxl,Indigo Skinny Jean (XXL),211.79,USD,6,Apparel Solutions
v-dre-01693-xxl,Cognac Maxi Dress (XXL),282.58,USD,1,Textile World Co
v-top-01697-l,Burgundy Tank Top (L),253.58,USD,12,Textile World Co
v-out-01698-xxl,Indigo Puffer Vest (XXL),26.67,USD,12,Textile World Co
v-out-01700-l,Indigo Denim Jacket (L),290.31,USD,6,Apparel Solutions
v-acc-01701-xxl,Blush Leather Tote (XXL),116.53,USD,6,Fashion Hub Ltd
v-foo-01703-xxl,Black Loafer (XXL),262.72,USD,6,Fashion Hub Ltd
v-dre-01705-s,Charcoal Slip Dress (S),281.95,USD,6,Atelier Nord
v-top-01707-xs,Cognac Crewneck Tee (XS),347.63,CAD,6,Atelier Nord
v-dre-01708-s,Black Shift Dress (S),28.86,USD,1,Textile World Co
v-out-01709-s,Indigo Blazer (S),276.02,USD,12,Apparel Solutions
v-foo-01710-xxl,Burgundy Espadrille (XXL),33.08,CAD,6,Atelier Nord
v-bot-01714-m,Cognac Chino Pant (M),142.31,CAD,12,Atelier Nord
v-top-01716-xl,Charcoal Henley (XL),144.51,USD,12,Fashion Hub Ltd
v-dre-01717-xs,Beige Maxi Dress (XS),114.86,USD,6,Apparel Solutions
v-dre-01717-xs,Beige Maxi Dress (XS) - Case Pack,1320.89,USD,12,Apparel Solutions
v-foo-01718-l,Charcoal Low-Top Sneaker (L),42.65,USD,6,Textile World Co
v-out-01719-xl,Burgundy Puffer Vest (XL),35.8,USD,1,Textile World Co
v-out-01720-m,Burgundy Wool Peacoat (M),28.88,USD,6,Textile World Co
v-top-01721-s,Burgundy Button-Up Shirt (S),247.18,CAD,1,Atelier Nord
v-bot-01722-xxl,Emerald Pleated Skirt (XXL),171.33,USD,1,Atelier Nord
v-out-01723-l,White Blazer (L),242.17,USD,1,Textile World Co
v-acc-01724-s,Ivory Twill Scarf (S),375.47,CAD,1,Atelier Nord
v-out-01725-xxl,Ivory Denim Jacket (XXL),56.44,USD,1,Atelier Nord
v-out-01726-xs,Camel Moto Jacket (XS),430.06,CAD,12,Atelier Nord
v-dre-01727-xl,Blush Slip Dress (XL),59.5,USD,6,Textile World Co
v-bot-01728-xxl,Beige Midi Skirt (XXL),176.09,USD,6,Apparel Solutions
v-dre-01730-s,Ivory Maxi Dress (S),54.49,CAD,1,Atelier Nord
v-acc-01731-xxl,Charcoal Leather Tote (XXL),167.6,USD,1,Fashion Hub Ltd
v-top-01732-s,Beige Henley (S),129.34,USD,1,Fashion Hub Ltd
v-acc-01733-m,Charcoal Twill Scarf (M),277.11,USD,12,Apparel Solutions
v-acc-01734-xl,Blush Woven Belt (XL),406.21,CAD,1,Atelier Nord
v-acc-01735-xl,White Leather Tote (XL),48.68,USD,1,Textile World Co
v-bot-01736-xs,Beige Pleated Skirt (XS),263.41,USD,6,Textile World Co
v-bot-01738-xl,White Wide-Leg Trouser (XL),60.28,USD,1,Textile World Co
v-acc-01740-m,Blush Crossbody Bag (M),86.9,USD,1,Fashion Hub Ltd
v-out-01741-m,Emerald Blazer (M),272.09,USD,1,Apparel Solutions
v-top-01742-xxl,Ivory Turtleneck (XXL),236.49,USD,1,Apparel Solutions
v-out-01743-m,Burgundy Denim Jacket (M),183.18,USD,1,Fashion Hub Ltd
v-dre-01744-m,Black Midi Dress (M),349.0,CAD,6,Atelier Nord
v-top-01746-m,Emerald Turtleneck (M),18.95,USD,1,Textile World Co
v-top-01746-m,Emerald Turtleneck (M) - Case Pack,217.92,USD,12,Textile World Co
v-dre-01748-l,Emerald Shirt Dress (L),312.88,USD,1,Fashion Hub Ltd
v-acc-01749-xs,Beige Twill Scarf (XS),421.55,CAD,1,Atelier Nord
v-bot-01750-xxl,Burgundy Chino Pant (XXL),29.73,USD,1,Fashion Hub Ltd
v-acc-01751-xxl,Burgundy Leather Tote (XXL),263.25,USD,6,Textile World Co
v-bot-01753-xxl,Beige Linen Pant (XXL),118.38,USD,6,Fashion Hub Ltd
v-bot-01754-m,Burgundy Denim Short (M),302.51,USD,1,Fashion Hub Ltd
v-acc-01755-xs,Black Statement Earrings (XS),267.59,USD,6,Textile World Co
v-acc-01756-s,White Woven Belt (S),30.99,USD,12,Atelier Nord
v-foo-01757-xxl,Ivory Heeled Mule (XXL),112.65,USD,1,Fashion Hub Ltd
v-dre-01758-xxl,Beige Maxi Dress (XXL),193.93,USD,6,Fashion Hub Ltd
v-top-01759-xxl,Ivory V-Neck Sweater (XXL),75.83,USD,1,Fashion Hub Ltd
v-bot-01760-s,Black Midi Skirt (S),159.34,USD,1,Apparel Solutions
v-dre-01762-s,Camel Midi Dress (S),147.21,USD,6,Apparel Solutions
v-bot-01763-m,Camel Wide-Leg Trouser (M),134.01,CAD,12,Atelier Nord
v-bot-01763-m,Camel Wide-Leg Trouser (M) - Case Pack,1541.11,CAD,12,Atelier Nord
v-foo-01764-xxl,Blush Ballet Flat (XXL),375.05,CAD,6,Atelier Nord
v-foo-01765-xl,Ivory Heeled Mule (XL),312.41,USD,6,Textile World Co
v-acc-01766-s,Camel Statement Earrings (S),227.55,USD,12,Apparel Solutions
v-acc-01767-xl,White Woven Belt (XL),95.78,USD,6,Textile World Co
v-top-01768-xxl,Cognac V-Neck Sweater (XXL),162.07,USD,6,Textile World Co
v-dre-01769-l,Beige Shift Dress (L),114.37,USD,1,Fashion Hub Ltd
v-dre-01770-l,Ivory Wrap Dress (L),164.52,CAD,6,Atelier Nord
v-dre-01771-l,Ivory Shift Dress (L),244.44,USD,6,Textile World Co
v-foo-01772-xl,Beige Heeled Mule (XL),229.03,USD,1,Atelier Nord
v-bot-01773-m,Burgundy Pleated Skirt (M),164.87,USD,1,Apparel Solutions
v-top-01774-xs,Cognac Turtleneck (XS),203.24,CAD,6,Atelier Nord
v-top-01774-xs,Cognac Turtleneck (XS) - Case Pack,2337.26,CAD,12,Atelier Nord
v-out-01775-s,Black Puffer Vest (S),302.68,USD,1,Textile World Co
v-foo-01776-xxl,Ivory Low-Top Sneaker (XXL),259.93,USD,1,Apparel Solutions
v-dre-01777-l,Blush Midi Dress (L),96.98,CAD,12,Atelier Nord
v-bot-01778-m,Ivory Wide-Leg Trouser (M),41.23,USD,1,Apparel Solutions
v-bot-01779-xxl,White Chino Pant (XXL),63.13,USD,1,Textile World Co
v-out-01780-xs,Blush Trench Coat (XS),257.14,CAD,6,Atelier Nord
v-bot-01782-l,Ivory Pleated Skirt (L),289.17,USD,1,Apparel Solutions
v-out-01783-m,White Puffer Vest (M),209.1,USD,1,Atelier Nord
v-foo-01784-m,Charcoal Low-Top Sneaker (M),129.77,USD,12,Apparel Solutions
v-foo-01785-xxl,White Heeled Mule (XXL),58.65,USD,1,Textile World Co
v-bot-01787-l,Camel Pleated Skirt (L),41.85,CAD,1,Atelier Nord
v-bot-01788-xl,Tan Chino Pant (XL),157.79,USD,1,Fashion Hub Ltd
v-dre-01790-xl,Beige Midi Dress (XL),222.11,USD,6,Atelier Nord
v-dre-01790-xl,Beige Midi Dress (XL) - Case Pack,2554.27,USD,12,Atelier Nord
v-acc-01794-xs,Ivory Twill Scarf (XS),317.81,USD,1,Apparel Solutions
v-foo-01795-l,Burgundy Loafer (L),44.03,CAD,1,Atelier Nord
v-top-01796-m,Emerald Henley (M),287.07,USD,1,Fashion Hub Ltd
v-out-01797-m,Tan Wool Peacoat (M),182.0,USD,1,Fashion Hub Ltd
v-dre-01798-l,Black Maxi Dress (L),111.27,USD,1,Apparel Solutions
v-top-01799-xs,Burgundy Tank Top (XS),129.5,CAD,6,Atelier Nord
v-top-01800-s,Burgundy Silk Blouse (S),192.09,CAD,1,Atelier Nord
v-acc-01803-l,Camel Statement Earrings (L),33.6,CAD,1,Atelier Nord
v-acc-01804-l,White Statement Earrings (L),240.17,USD,1,Fashion Hub Ltd
v-foo-01805-s,Cognac Loafer (S),124.68,USD,12,Fashion Hub Ltd
v-out-01806-xxl,Burgundy Wool Peacoat (XXL),101.47,USD,1,Textile World Co
v-out-01808-m,Ivory Blazer (M),158.8,USD,1,Apparel Solutions
v-bot-01809-xxl,Black Wide-Leg Trouser (XXL),83.51,USD,1,Apparel Solutions
v-acc-01810-xl,Emerald Wide-Brim Hat (XL),287.67,CAD,1,Atelier Nord
v-out-01811-xs,Cognac Denim Jacket (XS),121.26,USD,12,Apparel Solutions
v-out-01812-xxl,Emerald Trench Coat (XXL),115.28,CAD,1,Atelier Nord
v-out-01813-xs,Indigo Wool Peacoat (XS),208.8,USD,1,Fashion Hub Ltd
v-bot-01814-m,Cognac Linen Pant (M),106.34,USD,1,Apparel Solutions
v-acc-01815-s,Black Crossbody Bag (S),205.52,USD,12,Textile World Co
v-top-01816-xxl,Cognac Button-Up Shirt (XXL),303.37,USD,12,Atelier Nord
v-bot-01817-xs,Beige Chino Pant (XS),137.43,USD,1,Fashion Hub Ltd
v-foo-01818-s,Ivory Ballet Flat (S),182.02,USD,12,Atelier Nord
v-bot-01819-m,Beige Chino Pant (M),250.49,USD,1,Apparel Solutions
v-acc-01820-m,Tan Statement Earrings (M),117.14,CAD,6,Atelier Nord
v-out-01821-s,Emerald Wool Peacoat (S),144.23,USD,12,Textile World Co
v-dre-01822-s,Tan Maxi Dress (S),134.51,USD,1,Fashion Hub Ltd
v-out-01823-xs,Tan Trench Coat (XS),60.05,USD,1,Textile World Co
v-foo-01825-xxl,Emerald Espadrille (XXL),305.99,USD,6,Fashion Hub Ltd
v-foo-01826-xl,Indigo Espadrille (XL),274.05,USD,1,Textile World Co
v-dre-01827-s,Charcoal Shirt Dress (S),427.14,CAD,1,Atelier Nord
v-acc-01829-s,Emerald Wide-Brim Hat (S),300.71,USD,1,Textile World Co
v-top-01830-s,Ivory Tank Top (S),233.36,USD,1,Atelier Nord
v-acc-01831-xxl,Tan Twill Scarf (XXL),267.1,USD,6,Atelier Nord
v-out-01832-m,Indigo Moto Jacket (M),223.08,USD,1,Fashion Hub Ltd
v-top-01833-xxl,Emerald Henley (XXL),106.05,USD,1,Fashion Hub Ltd
v-bot-01835-xl,Camel Midi Skirt (XL),228.47,USD,1,
v-acc-01836-s,Ivory Woven Belt (S),80.57,USD,12,Atelier Nord
v-acc-01837-l,White Statement Earrings (L),344.85,CAD,1,Atelier Nord
v-top-01839-xl,Ivory Silk Blouse (XL),26.01,USD,1,Apparel Solutions
v-dre-01840-m,Camel Shirt Dress (M),184.5,USD,1,Textile World Co
v-acc-01841-m,Tan Crossbody Bag (M),245.92,USD,6,Textile World Co
v-acc-01841-m,Tan Crossbody Bag (M) - Case Pack,2828.08,USD,12,Textile World Co
v-foo-01842-m,Indigo Ballet Flat (M),27.31,USD,1,Textile World Co
v-dre-01843-xs,Beige Midi Dress (XS),126.44,USD,1,Apparel Solutions
v-foo-01844-xl,Emerald Heeled Mule (XL),323.19,USD,1,Textile World Co
v-foo-01845-m,Cognac Ballet Flat (M),383.51,CAD,12,Atelier Nord
v-bot-01846-l,Cognac Midi Skirt (L),163.89,USD,1,Textile World Co
v-foo-01848-xxl,White Espadrille (XXL),126.26,USD,1,Textile World Co
v-acc-01849-xl,Burgundy Twill Scarf (XL),240.89,USD,6,Textile World Co
v-top-01850-xs,Tan Cardigan (XS),170.85,USD,12,Apparel Solutions
v-foo-01851-xs,Cognac Espadrille (XS),158.67,USD,12,Fashion Hub Ltd
v-bot-01852-s,Burgundy Pleated Skirt (S),80.79,USD,1,Textile World Co
v-top-01853-m,Cognac Button-Up Shirt (M),240.03,USD,1,Fashion Hub Ltd
v-foo-01854-s,Black Ballet Flat (S),91.87,USD,12,Textile World Co
v-top-01855-xxl,Blush Crewneck Tee (XXL),77.16,USD,1,Fashion Hub Ltd
v-top-01856-xs,Charcoal Henley (XS),191.51,USD,1,Textile World Co
v-top-01857-xxl,White Cardigan (XXL),357.7,CAD,1,Atelier Nord
v-top-01857-xxl,White Cardigan (XXL) - Case Pack,4113.55,CAD,12,Atelier Nord
v-acc-01858-xs,Emerald Wide-Brim Hat (XS),255.63,USD,1,Apparel Solutions
v-acc-01859-xl,Blush Leather Tote (XL),234.96,CAD,6,Atelier Nord
v-foo-01860-m,Blush Low-Top Sneaker (M),217.26,USD,1,Apparel Solutions
v-bot-01861-m,Black Chino Pant (M),231.11,CAD,6,Atelier Nord
v-out-01862-xs,Camel Blazer (XS),172.9,CAD,12,Atelier Nord
v-bot-01863-s,White Wide-Leg Trouser (S),105.35,USD,6,Textile World Co
v-foo-01864-xxl,White Heeled Mule (XXL),299.46,USD,12,Apparel Solutions
v-acc-01865-s,Blush Leather Tote (S),244.07,USD,1,Textile World Co
v-bot-01866-s,Tan Denim Short (S),305.82,USD,1,Apparel Solutions
v-foo-01867-m,Burgundy Heeled Mule (M),297.56,USD,6,Textile World Co
v-dre-01868-m,Ivory Shift Dress (M),232.77,USD,6,Apparel Solutions
v-dre-01869-l,Beige Maxi Dress (L),25.7,CAD,1,Atelier Nord
v-dre-01869-l,Beige Maxi Dress (L) - Case Pack,295.55,CAD,12,Atelier Nord
v-out-01870-s,Tan Wool Peacoat (S),258.36,USD,12,Atelier Nord
v-acc-01871-xxl,Charcoal Leather Tote (XXL),110.64,USD,1,Apparel Solutions
v-dre-01872-m,Indigo Maxi Dress (M),253.38,USD,6,Textile World Co
v-dre-01872-m,Indigo Maxi Dress (M) - Case Pack,2913.87,USD,12,Textile World Co
v-dre-01873-s,White Wrap Dress (S),122.16,USD,1,Textile World Co
v-foo-01874-xxl,Black Heeled Mule (XXL),307.6,CAD,1,Atelier Nord
v-foo-01876-m,Emerald Ballet Flat (M),155.61,USD,1,Fashion Hub Ltd
v-bot-01878-xl,Beige Pleated Skirt (XL),187.57,USD,1,Apparel Solutions
v-out-01880-s,Charcoal Blazer (S),155.43,USD,1,Apparel Solutions
v-dre-01881-xxl,Tan Midi Dress (XXL),95.19,USD,12,Apparel Solutions
v-top-01882-l,Indigo Cardigan (L),244.96,USD,12,Atelier Nord
v-foo-01883-xl,Black Ballet Flat (XL),426.56,CAD,1,Atelier Nord
v-dre-01884-m,Emerald Slip Dress (M),202.08,USD,1,Apparel Solutions
v-top-01885-s,Cognac V-Neck Sweater (S),190.64,USD,6,Fashion Hub Ltd
v-acc-01886-xxl,White Leather Tote (XXL),361.43,CAD,6,Atelier Nord
v-acc-01887-m,Tan Leather Tote (M),72.42,USD,1,Fashion Hub Ltd
v-foo-01888-l,Burgundy Espadrille (L),134.29,USD,6,Fashion Hub Ltd
v-foo-01888-l,Burgundy Espadrille (L) - Case Pack,1544.33,USD,12,Fashion Hub Ltd
v-foo-01889-xs,Black Heeled Mule (XS),115.41,USD,1,Textile World Co
v-dre-01892-xs,White Midi Dress (XS),260.98,USD,1,Fashion Hub Ltd
v-top-01893-s,Blush Tank Top (S),80.98,USD,12,Textile World Co
v-dre-01894-m,Charcoal Midi Dress (M),61.16,USD,1,Fashion Hub Ltd
v-dre-01894-m,Charcoal Midi Dress (M) - Case Pack,703.34,USD,12,Fashion Hub Ltd
v-out-01895-xxl,Emerald Moto Jacket (XXL),134.34,USD,12,Textile World Co
v-out-01896-l,Charcoal Trench Coat (L),46.44,USD,6,Fashion Hub Ltd
v-foo-01897-xs,Cognac Espadrille (XS),246.35,USD,1,Textile World Co
v-acc-01898-xxl,Blush Wide-Brim Hat (XXL),140.13,USD,12,Apparel Solutions
v-foo-01899-m,Emerald Ballet Flat (M),284.85,USD,1,Fashion Hub Ltd
v-top-01901-m,Tan Cardigan (M),313.56,USD,1,Textile World Co
v-acc-01902-xs,Emerald Crossbody Bag (XS),245.91,USD,12,Apparel Solutions
v-bot-01903-s,Charcoal Midi Skirt (S),57.52,USD,1,Fashion Hub Ltd
v-acc-01904-xs,Black Crossbody Bag (XS),281.13,USD,1,Textile World Co
v-foo-01905-l,Ivory Heeled Mule (L),70.78,USD,1,Textile World Co
v-bot-01907-xxl,Indigo Pleated Skirt (XXL),293.58,USD,1,Apparel Solutions
v-bot-01909-xl,Black Chino Pant (XL),248.57,USD,6,Atelier Nord
v-bot-01910-m,Black Skinny Jean (M),45.54,USD,1,Textile World Co
v-out-01911-xl,Indigo Denim Jacket (XL),83.2,CAD,1,Atelier Nord
v-out-01912-s,Camel Denim Jacket (S),224.15,USD,1,Apparel Solutions
v-acc-01913-l,White Statement Earrings (L),229.12,USD,1,Atelier Nord
v-out-01915-xs,Beige Wool Peacoat (XS),87.58,USD,1,Textile World Co
v-acc-01916-xxl,Blush Woven Belt (XXL),308.13,CAD,1,Atelier Nord
v-foo-01917-m,Ivory Ballet Flat (M),180.49,CAD,1,Atelier Nord
v-acc-01918-l,Burgundy Twill Scarf (L),245.86,USD,6,Fashion Hub Ltd
v-bot-01919-s,Black Linen Pant (S),142.91,USD,12,Textile World Co
v-out-01920-s,Blush Denim Jacket (S),212.53,CAD,12,Atelier Nord
v-foo-01921-l,Cognac Ballet Flat (L),244.1,USD,1,
v-dre-01922-m,Camel Midi Dress (M),256.39,USD,1,Atelier Nord
v-acc-01925-m,Ivory Woven Belt (M),162.19,USD,1,Apparel Solutions
v-foo-01926-xl,Indigo Low-Top Sneaker (XL),62.86,USD,1,Textile World Co
v-top-01927-xxl,Burgundy Turtleneck (XXL),176.48,USD,12,Apparel Solutions
v-foo-01928-xl,Black Loafer (XL),183.22,USD,1,Apparel Solutions
v-dre-01929-xxl,White Midi Dress (XXL),214.24,USD,6,Textile World Co
v-acc-01930-xl,Cognac Leather Tote (XL),371.58,CAD,6,Atelier Nord
v-out-01931-xl,Indigo Wool Peacoat (XL),397.96,CAD,1,Atelier Nord
v-bot-01932-xs,Camel Linen Pant (XS),96.37,USD,12,Fashion Hub Ltd
v-acc-01933-xs,Beige Wide-Brim Hat (XS),249.58,USD,6,Fashion Hub Ltd
v-out-01934-l,Charcoal Trench Coat (L),209.32,USD,1,Textile World Co
v-bot-01935-xs,Blush Wide-Leg Trouser (XS),313.4,USD,6,Textile World Co
v-out-01936-xxl,Burgundy Moto Jacket (XXL),80.21,USD,1,Textile World Co
v-dre-01937-xxl,Black Shift Dress (XXL),175.62,USD,6,Fashion Hub Ltd
v-acc-01938-s,Emerald Wide-Brim Hat (S),149.78,CAD,12,Atelier Nord
v-dre-01940-m,Indigo Wrap Dress (M),207.47,USD,12,Fashion Hub Ltd
v-bot-01941-l,Burgundy Linen Pant (L),85.05,USD,6,Apparel Solutions
v-acc-01942-m,Beige Wide-Brim Hat (M),281.43,USD,1,Textile World Co
v-acc-01943-xs,Indigo Crossbody Bag (XS),292.32,USD,1,Fashion Hub Ltd
v-acc-01944-m,Camel Statement Earrings (M),147.81,USD,1,Apparel Solutions
v-top-01945-xxl,White Crewneck Tee (XXL),132.94,CAD,1,Atelier Nord
v-foo-01946-m,Tan Heeled Mule (M),320.52,USD,1,Fashion Hub Ltd
v-foo-01947-xl,Indigo Loafer (XL),32.04,USD,1,Atelier Nord
v-acc-01948-xs,Beige Twill Scarf (XS),302.44,USD,1,Fashion Hub Ltd
v-acc-01950-xl,Emerald Crossbody Bag (XL),300.05,USD,1,Fashion Hub Ltd
v-acc-01950-xl,Emerald Crossbody Bag (XL) - Case Pack,3450.58,USD,12,Fashion Hub Ltd
v-top-01951-s,Beige Turtleneck (S),208.42,USD,1,Fashion Hub Ltd
v-dre-01952-xxl,Black Maxi Dress (XXL),373.59,CAD,6,Atelier Nord
v-acc-01953-s,Blush Woven Belt (S),153.13,USD,1,Apparel Solutions
v-dre-01955-m,Indigo Shirt Dress (M),276.12,USD,1,Textile World Co
v-dre-01956-xxl,Cognac Slip Dress (XXL),112.05,USD,1,Textile World Co
v-acc-01957-l,Tan Twill Scarf (L),209.88,USD,1,Apparel Solutions
v-bot-01959-xs,Blush Wide-Leg Trouser (XS),72.5,USD,1,Fashion Hub Ltd
v-acc-01960-m,Cognac Statement Earrings (M),142.66,USD,1,Textile World Co
v-acc-01960-m,Cognac Statement Earrings (M) - Case Pack,1640.59,USD,12,Textile World Co
v-top-01961-xl,Burgundy V-Neck Sweater (XL),275.41,USD,1,Atelier Nord
v-acc-01963-xl,Beige Woven Belt (XL),111.83,USD,1,Fashion Hub Ltd
v-top-01964-s,Cognac Turtleneck (S),24.65,USD,1,Apparel Solutions
v-acc-01965-s,Charcoal Leather Tote (S),198.64,USD,6,Atelier Nord
v-top-01966-xs,Charcoal Button-Up Shirt (XS),270.7,USD,1,Atelier Nord
v-foo-01967-l,Charcoal Loafer (L),258.28,USD,12,
v-foo-01968-m,Burgundy Heeled Mule (M),249.65,USD,1,Apparel Solutions
v-acc-01970-xl,Cognac Leather Tote (XL),44.61,USD,1,Textile World Co
v-dre-01972-l,Black Slip Dress (L),168.54,USD,1,Atelier Nord
v-dre-01972-l,Black Slip Dress (L) - Case Pack,1938.21,USD,12,Atelier Nord
v-acc-01974-xxl,White Leather Tote (XXL),39.63,USD,1,Apparel Solutions
v-dre-01975-xxl,Black Shirt Dress (XXL),208.17,CAD,1,Atelier Nord
v-bot-01976-m,Emerald Linen Pant (M),113.98,USD,1,Apparel Solutions
v-bot-01977-xxl,Cognac Midi Skirt (XXL),265.39,USD,1,Apparel Solutions
v-dre-01978-xs,White Slip Dress (XS),181.49,USD,6,Fashion Hub Ltd
v-bot-01979-s,Beige Wide-Leg Trouser (S),27.34,USD,1,Textile World Co
v-top-01980-xs,White Tank Top (XS),259.97,CAD,6,Atelier Nord
v-out-01981-l,Burgundy Denim Jacket (L),293.52,USD,1,Textile World Co
v-dre-01982-xxl,Ivory Shift Dress (XXL),392.26,CAD,1,Atelier Nord
v-out-01984-m,Cognac Moto Jacket (M),289.07,USD,1,Fashion Hub Ltd
v-top-01985-s,White Tank Top (S),314.85,USD,12,Fashion Hub Ltd
v-top-01987-xxl,Charcoal Silk Blouse (XXL),98.95,CAD,12,Atelier Nord
v-top-01988-m,Beige Silk Blouse (M),274.91,USD,1,Textile World Co
v-bot-01989-xs,Emerald Midi Skirt (XS),300.13,USD,6,Fashion Hub Ltd
v-dre-01990-m,White Shift Dress (M),192.31,USD,1,Textile World Co
v-out-01991-s,Beige Trench Coat (S),313.49,USD,6,Apparel Solutions
v-out-01992-xxl,White Denim Jacket (XXL),118.31,USD,6,Fashion Hub Ltd
v-bot-01993-s,Emerald Midi Skirt (S),42.03,CAD,1,Atelier Nord
v-acc-01994-xs,Beige Statement Earrings (XS),221.43,USD,12,Fashion Hub Ltd
v-foo-01995-xl,Burgundy Loafer (XL),329.19,CAD,1,Atelier Nord
v-dre-01996-s,Emerald Midi Dress (S),314.28,USD,6,Apparel Solutions
v-dre-01996-s,Emerald Midi Dress (S) - Case Pack,3614.22,USD,12,Apparel Solutions
v-out-01997-l,White Denim Jacket (L),168.45,USD,12,
v-out-01998-m,Indigo Puffer Vest (M),460.8,CAD,12,Atelier Nord
v-acc-01999-xl,Black Statement Earrings (XL),71.21,USD,6,Fashion Hub Ltd
v-foo-02000-xl,Beige Espadrille (XL),206.8,USD,6,Textile World Co
v-top-02001-l,Camel Crewneck Tee (L),124.18,USD,6,Textile World Co
v-acc-02002-xl,Burgundy Crossbody Bag (XL),164.67,USD,1,Textile World Co
v-top-02003-s,Ivory Henley (S),40.72,USD,1,Apparel Solutions
v-top-02003-s,Ivory Henley (S) - Case Pack,468.28,USD,12,Apparel Solutions
v-bot-02004-xl,Tan Denim Short (XL),29.88,USD,1,Fashion Hub Ltd
v-acc-02005-xs,Camel Twill Scarf (XS),213.13,USD,1,Textile World Co
v-out-02006-l,Blush Trench Coat (L),60.04,USD,12,Fashion Hub Ltd
v-acc-02007-xxl,Indigo Woven Belt (XXL),79.72,USD,12,Apparel Solutions
v-acc-02007-xxl,Indigo Woven Belt (XXL) - Case Pack,916.78,USD,12,Apparel Solutions
v-acc-02008-l,Indigo Twill Scarf (L),99.54,USD,1,Atelier Nord
v-out-02009-xs,Beige Wool Peacoat (XS),31.53,USD,1,Atelier Nord
v-acc-02010-xs,Charcoal Statement Earrings (XS),52.83,USD,6,Fashion Hub Ltd
v-bot-02011-s,Blush Denim Short (S),307.39,USD,1,Apparel Solutions
v-foo-02012-xl,Camel Ballet Flat (XL),48.5,USD,6,Apparel Solutions
v-bot-02013-l,Cognac Skinny Jean (L),57.17,USD,1,Textile World Co
v-out-02014-s,White Moto Jacket (S),274.12,USD,1,Fashion Hub Ltd
v-acc-02015-l,Charcoal Twill Scarf (L),151.41,USD,1,Apparel Solutions
v-foo-02016-xl,Tan Ankle Boot (XL),253.91,USD,12,Textile World Co
v-foo-02017-m,Ivory Ankle Boot (M),307.03,USD,12,Apparel Solutions
v-bot-02018-l,Black Linen Pant (L),61.58,USD,6,Atelier Nord
v-top-02019-xxl,Ivory Turtleneck (XXL),119.44,USD,1,Textile World Co
v-out-02020-xl,Charcoal Moto Jacket (XL),188.62,USD,1,Apparel Solutions
v-dre-02021-xxl,White Wrap Dress (XXL),142.16,USD,1,Fashion Hub Ltd
v-foo-02022-xxl,Ivory Espadrille (XXL),125.62,USD,1,Apparel Solutions
v-foo-02022-xxl,Ivory Espadrille (XXL) - Case Pack,1444.63,USD,12,Apparel Solutions
v-acc-02023-l,Black Leather Tote (L),181.03,USD,12,Fashion Hub Ltd
v-foo-02024-xxl,Charcoal Ankle Boot (XXL),185.9,USD,6,Fashion Hub Ltd
v-acc-02025-xxl,Beige Crossbody Bag (XXL),102.9,USD,6,Atelier Nord
v-acc-02026-l,Tan Leather Tote (L),124.48,USD,1,Apparel Solutions
v-bot-02027-m,Cognac Chino Pant (M),62.4,USD,1,Textile World Co
v-dre-02028-xxl,Blush Midi Dress (XXL),150.4,USD,1,Fashion Hub Ltd
v-dre-02028-xxl,Blush Midi Dress (XXL) - Case Pack,1729.6,USD,12,Fashion Hub Ltd
v-top-02029-xxl,Indigo Henley (XXL),319.34,USD,1,Textile World Co
v-out-02031-l,Indigo Denim Jacket (L),118.93,USD,12,Apparel Solutions
v-acc-02032-s,Charcoal Wide-Brim Hat (S),225.87,USD,1,Textile World Co
v-acc-02033-m,Beige Statement Earrings (M),181.52,USD,12,Atelier Nord
v-acc-02034-l,Charcoal Woven Belt (L),154.54,USD,6,Textile World Co
v-bot-02036-xl,Indigo Linen Pant (XL),100.75,CAD,1,Atelier Nord
v-acc-02037-xl,Indigo Leather Tote (XL),94.71,USD,1,Textile World Co
v-out-02038-s,Charcoal Puffer Vest (S),158.6,CAD,12,Atelier Nord
v-acc-02039-m,Emerald Leather Tote (M),225.42,USD,1,Fashion Hub Ltd
v-top-02040-m,Black Crewneck Tee (M),113.15,USD,1,Fashion Hub Ltd
v-acc-02041-m,Charcoal Leather Tote (M),128.93,USD,1,Fashion Hub Ltd
v-out-02042-xxl,Blush Denim Jacket (XXL),106.68,USD,12,Textile World Co
v-foo-02043-s,Ivory Low-Top Sneaker (S),71.73,CAD,1,Atelier Nord
v-foo-02044-l,Tan Loafer (L),237.99,USD,1,Apparel Solutions
v-acc-02045-xs,Emerald Leather Tote (XS),59.51,USD,12,Fashion Hub Ltd
v-out-02046-xs,Ivory Denim Jacket (XS),308.82,USD,6,Apparel Solutions
v-top-02047-xl,Tan Henley (XL),281.53,USD,1,Apparel Solutions
v-top-02048-xl,Ivory Silk Blouse (XL),216.33,USD,12,Apparel Solutions
v-acc-02049-m,Tan Leather Tote (M),225.4,USD,6,Apparel Solutions
v-dre-02051-m,Cognac Midi Dress (M),162.5,USD,1,Fashion Hub Ltd
v-acc-02052-m,Burgundy Leather Tote (M),153.68,USD,1,Apparel Solutions
v-out-02055-xxl,Black Denim Jacket (XXL),228.36,USD,12,Apparel Solutions
v-foo-02056-xxl,Indigo Heeled Mule (XXL),58.44,USD,6,Apparel Solutions
v-top-02059-xs,Blush Silk Blouse (XS),183.86,USD,1,Textile World Co
v-top-02060-xxl,Black V-Neck Sweater (XXL),241.74,USD,1,Fashion Hub Ltd
v-foo-02061-xl,Ivory Ankle Boot (XL),209.2,USD,12,Atelier Nord
v-acc-02062-xs,Beige Twill Scarf (XS),230.76,USD,1,Fashion Hub Ltd
v-top-02063-xxl,White Silk Blouse (XXL),19.29,USD,1,Fashion Hub Ltd
v-top-02064-m,Indigo V-Neck Sweater (M),157.7,USD,1,Textile World Co
v-out-02065-s,Burgundy Puffer Vest (S),97.45,USD,1,Atelier Nord
v-bot-02066-xs,Black Denim Short (XS),320.6,USD,1,Textile World Co
v-foo-02067-xxl,Charcoal Loafer (XXL),229.17,USD,1,Fashion Hub Ltd
v-out-02069-m,Tan Puffer Vest (M),147.52,USD,6,Textile World Co
v-bot-02070-xxl,Black Denim Short (XXL),103.6,USD,6,Apparel Solutions
v-top-02071-m,Emerald V-Neck Sweater (M),196.41,USD,12,Fashion Hub Ltd
v-acc-02072-xs,Emerald Statement Earrings (XS),111.26,USD,6,Fashion Hub Ltd
v-acc-02073-xs,Tan Wide-Brim Hat (XS),235.38,USD,12,Apparel Solutions
v-acc-02073-xs,Tan Wide-Brim Hat (XS) - Case Pack,2706.87,USD,12,Apparel Solutions
v-dre-02074-m,Emerald Shirt Dress (M),102.59,USD,1,Atelier Nord
v-out-02076-l,Blush Denim Jacket (L),391.05,CAD,12,Atelier Nord
v-bot-02077-l,Burgundy Wide-Leg Trouser (L),426.55,CAD,1,Atelier Nord
v-dre-02078-s,Tan Maxi Dress (S),126.15,USD,1,Atelier Nord
v-out-02080-m,Camel Trench Coat (M),24.06,USD,1,Textile World Co
v-dre-02081-s,Camel Slip Dress (S),158.38,USD,1,Textile World Co
v-dre-02081-s,Camel Slip Dress (S) - Case Pack,1821.37,USD,12,Textile World Co
v-out-02082-xxl,Emerald Trench Coat (XXL),127.18,USD,12,Fashion Hub Ltd
v-bot-02084-xs,Emerald Chino Pant (XS),219.35,USD,12,Apparel Solutions
v-dre-02085-l,Beige Shirt Dress (L),203.62,USD,6,Fashion Hub Ltd
v-dre-02086-xxl,Blush Shirt Dress (XXL),129.4,USD,1,Textile World Co
v-top-02087-l,Blush Henley (L),81.13,USD,1,Textile World Co
v-bot-02088-xxl,Blush Midi Skirt (XXL),256.3,USD,1,Atelier Nord
v-dre-02089-s,Charcoal Shirt Dress (S),256.39,USD,1,Apparel Solutions
v-foo-02090-s,Charcoal Loafer (S),250.05,CAD,12,Atelier Nord
v-foo-02091-s,Indigo Ankle Boot (S),42.61,USD,1,Apparel Solutions
v-foo-02092-xs,Camel Espadrille (XS),187.18,CAD,1,Atelier Nord
v-top-02094-xl,Blush Tank Top (XL),243.06,CAD,12,Atelier Nord
v-foo-02096-xxl,Camel Ankle Boot (XXL),238.99,USD,1,Fashion Hub Ltd
v-foo-02097-l,Charcoal Ballet Flat (L),223.67,USD,1,Atelier Nord
v-dre-02098-m,Ivory Midi Dress (M),25.29,USD,12,Fashion Hub Ltd
v-dre-02099-l,Ivory Maxi Dress (L),186.93,USD,1,Atelier Nord
v-dre-02100-l,Camel Wrap Dress (L),77.72,USD,1,
v-bot-02101-m,Ivory Denim Short (M),56.4,USD,1,Fashion Hub Ltd
v-out-02102-m,Ivory Wool Peacoat (M),253.9,CAD,1,Atelier Nord
v-foo-02104-xs,Cognac Ankle Boot (XS),169.44,USD,1,Textile World Co
v-bot-02105-s,Cognac Skinny Jean (S),46.07,USD,1,Textile World Co
v-dre-02106-m,Indigo Wrap Dress (M),158.64,USD,12,Fashion Hub Ltd
v-foo-02107-l,Tan Heeled Mule (L),184.93,USD,1,Textile World Co
v-bot-02108-xs,Ivory Chino Pant (XS),87.28,USD,6,Apparel Solutions
v-acc-02109-xs,Black Wide-Brim Hat (XS),163.33,USD,1,Textile World Co
v-foo-02112-s,Charcoal Ankle Boot (S),19.58,USD,6,Atelier Nord
v-dre-02113-l,Ivory Slip Dress (L),62.29,USD,12,Textile World Co
v-acc-02114-m,Camel Wide-Brim Hat (M),171.93,USD,1,Apparel Solutions
v-bot-02115-m,Beige Midi Skirt (M),75.3,USD,1,Apparel Solutions
v-top-02116-xs,Emerald Button-Up Shirt (XS),276.44,CAD,12,Atelier Nord
v-bot-02118-xxl,Beige Wide-Leg Trouser (XXL),275.13,USD,6,Apparel Solutions
v-foo-02120-xs,Camel Ankle Boot (XS),285.15,USD,1,Textile World Co
v-out-02121-xxl,Indigo Blazer (XXL),156.0,USD,1,Apparel Solutions
v-foo-02123-xs,Black Ankle Boot (XS),280.91,USD,12,Fashion Hub Ltd
v-dre-02124-xxl,Indigo Maxi Dress (XXL),46.29,USD,1,Textile World Co
v-acc-02125-xxl,Indigo Leather Tote (XXL),43.47,USD,1,Apparel Solutions
v-top-02126-xs,Black Button-Up Shirt (XS),61.88,USD,1,
v-top-02126-xs,Black Button-Up Shirt (XS) - Case Pack,711.62,USD,12,Apparel Solutions
v-bot-02127-xxl,Tan Skinny Jean (XXL),298.27,USD,6,Fashion Hub Ltd
v-top-02128-xxl,White V-Neck Sweater (XXL),153.97,USD,1,Textile World Co
v-top-02129-xxl,White Henley (XXL),87.38,USD,12,Textile World Co
v-top-02131-xs,Tan Crewneck Tee (XS),231.82,USD,1,Apparel Solutions
v-dre-02132-m,Tan Wrap Dress (M),93.13,USD,6,Textile World Co
v-top-02133-l,Beige Crewneck Tee (L),347.92,CAD,1,Atelier Nord
v-dre-02135-xxl,Blush Shirt Dress (XXL),116.11,USD,12,Textile World Co
v-bot-02136-m,Indigo Denim Short (M),303.52,USD,12,Atelier Nord
v-acc-02137-xl,Tan Crossbody Bag (XL),124.48,USD,1,Atelier Nord
v-foo-02138-m,Ivory Ballet Flat (M),213.31,USD,1,Apparel Solutions
v-dre-02140-xxl,Tan Slip Dress (XXL),272.96,USD,1,Textile World Co
v-bot-02141-l,Burgundy Midi Skirt (L),264.28,USD,6,Fashion Hub Ltd
v-bot-02143-xxl,Charcoal Linen Pant (XXL),162.57,USD,1,Apparel Solutions
v-dre-02144-xl,Indigo Slip Dress (XL),116.95,CAD,12,Atelier Nord
v-out-02145-s,White Blazer (S),64.55,USD,6,
v-top-02146-s,Emerald V-Neck Sweater (S),235.0,USD,6,Fashion Hub Ltd
v-top-02148-xs,Camel Crewneck Tee (XS),70.47,USD,1,Textile World Co
v-foo-02151-xl,Tan Heeled Mule (XL),219.79,USD,1,Fashion Hub Ltd
v-dre-02152-m,Black Shift Dress (M),274.43,USD,1,Atelier Nord
v-bot-02155-xxl,Burgundy Linen Pant (XXL),150.46,USD,6,Fashion Hub Ltd
v-foo-02156-m,Black Heeled Mule (M),180.93,USD,1,Apparel Solutions
v-foo-02159-xs,Burgundy Espadrille (XS),201.31,USD,1,Apparel Solutions
v-foo-02159-xs,Burgundy Espadrille (XS) - Case Pack,2315.07,USD,12,Apparel Solutions
v-bot-02160-s,Camel Chino Pant (S),109.42,USD,12,Fashion Hub Ltd
v-top-02161-s,White Silk Blouse (S),162.3,USD,12,Atelier Nord
v-acc-02162-l,Ivory Statement Earrings (L),109.31,USD,1,Fashion Hub Ltd
v-acc-02163-s,Emerald Wide-Brim Hat (S),356.1,CAD,6,Atelier Nord
v-out-02166-l,Camel Moto Jacket (L),38.46,USD,6,Atelier Nord
v-acc-02167-l,Emerald Woven Belt (L),282.09,USD,6,Textile World Co
v-top-02168-xl,White Silk Blouse (XL),213.96,USD,1,Textile World Co
v-foo-02169-m,Cognac Ballet Flat (M),49.93,CAD,6,Atelier Nord
v-out-02170-xs,Cognac Moto Jacket (XS),74.8,USD,1,Textile World Co
v-acc-02171-xs,Indigo Statement Earrings (XS),33.49,USD,12,Apparel Solutions
v-foo-02172-xl,Camel Espadrille (XL),110.5,USD,6,Fashion Hub Ltd
v-bot-02174-l,Ivory Skinny Jean (L),62.86,USD,6,Fashion Hub Ltd
v-out-02176-s,Blush Blazer (S),139.54,USD,6,Apparel Solutions
v-dre-02177-s,Black Maxi Dress (S),132.95,USD,6,Apparel Solutions
v-bot-02178-xl,Beige Chino Pant (XL),297.03,CAD,1,Atelier Nord
v-foo-02179-l,Camel Loafer (L),151.07,USD,1,Fashion Hub Ltd
v-top-02180-s,Burgundy V-Neck Sweater (S),127.95,USD,1,Fashion Hub Ltd
v-out-02181-m,Blush Blazer (M),293.91,USD,1,Apparel Solutions
v-out-02182-xl,Burgundy Denim Jacket (XL),154.58,USD,6,Textile World Co
v-out-02183-xl,Cognac Wool Peacoat (XL),92.61,USD,6,Fashion Hub Ltd
v-dre-02184-s,Cognac Slip Dress (S),290.65,USD,1,Apparel Solutions
v-foo-02185-m,Blush Low-Top Sneaker (M),274.53,USD,6,Textile World Co
v-foo-02187-m,Burgundy Low-Top Sneaker (M),225.29,USD,12,Textile World Co
v-foo-02188-s,Blush Loafer (S),197.52,USD,1,Atelier Nord
v-acc-02189-xxl,Camel Statement Earrings (XXL),80.4,USD,12,Textile World Co
v-acc-02190-s,Blush Crossbody Bag (S),163.39,USD,1,Atelier Nord
v-out-02191-s,Blush Puffer Vest (S),200.44,USD,12,Apparel Solutions
v-out-02192-xs,Indigo Puffer Vest (XS),75.75,USD,1,Fashion Hub Ltd
v-acc-02194-xs,Beige Crossbody Bag (XS),150.46,USD,1,Atelier Nord
v-bot-02195-m,White Wide-Leg Trouser (M),30.53,USD,1,Fashion Hub Ltd
v-top-02197-xxl,Beige Tank Top (XXL),103.3,USD,1,Apparel Solutions
v-bot-02198-xl,Beige Denim Short (XL),299.25,USD,1,Apparel Solutions
v-bot-02199-xl,Black Wide-Leg Trouser (XL),240.63,USD,1,Apparel Solutions
v-out-02200-xl,Cognac Trench Coat (XL),308.93,USD,1,Fashion Hub Ltd
v-acc-02201-l,Camel Wide-Brim Hat (L),46.17,USD,12,Fashion Hub Ltd
v-bot-02202-s,Beige Chino Pant (S),283.42,USD,12,Textile World Co
v-bot-02204-xs,White Wide-Leg Trouser (XS),312.38,CAD,1,Atelier Nord
v-acc-02206-xl,Indigo Crossbody Bag (XL),120.87,USD,1,Apparel Solutions
v-foo-02207-xl,Emerald Heeled Mule (XL),137.37,USD,12,Textile World Co
v-acc-02208-s,Indigo Statement Earrings (S),109.45,CAD,1,Atelier Nord
v-out-02209-xxl,Charcoal Wool Peacoat (XXL),283.81,USD,1,Apparel Solutions
v-out-02210-xl,Tan Moto Jacket (XL),211.58,USD,12,Textile World Co
v-acc-02211-xl,Indigo Twill Scarf (XL),126.52,USD,1,Apparel Solutions
v-out-02212-l,Emerald Blazer (L),148.75,USD,12,Fashion Hub Ltd
v-acc-02215-xl,White Leather Tote (XL),89.72,USD,12,Fashion Hub Ltd
v-out-02217-xl,Ivory Wool Peacoat (XL),85.32,USD,1,Fashion Hub Ltd
v-top-02218-xl,Camel Silk Blouse (XL),422.76,CAD,1,Atelier Nord
v-top-02219-xxl,Beige Turtleneck (XXL),37.01,USD,1,Fashion Hub Ltd
v-bot-02220-l,White Denim Short (L),242.0,USD,1,Apparel Solutions
v-bot-02221-m,Black Wide-Leg Trouser (M),251.32,USD,12,Textile World Co
v-top-02222-s,Indigo Crewneck Tee (S),31.14,USD,1,Textile World Co
v-bot-02223-m,Beige Wide-Leg Trouser (M),156.89,USD,12,Apparel Solutions
v-acc-02224-s,Burgundy Twill Scarf (S),207.37,USD,12,Textile World Co
v-out-02225-m,Black Trench Coat (M),244.29,CAD,12,Atelier Nord
v-out-02226-xxl,Cognac Puffer Vest (XXL),386.54,CAD,1,Atelier Nord
v-foo-02227-xl,Beige Ballet Flat (XL),335.51,CAD,12,Atelier Nord
v-bot-02228-s,Emerald Denim Short (S),78.24,USD,1,Fashion Hub Ltd
v-dre-02229-l,Beige Wrap Dress (L),131.45,USD,1,Atelier Nord
v-dre-02230-xs,Charcoal Maxi Dress (XS),151.44,USD,1,Textile World Co
v-foo-02231-xxl,Ivory Espadrille (XXL),133.23,USD,1,Apparel Solutions
v-bot-02232-l,Camel Chino Pant (L),232.18,CAD,1,Atelier Nord
v-bot-02233-l,Ivory Chino Pant (L),94.73,USD,6,
v-top-02234-xs,Blush Button-Up Shirt (XS),156.29,USD,1,Apparel Solutions
v-out-02236-m,Blush Moto Jacket (M),106.7,USD,6,Textile World Co
v-top-02237-xxl,Ivory V-Neck Sweater (XXL),37.11,USD,6,Apparel Solutions
v-acc-02238-xs,Blush Wide-Brim Hat (XS),139.89,USD,1,Atelier Nord
v-foo-02239-m,Camel Ballet Flat (M),259.51,USD,1,Fashion Hub Ltd
v-out-02240-xs,Cognac Denim Jacket (XS),321.59,USD,1,Fashion Hub Ltd
v-out-02241-xxl,Tan Wool Peacoat (XXL),327.11,CAD,1,Atelier Nord
v-bot-02242-xs,Charcoal Midi Skirt (XS),137.32,CAD,12,Atelier Nord
v-top-02243-s,Black Button-Up Shirt (S),141.27,USD,1,Textile World Co
v-bot-02244-xl,Cognac Chino Pant (XL),313.11,USD,1,Apparel Solutions
v-top-02245-m,Black Silk Blouse (M),349.03,CAD,1,Atelier Nord
v-bot-02246-xs,Emerald Linen Pant (XS),217.79,USD,1,Fashion Hub Ltd
v-acc-02247-m,Emerald Woven Belt (M),205.39,USD,12,
v-acc-02247-m,Emerald Woven Belt (M) - Case Pack,2361.98,USD,12,Apparel Solutions
v-bot-02248-xxl,Tan Linen Pant (XXL),256.66,USD,1,Apparel Solutions
v-top-02249-m,Emerald Cardigan (M),300.2,USD,6,Apparel Solutions
v-bot-02251-s,Charcoal Denim Short (S),147.64,USD,12,Textile World Co
v-acc-02252-m,Cognac Wide-Brim Hat (M),247.54,USD,1,Atelier Nord
v-dre-02253-s,White Shift Dress (S),197.82,USD,1,Textile World Co
v-dre-02254-l,Indigo Wrap Dress (L),67.39,USD,1,Atelier Nord
v-foo-02256-l,Indigo Low-Top Sneaker (L),104.14,USD,1,Textile World Co
v-bot-02257-xl,Blush Denim Short (XL),382.04,CAD,1,Atelier Nord
v-top-02258-xl,Ivory Crewneck Tee (XL),161.08,USD,1,Atelier Nord
v-dre-02260-xxl,Tan Shift Dress (XXL),218.81,USD,6,Apparel Solutions
v-bot-02261-xs,Blush Pleated Skirt (XS),327.66,USD,1,Fashion Hub Ltd
v-foo-02262-s,Charcoal Ankle Boot (S),264.32,USD,1,Atelier Nord
v-dre-02263-xl,Camel Slip Dress (XL),267.86,USD,1,Fashion Hub Ltd
v-top-02264-m,Beige Henley (M),215.64,USD,12,Textile World Co
v-out-02265-xxl,Charcoal Puffer Vest (XXL),29.2,USD,1,Apparel Solutions
v-bot-02266-l,Emerald Linen Pant (L),315.11,USD,12,Apparel Solutions
v-acc-02267-l,Indigo Statement Earrings (L),244.73,USD,1,Textile World Co
v-dre-02268-l,Charcoal Midi Dress (L),225.61,USD,12,Textile World Co
v-dre-02270-xl,Blush Shirt Dress (XL),232.76,USD,1,Textile World Co
v-out-02272-xs,Blush Trench Coat (XS),25.61,USD,1,Fashion Hub Ltd
v-bot-02273-l,Emerald Midi Skirt (L),260.55,USD,1,Atelier Nord
v-bot-02274-xxl,Blush Midi Skirt (XXL),300.37,CAD,1,Atelier Nord
v-bot-02275-xs,Indigo Pleated Skirt (XS),386.65,CAD,6,Atelier Nord
v-top-02276-xl,Charcoal Silk Blouse (XL),421.89,CAD,12,Atelier Nord
v-bot-02277-xs,Black Chino Pant (XS),228.3,USD,12,Apparel Solutions
v-top-02278-xl,Emerald V-Neck Sweater (XL),79.22,USD,1,Textile World Co
v-acc-02279-xl,Burgundy Statement Earrings (XL),175.98,USD,1,Apparel Solutions
v-foo-02280-l,Charcoal Loafer (L),153.96,USD,1,Fashion Hub Ltd
v-foo-02280-l,Charcoal Loafer (L) - Case Pack,1770.54,USD,12,Fashion Hub Ltd
v-foo-02281-m,Black Heeled Mule (M),21.63,USD,1,Apparel Solutions
v-dre-02283-xs,Tan Shift Dress (XS),214.54,USD,1,Textile World Co
v-dre-02284-s,Cognac Wrap Dress (S),83.43,USD,1,Fashion Hub Ltd
v-out-02285-xs,Indigo Moto Jacket (XS),260.95,USD,1,Fashion Hub Ltd
v-out-02285-xs,Indigo Moto Jacket (XS) - Case Pack,3000.92,USD,12,Fashion Hub Ltd
v-foo-02286-xl,Black Heeled Mule (XL),251.69,USD,6,Apparel Solutions
v-foo-02287-xxl,Cognac Low-Top Sneaker (XXL),245.01,USD,1,
v-foo-02288-s,Blush Espadrille (S),22.33,USD,1,Textile World Co
v-dre-02289-l,Charcoal Shirt Dress (L),48.33,USD,1,Fashion Hub Ltd
v-acc-02290-m,Tan Woven Belt (M),66.1,USD,1,Atelier Nord
v-acc-02291-xs,Blush Leather Tote (XS),114.68,USD,1,Apparel Solutions
v-acc-02291-xs,Blush Leather Tote (XS) - Case Pack,1318.82,USD,12,Apparel Solutions
v-foo-02292-xs,White Espadrille (XS),274.53,USD,6,Textile World Co
v-foo-02294-xs,Cognac Heeled Mule (XS),228.54,USD,1,Atelier Nord
v-top-02295-m,White Tank Top (M),131.06,USD,1,Textile World Co
v-dre-02296-xl,Black Shirt Dress (XL),302.19,USD,12,Fashion Hub Ltd
v-dre-02297-xxl,Cognac Midi Dress (XXL),160.1,USD,6,Textile World Co
v-dre-02298-xs,Indigo Maxi Dress (XS),84.1,USD,1,Atelier Nord
v-acc-02299-xxl,Beige Crossbody Bag (XXL),313.38,USD,1,
v-top-02301-s,Emerald Crewneck Tee (S),187.52,USD,6,Fashion Hub Ltd
v-dre-02302-l,Blush Shirt Dress (L),321.02,USD,1,Fashion Hub Ltd
v-bot-02303-xl,White Midi Skirt (XL),187.34,USD,1,Fashion Hub Ltd
v-bot-02303-xl,White Midi Skirt (XL) - Case Pack,2154.41,USD,12,Fashion Hub Ltd
v-acc-02305-m,Charcoal Woven Belt (M),109.23,USD,12,Atelier Nord
v-dre-02306-xxl,Ivory Shirt Dress (XXL),267.27,USD,1,Apparel Solutions
v-dre-02307-xl,White Maxi Dress (XL),43.58,USD,6,
v-dre-02308-xs,Black Maxi Dress (XS),111.37,USD,1,
v-bot-02309-xl,Beige Denim Short (XL),129.25,USD,1,Fashion Hub Ltd
v-dre-02310-s,White Shift Dress (S),193.81,USD,6,Textile World Co
v-top-02311-xl,Camel Button-Up Shirt (XL),265.4,USD,12,Fashion Hub Ltd
v-acc-02312-xl,Camel Wide-Brim Hat (XL),48.58,USD,1,Apparel Solutions
v-acc-02312-xl,Camel Wide-Brim Hat (XL) - Case Pack,558.67,USD,12,Apparel Solutions
v-top-02313-xs,Indigo Button-Up Shirt (XS),100.94,USD,1,Apparel Solutions
v-top-02314-xs,Beige V-Neck Sweater (XS),287.88,USD,12,Fashion Hub Ltd
v-dre-02315-xs,Cognac Maxi Dress (XS),66.34,USD,6,Apparel Solutions
v-dre-02316-xxl,Ivory Midi Dress (XXL),202.37,USD,6,Fashion Hub Ltd
v-bot-02317-s,Burgundy Linen Pant (S),237.9,USD,1,Textile World Co
v-out-02318-xl,Tan Moto Jacket (XL),188.1,USD,1,Apparel Solutions
v-foo-02319-l,Black Low-Top Sneaker (L),199.64,USD,12,Textile World Co
v-foo-02320-s,Blush Ballet Flat (S),421.47,CAD,1,Atelier Nord
v-dre-02321-xl,Charcoal Shift Dress (XL),221.31,USD,1,Fashion Hub Ltd
v-foo-02322-xs,Black Heeled Mule (XS),262.96,CAD,1,Atelier Nord
v-bot-02323-xxl,Ivory Denim Short (XXL),307.8,USD,6,Fashion Hub Ltd
v-acc-02324-s,Charcoal Twill Scarf (S),240.4,USD,1,Fashion Hub Ltd
v-bot-02325-xl,White Pleated Skirt (XL),213.23,USD,6,Fashion Hub Ltd
v-acc-02326-xs,Indigo Twill Scarf (XS),83.95,USD,1,Apparel Solutions
v-acc-02327-m,White Statement Earrings (M),314.2,USD,1,Apparel Solutions
v-foo-02328-l,Camel Espadrille (L),287.95,USD,1,Textile World Co
v-foo-02328-l,Camel Espadrille (L) - Case Pack,3311.42,USD,12,Textile World Co
v-out-02329-xxl,Charcoal Wool Peacoat (XXL),169.13,USD,1,Textile World Co
v-top-02330-l,Black Button-Up Shirt (L),66.08,USD,1,Atelier Nord
v-out-02331-s,Camel Puffer Vest (S),50.88,USD,1,Atelier Nord
v-dre-02332-l,Ivory Shift Dress (L),163.95,USD,1,Fashion Hub Ltd
v-foo-02333-m,Blush Heeled Mule (M),150.41,USD,12,Textile World Co
v-out-02334-s,Camel Denim Jacket (S),113.12,CAD,1,Atelier Nord
v-bot-02335-l,Emerald Linen Pant (L),331.33,USD,12,Textile World Co
v-acc-02337-xxl,Camel Wide-Brim Hat (XXL),24.18,USD,12,Atelier Nord
v-bot-02339-xxl,Blush Skinny Jean (XXL),198.59,USD,1,Atelier Nord
v-bot-02340-xxl,White Wide-Leg Trouser (XXL),238.76,USD,1,Apparel Solutions
v-out-02342-s,Beige Denim Jacket (S),116.51,USD,1,Textile World Co
v-out-02343-m,Cognac Trench Coat (M),120.16,CAD,6,Atelier Nord
v-top-02344-s,Beige V-Neck Sweater (S),142.04,USD,1,Textile World Co
v-out-02345-xxl,Cognac Denim Jacket (XXL),49.09,USD,12,Fashion Hub Ltd
v-acc-02346-xxl,Charcoal Leather Tote (XXL),82.58,USD,1,Textile World Co
v-dre-02347-l,Beige Wrap Dress (L),318.65,USD,1,Fashion Hub Ltd
v-top-02348-xl,Charcoal Tank Top (XL),46.97,USD,1,Fashion Hub Ltd
v-foo-02349-xxl,Burgundy Loafer (XXL),31.44,USD,6,Textile World Co
v-bot-02350-xxl,Burgundy Linen Pant (XXL),288.53,USD,1,Fashion Hub Ltd
v-bot-02351-m,Indigo Midi Skirt (M),46.03,USD,1,Fashion Hub Ltd
v-bot-02351-m,Indigo Midi Skirt (M) - Case Pack,529.35,USD,12,Fashion Hub Ltd
v-dre-02352-xxl,Indigo Wrap Dress (XXL),288.92,USD,1,Apparel Solutions
v-bot-02355-m,Ivory Wide-Leg Trouser (M),36.6,USD,1,Atelier Nord
v-acc-02357-xxl,Ivory Crossbody Bag (XXL),283.64,USD,12,Fashion Hub Ltd
v-out-02358-m,Ivory Moto Jacket (M),170.17,USD,12,Fashion Hub Ltd
v-top-02359-xs,Charcoal Silk Blouse (XS),143.29,USD,12,Textile World Co
v-acc-02360-xxl,Camel Leather Tote (XXL),299.55,USD,12,Apparel Solutions
v-foo-02361-xl,Tan Loafer (XL),306.47,USD,6,Textile World Co
v-foo-02362-m,Camel Heeled Mule (M),191.73,USD,1,Apparel Solutions
v-out-02363-xl,Indigo Wool Peacoat (XL),280.56,USD,1,Atelier Nord
v-foo-02365-s,Burgundy Espadrille (S),173.72,USD,6,Fashion Hub Ltd
v-bot-02366-s,Ivory Midi Skirt (S),163.29,USD,1,Fashion Hub Ltd
v-bot-02366-s,Ivory Midi Skirt (S) - Case Pack,1877.83,USD,12,Fashion Hub Ltd
v-bot-02367-xs,Cognac Denim Short (XS),171.82,USD,1,Apparel Solutions
v-dre-02368-s,Cognac Shift Dress (S),30.78,USD,6,Textile World Co
v-bot-02369-xxl,Charcoal Wide-Leg Trouser (XXL),176.13,USD,1,Fashion Hub Ltd
v-out-02370-xl,Tan Blazer (XL),239.72,USD,1,Fashion Hub Ltd
v-bot-02371-m,Camel Linen Pant (M),27.92,USD,1,Fashion Hub Ltd
v-top-02372-xs,Burgundy Crewneck Tee (XS),115.5,USD,1,Fashion Hub Ltd
v-acc-02373-xs,Emerald Leather Tote (XS),249.86,USD,1,Atelier Nord
v-dre-02374-xxl,Tan Wrap Dress (XXL),221.73,USD,1,Fashion Hub Ltd
v-top-02377-m,Ivory Silk Blouse (M),113.27,USD,12,Fashion Hub Ltd
v-dre-02379-m,Indigo Midi Dress (M),45.74,USD,1,Apparel Solutions
v-foo-02380-l,Indigo Low-Top Sneaker (L),85.8,USD,6,Fashion Hub Ltd
v-dre-02381-m,Charcoal Slip Dress (M),233.08,USD,1,Apparel Solutions
v-bot-02382-l,Beige Midi Skirt (L),191.04,USD,1,Fashion Hub Ltd
v-out-02383-s,Indigo Moto Jacket (S),141.72,USD,6,Textile World Co
v-dre-02384-xxl,Beige Wrap Dress (XXL),55.43,USD,12,Textile World Co
v-top-02386-xxl,Tan Button-Up Shirt (XXL),311.59,USD,1,Apparel Solutions
v-out-02387-xl,Charcoal Denim Jacket (XL),132.13,USD,1,Textile World Co
v-acc-02388-m,Indigo Twill Scarf (M),63.63,USD,1,Textile World Co
v-acc-02389-xxl,Beige Crossbody Bag (XXL),237.8,USD,6,Apparel Solutions
v-bot-02391-s,Burgundy Chino Pant (S),238.34,USD,6,Apparel Solutions
v-bot-02392-m,Camel Skinny Jean (M),156.79,USD,1,Fashion Hub Ltd
v-out-02393-l,Tan Wool Peacoat (L),124.7,USD,12,Textile World Co
v-dre-02394-l,Ivory Wrap Dress (L),227.93,USD,1,Textile World Co
v-foo-02395-m,Ivory Espadrille (M),308.57,USD,1,Textile World Co
v-foo-02397-xs,Cognac Loafer (XS),237.91,USD,1,Textile World Co
v-acc-02399-xl,Emerald Leather Tote (XL),234.57,USD,1,Fashion Hub Ltd
v-dre-02400-xs,Tan Shirt Dress (XS),91.12,USD,1,Apparel Solutions
v-dre-02401-m,Cognac Midi Dress (M),296.0,USD,1,Apparel Solutions
v-acc-02402-xs,Ivory Leather Tote (XS),45.5,USD,1,Fashion Hub Ltd
v-acc-02402-xs,Ivory Leather Tote (XS) - Case Pack,523.25,USD,12,Fashion Hub Ltd
v-out-02403-xl,White Blazer (XL),201.51,USD,1,Fashion Hub Ltd
v-acc-02405-xs,Charcoal Woven Belt (XS),269.85,USD,1,Atelier Nord
v-foo-02406-m,Emerald Loafer (M),64.87,CAD,1,Atelier Nord
v-foo-02406-m,Emerald Loafer (M) - Case Pack,746.01,CAD,12,Atelier Nord
v-out-02407-xl,Burgundy Puffer Vest (XL),21.22,USD,12,Fashion Hub Ltd
v-bot-02409-xl,Beige Midi Skirt (XL),92.66,USD,1,Fashion Hub Ltd
v-out-02411-xxl,Beige Moto Jacket (XXL),139.37,USD,6,Textile World Co
v-top-02412-xl,Camel V-Neck Sweater (XL),269.61,USD,1,Fashion Hub Ltd
v-foo-02413-xl,White Ballet Flat (XL),88.05,USD,12,Apparel Solutions
v-out-02414-xl,Black Wool Peacoat (XL),243.8,USD,6,Textile World Co
v-bot-02415-s,Burgundy Midi Skirt (S),194.37,USD,1,Textile World Co
v-top-02416-m,Emerald Turtleneck (M),116.23,USD,12,Apparel Solutions
v-dre-02417-xxl,Burgundy Wrap Dress (XXL),55.55,USD,12,Apparel Solutions
v-out-02419-l,Indigo Denim Jacket (L),180.17,USD,1,Fashion Hub Ltd
v-bot-02421-l,Indigo Pleated Skirt (L),275.28,USD,1,Fashion Hub Ltd
v-bot-02422-xs,Emerald Linen Pant (XS),295.87,USD,12,Apparel Solutions
v-bot-02423-m,Charcoal Midi Skirt (M),126.61,USD,1,Apparel Solutions
v-foo-02424-xl,Indigo Low-Top Sneaker (XL),176.79,USD,12,Fashion Hub Ltd
v-foo-02425-xl,Ivory Espadrille (XL),318.16,USD,1,Textile World Co
v-acc-02426-s,White Twill Scarf (S),286.44,USD,1,Apparel Solutions
v-foo-02427-m,Charcoal Heeled Mule (M),91.21,USD,1,Apparel Solutions
v-foo-02428-xs,Indigo Low-Top Sneaker (XS),89.35,USD,1,Textile World Co
v-top-02430-xl,Beige Tank Top (XL),268.27,USD,12,Fashion Hub Ltd
v-bot-02431-l,Burgundy Skinny Jean (L),188.5,USD,1,Apparel Solutions
v-foo-02432-xl,Beige Espadrille (XL),343.61,CAD,1,Atelier Nord
v-bot-02434-xl,Blush Denim Short (XL),215.59,USD,12,Atelier Nord
v-dre-02435-m,White Slip Dress (M),257.93,USD,12,Fashion Hub Ltd
v-foo-02436-s,Ivory Low-Top Sneaker (S),74.01,USD,12,Fashion Hub Ltd
v-out-02438-xxl,Indigo Trench Coat (XXL),155.81,USD,6,Fashion Hub Ltd
v-acc-02439-xxl,Ivory Crossbody Bag (XXL),112.31,USD,1,Textile World Co
v-foo-02440-xxl,Blush Low-Top Sneaker (XXL),219.02,USD,12,Apparel Solutions
v-acc-02441-m,Black Wide-Brim Hat (M),292.59,USD,6,Fashion Hub Ltd
v-top-02442-xl,Burgundy Silk Blouse (XL),121.17,USD,1,Atelier Nord
v-bot-02443-m,Beige Chino Pant (M),153.93,USD,1,Textile World Co
v-foo-02444-l,Beige Heeled Mule (L),135.1,USD,1,Apparel Solutions
v-bot-02445-l,Cognac Skinny Jean (L),45.55,USD,6,Atelier Nord
v-bot-02446-m,Cognac Midi Skirt (M),318.71,USD,12,Apparel Solutions
v-foo-02448-xs,Tan Ballet Flat (XS),274.5,USD,6,Fashion Hub Ltd
v-bot-02449-xxl,Black Skinny Jean (XXL),204.23,USD,1,Atelier Nord
v-bot-02449-xxl,Black Skinny Jean (XXL) - Case Pack,2348.64,USD,12,Atelier Nord
v-top-02450-xl,Indigo V-Neck Sweater (XL),40.56,USD,1,Textile World Co
v-foo-02451-xs,Black Ballet Flat (XS),127.38,USD,12,Fashion Hub Ltd
v-out-02454-xs,Ivory Blazer (XS),87.78,USD,1,Apparel Solutions
v-top-02455-l,Emerald Henley (L),137.86,USD,12,Apparel Solutions
v-out-02456-l,Burgundy Trench Coat (L),220.94,USD,1,Atelier Nord
v-top-02457-l,Burgundy V-Neck Sweater (L),293.72,USD,6,Atelier Nord
v-foo-02458-xs,Beige Espadrille (XS),24.77,USD,1,Apparel Solutions
v-foo-02459-s,White Ballet Flat (S),77.36,USD,12,Textile World Co
v-bot-02460-xxl,Blush Pleated Skirt (XXL),80.95,USD,1,Textile World Co
v-out-02461-l,White Puffer Vest (L),81.02,USD,1,Fashion Hub Ltd
v-top-02462-s,Beige V-Neck Sweater (S),139.52,USD,1,Fashion Hub Ltd
v-out-02463-xxl,Cognac Trench Coat (XXL),58.65,USD,1,Apparel Solutions
v-foo-02464-xs,Indigo Ballet Flat (XS),80.98,USD,1,Textile World Co
v-foo-02465-m,Camel Ballet Flat (M),241.24,USD,1,Fashion Hub Ltd
v-foo-02466-s,Black Ballet Flat (S),106.01,USD,1,Atelier Nord
v-top-02467-m,Camel Cardigan (M),90.48,USD,1,Fashion Hub Ltd
v-dre-02468-l,Indigo Wrap Dress (L),298.49,USD,1,Fashion Hub Ltd
v-out-02469-s,Cognac Blazer (S),40.96,USD,6,Textile World Co
v-top-02470-xl,Beige Henley (XL),47.52,USD,6,Textile World Co
v-foo-02471-xl,Ivory Heeled Mule (XL),243.27,USD,1,Apparel Solutions
v-acc-02472-l,Beige Statement Earrings (L),247.31,USD,12,Textile World Co
v-foo-02473-xl,White Low-Top Sneaker (XL),176.82,USD,12,Textile World Co
v-top-02474-xl,Charcoal Tank Top (XL),308.32,USD,1,Atelier Nord
v-acc-02475-xxl,Cognac Wide-Brim Hat (XXL),138.81,USD,1,Atelier Nord
v-out-02476-l,Black Blazer (L),125.5,CAD,1,Atelier Nord
v-bot-02477-m,Black Midi Skirt (M),134.27,USD,6,Fashion Hub Ltd
v-out-02479-m,Tan Blazer (M),252.93,USD,1,Fashion Hub Ltd
v-top-02480-xl,Indigo Button-Up Shirt (XL),246.58,USD,6,Textile World Co
v-bot-02481-s,Beige Skinny Jean (S),194.52,USD,6,Apparel Solutions
v-foo-02482-xl,Cognac Ankle Boot (XL),86.92,USD,1,Apparel Solutions
v-foo-02483-s,Ivory Ankle Boot (S),282.8,USD,12,Fashion Hub Ltd
v-acc-02484-xxl,Charcoal Statement Earrings (XXL),427.76,CAD,6,Atelier Nord
v-dre-02485-m,Ivory Shirt Dress (M),271.76,USD,6,
v-out-02487-xxl,Burgundy Moto Jacket (XXL),62.31,CAD,1,Atelier Nord
v-foo-02488-l,Emerald Heeled Mule (L),101.72,CAD,1,
v-foo-02489-l,Camel Heeled Mule (L),307.53,USD,1,Fashion Hub Ltd
v-foo-02491-xl,Indigo Loafer (XL),248.38,USD,1,Atelier Nord
v-bot-02492-xl,Cognac Pleated Skirt (XL),167.38,USD,1,Textile World Co
v-acc-02493-xxl,Blush Wide-Brim Hat (XXL),137.72,USD,1,Fashion Hub Ltd
v-acc-02494-xs,Blush Leather Tote (XS),284.94,USD,1,
v-out-02495-xl,Burgundy Denim Jacket (XL),217.55,USD,1,Apparel Solutions
v-acc-02496-m,Ivory Twill Scarf (M),255.13,USD,12,
v-dre-02497-s,Camel Shift Dress (S),160.35,USD,6,Atelier Nord
v-bot-02498-m,Beige Pleated Skirt (M),216.25,USD,1,Textile World Co
v-foo-02499-m,Beige Espadrille (M),352.91,CAD,1,Atelier Nord
v-bot-02500-xs,Beige Denim Short (XS),144.31,USD,1,
v-acc-02501-s,Blush Statement Earrings (S),226.25,USD,1,Apparel Solutions
v-acc-02503-xl,Blush Leather Tote (XL),49.51,USD,1,Apparel Solutions
v-foo-02504-m,Indigo Espadrille (M),25.51,USD,6,Apparel Solutions
v-acc-02506-s,Camel Woven Belt (S),76.43,USD,1,Fashion Hub Ltd
v-acc-02507-xs,Beige Wide-Brim Hat (XS),300.57,USD,1,Fashion Hub Ltd
v-top-02508-xxl,Cognac Turtleneck (XXL),191.08,USD,12,Apparel Solutions
v-out-02510-m,Blush Moto Jacket (M),48.56,USD,1,Textile World Co
v-foo-02511-l,Indigo Low-Top Sneaker (L),93.06,USD,1,Fashion Hub Ltd
v-dre-02512-xl,Black Wrap Dress (XL),305.73,USD,1,
v-acc-02513-xs,Camel Twill Scarf (XS),244.4,USD,1,Fashion Hub Ltd
v-out-02514-xs,Cognac Puffer Vest (XS),256.95,CAD,1,Atelier Nord
v-out-02515-m,Camel Moto Jacket (M),88.43,USD,1,Textile World Co
v-foo-02516-s,Indigo Ballet Flat (S),292.34,USD,1,
v-top-02517-xl,Beige Tank Top (XL),254.34,USD,1,Atelier Nord
v-out-02518-s,Camel Wool Peacoat (S),166.23,USD,1,Textile World Co
v-dre-02519-m,Tan Shirt Dress (M),252.13,USD,12,Apparel Solutions
v-dre-02520-m,Beige Shirt Dress (M),173.61,USD,1,Textile World Co
v-top-02521-l,Burgundy V-Neck Sweater (L),24.65,USD,1,Apparel Solutions
v-top-02521-l,Burgundy V-Neck Sweater (L) - Case Pack,283.47,USD,12,Apparel Solutions
v-top-02522-m,Camel Silk Blouse (M),185.88,USD,1,Textile World Co
v-bot-02523-xs,Tan Wide-Leg Trouser (XS),283.1,USD,6,Apparel Solutions
v-top-02524-l,Blush Tank Top (L),175.5,USD,12,Fashion Hub Ltd
v-acc-02525-xs,Tan Leather Tote (XS),109.34,USD,1,Apparel Solutions
v-foo-02526-xl,Indigo Heeled Mule (XL),81.87,CAD,6,Atelier Nord
v-out-02527-xxl,Emerald Blazer (XXL),211.51,USD,1,Apparel Solutions
v-top-02529-xxl,Ivory Turtleneck (XXL),236.82,USD,1,Fashion Hub Ltd
v-top-02530-xl,Charcoal Silk Blouse (XL),300.1,USD,6,Textile World Co
v-bot-02532-l,Camel Chino Pant (L),79.01,USD,12,Textile World Co
v-top-02533-l,Emerald Silk Blouse (L),218.31,USD,1,Fashion Hub Ltd
v-bot-02534-l,Emerald Pleated Skirt (L),98.51,USD,1,Apparel Solutions
v-acc-02535-s,Emerald Woven Belt (S),91.76,CAD,12,
v-bot-02536-xl,White Denim Short (XL),133.79,USD,1,Atelier Nord
v-top-02537-xl,Black Cardigan (XL),244.29,USD,1,Textile World Co
v-out-02538-l,White Trench Coat (L),76.29,USD,6,Textile World Co
v-out-02538-l,White Trench Coat (L) - Case Pack,877.34,USD,12,Textile World Co
v-acc-02539-xs,Ivory Wide-Brim Hat (XS),75.68,USD,1,
v-foo-02540-xxl,Charcoal Loafer (XXL),393.18,CAD,6,Atelier Nord
v-foo-02542-s,Charcoal Low-Top Sneaker (S),217.91,USD,1,Apparel Solutions
v-foo-02543-m,Charcoal Loafer (M),97.08,USD,1,Apparel Solutions
v-acc-02544-xxl,Emerald Statement Earrings (XXL),83.36,USD,1,Atelier Nord
v-bot-02545-m,Beige Skinny Jean (M),276.88,USD,1,Apparel Solutions
v-acc-02546-s,White Statement Earrings (S),271.74,CAD,1,Atelier Nord
v-bot-02547-l,Ivory Denim Short (L),68.24,USD,12,Fashion Hub Ltd
v-acc-02549-xl,Ivory Woven Belt (XL),57.21,USD,6,Textile World Co
v-acc-02550-m,Ivory Twill Scarf (M),238.54,USD,6,Atelier Nord
v-bot-02551-xs,Black Wide-Leg Trouser (XS),248.87,USD,6,
v-acc-02552-xl,Cognac Crossbody Bag (XL),170.18,CAD,6,Atelier Nord
v-acc-02553-m,Burgundy Statement Earrings (M),74.04,USD,1,Apparel Solutions
v-acc-02555-xl,Beige Twill Scarf (XL),51.47,USD,6,Apparel Solutions
v-bot-02556-xl,Burgundy Wide-Leg Trouser (XL),24.94,USD,1,Fashion Hub Ltd
v-foo-02557-xl,Burgundy Low-Top Sneaker (XL),225.53,USD,12,
v-bot-02558-xxl,Camel Chino Pant (XXL),36.21,USD,1,Textile World Co
v-foo-02559-xs,Emerald Heeled Mule (XS),234.35,USD,1,Textile World Co
v-bot-02561-xxl,White Wide-Leg Trouser (XXL),136.1,USD,1,Atelier Nord
v-top-02563-xxl,Beige V-Neck Sweater (XXL),153.83,USD,6,Fashion Hub Ltd
v-acc-02564-s,Emerald Wide-Brim Hat (S),304.84,USD,6,Textile World Co
v-acc-02566-xxl,Emerald Leather Tote (XXL),248.84,USD,1,Apparel Solutions
v-dre-02567-xs,White Midi Dress (XS),25.04,USD,1,Apparel Solutions
v-dre-02569-xs,Ivory Maxi Dress (XS),231.17,USD,12,Textile World Co
v-acc-02570-xxl,White Crossbody Bag (XXL),263.3,USD,12,Fashion Hub Ltd
v-acc-02571-m,Beige Wide-Brim Hat (M),245.47,USD,1,Textile World Co
v-dre-02573-xl,Blush Slip Dress (XL),130.81,USD,12,Apparel Solutions
v-top-02574-xxl,White Button-Up Shirt (XXL),25.74,USD,6,Textile World Co
v-out-02575-xl,Blush Moto Jacket (XL),161.63,USD,1,Textile World Co
v-top-02576-xl,Beige Silk Blouse (XL),152.58,USD,1,Fashion Hub Ltd
v-out-02577-l,Black Puffer Vest (L),56.47,USD,1,Textile World Co
v-foo-02581-m,Emerald Espadrille (M),296.13,USD,1,Atelier Nord
v-top-02582-xl,Emerald Tank Top (XL),130.25,USD,1,Apparel Solutions
v-top-02582-xl,Emerald Tank Top (XL) - Case Pack,1497.88,USD,12,Apparel Solutions
v-bot-02583-l,Camel Wide-Leg Trouser (L),59.15,USD,1,Fashion Hub Ltd
v-out-02584-xs,White Moto Jacket (XS),244.04,USD,12,Fashion Hub Ltd
v-top-02585-xxl,Black Turtleneck (XXL),250.23,CAD,1,Atelier Nord
v-out-02586-l,White Wool Peacoat (L),149.91,USD,12,Textile World Co
v-top-02587-xxl,Burgundy V-Neck Sweater (XXL),153.66,USD,12,Apparel Solutions
v-top-02588-xxl,Blush V-Neck Sweater (XXL),150.59,USD,1,Fashion Hub Ltd
v-top-02589-xs,Emerald Cardigan (XS),33.96,USD,6,Textile World Co
v-top-02590-m,Camel Crewneck Tee (M),167.63,USD,1,Apparel Solutions
v-out-02591-xxl,White Trench Coat (XXL),26.37,USD,1,Textile World Co
v-dre-02592-xxl,Cognac Slip Dress (XXL),155.32,USD,12,Apparel Solutions
v-dre-02593-s,Black Maxi Dress (S),186.66,USD,1,Fashion Hub Ltd
v-acc-02594-l,Beige Leather Tote (L),250.4,USD,1,Textile World Co
v-out-02595-s,Indigo Denim Jacket (S),118.07,USD,1,Fashion Hub Ltd
v-bot-02596-xxl,Ivory Midi Skirt (XXL),32.63,CAD,6,Atelier Nord
v-bot-02596-xxl,Ivory Midi Skirt (XXL) - Case Pack,375.25,CAD,12,Atelier Nord
v-top-02598-l,Black V-Neck Sweater (L),304.4,CAD,1,Atelier Nord
v-top-02599-xxl,Burgundy Crewneck Tee (XXL),193.99,USD,1,Apparel Solutions
v-foo-02600-xl,Burgundy Ankle Boot (XL),196.56,USD,1,Apparel Solutions
v-acc-02601-m,White Statement Earrings (M),32.86,USD,1,Textile World Co
v-foo-02602-xl,Tan Ballet Flat (XL),415.4,CAD,12,Atelier Nord
v-foo-02603-xxl,Emerald Loafer (XXL),210.96,USD,6,Textile World Co
v-foo-02604-xs,Tan Heeled Mule (XS),128.59,USD,1,Atelier Nord
v-out-02605-s,White Denim Jacket (S),174.55,USD,1,Textile World Co
v-out-02606-s,Camel Puffer Vest (S),261.27,USD,1,Textile World Co
v-bot-02607-xxl,Burgundy Wide-Leg Trouser (XXL),196.82,USD,12,Apparel Solutions
v-out-02608-xxl,White Moto Jacket (XXL),67.74,USD,1,Apparel Solutions
v-out-02608-xxl,White Moto Jacket (XXL) - Case Pack,779.01,USD,12,Apparel Solutions
v-acc-02609-s,Black Leather Tote (S),33.77,USD,1,Atelier Nord
v-acc-02611-xxl,Black Statement Earrings (XXL),50.2,USD,12,Apparel Solutions
v-top-02612-xxl,Blush Turtleneck (XXL),414.72,CAD,1,Atelier Nord
v-out-02613-xl,Burgundy Moto Jacket (XL),297.69,USD,1,Apparel Solutions
v-top-02614-m,Camel Cardigan (M),66.06,USD,6,Textile World Co
v-dre-02615-xxl,Cognac Slip Dress (XXL),184.2,USD,1,Textile World Co
v-dre-02616-xl,Black Maxi Dress (XL),35.89,USD,6,Textile World Co
v-foo-02617-l,Indigo Ankle Boot (L),162.74,USD,12,Apparel Solutions
v-acc-02619-s,White Statement Earrings (S),291.69,CAD,1,Atelier Nord
v-bot-02620-l,Tan Denim Short (L),164.91,USD,1,Textile World Co
v-acc-02621-xxl,Tan Crossbody Bag (XXL),99.07,USD,6,Fashion Hub Ltd
v-acc-02622-xs,Camel Twill Scarf (XS),54.97,USD,6,Atelier Nord
v-out-02623-s,Tan Puffer Vest (S),168.86,USD,1,Textile World Co
v-acc-02624-xs,Blush Crossbody Bag (XS),262.35,CAD,12,Atelier Nord
v-dre-02625-xl,Black Shirt Dress (XL),324.01,CAD,1,Atelier Nord
v-foo-02628-l,White Ballet Flat (L),67.14,USD,6,Textile World Co
v-bot-02629-l,Tan Midi Skirt (L),175.34,USD,1,Apparel Solutions
v-foo-02631-s,Indigo Ankle Boot (S),142.37,USD,1,Apparel Solutions
v-foo-02632-xl,Beige Heeled Mule (XL),142.66,USD,1,Fashion Hub Ltd
v-dre-02633-xs,Charcoal Wrap Dress (XS),124.19,USD,12,Textile World Co
v-dre-02633-xs,Charcoal Wrap Dress (XS) - Case Pack,1428.18,USD,12,Textile World Co
v-bot-02634-xs,Indigo Linen Pant (XS),83.82,USD,6,Textile World Co
v-dre-02635-xs,Charcoal Midi Dress (XS),115.68,USD,1,Apparel Solutions
v-dre-02635-xs,Charcoal Midi Dress (XS) - Case Pack,1330.32,USD,12,Apparel Solutions
v-out-02636-xs,Burgundy Wool Peacoat (XS),126.58,USD,1,Textile World Co
v-out-02636-xs,Burgundy Wool Peacoat (XS) - Case Pack,1455.67,USD,12,Textile World Co
v-dre-02637-m,Ivory Maxi Dress (M),204.52,USD,1,Fashion Hub Ltd
v-acc-02638-xxl,Charcoal Twill Scarf (XXL),97.96,USD,1,Apparel Solutions
v-dre-02640-xl,Cognac Slip Dress (XL),195.71,USD,1,Fashion Hub Ltd
v-out-02641-s,Cognac Denim Jacket (S),100.14,USD,12,Fashion Hub Ltd
v-out-02643-l,Cognac Wool Peacoat (L),231.81,USD,1,Textile World Co
v-foo-02644-m,Emerald Loafer (M),256.93,CAD,1,Atelier Nord
v-dre-02645-m,Camel Slip Dress (M),47.51,USD,1,Fashion Hub Ltd
v-acc-02648-s,Black Statement Earrings (S),111.44,CAD,1,Atelier Nord
v-out-02649-s,Tan Blazer (S),176.58,USD,6,Fashion Hub Ltd
v-dre-02650-l,Black Slip Dress (L),20.53,USD,6,Atelier Nord
v-acc-02651-m,Beige Statement Earrings (M),105.8,USD,1,Textile World Co
v-top-02652-l,Indigo Button-Up Shirt (L),253.41,USD,1,Apparel Solutions
v-out-02653-m,Black Denim Jacket (M),133.12,CAD,1,Atelier Nord
v-out-02653-m,Black Denim Jacket (M) - Case Pack,1530.88,CAD,12,Atelier Nord
v-dre-02654-m,Indigo Shift Dress (M),245.82,USD,1,Atelier Nord
v-top-02655-m,Camel Henley (M),75.82,USD,6,Textile World Co
v-foo-02656-s,Indigo Ankle Boot (S),285.19,USD,12,Textile World Co
v-out-02657-xxl,Ivory Denim Jacket (XXL),246.49,USD,1,Textile World Co
v-dre-02658-l,White Wrap Dress (L),198.82,USD,6,Apparel Solutions
v-top-02659-xxl,Burgundy Crewneck Tee (XXL),91.59,CAD,12,Atelier Nord
v-bot-02660-s,Camel Wide-Leg Trouser (S),203.41,CAD,12,Atelier Nord
v-top-02662-s,White V-Neck Sweater (S),221.37,USD,1,Apparel Solutions
v-dre-02663-xl,Camel Slip Dress (XL),447.33,CAD,6,Atelier Nord
v-foo-02664-l,White Ankle Boot (L),166.39,USD,12,Atelier Nord
v-foo-02664-l,White Ankle Boot (L) - Case Pack,1913.48,USD,12,Atelier Nord
v-bot-02665-s,White Wide-Leg Trouser (S),152.39,USD,1,Apparel Solutions
v-foo-02668-xxl,Charcoal Ballet Flat (XXL),121.32,USD,1,Atelier Nord
v-acc-02669-l,Burgundy Wide-Brim Hat (L),154.85,USD,12,Fashion Hub Ltd
v-foo-02671-xl,Charcoal Espadrille (XL),282.31,USD,12,Apparel Solutions
v-dre-02672-xxl,Black Wrap Dress (XXL),132.04,CAD,1,Atelier Nord
v-acc-02673-xxl,Blush Crossbody Bag (XXL),268.86,USD,6,Textile World Co
v-bot-02674-xxl,Ivory Wide-Leg Trouser (XXL),144.63,CAD,12,Atelier Nord
v-acc-02675-xxl,Emerald Statement Earrings (XXL),153.53,USD,12,Fashion Hub Ltd
v-bot-02676-m,Tan Wide-Leg Trouser (M),167.64,USD,1,Textile World Co
v-foo-02677-xxl,Indigo Loafer (XXL),268.58,USD,6,Textile World Co
v-acc-02678-xl,Tan Twill Scarf (XL),256.51,USD,1,Fashion Hub Ltd
v-out-02680-m,Charcoal Puffer Vest (M),100.27,USD,6,Textile World Co
v-bot-02681-xs,Black Pleated Skirt (XS),173.3,USD,6,Fashion Hub Ltd
v-dre-02683-xxl,Camel Shift Dress (XXL),96.65,USD,12,Apparel Solutions
v-acc-02685-xs,White Wide-Brim Hat (XS),92.62,USD,1,Apparel Solutions
v-foo-02686-xl,Cognac Heeled Mule (XL),265.93,USD,1,Apparel Solutions
v-foo-02687-l,Beige Loafer (L),280.98,USD,1,Textile World Co
v-dre-02688-xxl,Beige Maxi Dress (XXL),277.85,USD,12,Textile World Co
v-out-02689-m,Ivory Blazer (M),119.0,CAD,6,Atelier Nord
v-acc-02690-xxl,Cognac Wide-Brim Hat (XXL),233.44,USD,12,
v-bot-02691-xxl,Cognac Wide-Leg Trouser (XXL),197.74,USD,1,Textile World Co
v-foo-02694-xl,Burgundy Ankle Boot (XL),68.48,USD,6,Textile World Co
v-top-02695-s,Ivory Crewneck Tee (S),286.07,USD,1,Textile World Co
v-acc-02696-l,Indigo Wide-Brim Hat (L),131.52,USD,1,Atelier Nord
v-foo-02697-xxl,Beige Espadrille (XXL),234.17,USD,12,Atelier Nord
v-foo-02698-s,Camel Ankle Boot (S),132.9,USD,1,Apparel Solutions
v-top-02699-m,Cognac Turtleneck (M),213.72,USD,1,Apparel Solutions
v-foo-02700-m,Emerald Ankle Boot (M),238.76,USD,1,Atelier Nord
v-bot-02701-m,Blush Wide-Leg Trouser (M),279.31,USD,1,Atelier Nord
v-out-02703-m,Black Trench Coat (M),302.39,USD,1,Apparel Solutions
v-top-02704-xxl,Black Tank Top (XXL),148.43,USD,6,Fashion Hub Ltd
v-dre-02705-xs,White Wrap Dress (XS),291.11,USD,1,Atelier Nord
v-top-02706-s,Burgundy V-Neck Sweater (S),18.3,USD,1,
v-dre-02707-xl,Indigo Wrap Dress (XL),264.8,USD,6,Apparel Solutions
v-foo-02708-m,Black Loafer (M),156.4,USD,1,Textile World Co
v-dre-02709-l,Ivory Slip Dress (L),68.06,USD,1,
v-top-02710-l,Cognac Turtleneck (L),151.04,USD,12,Fashion Hub Ltd
v-top-02710-l,Cognac Turtleneck (L) - Case Pack,1736.96,USD,12,Fashion Hub Ltd
v-foo-02711-xs,Blush Ankle Boot (XS),256.05,USD,1,Apparel Solutions
v-dre-02712-xl,White Maxi Dress (XL),419.67,CAD,1,Atelier Nord
v-foo-02713-xs,Ivory Low-Top Sneaker (XS),56.89,USD,1,Fashion Hub Ltd
v-foo-02715-m,Beige Ankle Boot (M),298.63,USD,6,Textile World Co
v-dre-02716-xs,Blush Slip Dress (XS),225.7,CAD,1,Atelier Nord
v-foo-02718-xl,Tan Espadrille (XL),101.77,USD,6,Textile World Co
v-out-02719-s,Ivory Wool Peacoat (S),203.03,USD,6,Textile World Co
v-foo-02720-l,White Loafer (L),255.66,USD,12,Fashion Hub Ltd
v-dre-02722-xs,Emerald Shift Dress (XS),149.36,USD,1,Apparel Solutions
v-dre-02725-s,Emerald Wrap Dress (S),262.11,USD,1,Textile World Co
v-out-02726-s,Cognac Trench Coat (S),278.2,USD,1,Apparel Solutions
v-top-02727-xl,Emerald V-Neck Sweater (XL),65.8,USD,1,Textile World Co
v-out-02728-s,White Trench Coat (S),54.17,CAD,6,Atelier Nord
v-dre-02729-xs,Emerald Wrap Dress (XS),255.46,USD,12,Fashion Hub Ltd
v-dre-02729-xs,Emerald Wrap Dress (XS) - Case Pack,2937.79,USD,12,Fashion Hub Ltd
v-top-02730-xl,Black Tank Top (XL),277.04,USD,1,Textile World Co
v-top-02733-m,Beige Cardigan (M),19.39,USD,6,Fashion Hub Ltd
v-acc-02734-xl,White Statement Earrings (XL),189.42,USD,1,Apparel Solutions
v-dre-02735-s,Tan Midi Dress (S),143.98,USD,12,Atelier Nord
v-out-02736-xl,Ivory Wool Peacoat (XL),100.99,USD,1,Apparel Solutions
v-top-02737-xs,Burgundy Cardigan (XS),326.03,USD,1,Textile World Co
v-dre-02738-s,White Slip Dress (S),29.26,USD,1,Fashion Hub Ltd
v-bot-02739-xxl,Cognac Pleated Skirt (XXL),116.3,CAD,12,Atelier Nord
v-out-02740-xxl,Charcoal Wool Peacoat (XXL),151.74,USD,6,Apparel Solutions
v-bot-02741-l,Ivory Pleated Skirt (L),141.53,USD,1,Fashion Hub Ltd
v-bot-02741-l,Ivory Pleated Skirt (L) - Case Pack,1627.6,USD,12,Fashion Hub Ltd
v-out-02742-l,Burgundy Moto Jacket (L),77.18,USD,1,Atelier Nord
v-bot-02744-m,Tan Chino Pant (M),411.83,CAD,12,Atelier Nord
v-dre-02745-l,Black Shift Dress (L),404.23,CAD,1,Atelier Nord
v-dre-02746-m,Beige Maxi Dress (M),42.11,USD,1,Apparel Solutions
v-bot-02747-xxl,Ivory Denim Short (XXL),198.08,USD,6,Fashion Hub Ltd
v-dre-02750-l,Burgundy Shift Dress (L),46.19,CAD,6,Atelier Nord
v-dre-02750-l,Burgundy Shift Dress (L) - Case Pack,531.18,CAD,12,Atelier Nord
v-acc-02751-xxl,Indigo Twill Scarf (XXL),293.54,USD,12,Apparel Solutions
v-dre-02752-xxl,White Shirt Dress (XXL),317.7,USD,1,Textile World Co
v-bot-02753-m,Emerald Wide-Leg Trouser (M),267.98,USD,6,Apparel Solutions
v-bot-02754-xxl,Indigo Midi Skirt (XXL),41.19,USD,1,Fashion Hub Ltd
v-bot-02755-s,Burgundy Midi Skirt (S),310.67,USD,1,Apparel Solutions
v-acc-02756-xs,Blush Wide-Brim Hat (XS),134.19,CAD,1,Atelier Nord
v-out-02757-s,Charcoal Blazer (S),273.51,CAD,1,Atelier Nord
v-acc-02758-xxl,Beige Statement Earrings (XXL),211.79,USD,12,Apparel Solutions
v-top-02759-l,Black Crewneck Tee (L),310.2,USD,6,Apparel Solutions
v-top-02761-xs,Indigo Turtleneck (XS),36.33,USD,6,Apparel Solutions
v-acc-02762-s,White Wide-Brim Hat (S),285.95,USD,1,Apparel Solutions
v-dre-02763-m,Charcoal Shift Dress (M),61.55,USD,12,Apparel Solutions
v-top-02764-l,Black Crewneck Tee (L),266.08,CAD,1,Atelier Nord
v-top-02765-l,Beige Cardigan (L),40.25,USD,6,Fashion Hub Ltd
v-out-02766-xs,Camel Denim Jacket (XS),332.97,USD,1,Textile World Co
v-acc-02767-xxl,Ivory Statement Earrings (XXL),225.99,USD,1,Textile World Co
v-foo-02768-s,Blush Espadrille (S),18.34,USD,1,Fashion Hub Ltd
v-out-02769-m,Blush Trench Coat (M),86.04,USD,1,Fashion Hub Ltd
v-bot-02771-l,White Pleated Skirt (L),71.96,USD,1,Apparel Solutions
v-bot-02772-xxl,Beige Linen Pant (XXL),80.34,USD,6,Textile World Co
v-dre-02773-xs,White Wrap Dress (XS),187.68,USD,1,Fashion Hub Ltd
v-acc-02774-s,Blush Twill Scarf (S),210.52,USD,1,Fashion Hub Ltd
v-out-02775-s,Camel Puffer Vest (S),62.23,USD,12,Fashion Hub Ltd
v-out-02776-s,Emerald Denim Jacket (S),209.14,USD,1,Textile World Co
v-acc-02777-m,Emerald Woven Belt (M),115.12,USD,1,Atelier Nord
v-bot-02778-xl,Burgundy Denim Short (XL),109.97,USD,1,Atelier Nord
v-bot-02779-l,Charcoal Midi Skirt (L),255.37,USD,1,Textile World Co
v-dre-02780-s,Cognac Shift Dress (S),95.72,USD,1,Fashion Hub Ltd
v-bot-02782-xl,Burgundy Wide-Leg Trouser (XL),72.63,USD,1,Fashion Hub Ltd
v-bot-02783-xl,Tan Skinny Jean (XL),37.45,USD,1,Textile World Co
v-top-02784-xs,Burgundy Henley (XS),193.65,USD,12,Apparel Solutions
v-top-02785-xl,Charcoal Cardigan (XL),117.43,USD,1,Apparel Solutions
v-acc-02786-xl,Blush Wide-Brim Hat (XL),305.72,CAD,1,Atelier Nord
v-acc-02787-l,White Statement Earrings (L),231.23,USD,6,Fashion Hub Ltd
v-out-02788-xl,Burgundy Puffer Vest (XL),37.66,USD,12,Textile World Co
v-bot-02789-l,Beige Denim Short (L),262.43,USD,1,Textile World Co
v-dre-02790-xs,Tan Wrap Dress (XS),70.71,USD,1,Textile World Co
v-acc-02792-xxl,Ivory Leather Tote (XXL),35.48,USD,1,Textile World Co
v-top-02794-m,Indigo V-Neck Sweater (M),233.63,USD,12,Textile World Co
v-acc-02796-s,Ivory Statement Earrings (S),57.15,USD,1,Textile World Co
v-dre-02797-xs,Burgundy Midi Dress (XS),131.54,USD,1,Textile World Co
v-bot-02798-l,White Denim Short (L),286.17,USD,1,Apparel Solutions
v-out-02799-xxl,Black Trench Coat (XXL),124.48,USD,12,Fashion Hub Ltd
v-out-02800-m,Emerald Denim Jacket (M),384.74,CAD,1,Atelier Nord
v-foo-02801-xs,Ivory Low-Top Sneaker (XS),217.41,USD,12,Fashion Hub Ltd
v-acc-02802-xs,Burgundy Statement Earrings (XS),106.64,USD,12,Atelier Nord
v-bot-02803-xl,Burgundy Denim Short (XL),54.79,USD,6,Textile World Co
v-bot-02804-xl,Burgundy Midi Skirt (XL),38.0,USD,1,Apparel Solutions
v-bot-02805-xs,Beige Wide-Leg Trouser (XS),301.54,USD,12,Textile World Co
v-bot-02805-xs,Beige Wide-Leg Trouser (XS) - Case Pack,3467.71,USD,12,Textile World Co
v-top-02806-l,Blush Crewneck Tee (L),298.78,USD,1,Apparel Solutions
v-out-02807-l,Black Denim Jacket (L),229.85,USD,1,Textile World Co
v-foo-02808-m,Indigo Loafer (M),37.4,USD,6,Apparel Solutions
v-acc-02810-s,Beige Woven Belt (S),189.36,USD,6,Textile World Co
v-dre-02811-l,Beige Shirt Dress (L),154.63,USD,12,Textile World Co
v-bot-02812-l,Ivory Chino Pant (L),41.85,USD,12,Fashion Hub Ltd
v-bot-02813-xxl,Indigo Midi Skirt (XXL),298.66,USD,1,Textile World Co
v-foo-02814-m,Blush Espadrille (M),47.94,USD,6,Textile World Co
v-foo-02815-xl,Black Espadrille (XL),315.39,USD,1,Atelier Nord
v-foo-02817-l,Tan Loafer (L),91.08,USD,6,Apparel Solutions
v-bot-02818-m,Burgundy Wide-Leg Trouser (M),416.02,CAD,1,Atelier Nord
v-acc-02819-xl,Blush Twill Scarf (XL),89.1,USD,1,Textile World Co
v-out-02821-xxl,Blush Moto Jacket (XXL),127.38,USD,1,Apparel Solutions
v-acc-02822-xl,Burgundy Crossbody Bag (XL),170.48,USD,12,Apparel Solutions
v-foo-02823-m,Burgundy Espadrille (M),308.2,USD,1,Apparel Solutions
v-top-02825-m,Charcoal Cardigan (M),40.22,USD,1,Textile World Co
v-dre-02826-xxl,Cognac Wrap Dress (XXL),191.0,USD,1,Fashion Hub Ltd
v-top-02827-l,Ivory Tank Top (L),118.33,USD,1,Textile World Co
v-out-02828-l,Camel Denim Jacket (L),54.43,USD,1,Textile World Co
v-out-02829-s,Ivory Wool Peacoat (S),249.65,USD,6,Apparel Solutions
v-bot-02830-m,White Chino Pant (M),307.43,USD,6,Fashion Hub Ltd
v-foo-02831-s,Charcoal Loafer (S),293.82,USD,1,Textile World Co
v-acc-02833-xs,Charcoal Crossbody Bag (XS),26.96,USD,1,Fashion Hub Ltd
v-foo-02834-s,Ivory Ballet Flat (S),41.65,USD,1,Fashion Hub Ltd
v-foo-02834-s,Ivory Ballet Flat (S) - Case Pack,478.97,USD,12,Fashion Hub Ltd
v-top-02835-s,Blush Button-Up Shirt (S),122.23,USD,6,Textile World Co
v-bot-02836-l,Cognac Chino Pant (L),98.26,USD,1,Apparel Solutions
v-top-02837-xxl,Charcoal Henley (XXL),280.38,USD,1,Textile World Co
v-out-02839-l,Beige Trench Coat (L),308.61,CAD,1,Atelier Nord
v-bot-02840-xs,Black Chino Pant (XS),293.03,USD,1,Apparel Solutions
v-acc-02841-s,Blush Statement Earrings (S),299.86,USD,1,Atelier Nord
v-acc-02844-l,White Leather Tote (L),207.76,USD,1,Fashion Hub Ltd
v-acc-02845-l,Charcoal Twill Scarf (L),167.09,USD,1,Fashion Hub Ltd
v-bot-02846-l,Charcoal Skinny Jean (L),119.45,USD,1,Apparel Solutions
v-bot-02848-xxl,Ivory Pleated Skirt (XXL),304.1,USD,12,Apparel Solutions
v-acc-02849-s,Charcoal Statement Earrings (S),68.9,USD,12,Textile World Co
v-acc-02850-xl,Charcoal Wide-Brim Hat (XL),18.69,USD,1,Textile World Co
v-out-02851-s,Burgundy Blazer (S),86.23,USD,1,Apparel Solutions
v-out-02852-m,Cognac Moto Jacket (M),167.98,USD,6,Fashion Hub Ltd
v-bot-02855-m,White Chino Pant (M),287.43,USD,12,Textile World Co
v-top-02856-xxl,Tan Henley (XXL),311.12,USD,12,Atelier Nord
v-dre-02857-s,Emerald Maxi Dress (S),157.83,USD,1,Apparel Solutions
v-dre-02857-s,Emerald Maxi Dress (S) - Case Pack,1815.05,USD,12,Apparel Solutions
v-bot-02858-xxl,Charcoal Wide-Leg Trouser (XXL),60.53,USD,12,Textile World Co
v-foo-02859-xs,Tan Ankle Boot (XS),95.58,USD,12,Apparel Solutions
v-foo-02860-xl,Burgundy Espadrille (XL),231.76,USD,1,Textile World Co
v-acc-02861-xs,Indigo Woven Belt (XS),73.55,USD,6,Atelier Nord
v-bot-02863-xs,Tan Skinny Jean (XS),96.75,USD,1,Fashion Hub Ltd
v-top-02865-xs,Ivory Tank Top (XS),84.85,USD,1,Fashion Hub Ltd
v-out-02866-xl,Black Blazer (XL),217.6,USD,1,Apparel Solutions
v-out-02868-m,Blush Moto Jacket (M),184.45,USD,1,Apparel Solutions
v-acc-02869-xs,Blush Twill Scarf (XS),412.44,CAD,1,Atelier Nord
v-top-02870-l,Blush Tank Top (L),22.64,USD,1,Apparel Solutions
v-bot-02872-xs,Emerald Skinny Jean (XS),24.08,USD,6,Textile World Co
v-out-02875-xl,Cognac Denim Jacket (XL),185.63,CAD,1,Atelier Nord
v-bot-02876-l,Ivory Skinny Jean (L),412.09,CAD,1,Atelier Nord
v-foo-02877-l,Ivory Low-Top Sneaker (L),219.34,USD,1,Atelier Nord
v-bot-02879-s,Tan Midi Skirt (S),79.63,USD,1,
v-out-02880-s,Camel Wool Peacoat (S),319.25,USD,12,Fashion Hub Ltd
v-out-02880-s,Camel Wool Peacoat (S) - Case Pack,3671.38,USD,12,Fashion Hub Ltd
v-bot-02881-xs,Ivory Skinny Jean (XS),54.64,USD,6,Textile World Co
v-top-02882-l,Emerald Tank Top (L),312.39,USD,1,Apparel Solutions
v-dre-02883-xxl,Black Maxi Dress (XXL),17.34,USD,1,Fashion Hub Ltd
v-out-02884-m,Camel Denim Jacket (M),234.42,CAD,1,Atelier Nord
v-out-02885-m,Emerald Puffer Vest (M),148.67,USD,12,Fashion Hub Ltd
v-dre-02886-xs,Burgundy Maxi Dress (XS),264.55,USD,1,Apparel Solutions
v-out-02887-m,Blush Trench Coat (M),158.75,USD,12,Textile World Co
v-acc-02888-xl,Camel Crossbody Bag (XL),287.71,CAD,1,Atelier Nord
v-top-02889-xl,Tan V-Neck Sweater (XL),61.07,USD,1,Apparel Solutions
v-dre-02890-xxl,Black Midi Dress (XXL),187.43,USD,1,Apparel Solutions
v-dre-02892-m,White Midi Dress (M),286.05,USD,12,Apparel Solutions
v-out-02893-l,Camel Wool Peacoat (L),133.12,CAD,12,Atelier Nord
v-dre-02894-s,Burgundy Shift Dress (S),222.81,USD,12,Apparel Solutions
v-dre-02895-l,White Slip Dress (L),240.86,USD,1,Textile World Co
v-acc-02896-xl,Camel Woven Belt (XL),144.43,CAD,12,Atelier Nord
v-out-02897-xl,Black Wool Peacoat (XL),61.34,USD,12,Textile World Co
v-dre-02898-s,Indigo Slip Dress (S),236.96,USD,1,Atelier Nord
v-acc-02899-xl,Tan Wide-Brim Hat (XL),48.38,USD,12,Apparel Solutions
v-top-02900-xs,Ivory Henley (XS),52.46,USD,1,Textile World Co
v-dre-02902-s,Beige Maxi Dress (S),28.35,USD,6,Textile World Co
v-dre-02903-l,Beige Shift Dress (L),137.38,USD,1,Apparel Solutions
v-acc-02904-xl,Charcoal Wide-Brim Hat (XL),266.93,USD,1,Fashion Hub Ltd
v-dre-02905-xs,Ivory Wrap Dress (XS),240.91,USD,1,Textile World Co
v-out-02906-xxl,Cognac Wool Peacoat (XXL),74.23,USD,12,Atelier Nord
v-acc-02907-xl,Black Crossbody Bag (XL),429.52,CAD,1,Atelier Nord
v-foo-02908-m,White Low-Top Sneaker (M),183.88,USD,1,Apparel Solutions
v-acc-02909-l,Indigo Woven Belt (L),42.4,USD,6,Textile World Co
v-foo-02910-s,Black Ballet Flat (S),274.5,USD,12,Apparel Solutions
v-out-02911-xxl,Tan Trench Coat (XXL),28.1,USD,1,Textile World Co
v-dre-02912-s,Camel Maxi Dress (S),141.91,USD,1,Apparel Solutions
v-foo-02914-xl,Black Ankle Boot (XL),232.94,USD,1,Apparel Solutions
v-foo-02914-xl,Black Ankle Boot (XL) - Case Pack,2678.81,USD,12,Apparel Solutions
v-acc-02916-m,Emerald Crossbody Bag (M),160.53,USD,6,Fashion Hub Ltd
v-dre-02917-xs,Blush Midi Dress (XS),84.77,USD,6,Textile World Co
v-bot-02918-xl,Cognac Wide-Leg Trouser (XL),143.53,USD,1,Apparel Solutions
v-out-02919-s,Burgundy Wool Peacoat (S),80.12,USD,1,Textile World Co
v-foo-02920-s,Black Low-Top Sneaker (S),58.03,USD,1,Fashion Hub Ltd
v-out-02922-xs,Emerald Denim Jacket (XS),220.34,USD,12,Fashion Hub Ltd
v-out-02923-l,Black Wool Peacoat (L),61.2,USD,1,Atelier Nord
v-foo-02924-s,Blush Ballet Flat (S),70.17,USD,1,Fashion Hub Ltd
v-top-02925-s,Ivory V-Neck Sweater (S),272.49,USD,1,Apparel Solutions
v-top-02926-xxl,Camel Turtleneck (XXL),33.44,USD,1,Textile World Co
v-out-02927-xxl,Beige Moto Jacket (XXL),44.32,USD,1,Fashion Hub Ltd
v-acc-02928-xs,Camel Leather Tote (XS),33.27,USD,1,Apparel Solutions
v-dre-02929-l,Cognac Shirt Dress (L),265.93,USD,1,Fashion Hub Ltd
v-top-02931-xxl,Blush Cardigan (XXL),188.0,USD,1,Textile World Co
v-acc-02932-s,Tan Crossbody Bag (S),169.92,USD,1,
v-bot-02933-xs,Beige Pleated Skirt (XS),134.89,USD,1,Apparel Solutions
v-acc-02934-xxl,Cognac Woven Belt (XXL),310.21,USD,12,Textile World Co
v-acc-02935-xl,Emerald Leather Tote (XL),239.85,USD,1,Fashion Hub Ltd
v-top-02936-xs,Black V-Neck Sweater (XS),312.15,USD,1,Atelier Nord
v-acc-02937-xl,Burgundy Woven Belt (XL),350.27,CAD,1,Atelier Nord
v-top-02938-l,Black Henley (L),223.59,USD,12,Apparel Solutions
v-bot-02939-xl,White Pleated Skirt (XL),220.99,USD,1,Apparel Solutions
v-dre-02940-l,White Shirt Dress (L),73.1,USD,12,Fashion Hub Ltd
v-out-02941-s,Camel Blazer (S),188.12,USD,12,Textile World Co
v-top-02942-s,Camel Tank Top (S),52.28,USD,12,Textile World Co
v-acc-02943-m,Tan Woven Belt (M),276.8,USD,12,Atelier Nord
v-acc-02944-xxl,Black Statement Earrings (XXL),83.42,USD,1,Textile World Co
v-dre-02945-m,Black Maxi Dress (M),173.89,USD,6,Atelier Nord
v-dre-02946-s,Black Maxi Dress (S),274.07,USD,1,Fashion Hub Ltd
v-foo-02947-xs,Blush Espadrille (XS),73.78,USD,1,Apparel Solutions
v-dre-02948-s,Burgundy Slip Dress (S),209.64,CAD,12,Atelier Nord
v-foo-02949-l,Blush Espadrille (L),97.36,USD,1,Textile World Co
v-out-02950-s,Ivory Wool Peacoat (S),189.82,USD,6,Apparel Solutions
v-top-02951-xl,Blush Cardigan (XL),60.39,USD,1,Fashion Hub Ltd
v-acc-02952-xxl,Beige Woven Belt (XXL),62.31,USD,1,Textile World Co
v-top-02953-s,Indigo Tank Top (S),62.68,USD,1,Fashion Hub Ltd
v-acc-02955-l,Tan Leather Tote (L),261.69,USD,1,Textile World Co
v-bot-02956-l,Indigo Skinny Jean (L),115.42,USD,1,
v-foo-02957-xxl,Tan Ankle Boot (XXL),48.2,USD,1,Apparel Solutions
v-bot-02960-m,White Midi Skirt (M),172.03,USD,6,Apparel Solutions
v-dre-02961-l,Ivory Slip Dress (L),244.94,CAD,1,Atelier Nord
v-top-02962-xs,Beige V-Neck Sweater (XS),99.87,USD,1,Apparel Solutions
v-out-02963-s,Camel Wool Peacoat (S),30.96,USD,1,Fashion Hub Ltd
v-foo-02964-l,Emerald Loafer (L),128.18,CAD,6,Atelier Nord
v-dre-02965-xxl,Indigo Shirt Dress (XXL),104.22,USD,1,Atelier Nord
v-dre-02966-xl,White Shirt Dress (XL),307.62,CAD,1,Atelier Nord
v-acc-02967-xl,White Leather Tote (XL),234.08,USD,1,Textile World Co
v-bot-02968-s,White Wide-Leg Trouser (S),22.96,USD,12,Textile World Co
v-dre-02969-m,Beige Midi Dress (M),246.46,USD,12,Textile World Co
v-acc-02970-xl,Cognac Crossbody Bag (XL),43.66,USD,1,Fashion Hub Ltd
v-out-02971-xl,Beige Puffer Vest (XL),193.57,USD,1,Apparel Solutions
v-acc-02972-xxl,Cognac Leather Tote (XXL),52.5,USD,1,Textile World Co
v-top-02973-l,Indigo Turtleneck (L),34.26,CAD,12,Atelier Nord
v-top-02974-m,Black Crewneck Tee (M),236.09,USD,1,Textile World Co
v-bot-02976-xl,Charcoal Pleated Skirt (XL),185.17,USD,1,Textile World Co
v-foo-02977-l,Ivory Espadrille (L),211.53,USD,1,Textile World Co
v-out-02978-xxl,Cognac Denim Jacket (XXL),91.91,CAD,1,Atelier Nord
v-out-02979-s,Charcoal Trench Coat (S),303.29,USD,1,Textile World Co
v-out-02980-s,Charcoal Blazer (S),140.85,USD,1,Atelier Nord
v-dre-02981-xxl,White Shirt Dress (XXL),70.66,USD,1,Atelier Nord
v-bot-02982-m,Cognac Chino Pant (M),18.66,USD,12,Fashion Hub Ltd
v-bot-02983-s,Cognac Linen Pant (S),295.65,USD,1,Textile World Co
v-acc-02984-xxl,Cognac Wide-Brim Hat (XXL),125.2,USD,1,Textile World Co
v-acc-02985-xs,Burgundy Wide-Brim Hat (XS),119.17,USD,12,Atelier Nord
v-out-02986-xs,Indigo Denim Jacket (XS),141.1,USD,1,Fashion Hub Ltd
v-foo-02987-xxl,Black Low-Top Sneaker (XXL),287.13,USD,1,Fashion Hub Ltd
v-top-02988-xl,Emerald Silk Blouse (XL),303.58,USD,1,Atelier Nord
v-foo-02989-m,White Espadrille (M),265.31,CAD,1,Atelier Nord
v-bot-02990-m,Burgundy Denim Short (M),212.53,USD,6,Apparel Solutions
v-acc-02991-xxl,Burgundy Twill Scarf (XXL),232.48,USD,1,Textile World Co
v-acc-02992-l,Cognac Crossbody Bag (L),202.71,USD,1,Textile World Co
v-top-02993-l,Blush Silk Blouse (L),108.53,USD,1,Textile World Co
v-foo-02994-m,Blush Low-Top Sneaker (M),198.4,USD,1,Textile World Co
v-acc-02995-xxl,Emerald Twill Scarf (XXL),288.75,USD,6,Apparel Solutions
v-dre-02996-s,Emerald Shirt Dress (S),141.93,USD,1,Atelier Nord
v-out-02997-l,Beige Puffer Vest (L),24.21,USD,6,Atelier Nord
v-foo-02998-xxl,Camel Heeled Mule (XXL),127.81,CAD,1,Atelier Nord
v-foo-02999-l,Camel Loafer (L),38.13,USD,1,Apparel Solutions
v-foo-03000-xs,Camel Loafer (XS),213.44,CAD,12,Atelier Nord
v-out-03001-m,Tan Puffer Vest (M),138.33,USD,6,Textile World Co
v-foo-03002-m,Indigo Ankle Boot (M),97.11,USD,12,Fashion Hub Ltd
v-foo-03003-xxl,Tan Low-Top Sneaker (XXL),360.64,CAD,12,Atelier Nord
v-top-03004-l,Ivory Crewneck Tee (L),304.14,USD,1,Textile World Co
v-out-03005-xl,Cognac Wool Peacoat (XL),24.61,USD,1,Fashion Hub Ltd
v-dre-03006-m,Camel Slip Dress (M),248.52,USD,1,Fashion Hub Ltd
v-foo-03007-s,Cognac Loafer (S),115.59,USD,1,Fashion Hub Ltd
v-foo-03008-xl,Charcoal Loafer (XL),132.83,CAD,12,Atelier Nord
v-dre-03009-xs,Charcoal Maxi Dress (XS),314.84,USD,1,Textile World Co
v-dre-03010-xs,Black Wrap Dress (XS),32.99,USD,1,Textile World Co
v-out-03011-xs,Indigo Blazer (XS),213.65,USD,6,Apparel Solutions
v-out-03012-xl,White Wool Peacoat (XL),258.85,USD,1,Apparel Solutions
v-out-03013-m,Tan Puffer Vest (M),154.33,USD,1,Atelier Nord
v-out-03014-xxl,Black Blazer (XXL),169.05,USD,12,Fashion Hub Ltd
v-bot-03016-m,Camel Pleated Skirt (M),57.72,USD,6,Apparel Solutions
v-out-03017-m,Tan Wool Peacoat (M),254.03,CAD,1,Atelier Nord
v-dre-03018-xs,Camel Midi Dress (XS),82.91,CAD,1,Atelier Nord
v-dre-03019-xl,Beige Shift Dress (XL),386.84,CAD,1,Atelier Nord
v-out-03020-s,Ivory Trench Coat (S),199.02,USD,12,Fashion Hub Ltd
v-out-03022-l,Emerald Wool Peacoat (L),177.62,USD,1,Apparel Solutions
v-foo-03023-l,Beige Low-Top Sneaker (L),68.21,USD,12,Apparel Solutions
v-bot-03024-l,Black Pleated Skirt (L),311.79,USD,1,Fashion Hub Ltd
v-acc-03025-xs,Charcoal Woven Belt (XS),234.75,USD,12,Textile World Co
v-acc-03026-s,Indigo Leather Tote (S),305.12,USD,1,Textile World Co
v-out-03027-s,Tan Trench Coat (S),231.98,CAD,1,Atelier Nord
v-dre-03028-xl,Tan Slip Dress (XL),204.92,USD,6,Textile World Co
v-acc-03029-m,Cognac Woven Belt (M),70.7,USD,1,Textile World Co
v-acc-03030-xxl,Ivory Woven Belt (XXL),47.86,USD,1,Apparel Solutions
v-dre-03031-xl,Blush Maxi Dress (XL),149.49,USD,1,Fashion Hub Ltd
v-dre-03033-m,Charcoal Maxi Dress (M),126.56,USD,1,Textile World Co
v-out-03034-xxl,Burgundy Puffer Vest (XXL),53.39,USD,1,Apparel Solutions
v-dre-03035-xxl,Camel Slip Dress (XXL),109.68,CAD,1,Atelier Nord
v-foo-03036-m,Black Low-Top Sneaker (M),163.78,USD,1,Textile World Co
v-out-03039-s,Cognac Puffer Vest (S),125.18,USD,1,Fashion Hub Ltd
v-foo-03040-xs,Charcoal Heeled Mule (XS),267.88,USD,1,Apparel Solutions
v-dre-03041-m,White Shirt Dress (M),55.6,USD,1,Textile World Co
v-dre-03042-m,Charcoal Shirt Dress (M),165.45,USD,1,Textile World Co
v-out-03044-xxl,White Denim Jacket (XXL),158.94,USD,1,Atelier Nord
v-out-03044-xxl,White Denim Jacket (XXL) - Case Pack,1827.81,USD,12,Atelier Nord
v-foo-03045-xs,Beige Heeled Mule (XS),84.52,USD,1,Apparel Solutions
v-foo-03046-m,Beige Loafer (M),211.63,USD,1,Atelier Nord
v-dre-03047-xl,Beige Wrap Dress (XL),212.61,USD,1,Fashion Hub Ltd
v-bot-03049-xxl,Tan Midi Skirt (XXL),71.16,USD,1,Apparel Solutions
v-foo-03050-xl,Tan Heeled Mule (XL),284.65,USD,1,Apparel Solutions
v-dre-03051-xxl,Camel Maxi Dress (XXL),200.2,USD,6,Apparel Solutions
v-dre-03052-xl,Ivory Maxi Dress (XL),256.11,USD,1,Apparel Solutions
v-acc-03053-m,Beige Statement Earrings (M),308.34,USD,12,Textile World Co
v-foo-03054-s,Ivory Ankle Boot (S),147.38,USD,1,Fashion Hub Ltd
v-foo-03054-s,Ivory Ankle Boot (S) - Case Pack,1694.87,USD,12,Fashion Hub Ltd
v-foo-03055-xxl,Tan Loafer (XXL),267.35,USD,1,Fashion Hub Ltd
v-foo-03056-xl,Tan Low-Top Sneaker (XL),287.28,USD,12,Atelier Nord
v-dre-03057-m,Cognac Slip Dress (M),285.5,USD,1,Apparel Solutions
v-dre-03058-l,Indigo Midi Dress (L),176.68,USD,1,Textile World Co
v-top-03059-xxl,Ivory V-Neck Sweater (XXL),210.73,USD,6,Textile World Co
v-foo-03060-xl,Indigo Ballet Flat (XL),258.44,USD,1,Fashion Hub Ltd
v-out-03061-m,White Puffer Vest (M),197.28,USD,1,Apparel Solutions
v-foo-03062-xl,Burgundy Espadrille (XL),263.38,USD,1,Textile World Co
v-foo-03063-m,Blush Ankle Boot (M),194.86,USD,6,Textile World Co
v-foo-03064-m,Charcoal Low-Top Sneaker (M),202.53,USD,12,Fashion Hub Ltd
v-foo-03064-m,Charcoal Low-Top Sneaker (M) - Case Pack,2329.09,USD,12,Fashion Hub Ltd
v-foo-03065-xxl,Black Loafer (XXL),417.29,CAD,6,Atelier Nord
v-acc-03066-s,Charcoal Woven Belt (S),25.21,USD,1,Atelier Nord
v-acc-03066-s,Charcoal Woven Belt (S) - Case Pack,289.92,USD,12,Atelier Nord
v-foo-03067-xs,Beige Low-Top Sneaker (XS),93.47,USD,1,Fashion Hub Ltd
v-foo-03067-xs,Beige Low-Top Sneaker (XS) - Case Pack,1074.9,USD,12,Fashion Hub Ltd
v-foo-03068-s,Camel Heeled Mule (S),120.61,USD,12,Apparel Solutions
v-out-03069-xs,Beige Moto Jacket (XS),280.48,USD,1,
v-foo-03070-xs,White Espadrille (XS),116.85,USD,6,Apparel Solutions
v-foo-03072-l,Charcoal Heeled Mule (L),59.86,USD,1,Atelier Nord
v-bot-03074-xs,Beige Midi Skirt (XS),191.72,USD,1,Fashion Hub Ltd
v-out-03075-xxl,Blush Moto Jacket (XXL),147.26,USD,12,Apparel Solutions
v-acc-03076-l,Indigo Woven Belt (L),200.67,USD,1,Textile World Co
v-dre-03077-l,White Wrap Dress (L),93.35,USD,1,Apparel Solutions
v-bot-03078-s,Cognac Midi Skirt (S),229.68,CAD,12,Atelier Nord
v-bot-03079-l,Beige Denim Short (L),141.17,USD,1,Atelier Nord
v-dre-03080-xs,Cognac Midi Dress (XS),260.33,USD,12,Atelier Nord
v-dre-03080-xs,Cognac Midi Dress (XS) - Case Pack,2993.79,USD,12,Atelier Nord
v-acc-03081-xs,Indigo Statement Earrings (XS),297.79,USD,1,Fashion Hub Ltd
v-acc-03082-xl,Blush Leather Tote (XL),145.42,USD,1,Apparel Solutions
v-dre-03083-s,Black Wrap Dress (S),58.19,USD,6,Fashion Hub Ltd
v-dre-03084-l,Emerald Midi Dress (L),142.07,USD,6,Textile World Co
v-top-03085-m,Tan Button-Up Shirt (M),154.89,USD,1,Apparel Solutions
v-top-03087-l,Emerald Cardigan (L),220.76,USD,1,Apparel Solutions
v-bot-03088-xl,Cognac Wide-Leg Trouser (XL),294.71,USD,6,Apparel Solutions
v-dre-03089-xs,Blush Shift Dress (XS),281.95,USD,1,Textile World Co
v-acc-03090-l,Ivory Crossbody Bag (L),149.13,USD,1,Fashion Hub Ltd
v-acc-03091-xl,Cognac Crossbody Bag (XL),245.19,USD,1,Fashion Hub Ltd
v-dre-03092-s,Black Shirt Dress (S),313.47,USD,6,Apparel Solutions
v-foo-03093-l,Cognac Ankle Boot (L),184.8,USD,12,Textile World Co
v-out-03095-m,Black Denim Jacket (M),90.75,USD,1,Fashion Hub Ltd
v-top-03096-s,Blush V-Neck Sweater (S),326.54,USD,6,Atelier Nord
v-bot-03097-m,Ivory Chino Pant (M),271.39,USD,1,Apparel Solutions
v-top-03098-xs,Charcoal Silk Blouse (XS),236.72,USD,1,Fashion Hub Ltd
v-out-03099-m,Black Trench Coat (M),38.36,USD,1,Apparel Solutions
v-acc-03100-xl,Burgundy Crossbody Bag (XL),47.94,USD,12,
v-dre-03101-xl,Charcoal Shift Dress (XL),37.02,USD,1,Fashion Hub Ltd
v-foo-03102-xxl,White Ballet Flat (XXL),61.33,USD,1,Textile World Co
v-out-03103-xxl,Beige Moto Jacket (XXL),63.2,USD,12,Atelier Nord
v-foo-03104-s,Charcoal Heeled Mule (S),130.55,USD,12,
v-dre-03105-m,Ivory Midi Dress (M),93.56,USD,6,Fashion Hub Ltd
v-out-03106-xl,White Moto Jacket (XL),27.84,USD,6,Fashion Hub Ltd
v-foo-03107-xxl,White Heeled Mule (XXL),113.27,CAD,12,Atelier Nord
v-bot-03108-l,Indigo Denim Short (L),35.36,USD,1,Textile World Co
v-top-03109-m,Beige Crewneck Tee (M),130.55,USD,1,Textile World Co
v-bot-03110-m,Beige Skinny Jean (M),137.0,USD,6,Textile World Co
v-top-03111-l,Blush Crewneck Tee (L),277.94,CAD,1,Atelier Nord
v-top-03112-s,Charcoal Henley (S),306.94,USD,1,Apparel Solutions
v-out-03113-l,Beige Trench Coat (L),75.48,USD,1,Fashion Hub Ltd
v-top-03115-xxl,White Henley (XXL),166.27,USD,1,Atelier Nord
v-top-03116-xxl,Blush Button-Up Shirt (XXL),243.97,USD,6,Apparel Solutions
v-top-03117-xs,Cognac Silk Blouse (XS),273.19,USD,6,Atelier Nord
v-dre-03118-xs,Indigo Midi Dress (XS),266.9,USD,12,Textile World Co
v-dre-03120-xl,Charcoal Midi Dress (XL),244.91,USD,1,Apparel Solutions
v-acc-03121-xl,Black Statement Earrings (XL),112.14,USD,1,Apparel Solutions
v-out-03122-xl,Indigo Trench Coat (XL),78.35,USD,1,Fashion Hub Ltd
v-out-03122-xl,Indigo Trench Coat (XL) - Case Pack,901.02,USD,12,Fashion Hub Ltd
v-acc-03123-m,Blush Statement Earrings (M),87.74,USD,1,Fashion Hub Ltd
v-out-03124-l,Tan Moto Jacket (L),240.52,USD,6,Apparel Solutions
v-bot-03125-xxl,Blush Pleated Skirt (XXL),200.29,USD,6,Apparel Solutions
v-out-03126-xs,Ivory Moto Jacket (XS),195.28,USD,1,Fashion Hub Ltd
v-foo-03127-s,White Loafer (S),179.56,USD,6,Atelier Nord
v-acc-03128-xl,Burgundy Woven Belt (XL),131.88,CAD,1,Atelier Nord
v-foo-03129-s,Indigo Espadrille (S),153.13,USD,1,Textile World Co
v-foo-03129-s,Indigo Espadrille (S) - Case Pack,1760.99,USD,12,Textile World Co
v-foo-03130-m,Camel Loafer (M),138.29,CAD,12,Atelier Nord
v-bot-03131-xl,Tan Chino Pant (XL),312.56,USD,1,Fashion Hub Ltd
v-bot-03131-xl,Tan Chino Pant (XL) - Case Pack,3594.44,USD,12,Fashion Hub Ltd
v-top-03133-xxl,Beige Cardigan (XXL),139.52,USD,12,Textile World Co
v-bot-03134-s,Blush Midi Skirt (S),182.07,USD,6,Apparel Solutions
v-dre-03135-xl,Black Maxi Dress (XL),53.75,USD,1,Textile World Co
v-dre-03136-s,Indigo Shift Dress (S),233.49,USD,1,Textile World Co
v-top-03137-xxl,Charcoal Silk Blouse (XXL),228.32,USD,1,Atelier Nord
v-top-03138-xs,Blush Tank Top (XS),247.91,USD,1,
v-top-03139-xl,Cognac Crewneck Tee (XL),128.73,CAD,1,Atelier Nord
v-acc-03140-s,Emerald Crossbody Bag (S),202.74,USD,12,Fashion Hub Ltd
v-foo-03141-xs,Beige Loafer (XS),96.49,USD,12,Fashion Hub Ltd
v-foo-03141-xs,Beige Loafer (XS) - Case Pack,1109.63,USD,12,Fashion Hub Ltd
v-top-03142-xs,Beige Crewneck Tee (XS),195.7,USD,1,Atelier Nord
v-bot-03143-l,Tan Wide-Leg Trouser (L),294.03,USD,12,Textile World Co
v-foo-03144-xxl,Emerald Espadrille (XXL),137.33,USD,1,Fashion Hub Ltd
v-acc-03145-xl,Camel Woven Belt (XL),302.54,USD,1,Fashion Hub Ltd
v-out-03146-s,Indigo Wool Peacoat (S),35.1,USD,1,Fashion Hub Ltd
v-top-03148-xs,Cognac V-Neck Sweater (XS),46.29,USD,1,Apparel Solutions
v-dre-03149-s,Cognac Shift Dress (S),60.88,USD,1,
v-acc-03150-xs,Tan Woven Belt (XS),128.77,USD,1,Fashion Hub Ltd
v-bot-03151-l,Indigo Pleated Skirt (L),155.13,USD,1,Fashion Hub Ltd
v-bot-03153-xs,Black Linen Pant (XS),184.5,USD,1,Fashion Hub Ltd
v-acc-03155-l,Cognac Leather Tote (L),317.85,USD,6,Apparel Solutions
v-out-03157-xxl,Blush Trench Coat (XXL),137.3,USD,1,Textile World Co
v-dre-03158-xs,Black Maxi Dress (XS),41.46,USD,1,Apparel Solutions
v-foo-03159-xxl,Cognac Low-Top Sneaker (XXL),50.45,USD,6,Apparel Solutions
v-out-03160-s,Tan Moto Jacket (S),120.93,USD,6,Apparel Solutions
v-acc-03161-xs,White Crossbody Bag (XS),160.63,USD,1,Fashion Hub Ltd
v-top-03162-l,Indigo Button-Up Shirt (L),34.98,USD,1,Fashion Hub Ltd
v-bot-03163-l,Ivory Denim Short (L),26.36,USD,1,Fashion Hub Ltd
v-bot-03164-xxl,Burgundy Denim Short (XXL),38.99,USD,6,Atelier Nord
v-top-03165-xxl,Cognac Button-Up Shirt (XXL),21.48,USD,1,Apparel Solutions
v-dre-03166-m,Burgundy Midi Dress (M),132.51,USD,1,Apparel Solutions
v-acc-03168-xs,Indigo Woven Belt (XS),217.05,USD,1,Fashion Hub Ltd
v-top-03169-xxl,Emerald Tank Top (XXL),321.13,USD,1,Textile World Co
v-bot-03170-m,Charcoal Pleated Skirt (M),42.72,USD,12,Atelier Nord
v-out-03172-l,Cognac Moto Jacket (L),232.4,USD,1,Atelier Nord
v-acc-03173-s,Ivory Crossbody Bag (S),305.79,USD,1,Apparel Solutions
v-bot-03175-xxl,Black Denim Short (XXL),127.31,USD,1,Textile World Co
v-bot-03177-s,Camel Pleated Skirt (S),34.22,USD,12,Apparel Solutions
v-acc-03178-s,Cognac Crossbody Bag (S),64.29,USD,1,Fashion Hub Ltd
v-acc-03179-xl,Camel Crossbody Bag (XL),66.37,USD,1,Apparel Solutions
v-top-03181-xxl,Tan V-Neck Sweater (XXL),321.39,CAD,1,Atelier Nord
v-top-03182-s,Emerald Silk Blouse (S),286.91,USD,12,Fashion Hub Ltd
v-dre-03183-xxl,Blush Midi Dress (XXL),168.51,USD,1,Apparel Solutions
v-dre-03183-xxl,Blush Midi Dress (XXL) - Case Pack,1937.86,USD,12,Apparel Solutions
v-bot-03184-xl,White Linen Pant (XL),195.0,USD,1,Apparel Solutions
v-top-03185-m,Indigo Cardigan (M),121.07,USD,1,Fashion Hub Ltd
v-top-03186-xs,Ivory Crewneck Tee (XS),265.68,USD,1,Textile World Co
v-bot-03187-m,Burgundy Linen Pant (M),278.23,USD,1,Fashion Hub Ltd
v-top-03188-l,Burgundy V-Neck Sweater (L),110.11,USD,6,Fashion Hub Ltd
v-top-03189-s,Emerald Turtleneck (S),226.82,USD,1,Fashion Hub Ltd
v-top-03190-s,Charcoal Crewneck Tee (S),316.59,USD,1,Fashion Hub Ltd
v-foo-03191-xl,Cognac Heeled Mule (XL),42.24,USD,6,Fashion Hub Ltd
v-top-03192-l,Camel Turtleneck (L),89.2,USD,1,Fashion Hub Ltd
v-top-03193-xl,Tan Henley (XL),31.85,USD,1,Atelier Nord
v-out-03194-xxl,Blush Trench Coat (XXL),234.89,USD,1,Fashion Hub Ltd
v-foo-03195-xxl,Camel Espadrille (XXL),265.72,USD,1,Atelier Nord
v-bot-03197-s,Cognac Pleated Skirt (S),23.76,USD,1,Fashion Hub Ltd
v-foo-03198-xl,Emerald Espadrille (XL),159.52,USD,1,Fashion Hub Ltd
v-top-03199-xs,Emerald Turtleneck (XS),68.83,CAD,12,Atelier Nord
v-acc-03200-xl,White Wide-Brim Hat (XL),316.43,USD,12,Atelier Nord
v-acc-03200-xl,White Wide-Brim Hat (XL) - Case Pack,3638.95,USD,12,Atelier Nord
v-bot-03201-xl,Beige Linen Pant (XL),121.01,CAD,1,Atelier Nord
v-top-03202-m,Emerald Turtleneck (M),30.08,USD,12,Textile World Co
v-top-03202-m,Emerald Turtleneck (M) - Case Pack,345.92,USD,12,Textile World Co
v-top-03203-m,Ivory Crewneck Tee (M),229.04,USD,12,Fashion Hub Ltd
v-dre-03204-xs,Cognac Maxi Dress (XS),69.59,USD,12,Fashion Hub Ltd
v-top-03206-xs,Beige Cardigan (XS),272.73,CAD,6,Atelier Nord
v-dre-03207-l,Camel Maxi Dress (L),32.73,CAD,12,Atelier Nord
v-dre-03207-l,Camel Maxi Dress (L) - Case Pack,376.39,CAD,12,Atelier Nord
v-acc-03208-l,White Woven Belt (L),87.49,USD,1,Fashion Hub Ltd
v-acc-03209-m,White Leather Tote (M),240.13,USD,1,Fashion Hub Ltd
v-bot-03210-xs,White Chino Pant (XS),315.09,USD,1,Atelier Nord
v-dre-03211-xl,Tan Wrap Dress (XL),286.19,USD,12,Apparel Solutions
v-bot-03213-m,Cognac Pleated Skirt (M),82.71,USD,1,Fashion Hub Ltd
v-top-03214-xs,Beige Cardigan (XS),116.35,USD,1,Fashion Hub Ltd
v-bot-03215-xs,Blush Skinny Jean (XS),154.63,USD,1,Atelier Nord
v-acc-03217-s,Blush Wide-Brim Hat (S),179.07,USD,12,Apparel Solutions
v-dre-03218-m,White Wrap Dress (M),139.99,USD,12,Atelier Nord
v-foo-03219-xs,Indigo Loafer (XS),157.09,USD,1,Apparel Solutions
v-acc-03220-xl,Ivory Twill Scarf (XL),287.77,USD,1,Fashion Hub Ltd
v-acc-03220-xl,Ivory Twill Scarf (XL) - Case Pack,3309.35,USD,12,Fashion Hub Ltd
v-top-03221-xl,Charcoal Silk Blouse (XL),241.04,USD,12,Apparel Solutions
v-top-03222-m,Blush Tank Top (M),135.81,USD,6,Textile World Co
v-acc-03223-s,Emerald Wide-Brim Hat (S),237.12,USD,12,Textile World Co
v-dre-03224-xxl,Indigo Shift Dress (XXL),252.41,USD,12,Apparel Solutions
v-out-03225-xs,Ivory Denim Jacket (XS),37.2,USD,1,Apparel Solutions
v-out-03226-xl,Black Trench Coat (XL),71.78,CAD,12,Atelier Nord
v-dre-03227-xl,Emerald Shirt Dress (XL),160.04,USD,1,Textile World Co
v-top-03228-m,Blush Henley (M),167.64,USD,12,Textile World Co
v-dre-03229-xl,Camel Wrap Dress (XL),229.12,USD,1,Apparel Solutions
v-foo-03231-l,Ivory Heeled Mule (L),181.25,USD,1,Textile World Co
v-out-03232-m,Indigo Denim Jacket (M),20.59,USD,12,Textile World Co
v-foo-03234-l,Emerald Heeled Mule (L),119.53,USD,1,Textile World Co
v-foo-03235-xl,Burgundy Heeled Mule (XL),212.02,USD,1,Atelier Nord
v-acc-03236-xl,Camel Twill Scarf (XL),200.85,USD,1,
v-top-03237-s,Blush Tank Top (S),20.04,USD,6,Apparel Solutions
v-foo-03238-l,Ivory Loafer (L),197.98,USD,1,Textile World Co
v-out-03240-l,Burgundy Moto Jacket (L),163.53,USD,1,Atelier Nord
v-dre-03241-xs,Indigo Midi Dress (XS),88.36,USD,1,Fashion Hub Ltd
v-bot-03242-l,Ivory Midi Skirt (L),286.4,USD,1,Textile World Co
v-top-03244-l,White V-Neck Sweater (L),209.62,USD,12,Apparel Solutions
v-foo-03245-xs,Emerald Ankle Boot (XS),67.12,USD,12,Atelier Nord
v-foo-03246-xs,Blush Loafer (XS),97.34,USD,1,Apparel Solutions
v-foo-03247-m,Black Low-Top Sneaker (M),280.86,USD,6,Textile World Co
v-top-03248-s,Beige Turtleneck (S),28.65,USD,12,Textile World Co
v-top-03248-s,Beige Turtleneck (S) - Case Pack,329.47,USD,12,Textile World Co
v-out-03249-xs,Cognac Puffer Vest (XS),316.3,USD,1,Fashion Hub Ltd
v-acc-03250-l,Camel Crossbody Bag (L),36.45,USD,1,Fashion Hub Ltd
v-bot-03252-m,Black Chino Pant (M),308.61,USD,1,Fashion Hub Ltd
v-bot-03253-l,Ivory Wide-Leg Trouser (L),73.36,USD,1,Atelier Nord
v-bot-03255-xl,Black Denim Short (XL),302.02,USD,12,Textile World Co
v-out-03256-xs,Camel Wool Peacoat (XS),284.3,USD,1,Textile World Co
v-top-03257-xl,Burgundy Turtleneck (XL),59.57,USD,1,Textile World Co
v-out-03259-xxl,Blush Trench Coat (XXL),103.27,USD,1,Fashion Hub Ltd
v-bot-03260-xxl,Indigo Midi Skirt (XXL),150.19,USD,12,Atelier Nord
v-bot-03261-xl,Ivory Chino Pant (XL),127.43,USD,1,Apparel Solutions
v-out-03262-xxl,Beige Wool Peacoat (XXL),25.05,USD,1,Apparel Solutions
v-foo-03263-xs,Camel Heeled Mule (XS),324.89,CAD,12,Atelier Nord
v-out-03264-xs,Ivory Moto Jacket (XS),215.57,USD,12,Fashion Hub Ltd
v-bot-03265-s,Black Denim Short (S),262.05,USD,6,Textile World Co
v-dre-03266-xs,Beige Midi Dress (XS),92.94,USD,6,Apparel Solutions
v-dre-03266-xs,Beige Midi Dress (XS) - Case Pack,1068.81,USD,12,Apparel Solutions
v-bot-03267-m,Ivory Wide-Leg Trouser (M),90.05,USD,1,Textile World Co
v-bot-03268-xs,Blush Wide-Leg Trouser (XS),63.57,USD,6,Fashion Hub Ltd
v-dre-03269-xs,Black Shift Dress (XS),321.62,USD,1,Textile World Co
v-dre-03269-xs,Black Shift Dress (XS) - Case Pack,3698.63,USD,12,Textile World Co
v-acc-03270-s,Black Statement Earrings (S),272.9,CAD,1,Atelier Nord
v-bot-03271-s,Charcoal Denim Short (S),272.04,USD,12,Textile World Co
v-dre-03273-xxl,Burgundy Slip Dress (XXL),56.61,USD,1,Textile World Co
v-dre-03274-xl,Ivory Wrap Dress (XL),149.17,USD,1,Fashion Hub Ltd
v-foo-03275-xl,Blush Heeled Mule (XL),296.38,USD,12,Textile World Co
v-bot-03276-s,Indigo Chino Pant (S),162.13,USD,6,Fashion Hub Ltd
v-dre-03277-xs,Ivory Shift Dress (XS),133.39,USD,12,Fashion Hub Ltd
v-top-03278-m,Emerald Turtleneck (M),200.62,USD,12,Fashion Hub Ltd
v-out-03279-s,Burgundy Moto Jacket (S),162.33,USD,1,Fashion Hub Ltd
v-out-03279-s,Burgundy Moto Jacket (S) - Case Pack,1866.8,USD,12,Fashion Hub Ltd
v-out-03280-m,Indigo Trench Coat (M),113.02,USD,1,Atelier Nord
v-out-03281-xs,Indigo Wool Peacoat (XS),228.05,USD,1,Textile World Co
v-out-03282-xs,Black Trench Coat (XS),206.94,USD,12,Textile World Co
v-dre-03283-xs,Camel Midi Dress (XS),67.33,USD,12,Textile World Co
v-dre-03284-m,Charcoal Shirt Dress (M),20.92,USD,6,Apparel Solutions
v-bot-03285-xs,Ivory Linen Pant (XS),109.48,USD,1,Fashion Hub Ltd
v-out-03286-l,Beige Denim Jacket (L),103.12,USD,1,Textile World Co
v-acc-03287-s,Camel Statement Earrings (S),312.31,USD,1,Textile World Co
v-bot-03288-xxl,Camel Linen Pant (XXL),229.78,USD,1,Apparel Solutions
v-top-03289-xs,Burgundy Silk Blouse (XS),262.34,USD,1,Apparel Solutions
v-top-03290-xxl,Emerald Cardigan (XXL),260.91,USD,1,Atelier Nord
v-bot-03291-xl,Ivory Midi Skirt (XL),163.94,CAD,1,Atelier Nord
v-foo-03292-m,Ivory Ankle Boot (M),226.35,USD,6,Atelier Nord
v-dre-03293-m,Cognac Wrap Dress (M),239.78,USD,1,Apparel Solutions
v-acc-03294-m,Ivory Wide-Brim Hat (M),318.47,CAD,1,Atelier Nord
v-out-03295-xxl,Black Trench Coat (XXL),137.02,USD,6,Apparel Solutions
v-foo-03296-m,Blush Low-Top Sneaker (M),279.74,USD,6,Textile World Co
v-dre-03297-l,Beige Wrap Dress (L),189.77,USD,12,Textile World Co
v-dre-03298-xl,White Wrap Dress (XL),125.6,USD,6,Textile World Co
v-dre-03301-s,Beige Slip Dress (S),260.03,USD,1,Fashion Hub Ltd
v-bot-03302-l,Burgundy Midi Skirt (L),58.8,USD,12,Fashion Hub Ltd
v-out-03304-xs,Tan Wool Peacoat (XS),233.54,USD,6,Fashion Hub Ltd
v-acc-03305-s,Beige Twill Scarf (S),129.93,USD,1,Textile World Co
v-foo-03306-s,Ivory Low-Top Sneaker (S),258.5,USD,1,Apparel Solutions
v-foo-03307-xs,Indigo Low-Top Sneaker (XS),139.96,USD,1,Fashion Hub Ltd
v-bot-03308-xxl,Emerald Chino Pant (XXL),112.59,USD,1,Fashion Hub Ltd
v-bot-03310-xxl,Cognac Linen Pant (XXL),20.78,USD,1,Apparel Solutions
v-out-03311-m,Charcoal Trench Coat (M),62.68,CAD,1,
v-bot-03312-xxl,Charcoal Midi Skirt (XXL),80.93,USD,1,Fashion Hub Ltd
v-out-03313-xxl,Black Moto Jacket (XXL),101.19,USD,6,Apparel Solutions
v-dre-03314-xxl,Charcoal Midi Dress (XXL),135.23,USD,12,Fashion Hub Ltd
v-dre-03315-s,Burgundy Wrap Dress (S),72.21,USD,12,Atelier Nord
v-acc-03317-xl,Camel Leather Tote (XL),74.23,USD,1,Apparel Solutions
v-dre-03318-l,White Maxi Dress (L),274.38,USD,12,Apparel Solutions
v-foo-03319-xs,Black Heeled Mule (XS),279.1,CAD,6,Atelier Nord
v-dre-03320-xs,Ivory Shirt Dress (XS),105.23,USD,1,Textile World Co
v-dre-03321-xs,Camel Shift Dress (XS),93.33,CAD,6,Atelier Nord
v-top-03323-m,Blush Silk Blouse (M),234.39,USD,12,Apparel Solutions
v-bot-03324-xl,Cognac Chino Pant (XL),100.5,USD,1,Fashion Hub Ltd
v-bot-03325-xxl,Indigo Denim Short (XXL),37.71,USD,1,Apparel Solutions
v-foo-03326-xl,Charcoal Ballet Flat (XL),209.83,USD,1,Apparel Solutions
v-foo-03328-xs,Black Loafer (XS),158.11,USD,1,Textile World Co
v-acc-03329-m,Black Crossbody Bag (M),269.05,USD,12,Atelier Nord
v-top-03330-l,Charcoal Button-Up Shirt (L),100.85,USD,1,Apparel Solutions
v-out-03331-xs,Indigo Blazer (XS),369.84,CAD,1,Atelier Nord
v-out-03332-l,Indigo Wool Peacoat (L),222.89,USD,1,Textile World Co
v-bot-03333-xs,Cognac Chino Pant (XS),200.97,USD,12,Apparel Solutions
v-dre-03334-xl,Burgundy Slip Dress (XL),305.0,USD,1,Fashion Hub Ltd
v-out-03335-xl,Ivory Blazer (XL),21.57,USD,12,Fashion Hub Ltd
v-dre-03336-l,Burgundy Wrap Dress (L),33.61,CAD,6,Atelier Nord
v-out-03337-m,Black Denim Jacket (M),84.37,USD,6,Fashion Hub Ltd
v-acc-03339-s,Tan Crossbody Bag (S),250.35,USD,6,Fashion Hub Ltd
v-acc-03341-xl,White Woven Belt (XL),255.82,USD,6,Fashion Hub Ltd
v-acc-03342-m,Indigo Wide-Brim Hat (M),167.66,USD,1,Textile World Co
v-dre-03345-xs,Blush Shirt Dress (XS),189.83,USD,1,Apparel Solutions
v-out-03347-l,Burgundy Blazer (L),142.94,USD,12,Fashion Hub Ltd
v-top-03348-s,Indigo V-Neck Sweater (S),165.38,USD,12,Fashion Hub Ltd
v-foo-03349-xxl,White Loafer (XXL),164.36,USD,12,Textile World Co
v-acc-03350-s,Charcoal Woven Belt (S),45.2,USD,6,Atelier Nord
v-out-03351-m,Beige Wool Peacoat (M),138.84,USD,12,Textile World Co
v-top-03352-xxl,Burgundy Turtleneck (XXL),311.55,USD,12,Textile World Co
v-bot-03353-xxl,Camel Pleated Skirt (XXL),52.93,USD,12,Fashion Hub Ltd
v-bot-03353-xxl,Camel Pleated Skirt (XXL) - Case Pack,608.7,USD,12,Fashion Hub Ltd
v-foo-03354-l,Indigo Loafer (L),316.27,USD,1,Fashion Hub Ltd
v-foo-03355-l,Cognac Ballet Flat (L),18.48,USD,1,Textile World Co
v-foo-03356-s,Camel Low-Top Sneaker (S),218.88,USD,12,Apparel Solutions
v-top-03357-xxl,Burgundy Silk Blouse (XXL),159.05,USD,6,Fashion Hub Ltd
v-bot-03359-m,White Linen Pant (M),45.58,USD,6,Fashion Hub Ltd
v-foo-03360-s,Tan Espadrille (S),119.81,USD,1,Fashion Hub Ltd
v-top-03361-xs,Emerald V-Neck Sweater (XS),139.32,USD,12,Textile World Co
v-out-03362-xs,Charcoal Moto Jacket (XS),173.15,USD,1,Fashion Hub Ltd
v-bot-03363-xl,Ivory Chino Pant (XL),200.11,USD,1,Textile World Co
v-bot-03364-m,Camel Linen Pant (M),243.58,USD,1,Apparel Solutions
v-top-03365-xl,Ivory Henley (XL),307.24,USD,1,Apparel Solutions
v-acc-03366-m,Tan Crossbody Bag (M),40.76,USD,6,Fashion Hub Ltd
v-out-03367-xs,Tan Puffer Vest (XS),375.23,CAD,6,Atelier Nord
v-top-03369-xs,Beige Turtleneck (XS),47.8,CAD,1,Atelier Nord
v-top-03372-xxl,Black Silk Blouse (XXL),261.67,USD,12,Apparel Solutions
v-bot-03373-s,Blush Linen Pant (S),196.93,USD,1,Atelier Nord
v-out-03375-xs,Burgundy Denim Jacket (XS),201.15,USD,1,
v-bot-03376-s,Camel Midi Skirt (S),113.29,USD,1,
v-dre-03377-xxl,Charcoal Shift Dress (XXL),100.01,USD,1,Atelier Nord
v-foo-03378-m,Blush Heeled Mule (M),314.1,USD,6,Fashion Hub Ltd
v-acc-03379-xl,Cognac Woven Belt (XL),53.84,USD,1,Textile World Co
v-bot-03380-m,Blush Denim Short (M),147.32,USD,6,Atelier Nord
v-bot-03381-l,Black Chino Pant (L),358.6,CAD,1,Atelier Nord
v-dre-03382-s,White Slip Dress (S),187.75,USD,1,Apparel Solutions
v-acc-03383-xxl,Ivory Leather Tote (XXL),319.93,USD,1,Fashion Hub Ltd
v-foo-03384-s,Ivory Heeled Mule (S),183.26,USD,6,Atelier Nord
v-out-03385-xs,Indigo Denim Jacket (XS),310.54,USD,6,Atelier Nord
v-bot-03386-xl,Indigo Pleated Skirt (XL),197.01,USD,1,Textile World Co
v-bot-03387-xxl,Cognac Pleated Skirt (XXL),373.38,CAD,1,Atelier Nord
v-foo-03388-l,Burgundy Heeled Mule (L),201.76,USD,6,Atelier Nord
v-out-03389-xs,Camel Moto Jacket (XS),94.95,USD,1,Textile World Co
v-foo-03390-s,Beige Ballet Flat (S),117.47,USD,6,Fashion Hub Ltd
v-bot-03391-xs,Beige Midi Skirt (XS),338.56,USD,1,Textile World Co
v-top-03392-m,White Crewneck Tee (M),32.98,USD,1,Apparel Solutions
v-bot-03393-xxl,Beige Midi Skirt (XXL),310.05,USD,1,Fashion Hub Ltd
v-acc-03394-xs,Charcoal Statement Earrings (XS),238.56,USD,1,Apparel Solutions
v-dre-03395-s,Black Wrap Dress (S),158.24,CAD,12,Atelier Nord
v-foo-03398-s,Tan Espadrille (S),181.82,USD,6,Fashion Hub Ltd
v-bot-03399-l,Beige Skinny Jean (L),152.29,USD,1,Atelier Nord
v-dre-03400-l,Beige Slip Dress (L),298.85,USD,12,Textile World Co
v-top-03401-xl,Indigo Tank Top (XL),291.1,USD,12,Textile World Co
v-acc-03402-xxl,Charcoal Woven Belt (XXL),148.21,USD,1,Fashion Hub Ltd
v-top-03403-m,Beige Cardigan (M),65.35,USD,1,Atelier Nord
v-top-03403-m,Beige Cardigan (M) - Case Pack,751.52,USD,12,Atelier Nord
v-top-03404-m,Charcoal Button-Up Shirt (M),92.76,USD,1,Atelier Nord
v-bot-03405-s,Tan Skinny Jean (S),297.54,CAD,6,Atelier Nord
v-out-03406-xs,Black Moto Jacket (XS),164.79,USD,1,Atelier Nord
v-bot-03407-m,Emerald Skinny Jean (M),87.67,USD,1,Fashion Hub Ltd
v-foo-03408-xs,Ivory Espadrille (XS),225.68,USD,12,Textile World Co
v-bot-03409-s,Emerald Denim Short (S),151.75,USD,1,Textile World Co
v-acc-03410-m,Camel Leather Tote (M),275.41,USD,12,Apparel Solutions
v-foo-03411-l,Camel Ankle Boot (L),35.3,CAD,12,Atelier Nord
v-foo-03414-l,White Ballet Flat (L),314.68,USD,1,Textile World Co
v-foo-03415-xs,Blush Loafer (XS),119.61,USD,1,Apparel Solutions
v-top-03416-m,Cognac V-Neck Sweater (M),128.9,USD,1,Fashion Hub Ltd
v-top-03417-l,Blush V-Neck Sweater (L),103.33,USD,12,Apparel Solutions
v-out-03419-xs,Black Denim Jacket (XS),20.89,USD,6,Apparel Solutions
v-top-03420-m,Blush Button-Up Shirt (M),186.18,USD,6,Fashion Hub Ltd
v-bot-03421-xl,Burgundy Denim Short (XL),70.88,USD,1,Textile World Co
v-acc-03422-l,Beige Leather Tote (L),249.51,USD,1,Atelier Nord
v-foo-03423-xl,Cognac Ballet Flat (XL),303.06,CAD,1,Atelier Nord
v-out-03425-xl,Ivory Wool Peacoat (XL),43.1,USD,6,
v-out-03425-xl,Ivory Wool Peacoat (XL) - Case Pack,495.65,USD,12,Apparel Solutions
v-acc-03426-xl,Burgundy Crossbody Bag (XL),290.87,USD,6,Textile World Co
v-acc-03427-s,Ivory Crossbody Bag (S),282.27,USD,12,Fashion Hub Ltd
v-top-03429-xl,Black Henley (XL),31.51,USD,12,Textile World Co
v-acc-03430-xl,White Wide-Brim Hat (XL),279.84,USD,1,Apparel Solutions
v-dre-03432-xl,Blush Slip Dress (XL),121.55,USD,1,Fashion Hub Ltd
v-bot-03433-xs,White Linen Pant (XS),27.58,USD,6,Atelier Nord
v-acc-03434-s,Ivory Statement Earrings (S),113.83,USD,1,Fashion Hub Ltd
v-top-03435-m,Emerald Henley (M),234.3,USD,1,Apparel Solutions
v-acc-03436-xl,Black Statement Earrings (XL),297.37,USD,12,Textile World Co
v-out-03437-l,Camel Moto Jacket (L),279.1,USD,1,Fashion Hub Ltd
v-bot-03438-l,Camel Denim Short (L),377.17,CAD,1,Atelier Nord
v-out-03439-m,Charcoal Trench Coat (M),402.69,CAD,1,Atelier Nord
v-top-03440-l,Burgundy Silk Blouse (L),240.35,USD,1,Fashion Hub Ltd
v-bot-03441-xl,Emerald Pleated Skirt (XL),19.94,USD,6,Atelier Nord
v-out-03442-xs,Blush Moto Jacket (XS),91.15,USD,1,Atelier Nord
v-bot-03443-m,Black Chino Pant (M),57.25,USD,1,Fashion Hub Ltd
v-top-03444-xs,Camel Cardigan (XS),22.16,USD,6,Fashion Hub Ltd
v-top-03445-xs,Ivory V-Neck Sweater (XS),210.84,USD,1,Textile World Co
v-out-03447-l,Beige Wool Peacoat (L),89.74,USD,1,Apparel Solutions
v-acc-03448-xs,Indigo Leather Tote (XS),209.15,USD,1,Fashion Hub Ltd
v-top-03449-m,Emerald Silk Blouse (M),403.43,CAD,1,Atelier Nord
v-dre-03450-s,Beige Shirt Dress (S),118.9,USD,12,Fashion Hub Ltd
v-dre-03451-xl,Charcoal Shift Dress (XL),57.78,USD,6,Fashion Hub Ltd
v-foo-03452-xl,Burgundy Ankle Boot (XL),169.14,CAD,1,Atelier Nord
v-bot-03453-m,Camel Pleated Skirt (M),433.83,CAD,6,
v-bot-03454-m,Tan Denim Short (M),55.37,USD,12,Textile World Co
v-dre-03455-l,Indigo Shirt Dress (L),91.62,USD,12,
v-out-03456-xl,Camel Trench Coat (XL),27.21,USD,12,Atelier Nord
v-out-03457-l,Ivory Blazer (L),29.73,CAD,12,Atelier Nord
v-top-03459-s,Emerald V-Neck Sweater (S),137.84,USD,1,Fashion Hub Ltd
v-bot-03461-xs,Camel Pleated Skirt (XS),93.97,USD,1,Textile World Co
v-out-03462-xs,Camel Puffer Vest (XS),454.71,CAD,1,Atelier Nord
v-top-03463-l,Burgundy Tank Top (L),112.81,USD,6,Fashion Hub Ltd
v-foo-03464-xxl,White Espadrille (XXL),208.26,CAD,1,Atelier Nord
v-bot-03466-xxl,Blush Wide-Leg Trouser (XXL),96.06,USD,1,Atelier Nord
v-foo-03467-xxl,Blush Ankle Boot (XXL),42.53,CAD,6,Atelier Nord
v-acc-03468-l,Emerald Statement Earrings (L),190.19,USD,1,Fashion Hub Ltd
v-top-03469-s,Beige V-Neck Sweater (S),25.65,USD,6,Textile World Co
v-out-03470-s,Charcoal Trench Coat (S),230.29,USD,1,Textile World Co
v-acc-03471-xl,Charcoal Leather Tote (XL),104.83,USD,1,Atelier Nord
v-foo-03473-s,Tan Loafer (S),69.53,USD,12,Apparel Solutions
v-foo-03474-s,Ivory Espadrille (S),214.94,USD,6,Apparel Solutions
v-bot-03475-xs,Ivory Linen Pant (XS),91.96,USD,1,Fashion Hub Ltd
v-bot-03477-xxl,Emerald Pleated Skirt (XXL),198.69,USD,1,
v-foo-03478-l,Tan Ankle Boot (L),264.6,USD,1,Apparel Solutions
v-dre-03479-s,Blush Shirt Dress (S),33.54,USD,1,Atelier Nord
v-out-03480-xl,Burgundy Puffer Vest (XL),78.79,USD,6,Fashion Hub Ltd
v-top-03481-l,Burgundy Crewneck Tee (L),312.09,USD,1,Apparel Solutions
v-bot-03482-xxl,Indigo Wide-Leg Trouser (XXL),279.07,USD,1,Textile World Co
v-top-03484-m,Indigo Cardigan (M),35.22,CAD,1,Atelier Nord
v-bot-03485-xs,Blush Denim Short (XS),132.21,USD,1,Textile World Co
v-foo-03486-xl,Ivory Ballet Flat (XL),59.56,USD,6,Apparel Solutions
v-acc-03487-l,Tan Twill Scarf (L),236.25,USD,1,Apparel Solutions
v-dre-03488-xxl,Tan Wrap Dress (XXL),218.69,CAD,6,Atelier Nord
v-bot-03489-l,Emerald Chino Pant (L),134.33,USD,1,Textile World Co
v-out-03490-xs,Black Trench Coat (XS),221.1,USD,1,Textile World Co
v-foo-03491-xxl,Blush Espadrille (XXL),284.43,USD,1,Atelier Nord
v-acc-03492-xl,Camel Twill Scarf (XL),98.41,USD,1,Atelier Nord
v-foo-03493-xl,White Low-Top Sneaker (XL),331.94,USD,6,Textile World Co
v-foo-03494-m,Burgundy Loafer (M),96.29,USD,1,Fashion Hub Ltd
v-out-03496-s,Camel Denim Jacket (S),54.79,USD,1,Textile World Co
v-dre-03497-s,White Maxi Dress (S),61.33,USD,12,Fashion Hub Ltd
v-acc-03498-xs,Tan Wide-Brim Hat (XS),115.64,USD,1,Fashion Hub Ltd
v-dre-03499-xs,Camel Midi Dress (XS),227.33,USD,1,Fashion Hub Ltd
v-out-03500-xxl,Burgundy Denim Jacket (XXL),61.63,USD,1,Textile World Co
v-foo-03501-m,Burgundy Loafer (M),110.29,USD,1,Atelier Nord
v-out-03502-xxl,Emerald Blazer (XXL),37.2,USD,6,Atelier Nord
v-foo-03503-s,Ivory Loafer (S),153.48,USD,12,Textile World Co
v-foo-03503-s,Ivory Loafer (S) - Case Pack,1765.02,USD,12,Textile World Co
v-out-03504-xxl,Blush Moto Jacket (XXL),38.25,USD,1,Apparel Solutions
v-out-03505-xxl,White Blazer (XXL),233.63,USD,6,Textile World Co
v-acc-03506-m,Indigo Woven Belt (M),343.61,CAD,6,Atelier Nord
v-dre-03507-xxl,Black Maxi Dress (XXL),178.08,USD,1,Apparel Solutions
v-dre-03508-s,Indigo Slip Dress (S),310.42,USD,1,Textile World Co
v-bot-03509-xs,White Chino Pant (XS),190.48,USD,1,Fashion Hub Ltd
v-top-03510-s,Indigo Cardigan (S),45.68,USD,1,Fashion Hub Ltd
v-acc-03512-m,Indigo Wide-Brim Hat (M),252.25,USD,1,Apparel Solutions
v-dre-03513-m,Ivory Wrap Dress (M),202.95,CAD,1,Atelier Nord
v-foo-03515-xxl,Camel Low-Top Sneaker (XXL),124.68,USD,1,Fashion Hub Ltd
v-dre-03516-xs,Blush Shift Dress (XS),75.34,USD,1,
v-bot-03518-l,Cognac Wide-Leg Trouser (L),32.04,CAD,1,Atelier Nord
v-dre-03519-xxl,Black Maxi Dress (XXL),157.01,USD,12,Fashion Hub Ltd
v-bot-03520-m,Beige Skinny Jean (M),63.4,USD,1,Apparel Solutions
v-acc-03521-s,Black Crossbody Bag (S),269.93,USD,1,Fashion Hub Ltd
v-top-03522-xl,Black Turtleneck (XL),247.3,USD,6,Apparel Solutions
v-acc-03523-xl,Black Wide-Brim Hat (XL),208.33,USD,1,Atelier Nord
v-out-03524-s,Emerald Puffer Vest (S),125.09,USD,12,Apparel Solutions
v-dre-03525-m,Charcoal Wrap Dress (M),191.56,USD,12,Atelier Nord
v-dre-03526-l,Black Shift Dress (L),123.65,USD,6,Textile World Co
v-acc-03528-m,Beige Leather Tote (M),291.48,USD,1,Fashion Hub Ltd
v-bot-03529-xs,Indigo Linen Pant (XS),222.73,USD,1,Textile World Co
v-bot-03530-s,Black Linen Pant (S),124.1,USD,6,Fashion Hub Ltd
v-bot-03531-m,Cognac Pleated Skirt (M),159.7,USD,1,Fashion Hub Ltd
v-top-03532-xl,White Turtleneck (XL),299.74,CAD,1,Atelier Nord
v-dre-03534-l,Cognac Wrap Dress (L),303.07,USD,1,Apparel Solutions
v-bot-03535-xl,Black Wide-Leg Trouser (XL),265.93,USD,1,Textile World Co
v-bot-03537-s,Charcoal Linen Pant (S),37.12,CAD,6,Atelier Nord
v-out-03539-s,Cognac Wool Peacoat (S),275.1,USD,1,Fashion Hub Ltd
v-acc-03540-l,Indigo Twill Scarf (L),270.08,USD,1,Textile World Co
v-top-03542-xl,Cognac Henley (XL),103.84,USD,6,Textile World Co
v-top-03542-xl,Cognac Henley (XL) - Case Pack,1194.16,USD,12,Textile World Co
v-dre-03543-m,Beige Shift Dress (M),204.98,USD,6,Atelier Nord
v-bot-03544-l,Ivory Wide-Leg Trouser (L),84.81,USD,6,Textile World Co
v-out-03545-xl,Cognac Puffer Vest (XL),302.05,USD,6,Fashion Hub Ltd
v-out-03546-xs,Beige Blazer (XS),238.84,USD,1,Fashion Hub Ltd
v-dre-03547-xxl,Cognac Shirt Dress (XXL),35.59,USD,6,Atelier Nord
v-foo-03551-l,Blush Ankle Boot (L),188.63,USD,1,Fashion Hub Ltd
v-foo-03552-xxl,Burgundy Loafer (XXL),96.58,CAD,1,Atelier Nord
v-foo-03553-xl,Cognac Ballet Flat (XL),187.72,CAD,1,Atelier Nord
v-bot-03554-l,Tan Skinny Jean (L),59.91,CAD,6,Atelier Nord
v-out-03555-s,White Blazer (S),293.11,USD,1,Fashion Hub Ltd
v-acc-03557-xs,Tan Crossbody Bag (XS),277.76,USD,1,Textile World Co
v-out-03558-l,Indigo Moto Jacket (L),281.66,USD,6,Fashion Hub Ltd
v-foo-03559-l,Charcoal Low-Top Sneaker (L),207.52,USD,6,Textile World Co
v-foo-03560-s,Charcoal Loafer (S),286.31,USD,12,Apparel Solutions
v-foo-03560-s,Charcoal Loafer (S) - Case Pack,3292.57,USD,12,Apparel Solutions
v-dre-03562-l,Indigo Wrap Dress (L),155.74,USD,12,Apparel Solutions
v-foo-03563-s,Charcoal Espadrille (S),125.23,USD,1,Apparel Solutions
v-out-03564-xxl,Charcoal Denim Jacket (XXL),239.08,USD,1,Fashion Hub Ltd
v-out-03564-xxl,Charcoal Denim Jacket (XXL) - Case Pack,2749.42,USD,12,Fashion Hub Ltd
v-dre-03565-xxl,Blush Shift Dress (XXL),225.95,USD,1,Fashion Hub Ltd
v-acc-03566-s,Blush Twill Scarf (S),176.08,USD,1,Fashion Hub Ltd
v-bot-03568-m,White Skinny Jean (M),114.74,USD,1,Fashion Hub Ltd
v-acc-03569-s,White Statement Earrings (S),317.53,USD,1,Textile World Co
v-top-03570-xl,Indigo Turtleneck (XL),72.41,CAD,6,Atelier Nord
v-out-03572-xl,Emerald Puffer Vest (XL),260.92,USD,1,Fashion Hub Ltd
v-acc-03573-m,Tan Woven Belt (M),144.09,USD,12,Apparel Solutions
v-out-03574-m,Beige Denim Jacket (M),297.7,USD,1,Fashion Hub Ltd
v-foo-03576-s,Emerald Ballet Flat (S),225.51,CAD,6,Atelier Nord
v-top-03577-l,Beige Tank Top (L),157.05,USD,1,Apparel Solutions
v-acc-03578-xxl,Ivory Statement Earrings (XXL),120.61,CAD,1,Atelier Nord
v-foo-03579-xxl,Charcoal Espadrille (XXL),58.46,USD,12,Fashion Hub Ltd
v-foo-03580-xxl,Burgundy Ballet Flat (XXL),213.03,USD,1,Apparel Solutions
v-bot-03581-l,White Pleated Skirt (L),39.75,USD,1,
v-bot-03583-l,Camel Pleated Skirt (L),226.68,USD,1,Atelier Nord
v-acc-03584-xxl,Blush Twill Scarf (XXL),182.56,USD,1,Apparel Solutions
v-out-03585-xl,Burgundy Wool Peacoat (XL),146.26,USD,1,Fashion Hub Ltd
v-dre-03586-s,Ivory Wrap Dress (S),174.87,USD,12,Fashion Hub Ltd
v-foo-03587-xxl,White Loafer (XXL),275.13,USD,1,Apparel Solutions
v-dre-03588-l,Tan Shift Dress (L),315.4,CAD,1,Atelier Nord
v-foo-03589-s,Cognac Ballet Flat (S),362.29,CAD,1,Atelier Nord
v-acc-03590-xxl,Beige Leather Tote (XXL),180.09,USD,6,Textile World Co
v-acc-03591-xs,Charcoal Leather Tote (XS),143.24,USD,12,Textile World Co
v-acc-03591-xs,Charcoal Leather Tote (XS) - Case Pack,1647.26,USD,12,Textile World Co
v-top-03592-s,Burgundy Cardigan (S),186.83,USD,1,Fashion Hub Ltd
v-out-03593-xs,Emerald Denim Jacket (XS),425.88,CAD,1,Atelier Nord
v-out-03593-xs,Emerald Denim Jacket (XS) - Case Pack,4897.62,CAD,12,Atelier Nord
v-top-03594-m,Ivory Crewneck Tee (M),289.43,USD,1,Atelier Nord
v-top-03595-s,Ivory Silk Blouse (S),94.14,USD,1,Textile World Co
v-top-03596-l,Burgundy Turtleneck (L),242.6,CAD,12,Atelier Nord
v-dre-03597-xs,Burgundy Slip Dress (XS),167.55,USD,1,Fashion Hub Ltd
v-top-03598-xxl,Ivory Tank Top (XXL),106.22,USD,12,Apparel Solutions
v-dre-03599-xl,Black Shift Dress (XL),80.46,USD,6,Textile World Co
v-out-03600-m,Indigo Wool Peacoat (M),286.71,USD,1,Atelier Nord
v-out-03601-xl,White Moto Jacket (XL),92.68,USD,1,Atelier Nord
v-bot-03602-xl,Beige Skinny Jean (XL),240.6,USD,1,Apparel Solutions
v-acc-03603-xl,Blush Woven Belt (XL),211.51,USD,12,Textile World Co
v-out-03604-xs,Camel Denim Jacket (XS),200.19,USD,12,Apparel Solutions
v-dre-03606-m,Tan Shift Dress (M),230.0,CAD,12,Atelier Nord
v-top-03608-m,Blush Button-Up Shirt (M),225.93,USD,1,Atelier Nord
v-acc-03609-xl,Camel Crossbody Bag (XL),63.24,USD,1,Textile World Co
v-dre-03610-l,Beige Shirt Dress (L),280.07,CAD,1,Atelier Nord
v-top-03611-xs,Burgundy Silk Blouse (XS),20.66,USD,12,Apparel Solutions
v-bot-03612-xxl,Emerald Chino Pant (XXL),201.18,CAD,1,Atelier Nord
v-top-03613-xs,Cognac Tank Top (XS),48.51,USD,1,Fashion Hub Ltd
v-bot-03614-s,Camel Skinny Jean (S),115.22,USD,1,Fashion Hub Ltd
v-bot-03615-xl,Emerald Chino Pant (XL),70.1,USD,1,Atelier Nord
v-top-03616-xs,Cognac Henley (XS),45.13,USD,1,Atelier Nord
v-top-03618-xl,Tan Cardigan (XL),62.45,USD,1,Fashion Hub Ltd
v-acc-03620-xs,Charcoal Statement Earrings (XS),29.11,USD,1,Atelier Nord
v-top-03621-l,Cognac Silk Blouse (L),313.18,USD,6,Apparel Solutions
v-top-03622-s,Ivory Tank Top (S),238.33,USD,1,Apparel Solutions
v-top-03622-s,Ivory Tank Top (S) - Case Pack,2740.8,USD,12,Apparel Solutions
v-bot-03623-l,Indigo Skinny Jean (L),28.7,USD,1,Atelier Nord
v-bot-03623-l,Indigo Skinny Jean (L) - Case Pack,330.05,USD,12,Atelier Nord
v-bot-03625-xl,Burgundy Wide-Leg Trouser (XL),60.68,USD,6,Textile World Co
v-top-03626-s,Blush Crewneck Tee (S),75.03,USD,1,Textile World Co
v-dre-03627-xxl,Ivory Maxi Dress (XXL),46.87,USD,1,Fashion Hub Ltd
v-top-03628-m,Charcoal V-Neck Sweater (M),80.98,USD,1,Apparel Solutions
v-bot-03629-m,Ivory Linen Pant (M),178.28,USD,1,Textile World Co
v-bot-03630-xxl,Charcoal Wide-Leg Trouser (XXL),117.77,USD,1,Apparel Solutions
v-dre-03631-s,Ivory Shift Dress (S),73.15,USD,1,Apparel Solutions
v-dre-03632-l,Emerald Slip Dress (L),70.54,USD,1,Fashion Hub Ltd
v-out-03633-s,Camel Trench Coat (S),249.39,USD,1,Fashion Hub Ltd
v-out-03634-xxl,Tan Denim Jacket (XXL),210.26,USD,1,Atelier Nord
v-acc-03635-xxl,Cognac Wide-Brim Hat (XXL),71.29,USD,1,Apparel Solutions
v-acc-03635-xxl,Cognac Wide-Brim Hat (XXL) - Case Pack,819.84,USD,12,Apparel Solutions
v-bot-03636-xs,Indigo Pleated Skirt (XS),219.98,USD,1,Apparel Solutions
v-dre-03637-xs,Beige Shift Dress (XS),159.33,USD,1,Apparel Solutions
v-dre-03638-xl,Tan Midi Dress (XL),202.06,USD,1,Fashion Hub Ltd
v-dre-03639-l,Camel Wrap Dress (L),79.01,USD,1,Apparel Solutions
v-foo-03640-s,Blush Espadrille (S),283.17,USD,1,Apparel Solutions
v-out-03641-m,Burgundy Denim Jacket (M),119.17,USD,1,Textile World Co
v-acc-03642-m,Cognac Wide-Brim Hat (M),61.05,USD,12,Textile World Co
v-acc-03643-xl,Emerald Crossbody Bag (XL),107.76,USD,12,Textile World Co
v-top-03644-l,Tan Silk Blouse (L),313.91,USD,6,Atelier Nord
v-dre-03645-xxl,Charcoal Shift Dress (XXL),142.15,USD,6,Apparel Solutions
v-acc-03646-xxl,Charcoal Crossbody Bag (XXL),146.52,USD,12,Fashion Hub Ltd
v-foo-03648-xs,Tan Loafer (XS),63.79,CAD,12,Atelier Nord
v-foo-03649-l,White Ankle Boot (L),228.85,USD,6,Textile World Co
v-bot-03650-s,Emerald Skinny Jean (S),53.48,USD,1,Atelier Nord
v-acc-03651-xs,Black Leather Tote (XS),179.93,USD,1,Apparel Solutions
v-bot-03653-xs,Ivory Skinny Jean (XS),147.02,USD,1,Apparel Solutions
v-dre-03654-s,Indigo Maxi Dress (S),212.06,USD,1,Apparel Solutions
v-foo-03655-l,Ivory Espadrille (L),126.16,USD,1,Apparel Solutions
v-foo-03655-l,Ivory Espadrille (L) - Case Pack,1450.84,USD,12,Apparel Solutions
v-bot-03656-l,White Denim Short (L),245.37,USD,1,Textile World Co
v-bot-03657-m,Beige Chino Pant (M),311.08,USD,1,Fashion Hub Ltd
v-acc-03658-l,Burgundy Crossbody Bag (L),187.04,USD,1,Apparel Solutions
v-out-03659-xs,Tan Denim Jacket (XS),225.09,USD,1,Atelier Nord
v-bot-03660-xl,Charcoal Pleated Skirt (XL),27.91,USD,1,Fashion Hub Ltd
v-out-03664-xxl,Charcoal Blazer (XXL),179.46,USD,1,Apparel Solutions
v-top-03665-xxl,White Button-Up Shirt (XXL),307.45,USD,12,Fashion Hub Ltd
v-foo-03666-xs,Black Low-Top Sneaker (XS),285.54,USD,12,Apparel Solutions
v-dre-03668-xs,Ivory Shirt Dress (XS),168.62,USD,1,Textile World Co
v-out-03669-xl,Indigo Moto Jacket (XL),250.16,USD,1,Fashion Hub Ltd
v-foo-03670-s,Black Loafer (S),61.38,USD,1,Apparel Solutions
v-foo-03671-m,Blush Espadrille (M),290.59,USD,1,Apparel Solutions
v-dre-03672-l,White Midi Dress (L),239.99,USD,12,Fashion Hub Ltd
v-foo-03673-xl,Charcoal Ankle Boot (XL),49.73,CAD,1,Atelier Nord
v-out-03674-xs,Burgundy Moto Jacket (XS),53.08,USD,6,Atelier Nord
v-out-03674-xs,Burgundy Moto Jacket (XS) - Case Pack,610.42,USD,12,Atelier Nord
v-dre-03676-xs,Tan Maxi Dress (XS),303.0,USD,6,Textile World Co
v-dre-03676-xs,Tan Maxi Dress (XS) - Case Pack,3484.5,USD,12,Textile World Co
v-acc-03677-xs,Camel Twill Scarf (XS),58.02,USD,1,Fashion Hub Ltd
v-acc-03677-xs,Camel Twill Scarf (XS) - Case Pack,667.23,USD,12,Fashion Hub Ltd
v-acc-03678-s,Blush Woven Belt (S),297.36,USD,1,Atelier Nord
v-foo-03679-l,Indigo Low-Top Sneaker (L),166.04,USD,1,
v-out-03680-xs,Beige Trench Coat (XS),185.97,USD,1,Textile World Co
v-acc-03681-xl,Camel Crossbody Bag (XL),213.15,USD,6,Fashion Hub Ltd
v-foo-03682-s,Ivory Ballet Flat (S),52.64,USD,12,Textile World Co
v-top-03684-xxl,Beige Cardigan (XXL),429.49,CAD,1,Atelier Nord
v-top-03684-xxl,Beige Cardigan (XXL) - Case Pack,4939.14,CAD,12,Atelier Nord
v-top-03685-m,Cognac Cardigan (M),119.02,USD,1,Apparel Solutions
v-acc-03686-m,Burgundy Crossbody Bag (M),18.61,USD,1,Fashion Hub Ltd
v-out-03687-xxl,White Blazer (XXL),272.39,CAD,1,Atelier Nord
v-foo-03688-l,Indigo Ballet Flat (L),169.97,USD,1,Apparel Solutions
v-top-03689-xl,White Tank Top (XL),150.68,USD,6,Apparel Solutions
v-out-03690-m,Blush Trench Coat (M),284.01,USD,1,Apparel Solutions
v-acc-03691-l,White Statement Earrings (L),140.05,USD,1,Textile World Co
v-acc-03692-m,Indigo Woven Belt (M),96.3,USD,1,Fashion Hub Ltd
v-top-03693-m,White Crewneck Tee (M),53.73,USD,1,Apparel Solutions
v-top-03695-xxl,Black Crewneck Tee (XXL),194.71,CAD,1,Atelier Nord
v-dre-03696-s,Emerald Wrap Dress (S),20.93,USD,1,Textile World Co
v-bot-03697-xs,Burgundy Denim Short (XS),121.24,USD,1,Fashion Hub Ltd
v-bot-03698-s,Cognac Wide-Leg Trouser (S),70.26,USD,12,Textile World Co
v-top-03699-m,Emerald Button-Up Shirt (M),172.41,USD,6,Textile World Co
v-foo-03700-xs,Camel Loafer (XS),99.54,USD,1,Fashion Hub Ltd
v-top-03702-xxl,Blush Turtleneck (XXL),266.55,USD,1,Fashion Hub Ltd
v-dre-03703-s,Ivory Maxi Dress (S),295.08,USD,1,Textile World Co
v-out-03704-xxl,White Wool Peacoat (XXL),307.17,USD,6,Apparel Solutions
v-out-03705-xs,Charcoal Puffer Vest (XS),298.76,USD,6,Textile World Co
v-top-03706-xs,Camel Crewneck Tee (XS),289.65,USD,1,Apparel Solutions
v-dre-03707-m,Beige Wrap Dress (M),257.68,USD,12,Textile World Co
v-top-03708-l,Camel Button-Up Shirt (L),357.15,CAD,12,Atelier Nord
v-acc-03709-xs,Cognac Leather Tote (XS),42.19,USD,1,Textile World Co
v-foo-03710-xs,Charcoal Loafer (XS),84.83,USD,12,Atelier Nord
v-bot-03712-xxl,Charcoal Skinny Jean (XXL),90.95,USD,6,Atelier Nord
v-acc-03713-xl,Beige Crossbody Bag (XL),114.6,USD,6,Fashion Hub Ltd
v-dre-03714-m,Emerald Shift Dress (M),228.74,USD,6,Apparel Solutions
v-dre-03715-xxl,Beige Midi Dress (XXL),264.64,USD,12,Fashion Hub Ltd
v-acc-03716-m,Burgundy Twill Scarf (M),282.7,USD,1,Apparel Solutions
v-foo-03717-l,Black Heeled Mule (L),241.05,USD,12,Fashion Hub Ltd
v-out-03718-s,Charcoal Denim Jacket (S),327.36,CAD,1,Atelier Nord
v-top-03719-m,Indigo V-Neck Sweater (M),158.8,USD,12,Textile World Co
v-top-03719-m,Indigo V-Neck Sweater (M) - Case Pack,1826.2,USD,12,Textile World Co
v-out-03720-xs,Cognac Blazer (XS),194.53,USD,12,Apparel Solutions
v-dre-03721-xs,Tan Midi Dress (XS),81.15,USD,1,Apparel Solutions
v-foo-03722-xl,Tan Low-Top Sneaker (XL),109.27,USD,1,Atelier Nord
v-out-03723-xs,Blush Trench Coat (XS),213.87,USD,1,Apparel Solutions
v-bot-03724-s,Ivory Pleated Skirt (S),175.73,USD,1,Apparel Solutions
v-top-03725-s,Burgundy Henley (S),53.05,USD,1,Apparel Solutions
v-bot-03726-xl,Indigo Midi Skirt (XL),117.77,USD,12,Fashion Hub Ltd
v-out-03727-xs,Beige Wool Peacoat (XS),100.85,CAD,1,Atelier Nord
v-out-03728-m,Ivory Moto Jacket (M),129.47,USD,1,Textile World Co
v-bot-03729-s,Tan Wide-Leg Trouser (S),221.82,USD,1,Apparel Solutions
v-bot-03730-m,White Wide-Leg Trouser (M),176.4,USD,1,Textile World Co
v-bot-03730-m,White Wide-Leg Trouser (M) - Case Pack,2028.6,USD,12,Textile World Co
v-bot-03732-m,Emerald Skinny Jean (M),208.76,USD,1,Textile World Co
v-dre-03733-l,Indigo Wrap Dress (L),291.06,USD,1,Textile World Co
v-bot-03734-l,Ivory Denim Short (L),206.65,USD,12,Atelier Nord
v-top-03735-s,Charcoal Cardigan (S),242.82,USD,6,Apparel Solutions
v-bot-03736-xl,Ivory Denim Short (XL),109.87,USD,6,Fashion Hub Ltd
v-bot-03737-l,Black Wide-Leg Trouser (L),223.46,USD,1,Fashion Hub Ltd
v-foo-03738-s,Tan Low-Top Sneaker (S),133.08,USD,6,Textile World Co
v-foo-03739-xl,White Heeled Mule (XL),19.15,USD,1,Fashion Hub Ltd
v-acc-03740-m,Tan Wide-Brim Hat (M),48.38,USD,12,Atelier Nord
v-foo-03743-xs,Charcoal Low-Top Sneaker (XS),249.67,USD,1,
v-foo-03743-xs,Charcoal Low-Top Sneaker (XS) - Case Pack,2871.2,USD,12,Apparel Solutions
v-foo-03745-m,Camel Ankle Boot (M),102.84,USD,6,Atelier Nord
v-bot-03746-xxl,Black Chino Pant (XXL),198.64,USD,1,Fashion Hub Ltd
v-acc-03747-xs,Burgundy Wide-Brim Hat (XS),218.13,USD,1,Fashion Hub Ltd
v-acc-03747-xs,Burgundy Wide-Brim Hat (XS) - Case Pack,2508.49,USD,12,Fashion Hub Ltd
v-out-03748-m,Indigo Blazer (M),121.79,USD,1,Fashion Hub Ltd
v-out-03749-xs,Ivory Moto Jacket (XS),185.91,USD,1,Textile World Co
v-foo-03750-xxl,Indigo Ankle Boot (XXL),268.47,USD,1,Fashion Hub Ltd
v-out-03752-xxl,Indigo Moto Jacket (XXL),285.87,CAD,6,Atelier Nord
v-bot-03754-l,Ivory Skinny Jean (L),225.34,USD,12,Apparel Solutions
v-bot-03755-xs,White Chino Pant (XS),283.24,USD,1,Apparel Solutions
v-top-03756-xxl,Black Crewneck Tee (XXL),156.44,USD,1,Textile World Co
v-bot-03757-xl,Cognac Denim Short (XL),282.19,USD,1,Textile World Co
v-bot-03758-m,Indigo Pleated Skirt (M),126.5,USD,1,Atelier Nord
v-out-03759-m,Burgundy Puffer Vest (M),166.33,USD,12,Fashion Hub Ltd
v-foo-03761-xs,Black Low-Top Sneaker (XS),254.74,USD,12,Fashion Hub Ltd
v-out-03762-xxl,Ivory Wool Peacoat (XXL),141.97,USD,12,Atelier Nord
v-out-03763-xs,Blush Trench Coat (XS),168.91,USD,6,Textile World Co
v-out-03765-l,Emerald Puffer Vest (L),178.8,USD,1,Apparel Solutions
v-foo-03766-s,Ivory Heeled Mule (S),264.5,USD,12,Apparel Solutions
v-dre-03767-m,Black Wrap Dress (M),283.86,CAD,1,Atelier Nord
v-out-03768-xl,Ivory Puffer Vest (XL),116.75,USD,1,Atelier Nord
v-out-03770-s,Emerald Blazer (S),240.14,USD,12,Textile World Co
v-foo-03772-l,Camel Ankle Boot (L),284.14,USD,1,Apparel Solutions
v-bot-03773-l,Emerald Pleated Skirt (L),103.93,USD,1,Fashion Hub Ltd
v-acc-03774-s,Emerald Wide-Brim Hat (S),51.34,USD,1,Apparel Solutions
v-top-03776-xl,Emerald Button-Up Shirt (XL),252.9,USD,12,Textile World Co
v-acc-03777-xxl,Ivory Statement Earrings (XXL),294.22,USD,1,Fashion Hub Ltd
v-top-03778-l,Emerald Cardigan (L),31.34,CAD,1,Atelier Nord
v-acc-03779-s,Tan Leather Tote (S),79.82,USD,1,Atelier Nord
v-bot-03782-l,Charcoal Midi Skirt (L),220.2,USD,12,Atelier Nord
v-foo-03783-xl,Burgundy Low-Top Sneaker (XL),168.9,USD,1,Atelier Nord
v-bot-03784-m,Black Chino Pant (M),200.79,USD,1,Apparel Solutions
v-top-03787-xs,Blush Turtleneck (XS),41.67,USD,1,Fashion Hub Ltd
v-out-03788-m,Emerald Moto Jacket (M),174.84,USD,1,Fashion Hub Ltd
v-foo-03789-xl,Cognac Espadrille (XL),106.15,USD,1,Fashion Hub Ltd
v-dre-03790-s,Camel Wrap Dress (S),125.61,USD,6,Fashion Hub Ltd
v-dre-03791-s,Tan Wrap Dress (S),74.62,USD,6,Apparel Solutions
v-foo-03792-l,Charcoal Espadrille (L),148.63,USD,12,Apparel Solutions
v-foo-03792-l,Charcoal Espadrille (L) - Case Pack,1709.24,USD,12,Apparel Solutions
v-top-03793-xl,Black Turtleneck (XL),47.52,USD,1,Fashion Hub Ltd
v-dre-03794-l,Camel Maxi Dress (L),162.9,USD,1,Fashion Hub Ltd
v-dre-03795-xl,White Wrap Dress (XL),65.87,USD,1,Fashion Hub Ltd
v-acc-03796-xl,Indigo Twill Scarf (XL),164.29,USD,6,Textile World Co
v-top-03797-xl,Blush V-Neck Sweater (XL),198.06,CAD,12,Atelier Nord
v-top-03798-xl,Beige V-Neck Sweater (XL),272.4,USD,12,Atelier Nord
v-top-03800-xxl,Black Henley (XXL),277.39,USD,1,Apparel Solutions
v-bot-03801-m,Charcoal Pleated Skirt (M),221.5,USD,6,Apparel Solutions
v-dre-03802-l,Blush Maxi Dress (L),186.11,USD,12,Textile World Co
v-bot-03803-xxl,Beige Wide-Leg Trouser (XXL),108.22,USD,12,Textile World Co
v-acc-03805-m,Cognac Woven Belt (M),202.87,CAD,12,Atelier Nord
v-bot-03806-xs,Charcoal Skinny Jean (XS),258.07,USD,1,
v-bot-03807-s,Emerald Midi Skirt (S),240.88,USD,1,Atelier Nord
v-foo-03808-m,Charcoal Espadrille (M),37.09,USD,6,Apparel Solutions
v-acc-03809-s,Black Statement Earrings (S),56.04,USD,1,Apparel Solutions
v-dre-03810-s,White Maxi Dress (S),261.65,USD,12,Fashion Hub Ltd
v-bot-03811-xl,Cognac Skinny Jean (XL),77.13,CAD,1,Atelier Nord
v-out-03812-xxl,Cognac Trench Coat (XXL),295.99,USD,12,Textile World Co
v-out-03813-xs,White Blazer (XS),59.79,USD,1,Apparel Solutions
v-acc-03814-xl,Tan Crossbody Bag (XL),77.14,USD,12,Atelier Nord
v-out-03815-xs,Ivory Moto Jacket (XS),251.45,USD,6,Fashion Hub Ltd
v-bot-03816-m,Tan Pleated Skirt (M),112.19,CAD,12,Atelier Nord
v-bot-03816-m,Tan Pleated Skirt (M) - Case Pack,1290.18,CAD,12,Atelier Nord
v-acc-03817-xxl,Emerald Statement Earrings (XXL),317.97,USD,1,Atelier Nord
v-acc-03817-xxl,Emerald Statement Earrings (XXL) - Case Pack,3656.66,USD,12,Atelier Nord
v-foo-03818-xs,Indigo Espadrille (XS),70.9,CAD,12,Atelier Nord
v-foo-03819-l,Blush Heeled Mule (L),246.93,USD,12,Atelier Nord
v-top-03820-s,Cognac Cardigan (S),106.1,USD,1,Textile World Co
v-top-03821-s,Ivory Tank Top (S),287.17,USD,1,Apparel Solutions
v-acc-03822-l,Charcoal Woven Belt (L),307.1,USD,1,Textile World Co
v-top-03823-s,Camel V-Neck Sweater (S),161.86,USD,12,Fashion Hub Ltd
v-dre-03824-s,Tan Maxi Dress (S),33.04,USD,1,Atelier Nord
v-out-03825-xs,Beige Blazer (XS),279.32,USD,1,Fashion Hub Ltd
v-acc-03826-xs,White Statement Earrings (XS),133.2,USD,12,Fashion Hub Ltd
v-top-03827-xs,Cognac Crewneck Tee (XS),136.62,USD,6,Textile World Co
v-dre-03828-xl,Blush Maxi Dress (XL),375.42,CAD,1,Atelier Nord
v-dre-03829-xl,Cognac Shift Dress (XL),125.36,USD,6,Textile World Co
v-bot-03830-xl,Camel Skinny Jean (XL),220.66,CAD,1,Atelier Nord
v-dre-03831-xxl,Charcoal Maxi Dress (XXL),313.69,USD,12,Atelier Nord
v-dre-03832-s,Charcoal Shirt Dress (S),282.14,USD,1,Fashion Hub Ltd
v-acc-03833-l,Tan Leather Tote (L),176.51,CAD,1,Atelier Nord
v-dre-03834-m,Cognac Maxi Dress (M),277.02,USD,12,Apparel Solutions
v-acc-03836-s,Tan Statement Earrings (S),189.43,USD,1,Fashion Hub Ltd
v-dre-03837-l,Burgundy Shirt Dress (L),110.15,USD,1,Fashion Hub Ltd
v-dre-03838-s,Charcoal Shift Dress (S),382.09,CAD,6,Atelier Nord
v-dre-03838-s,Charcoal Shift Dress (S) - Case Pack,4394.03,CAD,12,Atelier Nord
v-acc-03840-xl,Indigo Leather Tote (XL),264.57,USD,1,Textile World Co
v-top-03841-xs,Beige Crewneck Tee (XS),37.53,USD,6,Textile World Co
v-acc-03844-m,Black Leather Tote (M),201.79,USD,6,Textile World Co
v-acc-03844-m,Black Leather Tote (M) - Case Pack,2320.59,USD,12,Textile World Co
v-top-03846-xxl,Ivory Silk Blouse (XXL),240.89,CAD,1,Atelier Nord
v-foo-03847-xxl,Emerald Ballet Flat (XXL),236.65,USD,1,Apparel Solutions
v-dre-03848-xs,Charcoal Shirt Dress (XS),29.18,USD,6,Fashion Hub Ltd
v-foo-03849-xxl,Tan Low-Top Sneaker (XXL),20.47,USD,12,Textile World Co
v-bot-03850-xl,Emerald Denim Short (XL),311.73,USD,12,Apparel Solutions
v-out-03852-xxl,Blush Blazer (XXL),256.73,USD,1,Fashion Hub Ltd
v-foo-03855-xxl,Tan Loafer (XXL),24.43,USD,12,Apparel Solutions
v-foo-03855-xxl,Tan Loafer (XXL) - Case Pack,280.94,USD,12,Apparel Solutions
v-acc-03856-l,Emerald Leather Tote (L),197.42,USD,1,Textile World Co
v-dre-03860-xs,Cognac Slip Dress (XS),114.7,USD,1,Textile World Co
v-out-03861-m,Indigo Trench Coat (M),137.08,USD,1,Atelier Nord
v-bot-03862-xxl,Blush Denim Short (XXL),114.67,USD,6,Fashion Hub Ltd
v-dre-03863-xs,Emerald Wrap Dress (XS),159.0,CAD,1,Atelier Nord
v-top-03864-m,Beige Silk Blouse (M),126.18,USD,1,Atelier Nord
v-foo-03865-xxl,White Heeled Mule (XXL),263.16,USD,6,Fashion Hub Ltd
v-out-03866-xxl,Black Moto Jacket (XXL),253.05,USD,1,Apparel Solutions
v-foo-03867-m,Camel Low-Top Sneaker (M),172.45,USD,1,Textile World Co
v-out-03868-l,Tan Wool Peacoat (L),206.51,USD,1,Fashion Hub Ltd
v-bot-03869-xs,Charcoal Denim Short (XS),51.49,USD,1,Fashion Hub Ltd
v-acc-03870-xxl,White Twill Scarf (XXL),370.1,CAD,6,Atelier Nord
v-dre-03871-xs,Beige Midi Dress (XS),221.81,USD,1,Atelier Nord
v-bot-03872-s,Charcoal Wide-Leg Trouser (S),201.41,USD,1,Atelier Nord
v-foo-03873-s,Indigo Ankle Boot (S),23.43,USD,12,Fashion Hub Ltd
v-bot-03874-m,Ivory Skinny Jean (M),291.7,USD,6,Textile World Co
v-dre-03875-l,Beige Shirt Dress (L),88.37,USD,6,Apparel Solutions
v-out-03877-m,Beige Blazer (M),225.35,USD,1,Atelier Nord
v-top-03878-l,Cognac Cardigan (L),120.96,USD,6,Textile World Co
v-dre-03879-m,Camel Midi Dress (M),101.46,USD,1,Fashion Hub Ltd
v-foo-03880-m,Indigo Espadrille (M),221.27,USD,1,Textile World Co
v-bot-03881-xl,Camel Midi Skirt (XL),219.36,USD,1,Textile World Co
v-foo-03882-s,Tan Heeled Mule (S),377.49,CAD,1,Atelier Nord
v-out-03883-m,Cognac Wool Peacoat (M),64.26,USD,1,Textile World Co
v-dre-03884-xs,Emerald Slip Dress (XS),88.22,USD,1,Apparel Solutions
v-foo-03885-xxl,Charcoal Loafer (XXL),107.19,USD,1,Apparel Solutions
v-acc-03886-xs,Cognac Woven Belt (XS),25.22,USD,6,Apparel Solutions
v-top-03887-xs,Burgundy Tank Top (XS),184.44,USD,1,Textile World Co
v-bot-03888-xs,Black Linen Pant (XS),74.93,USD,1,Atelier Nord
v-foo-03889-xs,Beige Low-Top Sneaker (XS),209.69,CAD,1,Atelier Nord
v-foo-03890-xxl,Camel Ballet Flat (XXL),206.89,USD,12,Apparel Solutions
v-foo-03891-l,White Ankle Boot (L),123.42,USD,6,Textile World Co
v-dre-03892-s,Tan Wrap Dress (S),113.39,USD,6,Fashion Hub Ltd
v-acc-03893-xs,Cognac Leather Tote (XS),80.15,USD,6,Apparel Solutions
v-bot-03894-m,Beige Chino Pant (M),269.44,USD,1,Textile World Co
v-dre-03895-xxl,White Midi Dress (XXL),51.75,USD,6,Fashion Hub Ltd
v-dre-03896-m,Black Slip Dress (M),137.63,USD,12,Textile World Co
v-dre-03897-l,Cognac Midi Dress (L),401.24,CAD,1,Atelier Nord
v-acc-03898-m,Cognac Twill Scarf (M),84.76,USD,6,Atelier Nord
v-acc-03899-m,Blush Statement Earrings (M),119.26,USD,6,Apparel Solutions
v-acc-03900-xl,Black Crossbody Bag (XL),195.98,USD,1,
v-top-03901-m,Tan Henley (M),275.61,USD,1,Apparel Solutions
v-top-03901-m,Tan Henley (M) - Case Pack,3169.52,USD,12,Apparel Solutions
v-acc-03902-l,Burgundy Leather Tote (L),294.93,USD,6,Fashion Hub Ltd
v-dre-03904-s,White Maxi Dress (S),218.9,USD,1,Fashion Hub Ltd
v-out-03905-xxl,Burgundy Blazer (XXL),259.12,USD,1,Textile World Co
v-bot-03906-xs,Indigo Midi Skirt (XS),176.03,USD,12,Apparel Solutions
v-acc-03907-s,Indigo Crossbody Bag (S),194.47,USD,1,Fashion Hub Ltd
v-foo-03908-xl,White Low-Top Sneaker (XL),91.84,USD,12,Atelier Nord
v-foo-03909-l,White Ballet Flat (L),290.92,USD,1,Atelier Nord
v-top-03910-xl,Burgundy Tank Top (XL),279.46,USD,1,Textile World Co
v-acc-03911-l,Indigo Statement Earrings (L),225.78,USD,6,Textile World Co
v-top-03913-s,Tan Button-Up Shirt (S),58.83,USD,1,Fashion Hub Ltd
v-dre-03914-xxl,Black Shift Dress (XXL),185.72,USD,1,Textile World Co
v-bot-03915-l,Ivory Pleated Skirt (L),236.12,USD,6,Apparel Solutions
v-out-03916-xl,Beige Trench Coat (XL),50.47,USD,6,Fashion Hub Ltd
v-foo-03917-m,Burgundy Ankle Boot (M),77.87,USD,12,Apparel Solutions
v-acc-03918-m,Tan Leather Tote (M),154.75,USD,1,Textile World Co
v-top-03919-xxl,Tan Crewneck Tee (XXL),222.43,USD,1,Textile World Co
v-top-03920-xs,Blush V-Neck Sweater (XS),61.77,USD,1,Atelier Nord
v-out-03921-l,Ivory Puffer Vest (L),274.22,USD,12,Apparel Solutions
v-bot-03922-l,White Denim Short (L),233.52,USD,12,Textile World Co
v-top-03923-xl,Charcoal Henley (XL),64.38,USD,1,Textile World Co
v-out-03924-m,White Puffer Vest (M),115.66,CAD,1,Atelier Nord
v-out-03925-m,Black Moto Jacket (M),194.99,USD,12,Textile World Co
v-top-03926-m,Tan Henley (M),276.38,USD,12,Apparel Solutions
v-bot-03927-m,Camel Skinny Jean (M),33.45,USD,12,Apparel Solutions
v-bot-03928-l,Tan Midi Skirt (L),189.71,USD,1,Textile World Co
v-acc-03929-m,Tan Woven Belt (M),73.29,USD,6,
v-top-03932-l,Charcoal Silk Blouse (L),31.6,USD,1,Fashion Hub Ltd
v-bot-03934-l,Camel Wide-Leg Trouser (L),45.27,USD,1,Fashion Hub Ltd
v-bot-03935-s,White Skinny Jean (S),130.48,USD,6,Textile World Co
v-top-03936-xxl,Tan Turtleneck (XXL),296.6,USD,1,Fashion Hub Ltd
v-top-03936-xxl,Tan Turtleneck (XXL) - Case Pack,3410.9,USD,12,Fashion Hub Ltd
v-top-03937-l,Charcoal Cardigan (L),90.99,USD,1,Fashion Hub Ltd
v-foo-03939-m,Burgundy Loafer (M),143.75,USD,1,Atelier Nord
v-top-03941-l,Black Henley (L),149.87,USD,1,Fashion Hub Ltd
v-dre-03942-xxl,Tan Wrap Dress (XXL),46.46,USD,1,Apparel Solutions
v-top-03943-xs,White Tank Top (XS),204.27,USD,6,Fashion Hub Ltd
v-dre-03944-xl,Indigo Shift Dress (XL),60.77,USD,12,Atelier Nord
v-dre-03945-xl,White Maxi Dress (XL),155.65,USD,1,Textile World Co
v-bot-03946-xxl,Emerald Chino Pant (XXL),222.28,USD,12,Fashion Hub Ltd
v-out-03947-s,Indigo Trench Coat (S),139.69,USD,1,Apparel Solutions
v-out-03947-s,Indigo Trench Coat (S) - Case Pack,1606.43,USD,12,Apparel Solutions
v-out-03948-xl,Emerald Denim Jacket (XL),300.08,USD,1,Textile World Co
v-out-03949-xs,Emerald Trench Coat (XS),180.83,USD,1,Textile World Co
v-acc-03950-s,Black Woven Belt (S),83.09,USD,1,Textile World Co
v-out-03951-m,Camel Moto Jacket (M),285.21,USD,1,Atelier Nord
v-out-03952-s,Burgundy Trench Coat (S),101.13,USD,1,Fashion Hub Ltd
v-out-03953-xxl,White Denim Jacket (XXL),69.13,USD,12,Apparel Solutions
v-out-03955-m,Indigo Trench Coat (M),35.77,CAD,1,Atelier Nord
v-dre-03956-xl,Cognac Maxi Dress (XL),196.95,USD,1,Atelier Nord
v-bot-03957-xl,Cognac Chino Pant (XL),19.16,USD,12,Textile World Co
v-top-03959-s,Beige Tank Top (S),255.27,USD,1,Textile World Co
v-acc-03960-xs,Emerald Leather Tote (XS),160.21,CAD,1,Atelier Nord
v-acc-03960-xs,Emerald Leather Tote (XS) - Case Pack,1842.42,CAD,12,Atelier Nord
v-top-03961-xs,Camel Crewneck Tee (XS),260.45,USD,1,Atelier Nord
v-top-03962-l,Cognac V-Neck Sweater (L),58.22,USD,12,Textile World Co
v-out-03963-s,Cognac Moto Jacket (S),43.72,USD,12,Fashion Hub Ltd
v-acc-03964-xxl,Indigo Wide-Brim Hat (XXL),276.87,USD,1,Fashion Hub Ltd
v-foo-03966-xl,Emerald Loafer (XL),116.26,USD,1,Fashion Hub Ltd
v-out-03967-m,White Moto Jacket (M),251.5,USD,6,Atelier Nord
v-foo-03968-xl,White Espadrille (XL),327.19,USD,1,Fashion Hub Ltd
v-top-03969-xxl,Charcoal Henley (XXL),142.57,USD,6,Apparel Solutions
v-out-03970-s,White Trench Coat (S),317.07,USD,6,Atelier Nord
v-dre-03971-xxl,Ivory Maxi Dress (XXL),67.58,CAD,1,Atelier Nord
v-out-03972-xl,Emerald Trench Coat (XL),46.05,USD,12,Fashion Hub Ltd
v-acc-03973-xxl,Beige Statement Earrings (XXL),135.16,USD,1,Fashion Hub Ltd
v-top-03974-xxl,Charcoal V-Neck Sweater (XXL),173.98,USD,6,Fashion Hub Ltd
v-top-03974-xxl,Charcoal V-Neck Sweater (XXL) - Case Pack,2000.77,USD,12,Fashion Hub Ltd
v-dre-03975-xxl,Tan Midi Dress (XXL),53.41,USD,1,Textile World Co
v-acc-03976-xs,Indigo Leather Tote (XS),43.0,USD,1,Textile World Co
v-out-03978-xl,Ivory Blazer (XL),259.78,USD,6,Apparel Solutions
v-dre-03979-m,Charcoal Slip Dress (M),292.22,USD,6,Atelier Nord
v-foo-03980-xs,Cognac Loafer (XS),173.81,USD,6,Textile World Co
v-out-03982-xl,White Wool Peacoat (XL),115.26,USD,1,Textile World Co
v-acc-03983-l,Emerald Woven Belt (L),296.96,USD,1,Textile World Co
v-acc-03984-s,Burgundy Leather Tote (S),357.48,CAD,1,Atelier Nord
v-bot-03987-xl,Black Midi Skirt (XL),21.15,USD,1,Textile World Co
v-out-03988-xxl,Tan Puffer Vest (XXL),255.7,USD,1,
v-foo-03989-xxl,Burgundy Heeled Mule (XXL),128.89,USD,6,Apparel Solutions
v-bot-03990-xxl,Camel Linen Pant (XXL),184.93,USD,1,Fashion Hub Ltd
v-top-03991-xxl,Emerald Henley (XXL),118.69,USD,6,Textile World Co
v-out-03993-l,Black Denim Jacket (L),55.5,USD,1,Textile World Co
v-dre-03994-s,Burgundy Wrap Dress (S),58.11,USD,1,Apparel Solutions
v-bot-03995-xs,Camel Linen Pant (XS),261.66,USD,1,Textile World Co
v-acc-03996-xxl,Ivory Leather Tote (XXL),154.8,USD,1,Textile World Co
v-foo-03998-xxl,Ivory Ballet Flat (XXL),64.67,USD,1,
v-dre-03999-xl,Burgundy Wrap Dress (XL),145.9,USD,1,Apparel Solutions
v-top-04000-xxl,Tan V-Neck Sweater (XXL),223.59,USD,1,Atelier Nord
v-dre-04001-xl,Beige Wrap Dress (XL),50.11,USD,1,Apparel Solutions
v-dre-04001-xl,Beige Wrap Dress (XL) - Case Pack,576.26,USD,12,Apparel Solutions
v-bot-04002-xl,Cognac Denim Short (XL),298.29,USD,1,Fashion Hub Ltd
v-dre-04003-s,Tan Shift Dress (S),267.17,USD,1,Apparel Solutions
v-acc-04004-xl,Black Wide-Brim Hat (XL),129.83,USD,1,Textile World Co
v-top-04005-s,Tan Crewneck Tee (S),133.67,USD,1,Apparel Solutions
v-acc-04006-s,Beige Wide-Brim Hat (S),209.98,USD,1,Fashion Hub Ltd
v-bot-04008-xl,Ivory Midi Skirt (XL),89.1,USD,1,Apparel Solutions
v-top-04009-xs,White Button-Up Shirt (XS),200.78,USD,6,Textile World Co
v-foo-04010-s,Camel Low-Top Sneaker (S),212.4,USD,1,Apparel Solutions
v-top-04011-xxl,Indigo Cardigan (XXL),173.75,USD,1,
v-out-04012-m,Charcoal Trench Coat (M),303.82,USD,1,Textile World Co
v-out-04013-xxl,White Wool Peacoat (XXL),217.91,CAD,12,Atelier Nord
v-top-04014-m,Blush Cardigan (M),103.33,USD,12,Textile World Co
v-foo-04015-m,Cognac Low-Top Sneaker (M),24.71,USD,12,Apparel Solutions
v-dre-04016-m,Beige Wrap Dress (M),324.28,USD,6,Textile World Co
v-foo-04018-l,Beige Heeled Mule (L),116.42,USD,1,Apparel Solutions
v-top-04019-m,Indigo Henley (M),93.13,USD,1,Fashion Hub Ltd
v-foo-04020-xs,Charcoal Loafer (XS),254.54,USD,1,Fashion Hub Ltd
v-acc-04022-l,Tan Wide-Brim Hat (L),230.72,CAD,1,Atelier Nord
v-out-04023-xl,Cognac Puffer Vest (XL),156.23,USD,6,Apparel Solutions
v-top-04025-xl,Camel V-Neck Sweater (XL),294.45,USD,1,Atelier Nord
v-bot-04026-m,Cognac Midi Skirt (M),67.06,CAD,1,Atelier Nord
v-dre-04027-xxl,Indigo Maxi Dress (XXL),18.38,USD,1,Apparel Solutions
v-foo-04030-xl,Indigo Espadrille (XL),23.55,USD,1,Apparel Solutions
v-top-04031-l,Indigo Tank Top (L),163.08,USD,1,Textile World Co
v-out-04033-xl,Cognac Blazer (XL),293.78,USD,1,Textile World Co
v-dre-04034-m,Ivory Wrap Dress (M),312.64,USD,12,Fashion Hub Ltd
v-dre-04035-l,Emerald Shirt Dress (L),255.18,USD,1,Textile World Co
v-top-04038-xs,Black V-Neck Sweater (XS),149.74,USD,6,Textile World Co
v-out-04041-l,Charcoal Moto Jacket (L),140.55,USD,6,Apparel Solutions
v-acc-04042-m,Charcoal Crossbody Bag (M),210.44,USD,1,Apparel Solutions
v-foo-04043-xl,Indigo Ballet Flat (XL),343.34,CAD,12,Atelier Nord
v-top-04044-s,Tan V-Neck Sweater (S),83.74,USD,1,Textile World Co
v-out-04045-xxl,Emerald Moto Jacket (XXL),151.35,USD,1,Fashion Hub Ltd
v-out-04045-xxl,Emerald Moto Jacket (XXL) - Case Pack,1740.52,USD,12,Fashion Hub Ltd
v-top-04046-m,Camel Henley (M),156.81,USD,12,Apparel Solutions
v-acc-04047-l,Ivory Crossbody Bag (L),303.95,USD,6,Textile World Co
v-dre-04048-xl,Black Shirt Dress (XL),363.48,CAD,12,Atelier Nord
v-foo-04050-s,Blush Espadrille (S),280.05,USD,1,Apparel Solutions
v-foo-04050-s,Blush Espadrille (S) - Case Pack,3220.58,USD,12,Apparel Solutions
v-out-04051-s,Black Wool Peacoat (S),135.07,USD,6,Atelier Nord
v-out-04052-m,Black Wool Peacoat (M),25.4,USD,12,Textile World Co
v-out-04053-m,White Wool Peacoat (M),117.53,USD,1,Atelier Nord
v-top-04054-s,Emerald Tank Top (S),33.5,USD,1,Textile World Co
v-top-04055-m,Beige Crewneck Tee (M),263.95,USD,1,Fashion Hub Ltd
v-dre-04056-s,Cognac Shirt Dress (S),242.07,USD,1,Textile World Co
v-bot-04057-xxl,Blush Denim Short (XXL),125.05,USD,12,Atelier Nord
v-bot-04058-s,Tan Midi Skirt (S),147.81,USD,12,Atelier Nord
v-acc-04059-xs,Black Statement Earrings (XS),158.44,USD,1,Apparel Solutions
v-top-04060-xl,Camel Turtleneck (XL),261.92,USD,12,Apparel Solutions
v-foo-04061-xl,Beige Espadrille (XL),373.93,CAD,1,Atelier Nord
v-foo-04061-xl,Beige Espadrille (XL) - Case Pack,4300.19,CAD,12,Atelier Nord
v-foo-04062-m,Tan Ankle Boot (M),257.8,USD,12,Textile World Co
v-dre-04063-xs,Indigo Maxi Dress (XS),239.3,USD,12,Apparel Solutions
v-out-04064-xxl,Cognac Moto Jacket (XXL),241.64,CAD,6,Atelier Nord
v-acc-04065-xl,Burgundy Crossbody Bag (XL),138.45,USD,1,Atelier Nord
v-dre-04067-m,Beige Slip Dress (M),178.17,USD,1,Fashion Hub Ltd
v-acc-04068-s,Burgundy Leather Tote (S),19.07,USD,12,Textile World Co
v-acc-04069-l,Emerald Leather Tote (L),279.41,USD,1,Apparel Solutions
v-out-04070-xl,Charcoal Blazer (XL),70.68,USD,1,Atelier Nord
v-dre-04071-xs,Blush Wrap Dress (XS),288.06,USD,1,Textile World Co
v-foo-04073-m,White Loafer (M),228.5,USD,1,Atelier Nord
v-bot-04074-m,Emerald Pleated Skirt (M),265.37,USD,1,Apparel Solutions
v-dre-04075-m,Camel Slip Dress (M),21.96,USD,6,Fashion Hub Ltd
v-bot-04076-l,Cognac Midi Skirt (L),267.87,USD,1,Textile World Co
v-acc-04077-l,Burgundy Statement Earrings (L),112.46,USD,6,Atelier Nord
v-dre-04078-xs,Charcoal Wrap Dress (XS),303.43,USD,12,
v-acc-04079-s,Black Leather Tote (S),172.97,USD,1,Apparel Solutions
v-out-04080-xs,Cognac Wool Peacoat (XS),85.38,USD,1,Apparel Solutions
v-foo-04082-xl,Black Loafer (XL),226.61,USD,12,Apparel Solutions
v-foo-04083-m,Blush Heeled Mule (M),132.18,USD,12,Fashion Hub Ltd
v-foo-04084-xl,Charcoal Low-Top Sneaker (XL),304.22,USD,12,Textile World Co
v-top-04086-xs,Cognac Turtleneck (XS),279.72,USD,1,Apparel Solutions
v-bot-04087-s,Beige Linen Pant (S),287.07,USD,12,Apparel Solutions
v-foo-04089-s,White Espadrille (S),174.22,USD,1,Fashion Hub Ltd
v-bot-04090-xs,White Pleated Skirt (XS),236.15,USD,12,Apparel Solutions
v-bot-04091-xxl,Blush Skinny Jean (XXL),129.32,USD,6,Apparel Solutions
v-dre-04092-s,Black Midi Dress (S),245.01,USD,12,Fashion Hub Ltd
v-out-04093-xs,Cognac Denim Jacket (XS),283.14,USD,1,Fashion Hub Ltd
v-foo-04094-xxl,Camel Loafer (XXL),115.42,USD,1,Apparel Solutions
v-acc-04095-xxl,Charcoal Crossbody Bag (XXL),119.04,USD,12,Apparel Solutions
v-foo-04096-xl,Ivory Espadrille (XL),60.67,USD,6,Fashion Hub Ltd
v-bot-04097-m,Indigo Skinny Jean (M),302.88,USD,1,Fashion Hub Ltd
v-out-04098-xxl,Burgundy Moto Jacket (XXL),451.26,CAD,6,Atelier Nord
v-foo-04099-xs,Black Ankle Boot (XS),64.37,USD,1,Textile World Co
v-acc-04100-xl,Indigo Twill Scarf (XL),148.75,USD,1,Textile World Co
v-bot-04101-xxl,White Linen Pant (XXL),125.3,USD,1,Atelier Nord
v-acc-04102-xl,Beige Crossbody Bag (XL),416.98,CAD,12,Atelier Nord
v-bot-04103-l,Camel Linen Pant (L),245.84,USD,1,Fashion Hub Ltd
v-foo-04104-xxl,Ivory Low-Top Sneaker (XXL),171.14,USD,6,Apparel Solutions
v-acc-04105-xxl,Black Crossbody Bag (XXL),66.36,USD,1,Textile World Co
v-acc-04106-m,Emerald Statement Earrings (M),210.17,USD,6,Apparel Solutions
v-bot-04107-xs,Emerald Denim Short (XS),202.7,USD,1,Textile World Co
v-acc-04109-s,Burgundy Twill Scarf (S),22.7,USD,1,Atelier Nord
v-dre-04110-s,Black Slip Dress (S),97.44,USD,12,Textile World Co
v-dre-04111-m,Emerald Shift Dress (M),305.69,USD,1,Atelier Nord
v-foo-04112-xxl,Black Ballet Flat (XXL),94.43,USD,6,Fashion Hub Ltd
v-foo-04113-xl,Beige Espadrille (XL),148.92,USD,1,
v-top-04114-m,Indigo V-Neck Sweater (M),142.34,USD,1,Apparel Solutions
v-foo-04115-xl,Emerald Loafer (XL),250.36,USD,12,Atelier Nord
v-out-04116-xl,Beige Blazer (XL),40.79,USD,12,Textile World Co
v-top-04117-s,Tan Cardigan (S),286.86,USD,1,Textile World Co
v-top-04118-l,Cognac Turtleneck (L),296.9,USD,1,Fashion Hub Ltd
v-foo-04119-l,Tan Ballet Flat (L),231.03,USD,1,Fashion Hub Ltd
v-foo-04120-m,Charcoal Ankle Boot (M),246.4,USD,12,Fashion Hub Ltd
v-foo-04121-xxl,Blush Loafer (XXL),192.2,USD,12,Textile World Co
v-top-04122-l,Camel V-Neck Sweater (L),321.76,USD,1,Fashion Hub Ltd
v-out-04123-s,Cognac Trench Coat (S),276.85,USD,12,Apparel Solutions
v-bot-04124-xl,Black Linen Pant (XL),237.45,USD,6,Apparel Solutions
v-acc-04125-xs,Emerald Crossbody Bag (XS),285.5,USD,12,Apparel Solutions
v-acc-04126-l,Burgundy Wide-Brim Hat (L),129.58,USD,6,Apparel Solutions
v-bot-04127-xxl,Tan Pleated Skirt (XXL),279.82,USD,12,Textile World Co
v-bot-04128-xs,Cognac Linen Pant (XS),184.37,USD,1,Fashion Hub Ltd
v-dre-04129-l,Black Midi Dress (L),149.32,USD,12,Apparel Solutions
v-out-04130-xxl,Indigo Denim Jacket (XXL),241.71,CAD,6,Atelier Nord
v-dre-04131-l,Charcoal Slip Dress (L),242.85,USD,1,Apparel Solutions
v-foo-04132-s,Blush Heeled Mule (S),87.65,USD,12,Fashion Hub Ltd
v-out-04133-xxl,Blush Wool Peacoat (XXL),205.63,USD,1,Apparel Solutions
v-acc-04134-m,Emerald Wide-Brim Hat (M),320.34,USD,12,Atelier Nord
v-top-04135-l,Cognac Button-Up Shirt (L),147.86,USD,6,Textile World Co
v-top-04136-xl,Beige V-Neck Sweater (XL),196.99,CAD,1,Atelier Nord
v-dre-04137-m,Indigo Slip Dress (M),39.08,USD,1,Apparel Solutions
v-acc-04138-xs,Camel Crossbody Bag (XS),148.78,USD,1,Atelier Nord
v-bot-04140-l,White Skinny Jean (L),266.79,USD,6,Textile World Co
v-bot-04140-l,White Skinny Jean (L) - Case Pack,3068.09,USD,12,Textile World Co
v-bot-04142-xl,Camel Denim Short (XL),112.49,USD,1,Textile World Co
v-acc-04144-m,Black Wide-Brim Hat (M),254.53,USD,1,Fashion Hub Ltd
v-foo-04145-m,White Ankle Boot (M),144.61,USD,1,Textile World Co
v-foo-04146-xxl,Indigo Heeled Mule (XXL),50.13,USD,12,Atelier Nord
v-foo-04146-xxl,Indigo Heeled Mule (XXL) - Case Pack,576.5,USD,12,Atelier Nord
v-dre-04147-xs,Indigo Shift Dress (XS),94.96,USD,12,Apparel Solutions
v-bot-04149-m,Tan Skinny Jean (M),134.9,USD,1,Textile World Co
v-foo-04150-xl,White Ankle Boot (XL),233.23,USD,6,Textile World Co
v-out-04151-xxl,Tan Blazer (XXL),263.76,USD,1,Textile World Co
v-top-04152-m,White Silk Blouse (M),238.97,USD,1,Apparel Solutions
v-bot-04153-xxl,Black Midi Skirt (XXL),207.07,CAD,1,Atelier Nord
v-bot-04154-l,Ivory Skinny Jean (L),141.31,USD,6,Textile World Co
v-dre-04155-xxl,Emerald Maxi Dress (XXL),103.73,USD,1,Apparel Solutions
v-out-04156-xs,Beige Puffer Vest (XS),365.94,CAD,1,Atelier Nord
v-foo-04157-xs,Beige Espadrille (XS),155.72,USD,12,
v-top-04158-xxl,Beige Silk Blouse (XXL),103.5,USD,12,Apparel Solutions
v-top-04158-xxl,Beige Silk Blouse (XXL) - Case Pack,1190.25,USD,12,Apparel Solutions
v-bot-04159-xxl,Charcoal Pleated Skirt (XXL),142.29,USD,12,Fashion Hub Ltd
v-foo-04160-xxl,Cognac Low-Top Sneaker (XXL),178.27,USD,12,Textile World Co
v-dre-04162-l,Black Slip Dress (L),131.26,USD,1,Fashion Hub Ltd
v-foo-04163-xxl,Tan Ballet Flat (XXL),202.12,USD,12,Textile World Co
v-out-04164-xxl,Emerald Puffer Vest (XXL),66.9,CAD,6,Atelier Nord
v-out-04164-xxl,Emerald Puffer Vest (XXL) - Case Pack,769.35,CAD,12,Atelier Nord
v-foo-04165-xxl,Ivory Low-Top Sneaker (XXL),282.87,USD,1,Fashion Hub Ltd
v-foo-04166-l,Emerald Ankle Boot (L),109.54,USD,1,Textile World Co
v-bot-04167-l,Beige Pleated Skirt (L),53.94,USD,6,Atelier Nord
v-top-04168-m,White V-Neck Sweater (M),169.29,USD,12,Apparel Solutions
v-dre-04169-s,Camel Slip Dress (S),257.97,USD,6,Fashion Hub Ltd
v-foo-04170-s,Ivory Heeled Mule (S),299.35,USD,1,Apparel Solutions
v-top-04172-m,Cognac Cardigan (M),159.27,USD,1,Apparel Solutions
v-bot-04173-xl,Ivory Midi Skirt (XL),316.78,USD,6,Apparel Solutions
v-top-04175-xs,Indigo Cardigan (XS),255.77,USD,6,Textile World Co
v-dre-04176-xs,Tan Shirt Dress (XS),145.38,USD,1,Textile World Co
v-acc-04177-xxl,Tan Statement Earrings (XXL),159.85,USD,1,Apparel Solutions
v-out-04178-l,Camel Moto Jacket (L),272.6,CAD,1,Atelier Nord
v-acc-04179-xl,Tan Crossbody Bag (XL),332.53,CAD,1,Atelier Nord
v-top-04180-m,Burgundy Tank Top (M),316.38,USD,1,Apparel Solutions
v-bot-04182-xs,Indigo Denim Short (XS),41.55,USD,6,Fashion Hub Ltd
v-acc-04183-xs,Tan Twill Scarf (XS),148.26,USD,1,Fashion Hub Ltd
v-foo-04185-m,Cognac Low-Top Sneaker (M),222.32,USD,1,Apparel Solutions
v-bot-04186-m,Burgundy Skinny Jean (M),218.64,USD,12,Textile World Co
v-out-04187-m,Charcoal Blazer (M),259.65,USD,12,Textile World Co
v-dre-04188-xxl,Blush Shirt Dress (XXL),42.52,CAD,1,Atelier Nord
v-bot-04190-xs,Blush Midi Skirt (XS),206.51,USD,1,Textile World Co
v-bot-04191-l,Beige Skinny Jean (L),67.54,USD,12,Apparel Solutions
v-bot-04192-xxl,Indigo Chino Pant (XXL),114.73,USD,6,Textile World Co
v-top-04193-xs,Cognac Button-Up Shirt (XS),234.44,USD,6,Textile World Co
v-top-04194-xxl,Tan Henley (XXL),266.7,USD,1,Textile World Co
v-acc-04196-xxl,Charcoal Crossbody Bag (XXL),247.72,USD,1,Atelier Nord
v-top-04197-xl,Cognac Silk Blouse (XL),147.57,USD,1,Atelier Nord
v-bot-04198-s,Ivory Linen Pant (S),39.96,USD,1,Textile World Co
v-bot-04200-xl,Blush Midi Skirt (XL),138.58,USD,6,Apparel Solutions
v-dre-04201-m,Tan Shirt Dress (M),281.18,USD,1,Atelier Nord
v-dre-04202-m,Blush Shirt Dress (M),306.78,USD,1,Apparel Solutions
v-top-04203-s,White Tank Top (S),283.57,USD,1,Atelier Nord
v-top-04204-xs,Ivory Tank Top (XS),180.42,USD,6,Textile World Co
v-dre-04206-m,White Maxi Dress (M),301.34,CAD,6,Atelier Nord
v-top-04207-xl,Tan Button-Up Shirt (XL),78.87,USD,12,Textile World Co
v-top-04208-s,White V-Neck Sweater (S),65.37,USD,1,Atelier Nord
v-top-04209-xl,Black Turtleneck (XL),416.58,CAD,1,Atelier Nord
v-out-04210-xxl,Black Denim Jacket (XXL),318.79,USD,1,Fashion Hub Ltd
v-top-04211-l,Emerald Turtleneck (L),248.77,USD,1,Textile World Co
v-out-04212-l,Tan Denim Jacket (L),210.15,USD,1,Fashion Hub Ltd
v-foo-04214-s,Beige Heeled Mule (S),84.53,USD,1,Fashion Hub Ltd
v-dre-04215-l,Blush Shirt Dress (L),208.89,USD,1,Apparel Solutions
v-top-04216-xs,Indigo V-Neck Sweater (XS),235.15,USD,1,Apparel Solutions
v-acc-04217-m,Indigo Twill Scarf (M),308.46,USD,1,Fashion Hub Ltd
v-top-04218-s,Camel Turtleneck (S),264.26,USD,1,Apparel Solutions
v-foo-04219-xs,Tan Heeled Mule (XS),182.79,USD,1,Fashion Hub Ltd
v-foo-04220-l,Charcoal Ankle Boot (L),191.41,USD,1,Textile World Co
v-out-04221-xs,Ivory Wool Peacoat (XS),318.02,USD,12,Apparel Solutions
v-bot-04222-xxl,Indigo Linen Pant (XXL),237.94,USD,1,Textile World Co
v-acc-04224-m,Emerald Wide-Brim Hat (M),166.98,USD,12,Apparel Solutions
v-foo-04225-m,Charcoal Low-Top Sneaker (M),253.76,USD,1,Textile World Co
v-acc-04226-xs,Tan Wide-Brim Hat (XS),131.55,USD,1,Fashion Hub Ltd
v-dre-04227-m,Emerald Wrap Dress (M),287.42,USD,12,Apparel Solutions
v-bot-04228-xxl,Burgundy Midi Skirt (XXL),53.73,USD,12,Apparel Solutions
v-top-04229-xs,Black Button-Up Shirt (XS),289.02,USD,1,Textile World Co
v-top-04230-xl,Blush Tank Top (XL),188.53,USD,1,Atelier Nord
v-dre-04231-xs,Emerald Slip Dress (XS),415.3,CAD,6,Atelier Nord
v-out-04232-s,Black Blazer (S),123.17,USD,12,Fashion Hub Ltd
v-top-04233-s,White Button-Up Shirt (S),280.19,USD,6,Apparel Solutions
v-dre-04234-m,Indigo Wrap Dress (M),237.11,USD,1,Textile World Co
v-bot-04235-xl,Indigo Chino Pant (XL),52.68,USD,12,Apparel Solutions
v-dre-04237-m,Camel Midi Dress (M),234.06,USD,1,Atelier Nord
v-dre-04237-m,Camel Midi Dress (M) - Case Pack,2691.69,USD,12,Atelier Nord
v-top-04238-xs,Charcoal Henley (XS),91.1,USD,12,Textile World Co
v-out-04239-xxl,Burgundy Blazer (XXL),163.3,CAD,1,Atelier Nord
v-dre-04240-m,Black Wrap Dress (M),286.5,USD,1,Apparel Solutions
v-dre-04241-xxl,Emerald Shirt Dress (XXL),257.14,USD,1,Textile World Co
v-dre-04242-m,Black Maxi Dress (M),63.41,USD,1,Apparel Solutions
v-foo-04243-xl,Blush Loafer (XL),249.98,USD,6,Apparel Solutions
v-top-04244-xs,White V-Neck Sweater (XS),309.63,USD,1,Atelier Nord
v-dre-04245-m,Blush Maxi Dress (M),145.89,USD,1,Apparel Solutions
v-foo-04246-s,Emerald Loafer (S),135.09,USD,1,Textile World Co
v-foo-04247-xxl,Camel Ballet Flat (XXL),235.32,USD,12,Fashion Hub Ltd
v-foo-04248-l,Tan Ballet Flat (L),240.61,USD,1,Apparel Solutions
v-out-04249-xl,Burgundy Denim Jacket (XL),296.62,USD,1,Textile World Co
v-bot-04250-l,Ivory Denim Short (L),39.0,CAD,1,Atelier Nord
v-out-04251-m,Beige Denim Jacket (M),43.19,CAD,1,Atelier Nord
v-foo-04252-l,Ivory Heeled Mule (L),172.55,USD,6,Textile World Co
v-acc-04253-xxl,White Crossbody Bag (XXL),34.63,USD,12,Fashion Hub Ltd
v-bot-04254-s,White Pleated Skirt (S),66.67,USD,1,Atelier Nord
v-foo-04255-m,Ivory Espadrille (M),68.24,USD,1,Textile World Co
v-bot-04256-s,Ivory Skinny Jean (S),97.5,USD,1,Textile World Co
v-out-04257-l,Black Blazer (L),227.69,USD,1,Apparel Solutions
v-foo-04258-s,Tan Ballet Flat (S),115.85,USD,12,Textile World Co
v-dre-04259-m,Beige Midi Dress (M),58.13,USD,12,Fashion Hub Ltd
v-out-04260-xs,Black Blazer (XS),383.71,CAD,1,Atelier Nord
v-foo-04261-m,Blush Loafer (M),347.87,CAD,1,Atelier Nord
v-top-04262-xxl,Beige V-Neck Sweater (XXL),93.97,USD,1,Fashion Hub Ltd
v-dre-04263-xs,Cognac Midi Dress (XS),91.76,USD,1,Apparel Solutions
v-dre-04264-m,Blush Midi Dress (M),160.83,USD,1,Fashion Hub Ltd
v-foo-04265-xl,Emerald Espadrille (XL),34.93,CAD,12,Atelier Nord
v-bot-04266-s,Beige Linen Pant (S),54.96,USD,6,Textile World Co
v-top-04267-xxl,Beige V-Neck Sweater (XXL),192.88,USD,1,Apparel Solutions
v-foo-04268-s,Tan Loafer (S),252.78,CAD,6,Atelier Nord
v-foo-04269-xxl,Charcoal Heeled Mule (XXL),95.38,USD,1,Fashion Hub Ltd
v-dre-04270-l,Blush Slip Dress (L),201.8,USD,1,Textile World Co
v-acc-04271-m,Indigo Wide-Brim Hat (M),53.18,USD,1,Apparel Solutions
v-top-04273-xl,Ivory Crewneck Tee (XL),152.15,CAD,1,Atelier Nord
v-dre-04275-xs,Camel Shift Dress (XS),99.13,USD,1,Atelier Nord
v-bot-04276-xs,Burgundy Linen Pant (XS),265.53,USD,12,Fashion Hub Ltd
v-out-04277-m,Emerald Trench Coat (M),238.44,USD,6,Fashion Hub Ltd
v-out-04278-xl,Tan Blazer (XL),93.62,USD,1,Atelier Nord
v-top-04279-l,Burgundy Turtleneck (L),168.58,USD,6,Fashion Hub Ltd
v-acc-04280-s,Charcoal Wide-Brim Hat (S),190.91,USD,1,Fashion Hub Ltd
v-out-04281-xxl,Charcoal Trench Coat (XXL),139.85,USD,1,Textile World Co
v-top-04282-m,Camel V-Neck Sweater (M),429.75,CAD,1,Atelier Nord
v-bot-04283-xs,Emerald Chino Pant (XS),251.37,USD,1,Apparel Solutions
v-acc-04285-l,Beige Twill Scarf (L),206.49,USD,6,
v-bot-04286-s,Beige Skinny Jean (S),39.68,USD,12,Apparel Solutions
v-top-04287-xxl,Cognac Silk Blouse (XXL),57.78,USD,1,Apparel Solutions
v-bot-04288-xs,Emerald Denim Short (XS),195.12,USD,1,Apparel Solutions
v-bot-04288-xs,Emerald Denim Short (XS) - Case Pack,2243.88,USD,12,Apparel Solutions
v-out-04289-xl,Blush Puffer Vest (XL),199.48,USD,1,Textile World Co
v-foo-04290-m,Blush Espadrille (M),39.89,USD,6,Fashion Hub Ltd
v-out-04292-m,Emerald Wool Peacoat (M),313.3,USD,12,Fashion Hub Ltd
v-dre-04293-s,Emerald Slip Dress (S),89.78,CAD,1,Atelier Nord
v-foo-04294-xl,Cognac Ankle Boot (XL),224.37,USD,1,Textile World Co
v-acc-04295-xxl,Emerald Wide-Brim Hat (XXL),91.13,USD,1,Atelier Nord
v-out-04296-m,Ivory Denim Jacket (M),72.76,USD,6,Apparel Solutions
v-acc-04297-xl,Camel Woven Belt (XL),233.85,CAD,1,Atelier Nord
v-out-04298-xs,Emerald Wool Peacoat (XS),278.89,USD,1,Apparel Solutions
v-foo-04299-xs,Tan Espadrille (XS),203.15,USD,1,Textile World Co
v-bot-04300-xxl,Cognac Pleated Skirt (XXL),222.08,USD,1,Fashion Hub Ltd
v-out-04301-xs,Indigo Puffer Vest (XS),233.94,USD,12,Fashion Hub Ltd
v-foo-04302-xxl,Indigo Ankle Boot (XXL),171.33,USD,6,Apparel Solutions
v-bot-04303-l,Ivory Pleated Skirt (L),325.55,CAD,1,Atelier Nord
v-dre-04304-s,Beige Shift Dress (S),85.85,USD,1,Fashion Hub Ltd
v-foo-04305-m,Burgundy Ankle Boot (M),294.39,USD,1,Fashion Hub Ltd
v-out-04306-xxl,White Trench Coat (XXL),242.94,USD,1,Fashion Hub Ltd
v-bot-04307-xs,Camel Chino Pant (XS),164.87,USD,6,Apparel Solutions
v-foo-04308-xxl,Black Ankle Boot (XXL),177.96,USD,1,
v-bot-04309-xl,Blush Wide-Leg Trouser (XL),155.01,USD,1,Apparel Solutions
v-bot-04310-xxl,Cognac Denim Short (XXL),273.19,USD,1,Textile World Co
v-out-04311-xxl,Indigo Blazer (XXL),353.88,CAD,1,Atelier Nord
v-bot-04312-xs,Beige Midi Skirt (XS),69.0,USD,1,Textile World Co
v-dre-04313-s,Burgundy Maxi Dress (S),159.04,CAD,1,Atelier Nord
v-bot-04314-xl,Beige Wide-Leg Trouser (XL),189.43,USD,12,Fashion Hub Ltd
v-dre-04315-xs,Indigo Maxi Dress (XS),105.34,USD,12,Apparel Solutions
v-out-04316-xxl,Burgundy Trench Coat (XXL),115.5,USD,1,Apparel Solutions
v-dre-04317-s,Tan Midi Dress (S),137.42,USD,6,Fashion Hub Ltd
v-bot-04318-xxl,Burgundy Linen Pant (XXL),239.8,USD,12,Fashion Hub Ltd
v-dre-04319-xl,Charcoal Slip Dress (XL),112.74,USD,12,Textile World Co
v-foo-04320-xs,Beige Heeled Mule (XS),119.82,USD,12,Apparel Solutions
v-acc-04321-xxl,Ivory Wide-Brim Hat (XXL),72.87,USD,1,Apparel Solutions
v-acc-04322-l,Blush Leather Tote (L),92.1,USD,6,Textile World Co
v-bot-04325-l,Camel Wide-Leg Trouser (L),25.02,USD,1,Apparel Solutions
v-bot-04326-s,Emerald Linen Pant (S),86.32,USD,1,Fashion Hub Ltd
v-dre-04327-xs,Indigo Wrap Dress (XS),90.83,USD,1,Textile World Co
v-top-04328-xxl,Emerald Crewneck Tee (XXL),125.0,USD,1,Fashion Hub Ltd
v-foo-04329-xl,Black Heeled Mule (XL),204.64,USD,6,Apparel Solutions
v-bot-04330-xxl,Tan Wide-Leg Trouser (XXL),301.78,USD,1,Apparel Solutions
v-top-04331-xl,Beige V-Neck Sweater (XL),129.54,USD,1,Textile World Co
v-top-04332-s,Blush Silk Blouse (S),292.44,USD,12,Fashion Hub Ltd
v-foo-04333-xxl,Charcoal Ankle Boot (XXL),275.49,USD,1,Apparel Solutions
v-foo-04333-xxl,Charcoal Ankle Boot (XXL) - Case Pack,3168.14,USD,12,Apparel Solutions
v-acc-04334-xxl,Burgundy Leather Tote (XXL),203.01,USD,6,Apparel Solutions
v-top-04335-m,White Henley (M),384.25,CAD,1,Atelier Nord
v-out-04336-l,Indigo Moto Jacket (L),70.66,USD,1,Textile World Co
v-acc-04337-l,Camel Leather Tote (L),22.57,USD,1,Textile World Co
v-acc-04338-xs,Ivory Crossbody Bag (XS),298.52,USD,12,Apparel Solutions
v-dre-04339-xs,Black Midi Dress (XS),209.6,CAD,6,Atelier Nord
v-top-04340-xs,Ivory Button-Up Shirt (XS),207.36,USD,6,Apparel Solutions
v-dre-04341-l,Tan Shirt Dress (L),156.34,USD,1,Atelier Nord
v-acc-04343-xs,Black Wide-Brim Hat (XS),41.81,USD,1,Fashion Hub Ltd
v-out-04344-xs,White Blazer (XS),197.45,USD,6,Textile World Co
v-foo-04345-xl,Cognac Loafer (XL),180.73,USD,1,Fashion Hub Ltd
v-dre-04346-xs,Tan Maxi Dress (XS),404.75,CAD,1,Atelier Nord
v-out-04347-xxl,Emerald Puffer Vest (XXL),43.85,USD,1,Apparel Solutions
v-foo-04348-xxl,Blush Ankle Boot (XXL),216.74,USD,6,Fashion Hub Ltd
v-top-04350-xxl,Ivory Henley (XXL),62.39,USD,1,Atelier Nord
v-top-04350-xxl,Ivory Henley (XXL) - Case Pack,717.49,USD,12,Atelier Nord
v-acc-04351-xxl,White Wide-Brim Hat (XXL),154.27,USD,1,Apparel Solutions
v-bot-04352-m,Indigo Pleated Skirt (M),155.93,USD,1,Fashion Hub Ltd
v-acc-04353-xl,Black Statement Earrings (XL),34.91,USD,6,Textile World Co
v-out-04354-xl,Beige Puffer Vest (XL),48.59,USD,12,Apparel Solutions
v-dre-04355-s,Cognac Slip Dress (S),225.01,CAD,1,Atelier Nord
v-out-04356-xl,Camel Denim Jacket (XL),306.23,USD,1,Fashion Hub Ltd
v-foo-04357-l,Indigo Espadrille (L),38.86,USD,1,Apparel Solutions
v-out-04358-l,White Moto Jacket (L),122.47,USD,12,Apparel Solutions
v-acc-04359-l,Blush Wide-Brim Hat (L),306.17,USD,1,Textile World Co
v-top-04360-xxl,Tan Crewneck Tee (XXL),81.81,USD,1,Atelier Nord
v-top-04360-xxl,Tan Crewneck Tee (XXL) - Case Pack,940.82,USD,12,Atelier Nord
v-acc-04361-m,Ivory Twill Scarf (M),148.99,USD,6,Apparel Solutions
v-out-04362-l,Emerald Blazer (L),22.79,USD,1,Textile World Co
v-out-04363-xl,Burgundy Denim Jacket (XL),49.12,USD,1,Atelier Nord
v-out-04364-m,Blush Moto Jacket (M),300.02,CAD,6,Atelier Nord
v-top-04365-xxl,Camel Silk Blouse (XXL),56.16,USD,6,
v-dre-04366-xs,Blush Shift Dress (XS),318.19,USD,6,Fashion Hub Ltd
v-top-04367-xl,Tan Crewneck Tee (XL),200.9,USD,6,Textile World Co
v-acc-04368-xl,Charcoal Crossbody Bag (XL),58.64,USD,6,Atelier Nord
v-out-04369-s,Black Trench Coat (S),90.81,USD,6,Apparel Solutions
v-acc-04370-xs,Black Twill Scarf (XS),104.44,USD,1,Fashion Hub Ltd
v-foo-04371-s,Beige Ballet Flat (S),164.79,USD,6,Fashion Hub Ltd
v-out-04373-xl,Cognac Trench Coat (XL),309.44,CAD,1,
v-foo-04374-s,Indigo Loafer (S),121.52,USD,1,Textile World Co
v-dre-04375-xs,Indigo Shirt Dress (XS),71.93,USD,1,Fashion Hub Ltd
v-bot-04376-xs,Camel Wide-Leg Trouser (XS),126.84,USD,1,Apparel Solutions
v-dre-04378-xxl,Cognac Wrap Dress (XXL),256.02,USD,1,Textile World Co
v-dre-04379-l,Indigo Wrap Dress (L),43.39,CAD,1,Atelier Nord
v-top-04380-xl,Charcoal Silk Blouse (XL),165.49,USD,1,Textile World Co
v-dre-04381-xl,Tan Maxi Dress (XL),192.33,USD,6,Fashion Hub Ltd
v-dre-04381-xl,Tan Maxi Dress (XL) - Case Pack,2211.8,USD,12,Fashion Hub Ltd
v-bot-04382-m,White Chino Pant (M),165.63,USD,6,Textile World Co
v-foo-04383-m,Camel Ballet Flat (M),22.53,USD,1,Textile World Co
v-dre-04384-s,Cognac Shirt Dress (S),181.39,USD,1,Apparel Solutions
v-acc-04385-l,Charcoal Twill Scarf (L),163.38,USD,1,Textile World Co
v-top-04386-xs,White Turtleneck (XS),238.31,USD,1,Fashion Hub Ltd
v-out-04387-xs,Beige Blazer (XS),245.93,USD,12,Apparel Solutions
v-foo-04388-l,Black Heeled Mule (L),25.47,USD,6,
v-top-04389-xl,White V-Neck Sweater (XL),238.15,USD,1,Textile World Co
v-acc-04390-m,Ivory Wide-Brim Hat (M),193.85,CAD,1,Atelier Nord
v-top-04391-m,Charcoal Crewneck Tee (M),102.48,USD,1,Fashion Hub Ltd
v-top-04392-xl,White V-Neck Sweater (XL),112.25,USD,1,Fashion Hub Ltd
v-acc-04393-s,Charcoal Statement Earrings (S),210.39,USD,1,Apparel Solutions
v-foo-04394-m,Black Espadrille (M),154.67,USD,1,Apparel Solutions
v-out-04395-xxl,Beige Moto Jacket (XXL),250.95,USD,1,Apparel Solutions
v-top-04396-xl,Tan Button-Up Shirt (XL),181.9,USD,1,Atelier Nord
v-bot-04397-m,Camel Skinny Jean (M),98.94,USD,1,Atelier Nord
v-bot-04398-xxl,Blush Chino Pant (XXL),280.89,CAD,6,Atelier Nord
v-acc-04399-s,Black Woven Belt (S),278.19,USD,1,Textile World Co
v-dre-04400-xl,Tan Slip Dress (XL),19.1,USD,1,Atelier Nord
v-foo-04401-s,Burgundy Ankle Boot (S),248.58,USD,6,Atelier Nord
v-foo-04401-s,Burgundy Ankle Boot (S) - Case Pack,2858.67,USD,12,Atelier Nord
v-bot-04402-l,Tan Midi Skirt (L),38.59,USD,1,Apparel Solutions
v-bot-04403-l,Indigo Wide-Leg Trouser (L),94.35,USD,1,Apparel Solutions
v-acc-04404-m,Black Wide-Brim Hat (M),298.58,USD,12,Atelier Nord
v-top-04405-xs,White Crewneck Tee (XS),214.31,USD,12,Atelier Nord
v-top-04406-s,Blush Silk Blouse (S),27.61,USD,1,Atelier Nord
v-top-04407-m,Emerald Button-Up Shirt (M),158.81,USD,1,Atelier Nord
v-out-04409-s,Tan Moto Jacket (S),263.33,USD,6,Atelier Nord
v-out-04410-xs,Black Denim Jacket (XS),164.03,USD,1,Atelier Nord
v-out-04411-m,Beige Wool Peacoat (M),267.14,USD,1,Textile World Co
v-foo-04412-xs,White Ankle Boot (XS),68.47,CAD,6,Atelier Nord
v-top-04413-xl,Camel Crewneck Tee (XL),71.62,USD,1,Fashion Hub Ltd
v-dre-04414-m,White Shift Dress (M),270.83,USD,1,Apparel Solutions
v-dre-04416-s,Ivory Shift Dress (S),155.49,USD,1,Fashion Hub Ltd
v-bot-04417-m,Charcoal Linen Pant (M),302.34,USD,1,Textile World Co
v-bot-04419-xxl,Indigo Linen Pant (XXL),307.46,USD,1,Fashion Hub Ltd
v-out-04420-l,White Trench Coat (L),300.28,USD,1,Textile World Co
v-out-04421-m,Ivory Blazer (M),234.18,USD,6,Atelier Nord
v-foo-04423-xxl,Emerald Low-Top Sneaker (XXL),184.36,USD,6,Atelier Nord
v-bot-04426-l,Blush Midi Skirt (L),55.77,USD,12,Textile World Co
v-bot-04427-l,Black Pleated Skirt (L),306.32,USD,1,Textile World Co
v-dre-04428-l,Camel Maxi Dress (L),255.5,USD,1,Textile World Co
v-foo-04429-xs,Black Heeled Mule (XS),212.18,USD,1,
v-out-04430-xl,Charcoal Moto Jacket (XL),96.48,USD,1,Textile World Co
v-acc-04431-xl,Burgundy Twill Scarf (XL),183.63,CAD,12,Atelier Nord
v-dre-04432-xxl,Beige Midi Dress (XXL),115.49,USD,12,Fashion Hub Ltd
v-top-04433-xxl,Black Crewneck Tee (XXL),248.89,USD,6,Fashion Hub Ltd
v-acc-04434-m,White Twill Scarf (M),55.78,CAD,12,Atelier Nord
v-foo-04435-xl,Charcoal Heeled Mule (XL),251.96,USD,6,Apparel Solutions
v-bot-04436-xs,Charcoal Skinny Jean (XS),230.31,USD,1,Fashion Hub Ltd
v-acc-04437-m,Cognac Leather Tote (M),268.04,USD,1,Atelier Nord
v-acc-04438-xl,Burgundy Statement Earrings (XL),164.33,USD,1,Atelier Nord
v-bot-04439-m,Black Skinny Jean (M),166.23,USD,12,Apparel Solutions
v-out-04440-xxl,Charcoal Blazer (XXL),362.61,CAD,12,Atelier Nord
v-acc-04441-xl,White Crossbody Bag (XL),55.97,USD,1,Textile World Co
v-foo-04442-s,Ivory Loafer (S),141.32,USD,1,
v-acc-04443-xs,Camel Crossbody Bag (XS),186.92,CAD,6,Atelier Nord
v-top-04444-l,Charcoal Silk Blouse (L),260.2,USD,1,Apparel Solutions
v-bot-04445-s,Cognac Chino Pant (S),294.1,USD,1,Apparel Solutions
v-out-04446-xs,Camel Denim Jacket (XS),61.73,USD,1,Textile World Co
v-foo-04447-xxl,Charcoal Espadrille (XXL),302.02,USD,6,Textile World Co
v-foo-04448-l,Tan Low-Top Sneaker (L),312.4,USD,1,Atelier Nord
v-foo-04449-xl,Emerald Low-Top Sneaker (XL),202.8,USD,1,Apparel Solutions
v-bot-04450-s,Blush Wide-Leg Trouser (S),338.08,CAD,1,Atelier Nord
v-acc-04451-s,Camel Wide-Brim Hat (S),249.56,USD,1,Atelier Nord
v-top-04453-xs,Camel Cardigan (XS),117.09,USD,6,Fashion Hub Ltd
v-top-04454-xxl,Blush Tank Top (XXL),206.61,USD,1,Apparel Solutions
v-acc-04455-s,Burgundy Crossbody Bag (S),247.04,CAD,12,Atelier Nord
v-dre-04456-xxl,White Slip Dress (XXL),21.69,USD,6,Textile World Co
v-bot-04457-xs,Ivory Chino Pant (XS),73.78,USD,1,Atelier Nord
v-acc-04458-s,Charcoal Twill Scarf (S),115.96,USD,1,Textile World Co
v-acc-04458-s,Charcoal Twill Scarf (S) - Case Pack,1333.54,USD,12,Textile World Co
v-foo-04459-xl,Ivory Ankle Boot (XL),121.75,USD,1,Apparel Solutions
v-bot-04460-xl,Emerald Linen Pant (XL),202.24,USD,12,Textile World Co
v-acc-04462-xs,White Twill Scarf (XS),321.23,CAD,6,Atelier Nord
v-top-04463-xl,Burgundy Turtleneck (XL),91.31,CAD,1,Atelier Nord
v-acc-04464-xs,Indigo Crossbody Bag (XS),66.52,USD,12,Fashion Hub Ltd
v-bot-04465-xs,Charcoal Wide-Leg Trouser (XS),184.93,USD,1,Fashion Hub Ltd
v-bot-04466-xl,Burgundy Skinny Jean (XL),192.48,USD,1,Textile World Co
v-top-04468-xxl,Emerald Crewneck Tee (XXL),43.13,USD,1,Textile World Co
v-bot-04470-xl,White Skinny Jean (XL),356.87,CAD,1,Atelier Nord
v-bot-04470-xl,White Skinny Jean (XL) - Case Pack,4104.01,CAD,12,Atelier Nord
v-bot-04471-m,Emerald Denim Short (M),157.62,USD,1,
v-foo-04472-s,Indigo Espadrille (S),116.91,USD,1,Atelier Nord
v-acc-04473-m,Blush Statement Earrings (M),45.73,USD,12,Apparel Solutions
v-dre-04474-xl,Black Wrap Dress (XL),203.8,USD,12,
v-top-04476-l,Charcoal Crewneck Tee (L),306.57,USD,1,Fashion Hub Ltd
v-bot-04477-s,Black Pleated Skirt (S),18.74,USD,1,Textile World Co
v-dre-04478-xxl,Ivory Shirt Dress (XXL),77.58,USD,6,Apparel Solutions
v-bot-04479-l,White Denim Short (L),275.64,USD,1,Textile World Co
v-foo-04480-xxl,Indigo Ankle Boot (XXL),87.26,USD,1,Atelier Nord
v-out-04481-xl,Indigo Puffer Vest (XL),332.36,CAD,1,Atelier Nord
v-bot-04482-m,Black Wide-Leg Trouser (M),102.85,USD,12,Apparel Solutions
v-top-04483-l,White Cardigan (L),133.37,CAD,1,Atelier Nord
v-top-04484-xxl,Camel Button-Up Shirt (XXL),180.12,USD,1,Apparel Solutions
v-acc-04485-l,White Statement Earrings (L),106.49,USD,6,Atelier Nord
v-acc-04486-xs,Cognac Leather Tote (XS),104.12,USD,1,Textile World Co
v-top-04487-xxl,Black Tank Top (XXL),210.61,USD,1,Atelier Nord
v-acc-04488-xs,Charcoal Statement Earrings (XS),266.46,USD,1,Apparel Solutions
v-foo-04490-l,Charcoal Loafer (L),297.51,CAD,1,Atelier Nord
v-dre-04491-xxl,Black Shirt Dress (XXL),168.02,USD,1,Apparel Solutions
v-dre-04491-xxl,Black Shirt Dress (XXL) - Case Pack,1932.23,USD,12,Apparel Solutions
v-dre-04492-s,Tan Shirt Dress (S),32.05,USD,1,Apparel Solutions
v-bot-04494-xxl,Emerald Chino Pant (XXL),141.32,USD,12,Textile World Co
v-out-04495-xl,Cognac Wool Peacoat (XL),306.07,USD,12,Fashion Hub Ltd
v-top-04497-s,Ivory Button-Up Shirt (S),123.37,USD,6,Textile World Co
v-dre-04498-m,Burgundy Shirt Dress (M),32.29,USD,6,Textile World Co
v-out-04499-l,Blush Denim Jacket (L),200.21,USD,1,Atelier Nord
v-acc-04500-xl,Emerald Leather Tote (XL),22.12,USD,1,Textile World Co
v-dre-04501-s,Indigo Maxi Dress (S),286.79,USD,1,Atelier Nord
v-acc-04502-l,White Twill Scarf (L),191.29,USD,12,Fashion Hub Ltd
v-foo-04503-xs,Black Heeled Mule (XS),216.6,USD,6,Apparel Solutions
v-top-04504-l,Charcoal Turtleneck (L),36.85,USD,1,Atelier Nord
v-dre-04505-xxl,Indigo Maxi Dress (XXL),57.23,USD,6,Fashion Hub Ltd
v-foo-04506-xl,Beige Loafer (XL),20.36,USD,12,Textile World Co
v-out-04507-xs,Burgundy Moto Jacket (XS),235.49,USD,6,Textile World Co
v-foo-04508-xs,Emerald Low-Top Sneaker (XS),225.5,USD,1,Apparel Solutions
v-dre-04510-m,Cognac Midi Dress (M),174.77,USD,1,Atelier Nord
v-dre-04511-l,Beige Midi Dress (L),317.81,CAD,6,
v-foo-04513-xxl,Burgundy Loafer (XXL),242.32,USD,1,Apparel Solutions
v-acc-04514-m,Tan Statement Earrings (M),104.14,USD,1,Apparel Solutions
v-out-04515-xxl,Ivory Puffer Vest (XXL),81.15,CAD,1,Atelier Nord
v-acc-04516-l,Camel Leather Tote (L),305.25,USD,1,Apparel Solutions
v-out-04517-m,Burgundy Moto Jacket (M),123.36,USD,1,Textile World Co
v-out-04520-xs,Cognac Blazer (XS),209.05,CAD,6,Atelier Nord
v-bot-04521-xs,Tan Pleated Skirt (XS),372.39,CAD,12,Atelier Nord
v-out-04522-xs,Tan Blazer (XS),209.66,CAD,1,Atelier Nord
v-foo-04524-l,Charcoal Loafer (L),65.02,USD,1,Textile World Co
v-acc-04525-m,Blush Wide-Brim Hat (M),89.37,USD,6,Fashion Hub Ltd
v-foo-04526-m,Beige Loafer (M),305.38,USD,6,Textile World Co
v-top-04527-xs,Charcoal Silk Blouse (XS),298.01,USD,12,Textile World Co
v-top-04529-l,Beige Button-Up Shirt (L),96.62,USD,1,
v-bot-04530-m,Charcoal Wide-Leg Trouser (M),226.67,CAD,6,Atelier Nord
v-foo-04531-xl,Black Ballet Flat (XL),244.73,USD,1,Textile World Co
v-out-04533-s,White Wool Peacoat (S),326.16,USD,12,Atelier Nord
v-out-04533-s,White Wool Peacoat (S) - Case Pack,3750.84,USD,12,Atelier Nord
v-dre-04534-l,Camel Slip Dress (L),53.05,USD,1,Atelier Nord
v-foo-04535-xxl,Charcoal Loafer (XXL),307.62,USD,1,Fashion Hub Ltd
v-acc-04536-l,Black Statement Earrings (L),27.35,USD,1,Apparel Solutions
v-bot-04537-xl,Ivory Wide-Leg Trouser (XL),215.87,USD,1,Textile World Co
v-out-04538-l,Camel Wool Peacoat (L),94.94,USD,12,Apparel Solutions
v-dre-04539-m,Blush Shift Dress (M),32.23,USD,12,Apparel Solutions
v-acc-04540-xs,Indigo Woven Belt (XS),217.3,CAD,6,Atelier Nord
v-acc-04541-s,Charcoal Woven Belt (S),161.86,USD,12,Textile World Co
v-acc-04542-m,Black Wide-Brim Hat (M),37.64,CAD,6,Atelier Nord
v-acc-04543-l,Charcoal Statement Earrings (L),237.55,USD,1,Atelier Nord
v-foo-04544-xxl,Ivory Ankle Boot (XXL),61.83,USD,1,Textile World Co
v-dre-04545-l,Black Shirt Dress (L),161.51,USD,1,Fashion Hub Ltd
v-acc-04546-xxl,Black Crossbody Bag (XXL),309.22,USD,1,Fashion Hub Ltd
v-top-04547-xl,Charcoal Crewneck Tee (XL),95.88,USD,1,Textile World Co
v-acc-04549-s,Tan Leather Tote (S),199.48,USD,1,Textile World Co
v-foo-04550-l,Beige Low-Top Sneaker (L),52.19,USD,1,Textile World Co
v-top-04551-s,White Henley (S),298.98,USD,1,Textile World Co
v-top-04552-xl,Ivory Silk Blouse (XL),215.5,USD,6,Textile World Co
v-dre-04553-xs,Emerald Midi Dress (XS),99.93,USD,12,Apparel Solutions
v-acc-04554-l,Cognac Wide-Brim Hat (L),297.72,USD,6,Textile World Co
v-out-04555-s,Ivory Trench Coat (S),300.98,USD,12,Fashion Hub Ltd
v-foo-04556-m,Black Loafer (M),133.47,USD,1,Apparel Solutions
v-foo-04558-xs,Burgundy Heeled Mule (XS),279.99,USD,12,Atelier Nord
v-out-04560-xxl,Emerald Puffer Vest (XXL),160.93,USD,1,Apparel Solutions
v-dre-04561-xs,Emerald Wrap Dress (XS),137.71,USD,1,Apparel Solutions
v-out-04562-xs,Indigo Moto Jacket (XS),295.39,USD,1,Textile World Co
v-foo-04563-xl,Ivory Heeled Mule (XL),66.67,USD,12,Apparel Solutions
v-foo-04564-s,Cognac Low-Top Sneaker (S),315.23,CAD,1,Atelier Nord
v-acc-04565-xs,Camel Crossbody Bag (XS),35.71,CAD,1,Atelier Nord
v-out-04566-xl,Tan Moto Jacket (XL),39.11,CAD,1,Atelier Nord
v-acc-04567-xl,Cognac Crossbody Bag (XL),258.99,USD,1,Fashion Hub Ltd
v-acc-04568-m,Indigo Crossbody Bag (M),315.91,USD,1,Atelier Nord
v-top-04569-xl,Emerald Silk Blouse (XL),279.4,USD,1,Textile World Co
v-top-04569-xl,Emerald Silk Blouse (XL) - Case Pack,3213.1,USD,12,Textile World Co
v-dre-04570-xxl,Cognac Midi Dress (XXL),86.21,USD,6,Apparel Solutions
v-acc-04571-l,White Woven Belt (L),42.61,USD,1,Fashion Hub Ltd
v-bot-04574-l,Emerald Skinny Jean (L),236.2,USD,12,Fashion Hub Ltd
v-dre-04575-s,Camel Wrap Dress (S),148.05,USD,1,Textile World Co
v-dre-04577-xxl,White Maxi Dress (XXL),113.3,USD,6,Fashion Hub Ltd
v-foo-04579-xs,Blush Espadrille (XS),21.27,USD,1,Textile World Co
v-dre-04580-xl,Camel Shirt Dress (XL),92.39,CAD,1,Atelier Nord
v-acc-04581-xs,Ivory Wide-Brim Hat (XS),22.02,USD,6,Fashion Hub Ltd
v-foo-04584-xxl,Emerald Espadrille (XXL),93.16,USD,6,Apparel Solutions
v-bot-04585-xxl,Tan Chino Pant (XXL),218.68,USD,1,Apparel Solutions
v-dre-04586-m,Indigo Wrap Dress (M),121.82,USD,6,
v-dre-04587-m,Tan Wrap Dress (M),282.57,USD,1,Fashion Hub Ltd
v-out-04588-l,Charcoal Puffer Vest (L),253.05,USD,6,Atelier Nord
v-top-04590-l,Blush Tank Top (L),262.14,USD,6,Fashion Hub Ltd
v-foo-04591-m,Black Espadrille (M),203.06,USD,1,Apparel Solutions
v-foo-04592-m,Camel Ankle Boot (M),172.96,USD,1,Fashion Hub Ltd
v-dre-04593-s,Indigo Slip Dress (S),232.96,USD,6,Apparel Solutions
v-dre-04594-xs,Blush Shift Dress (XS),110.11,CAD,1,Atelier Nord
v-dre-04594-xs,Blush Shift Dress (XS) - Case Pack,1266.27,CAD,12,Atelier Nord
v-bot-04595-l,Ivory Pleated Skirt (L),46.91,USD,6,Fashion Hub Ltd
v-acc-04596-xl,Burgundy Twill Scarf (XL),246.06,USD,1,
v-dre-04597-l,Tan Maxi Dress (L),200.1,USD,1,Apparel Solutions
v-bot-04598-l,Beige Pleated Skirt (L),168.23,USD,12,Fashion Hub Ltd
v-acc-04599-xxl,Burgundy Crossbody Bag (XXL),212.68,USD,1,Textile World Co
v-top-04600-xxl,Ivory Silk Blouse (XXL),137.62,CAD,1,Atelier Nord
v-out-04601-xs,Ivory Blazer (XS),268.04,USD,12,Apparel Solutions
v-bot-04602-xl,Beige Midi Skirt (XL),409.91,CAD,1,Atelier Nord
v-top-04603-m,White Silk Blouse (M),429.97,CAD,1,Atelier Nord
v-acc-04604-l,Camel Wide-Brim Hat (L),135.37,USD,1,Apparel Solutions
v-foo-04605-xs,Emerald Low-Top Sneaker (XS),230.31,USD,1,Atelier Nord
v-out-04606-m,White Trench Coat (M),41.78,USD,1,Atelier Nord
v-out-04608-xl,Beige Denim Jacket (XL),267.18,CAD,1,Atelier Nord
v-dre-04610-m,Charcoal Wrap Dress (M),52.43,USD,6,Fashion Hub Ltd
v-top-04615-l,Blush V-Neck Sweater (L),81.66,CAD,1,Atelier Nord
v-bot-04616-l,Black Midi Skirt (L),216.57,USD,12,Fashion Hub Ltd
v-dre-04617-m,Black Slip Dress (M),50.67,USD,1,Textile World Co
v-acc-04618-xxl,Emerald Leather Tote (XXL),90.34,USD,1,Apparel Solutions
v-out-04619-xxl,Ivory Blazer (XXL),54.54,CAD,1,Atelier Nord
v-acc-04620-m,Camel Leather Tote (M),376.99,CAD,1,Atelier Nord
v-bot-04621-xs,White Midi Skirt (XS),210.91,USD,1,Textile World Co
v-acc-04622-xl,Emerald Twill Scarf (XL),181.9,USD,12,Textile World Co
v-top-04623-xs,Indigo Cardigan (XS),226.32,USD,1,Apparel Solutions
v-foo-04624-xl,Blush Loafer (XL),184.47,CAD,12,Atelier Nord
v-dre-04625-xs,Camel Shirt Dress (XS),69.1,USD,1,Fashion Hub Ltd
v-dre-04625-xs,Camel Shirt Dress (XS) - Case Pack,794.65,USD,12,Fashion Hub Ltd
v-dre-04626-s,White Midi Dress (S),192.85,CAD,1,Atelier Nord
v-foo-04627-xl,Indigo Ballet Flat (XL),72.03,USD,1,Apparel Solutions
v-acc-04628-l,Camel Wide-Brim Hat (L),122.52,USD,1,Fashion Hub Ltd
v-acc-04630-s,Black Leather Tote (S),408.6,CAD,1,Atelier Nord
v-dre-04631-xxl,Emerald Midi Dress (XXL),190.82,USD,12,Atelier Nord
v-foo-04632-m,Tan Espadrille (M),159.98,USD,1,Textile World Co
v-acc-04633-xxl,Black Crossbody Bag (XXL),61.1,USD,1,Textile World Co
v-bot-04635-s,Cognac Linen Pant (S),98.13,USD,1,Textile World Co
v-acc-04636-l,Blush Statement Earrings (L),122.17,USD,1,Textile World Co
v-dre-04638-m,Charcoal Shift Dress (M),228.32,USD,1,Apparel Solutions
v-top-04639-s,Emerald Silk Blouse (S),68.55,USD,6,Textile World Co
v-out-04640-xxl,Camel Moto Jacket (XXL),256.99,USD,12,Textile World Co
v-foo-04642-xxl,Burgundy Espadrille (XXL),311.99,USD,1,Textile World Co
v-acc-04643-xs,Camel Twill Scarf (XS),153.32,USD,1,Fashion Hub Ltd
v-top-04644-l,Beige Tank Top (L),136.23,USD,12,Apparel Solutions
v-foo-04645-l,Blush Heeled Mule (L),110.84,USD,1,
v-acc-04646-xxl,Burgundy Woven Belt (XXL),165.49,USD,1,Atelier Nord
v-bot-04647-xl,Ivory Linen Pant (XL),306.73,USD,1,Fashion Hub Ltd
v-foo-04648-m,Blush Loafer (M),303.66,USD,1,Atelier Nord
v-top-04649-s,Ivory Cardigan (S),299.34,USD,1,Apparel Solutions
v-out-04650-l,Black Wool Peacoat (L),35.06,CAD,12,Atelier Nord
v-top-04651-xxl,Ivory V-Neck Sweater (XXL),84.51,USD,1,Fashion Hub Ltd
v-foo-04652-xs,Burgundy Ankle Boot (XS),226.41,USD,1,
v-top-04653-xl,Ivory Cardigan (XL),91.06,USD,1,Textile World Co
v-foo-04654-xl,Blush Ankle Boot (XL),28.57,USD,6,Fashion Hub Ltd
v-dre-04655-l,Charcoal Midi Dress (L),255.73,USD,1,Apparel Solutions
v-out-04656-s,Black Denim Jacket (S),166.28,USD,1,Atelier Nord
v-out-04656-s,Black Denim Jacket (S) - Case Pack,1912.22,USD,12,Atelier Nord
v-out-04657-l,Blush Moto Jacket (L),199.22,USD,1,Apparel Solutions
v-dre-04659-m,Beige Slip Dress (M),27.14,USD,12,Apparel Solutions
v-dre-04659-m,Beige Slip Dress (M) - Case Pack,312.11,USD,12,Apparel Solutions
v-acc-04660-xxl,Burgundy Leather Tote (XXL),79.88,CAD,1,Atelier Nord
v-top-04661-m,Cognac Button-Up Shirt (M),303.1,USD,1,Apparel Solutions
v-top-04663-xl,Tan Henley (XL),253.19,USD,1,Textile World Co
v-acc-04664-xs,White Woven Belt (XS),44.73,USD,12,Textile World Co
v-dre-04665-m,Camel Shirt Dress (M),35.61,USD,6,Textile World Co
v-acc-04666-xxl,Emerald Leather Tote (XXL),349.39,CAD,1,Atelier Nord
v-bot-04667-xxl,Cognac Skinny Jean (XXL),107.12,USD,12,Textile World Co
v-acc-04668-s,Tan Woven Belt (S),241.32,USD,12,Textile World Co
v-bot-04669-m,Camel Linen Pant (M),239.87,USD,1,Fashion Hub Ltd
v-dre-04671-xxl,Ivory Wrap Dress (XXL),268.7,USD,6,Fashion Hub Ltd
v-acc-04672-m,Ivory Statement Earrings (M),273.59,CAD,1,Atelier Nord
v-acc-04672-m,Ivory Statement Earrings (M) - Case Pack,3146.28,CAD,12,Atelier Nord
v-dre-04674-xs,Indigo Shift Dress (XS),190.73,USD,1,Fashion Hub Ltd
v-top-04675-xxl,Camel Turtleneck (XXL),99.18,USD,1,Textile World Co
v-dre-04676-s,White Maxi Dress (S),200.63,USD,1,Textile World Co
v-bot-04677-xl,Indigo Chino Pant (XL),58.05,CAD,6,Atelier Nord
v-dre-04678-xs,White Midi Dress (XS),25.61,USD,1,Textile World Co
v-top-04679-xs,Cognac Turtleneck (XS),27.86,USD,12,Textile World Co
v-dre-04680-s,Black Slip Dress (S),189.07,USD,6,Fashion Hub Ltd
v-top-04681-l,Tan Cardigan (L),259.63,USD,1,Apparel Solutions
v-top-04682-xl,Tan V-Neck Sweater (XL),172.78,USD,1,Fashion Hub Ltd
v-bot-04683-l,Blush Wide-Leg Trouser (L),46.93,USD,1,Textile World Co
v-out-04684-l,Indigo Blazer (L),338.37,USD,6,Fashion Hub Ltd
v-top-04685-s,Tan Crewneck Tee (S),205.01,USD,6,Fashion Hub Ltd
v-out-04686-m,Black Wool Peacoat (M),51.93,USD,6,Fashion Hub Ltd
v-out-04688-xl,Camel Moto Jacket (XL),249.78,USD,1,
v-bot-04690-xxl,Indigo Skinny Jean (XXL),53.53,USD,1,Textile World Co
v-bot-04691-xxl,Emerald Linen Pant (XXL),45.42,USD,6,Fashion Hub Ltd
v-acc-04692-s,Black Crossbody Bag (S),268.6,USD,1,Atelier Nord
v-out-04693-xs,Emerald Denim Jacket (XS),124.27,USD,1,Fashion Hub Ltd
v-foo-04694-xxl,Indigo Heeled Mule (XXL),272.82,USD,1,Textile World Co
v-bot-04695-l,Burgundy Wide-Leg Trouser (L),26.78,USD,1,Fashion Hub Ltd
v-acc-04696-xs,Cognac Woven Belt (XS),179.95,USD,1,Fashion Hub Ltd
v-acc-04697-l,Cognac Twill Scarf (L),93.19,USD,6,Textile World Co
v-bot-04698-l,Black Midi Skirt (L),288.51,USD,1,Apparel Solutions
v-dre-04699-xxl,Cognac Shirt Dress (XXL),206.04,USD,1,Textile World Co
v-out-04700-xxl,Beige Wool Peacoat (XXL),277.71,USD,12,Fashion Hub Ltd
v-bot-04701-xl,Blush Denim Short (XL),224.59,USD,1,Textile World Co
v-acc-04702-m,Blush Woven Belt (M),80.86,USD,1,Fashion Hub Ltd
v-out-04703-m,Charcoal Moto Jacket (M),253.57,USD,6,Textile World Co
v-bot-04705-xs,Black Denim Short (XS),226.44,USD,1,Apparel Solutions
v-out-04706-m,Cognac Wool Peacoat (M),146.32,USD,1,Atelier Nord
v-out-04706-m,Cognac Wool Peacoat (M) - Case Pack,1682.68,USD,12,Atelier Nord
v-top-04708-l,Black Silk Blouse (L),48.96,USD,1,Textile World Co
v-bot-04709-l,Emerald Denim Short (L),28.51,USD,1,Atelier Nord
v-bot-04709-l,Emerald Denim Short (L) - Case Pack,327.87,USD,12,Atelier Nord
v-foo-04710-xl,Black Ballet Flat (XL),52.4,USD,12,Fashion Hub Ltd
v-foo-04710-xl,Black Ballet Flat (XL) - Case Pack,602.6,USD,12,Fashion Hub Ltd
v-top-04711-s,Emerald Tank Top (S),232.26,USD,1,Fashion Hub Ltd
v-out-04712-l,White Moto Jacket (L),57.34,USD,6,Atelier Nord
v-top-04713-xs,Indigo Turtleneck (XS),178.25,USD,1,
v-acc-04714-m,Black Statement Earrings (M),115.23,USD,1,Apparel Solutions
v-acc-04714-m,Black Statement Earrings (M) - Case Pack,1325.14,USD,12,Apparel Solutions
v-foo-04716-l,Charcoal Ballet Flat (L),44.89,USD,1,Atelier Nord
v-dre-04718-xxl,Blush Slip Dress (XXL),333.57,CAD,6,Atelier Nord
v-bot-04719-xs,White Skinny Jean (XS),198.72,USD,6,Atelier Nord
v-out-04720-xl,Charcoal Trench Coat (XL),351.78,CAD,12,Atelier Nord
v-acc-04721-xs,Burgundy Leather Tote (XS),332.55,CAD,1,Atelier Nord
v-foo-04722-m,Cognac Low-Top Sneaker (M),299.7,USD,12,Fashion Hub Ltd
v-acc-04724-xl,Black Woven Belt (XL),38.62,USD,12,Fashion Hub Ltd
v-acc-04725-s,Black Woven Belt (S),272.55,USD,1,Apparel Solutions
v-acc-04725-s,Black Woven Belt (S) - Case Pack,3134.33,USD,12,Apparel Solutions
v-dre-04726-l,Burgundy Midi Dress (L),27.98,USD,1,Atelier Nord
v-out-04727-xxl,Blush Puffer Vest (XXL),281.67,USD,1,Apparel Solutions
v-bot-04728-m,Blush Denim Short (M),210.51,USD,1,Apparel Solutions
v-bot-04728-m,Blush Denim Short (M) - Case Pack,2420.86,USD,12,Apparel Solutions
v-foo-04729-s,Camel Ballet Flat (S),312.76,USD,12,Fashion Hub Ltd
v-acc-04730-l,Blush Statement Earrings (L),155.39,USD,1,
v-top-04731-l,White Crewneck Tee (L),211.35,USD,1,Fashion Hub Ltd
v-bot-04733-xxl,Blush Wide-Leg Trouser (XXL),266.69,USD,1,Fashion Hub Ltd
v-bot-04734-l,Ivory Midi Skirt (L),292.66,USD,1,Apparel Solutions
v-out-04735-xxl,White Blazer (XXL),34.24,USD,1,Fashion Hub Ltd
v-out-04736-s,White Puffer Vest (S),204.04,USD,1,Apparel Solutions
v-foo-04738-m,Cognac Ballet Flat (M),239.68,USD,6,Fashion Hub Ltd
v-acc-04739-s,Tan Statement Earrings (S),233.94,USD,12,Apparel Solutions
v-out-04741-l,Blush Blazer (L),191.52,USD,12,Atelier Nord
v-bot-04742-l,Ivory Skinny Jean (L),131.98,USD,6,Apparel Solutions
v-bot-04742-l,Ivory Skinny Jean (L) - Case Pack,1517.77,USD,12,Apparel Solutions
v-out-04743-m,White Moto Jacket (M),283.65,USD,1,Textile World Co
v-foo-04744-xxl,Black Heeled Mule (XXL),39.34,USD,1,Apparel Solutions
v-acc-04745-xs,White Wide-Brim Hat (XS),71.79,CAD,12,Atelier Nord
v-dre-04746-xxl,Indigo Shift Dress (XXL),303.65,USD,6,Fashion Hub Ltd
v-top-04747-m,Blush Henley (M),237.91,USD,1,Textile World Co
v-top-04747-m,Blush Henley (M) - Case Pack,2735.97,USD,12,Textile World Co
v-out-04748-xxl,Burgundy Trench Coat (XXL),310.2,USD,1,Apparel Solutions
v-out-04749-l,Tan Blazer (L),184.35,USD,1,Apparel Solutions
v-top-04750-xl,Emerald Crewneck Tee (XL),208.99,USD,1,Fashion Hub Ltd
v-bot-04751-s,White Pleated Skirt (S),242.79,USD,1,Fashion Hub Ltd
v-out-04753-l,Indigo Blazer (L),65.56,USD,1,Fashion Hub Ltd
v-out-04755-s,Cognac Blazer (S),250.71,USD,12,Fashion Hub Ltd
v-top-04756-xxl,Tan Turtleneck (XXL),21.71,USD,1,Atelier Nord
v-top-04757-xl,Emerald Turtleneck (XL),176.22,USD,1,Fashion Hub Ltd
v-acc-04758-xxl,Burgundy Crossbody Bag (XXL),328.64,CAD,1,Atelier Nord
v-top-04759-xs,Burgundy Henley (XS),99.63,USD,6,Textile World Co
v-out-04761-s,Tan Denim Jacket (S),173.15,CAD,6,Atelier Nord
v-out-04763-xxl,Blush Denim Jacket (XXL),42.94,USD,12,Apparel Solutions
v-foo-04764-xl,Emerald Ankle Boot (XL),168.23,USD,1,Apparel Solutions
v-top-04765-m,Camel Turtleneck (M),242.24,USD,6,Textile World Co
v-acc-04767-m,Tan Crossbody Bag (M),68.04,USD,1,Apparel Solutions
v-bot-04768-xl,Black Wide-Leg Trouser (XL),318.68,USD,1,Fashion Hub Ltd
v-dre-04769-l,Burgundy Wrap Dress (L),119.41,USD,1,Textile World Co
v-dre-04770-s,Tan Midi Dress (S),153.37,USD,12,Apparel Solutions
v-dre-04770-s,Tan Midi Dress (S) - Case Pack,1763.76,USD,12,Apparel Solutions
v-acc-04772-l,Charcoal Woven Belt (L),202.98,USD,12,Atelier Nord
v-acc-04772-l,Charcoal Woven Belt (L) - Case Pack,2334.27,USD,12,Atelier Nord
v-bot-04773-s,Indigo Chino Pant (S),312.83,USD,1,Textile World Co
v-foo-04774-l,Burgundy Ballet Flat (L),258.11,USD,6,Textile World Co
v-top-04776-xxl,Charcoal Turtleneck (XXL),272.92,USD,1,Atelier Nord
v-bot-04779-xxl,White Linen Pant (XXL),177.08,USD,1,Textile World Co
v-acc-04780-m,Ivory Twill Scarf (M),293.21,USD,1,Atelier Nord
v-out-04781-xs,Emerald Trench Coat (XS),246.96,USD,6,Apparel Solutions
v-out-04782-l,Tan Puffer Vest (L),274.94,USD,12,Fashion Hub Ltd
v-dre-04783-m,Blush Shirt Dress (M),239.34,USD,12,Apparel Solutions
v-dre-04784-xxl,Tan Maxi Dress (XXL),155.52,USD,6,Textile World Co
v-dre-04785-s,Blush Wrap Dress (S),206.17,USD,12,Textile World Co
v-dre-04785-s,Blush Wrap Dress (S) - Case Pack,2370.95,USD,12,Textile World Co
v-acc-04786-xl,Indigo Wide-Brim Hat (XL),208.22,USD,1,Apparel Solutions
v-foo-04788-xxl,Tan Heeled Mule (XXL),226.74,USD,12,Textile World Co
v-dre-04789-s,Charcoal Wrap Dress (S),197.61,USD,6,Fashion Hub Ltd
v-foo-04790-m,Indigo Espadrille (M),254.58,USD,6,Apparel Solutions
v-acc-04792-l,Black Statement Earrings (L),81.76,USD,1,Atelier Nord
v-out-04793-m,White Denim Jacket (M),92.85,USD,1,Atelier Nord
v-foo-04794-xs,Burgundy Ankle Boot (XS),181.81,USD,1,Textile World Co
v-foo-04794-xs,Burgundy Ankle Boot (XS) - Case Pack,2090.82,USD,12,Textile World Co
v-foo-04796-xxl,Charcoal Heeled Mule (XXL),112.06,USD,1,Atelier Nord
v-foo-04800-xs,Charcoal Heeled Mule (XS),63.87,USD,12,Fashion Hub Ltd
v-foo-04800-xs,Charcoal Heeled Mule (XS) - Case Pack,734.5,USD,12,Fashion Hub Ltd
v-acc-04801-l,Burgundy Leather Tote (L),126.1,USD,6,Textile World Co
v-acc-04802-m,Ivory Statement Earrings (M),220.77,USD,1,Atelier Nord
v-acc-04803-s,Ivory Statement Earrings (S),104.22,USD,12,Textile World Co
v-acc-04803-s,Ivory Statement Earrings (S) - Case Pack,1198.53,USD,12,Textile World Co
v-dre-04804-xl,Charcoal Slip Dress (XL),145.71,USD,1,Fashion Hub Ltd
v-top-04805-xl,Black V-Neck Sweater (XL),107.69,USD,1,Fashion Hub Ltd
v-foo-04808-m,Tan Ballet Flat (M),157.39,USD,1,Fashion Hub Ltd
v-top-04809-s,Beige Crewneck Tee (S),64.91,CAD,1,Atelier Nord
v-acc-04810-m,Tan Statement Earrings (M),21.68,USD,1,Fashion Hub Ltd
v-out-04811-m,Burgundy Trench Coat (M),148.97,USD,6,Atelier Nord
v-acc-04813-xl,Ivory Woven Belt (XL),207.65,USD,1,Fashion Hub Ltd
v-dre-04814-s,Cognac Wrap Dress (S),180.95,USD,1,Atelier Nord
v-dre-04816-xl,Black Shift Dress (XL),237.74,CAD,6,Atelier Nord
v-top-04817-xxl,Ivory Cardigan (XXL),35.37,USD,1,Apparel Solutions
v-bot-04819-m,Charcoal Pleated Skirt (M),178.26,USD,1,Apparel Solutions
v-top-04820-xxl,White Silk Blouse (XXL),141.04,USD,1,Apparel Solutions
v-foo-04822-l,Indigo Ballet Flat (L),291.66,USD,1,Fashion Hub Ltd
v-out-04823-l,Camel Denim Jacket (L),157.45,USD,12,Apparel Solutions
v-acc-04824-xs,Indigo Twill Scarf (XS),67.76,USD,1,Textile World Co
v-bot-04825-xxl,Beige Linen Pant (XXL),311.38,CAD,1,Atelier Nord
v-dre-04827-xl,Blush Wrap Dress (XL),87.21,USD,1,Textile World Co
v-foo-04828-xxl,Burgundy Heeled Mule (XXL),25.07,CAD,1,Atelier Nord
v-dre-04829-xs,Burgundy Shift Dress (XS),63.93,USD,12,Fashion Hub Ltd
v-out-04830-xs,Cognac Trench Coat (XS),318.2,USD,12,Fashion Hub Ltd
v-bot-04831-m,Camel Midi Skirt (M),61.05,CAD,1,Atelier Nord
v-dre-04832-l,Black Slip Dress (L),196.66,USD,6,Fashion Hub Ltd
v-out-04833-m,Burgundy Blazer (M),289.4,USD,1,Fashion Hub Ltd
v-out-04833-m,Burgundy Blazer (M) - Case Pack,3328.1,USD,12,Fashion Hub Ltd
v-foo-04834-xxl,Tan Ankle Boot (XXL),259.37,USD,12,Textile World Co
v-out-04835-l,Cognac Moto Jacket (L),38.9,USD,1,Atelier Nord
v-top-04836-s,Beige Button-Up Shirt (S),227.81,USD,1,Textile World Co
v-out-04837-xl,White Blazer (XL),43.01,USD,6,Atelier Nord
v-bot-04838-m,Charcoal Skinny Jean (M),66.13,USD,1,Apparel Solutions
v-foo-04839-xxl,Black Ballet Flat (XXL),287.46,USD,1,Fashion Hub Ltd
v-acc-04840-l,Emerald Twill Scarf (L),179.27,USD,1,Apparel Solutions
v-bot-04841-m,Emerald Linen Pant (M),136.46,USD,6,Fashion Hub Ltd
v-acc-04842-xxl,Indigo Leather Tote (XXL),235.69,USD,6,Textile World Co
v-out-04843-xs,Blush Puffer Vest (XS),114.27,USD,12,Atelier Nord
v-top-04844-l,Cognac V-Neck Sweater (L),261.1,USD,12,
v-top-04845-xxl,Tan V-Neck Sweater (XXL),292.49,USD,1,Textile World Co
v-acc-04846-s,Beige Wide-Brim Hat (S),37.13,USD,6,Textile World Co
v-foo-04847-l,Cognac Espadrille (L),36.6,USD,6,Textile World Co
v-top-04848-m,Tan Button-Up Shirt (M),252.21,CAD,12,Atelier Nord
v-foo-04849-xl,Black Ankle Boot (XL),273.4,CAD,6,Atelier Nord
v-foo-04850-m,Camel Ankle Boot (M),121.82,USD,1,Fashion Hub Ltd
v-bot-04851-s,Black Midi Skirt (S),26.95,CAD,6,Atelier Nord
v-dre-04852-xl,Burgundy Wrap Dress (XL),96.49,USD,1,Fashion Hub Ltd
v-foo-04854-l,Camel Low-Top Sneaker (L),100.46,USD,6,Apparel Solutions
v-out-04856-l,Burgundy Trench Coat (L),120.8,USD,1,Apparel Solutions
v-foo-04857-xl,Tan Low-Top Sneaker (XL),192.78,USD,1,Apparel Solutions
v-dre-04858-m,Beige Midi Dress (M),105.57,USD,1,Fashion Hub Ltd
v-foo-04859-xxl,Emerald Ballet Flat (XXL),298.4,USD,12,Atelier Nord
v-foo-04859-xxl,Emerald Ballet Flat (XXL) - Case Pack,3431.6,USD,12,Atelier Nord
v-bot-04860-xl,Tan Linen Pant (XL),160.9,USD,6,Apparel Solutions
v-top-04861-xs,Charcoal Tank Top (XS),135.48,USD,1,Fashion Hub Ltd
v-bot-04862-l,Tan Denim Short (L),156.12,USD,1,Fashion Hub Ltd
v-acc-04863-m,Cognac Crossbody Bag (M),57.86,USD,1,Fashion Hub Ltd
v-acc-04863-m,Cognac Crossbody Bag (M) - Case Pack,665.39,USD,12,Fashion Hub Ltd
v-foo-04864-xs,Indigo Heeled Mule (XS),263.56,USD,6,Fashion Hub Ltd
v-foo-04866-l,Camel Low-Top Sneaker (L),219.95,CAD,1,
v-out-04867-s,Indigo Wool Peacoat (S),310.08,CAD,1,Atelier Nord
v-bot-04868-l,Blush Skinny Jean (L),79.91,USD,1,Textile World Co
v-bot-04869-s,Ivory Pleated Skirt (S),63.77,USD,1,Apparel Solutions
v-top-04870-m,Cognac Crewneck Tee (M),199.26,USD,12,Apparel Solutions
v-bot-04871-xs,Blush Skinny Jean (XS),245.97,USD,1,Apparel Solutions
v-bot-04871-xs,Blush Skinny Jean (XS) - Case Pack,2828.66,USD,12,Apparel Solutions
v-dre-04872-m,Charcoal Shirt Dress (M),248.77,USD,12,Textile World Co
v-top-04873-l,Blush Button-Up Shirt (L),117.1,USD,1,Fashion Hub Ltd
v-foo-04875-xl,Ivory Ankle Boot (XL),294.58,USD,1,Apparel Solutions
v-top-04876-xxl,Burgundy Button-Up Shirt (XXL),101.86,USD,1,Fashion Hub Ltd
v-foo-04877-s,Cognac Heeled Mule (S),238.24,USD,6,Apparel Solutions
v-acc-04878-xl,Emerald Crossbody Bag (XL),236.12,USD,1,Textile World Co
v-foo-04880-xxl,Tan Loafer (XXL),165.1,USD,1,Fashion Hub Ltd
v-acc-04881-s,Indigo Wide-Brim Hat (S),68.59,USD,1,Apparel Solutions
v-out-04883-m,Camel Denim Jacket (M),143.97,USD,1,Textile World Co
v-foo-04884-s,Ivory Loafer (S),367.72,CAD,12,Atelier Nord
v-foo-04884-s,Ivory Loafer (S) - Case Pack,4228.78,CAD,12,Atelier Nord
v-dre-04885-s,Burgundy Shift Dress (S),214.12,USD,1,Textile World Co
v-top-04886-xl,Emerald V-Neck Sweater (XL),181.47,USD,1,Textile World Co
v-bot-04887-m,Blush Pleated Skirt (M),189.14,USD,1,Textile World Co
v-foo-04888-xs,Ivory Heeled Mule (XS),152.98,USD,1,Apparel Solutions
v-out-04889-xs,Burgundy Denim Jacket (XS),182.71,USD,1,Textile World Co
v-out-04889-xs,Burgundy Denim Jacket (XS) - Case Pack,2101.16,USD,12,Textile World Co
v-dre-04890-xl,Burgundy Shirt Dress (XL),42.42,USD,6,Atelier Nord
v-acc-04891-s,Blush Crossbody Bag (S),216.27,USD,1,Fashion Hub Ltd
v-out-04892-xl,Blush Puffer Vest (XL),50.09,USD,1,Textile World Co
v-bot-04893-xxl,Tan Skinny Jean (XXL),164.76,USD,6,Fashion Hub Ltd
v-out-04895-m,Camel Moto Jacket (M),58.93,USD,1,Apparel Solutions
v-dre-04896-m,Emerald Shirt Dress (M),312.0,USD,6,Apparel Solutions
v-bot-04898-m,Charcoal Midi Skirt (M),96.05,CAD,12,Atelier Nord
v-acc-04901-xxl,Cognac Statement Earrings (XXL),264.06,USD,1,Apparel Solutions
v-top-04902-xl,Emerald V-Neck Sweater (XL),33.75,USD,1,Atelier Nord
v-dre-04903-s,Beige Slip Dress (S),205.0,USD,1,Atelier Nord
v-out-04904-s,Cognac Trench Coat (S),384.78,CAD,12,Atelier Nord
v-bot-04905-s,Ivory Skinny Jean (S),84.54,USD,12,Textile World Co
v-foo-04906-xs,Emerald Ankle Boot (XS),154.19,USD,1,Apparel Solutions
v-acc-04907-s,Cognac Statement Earrings (S),182.54,USD,1,Atelier Nord
v-out-04908-m,Emerald Blazer (M),163.86,USD,12,Fashion Hub Ltd
v-out-04909-l,Blush Denim Jacket (L),19.92,USD,1,Fashion Hub Ltd
v-acc-04910-xl,Ivory Leather Tote (XL),54.52,USD,1,Textile World Co
v-acc-04911-s,Cognac Statement Earrings (S),186.5,USD,12,Fashion Hub Ltd
v-foo-04912-s,Cognac Heeled Mule (S),192.51,USD,6,Atelier Nord
v-out-04913-m,Indigo Trench Coat (M),189.94,USD,1,Textile World Co
v-top-04914-m,Burgundy Button-Up Shirt (M),189.34,USD,1,Atelier Nord
v-bot-04916-xxl,Camel Wide-Leg Trouser (XXL),82.01,USD,1,Apparel Solutions
v-acc-04917-xl,Beige Woven Belt (XL),52.54,USD,1,Fashion Hub Ltd
v-dre-04918-xs,Blush Maxi Dress (XS),309.46,USD,12,Textile World Co
v-top-04919-s,Burgundy Cardigan (S),247.8,CAD,6,Atelier Nord
v-acc-04920-xl,Camel Twill Scarf (XL),259.07,USD,6,Textile World Co
v-foo-04921-xxl,White Ankle Boot (XXL),232.7,USD,1,Atelier Nord
v-acc-04922-xxl,Tan Wide-Brim Hat (XXL),186.56,USD,12,Apparel Solutions
v-top-04923-xl,Emerald Turtleneck (XL),308.26,USD,12,Textile World Co
v-out-04924-l,Burgundy Trench Coat (L),193.32,USD,1,Apparel Solutions
v-bot-04926-l,Cognac Pleated Skirt (L),80.73,USD,1,Fashion Hub Ltd
v-out-04927-xs,Beige Wool Peacoat (XS),83.56,USD,1,Apparel Solutions
v-acc-04928-s,Camel Wide-Brim Hat (S),354.91,CAD,6,Atelier Nord
v-bot-04929-xs,Beige Denim Short (XS),356.3,CAD,12,Atelier Nord
v-top-04930-xs,White Crewneck Tee (XS),87.13,USD,12,Fashion Hub Ltd
v-dre-04932-s,Beige Maxi Dress (S),96.62,USD,12,Fashion Hub Ltd
v-top-04933-l,White Cardigan (L),257.06,USD,12,Apparel Solutions
v-acc-04934-xl,Beige Statement Earrings (XL),123.14,USD,12,Fashion Hub Ltd
v-acc-04936-l,Indigo Leather Tote (L),333.18,USD,1,Textile World Co
v-top-04937-l,Charcoal Silk Blouse (L),146.71,USD,1,Textile World Co
v-bot-04938-xl,Blush Skinny Jean (XL),191.76,USD,6,Atelier Nord
v-dre-04939-l,Beige Shift Dress (L),217.86,USD,1,Fashion Hub Ltd
v-acc-04940-s,Beige Crossbody Bag (S),247.6,USD,6,Textile World Co
v-out-04942-s,Emerald Blazer (S),237.47,USD,6,Textile World Co
v-out-04942-s,Emerald Blazer (S) - Case Pack,2730.91,USD,12,Textile World Co
v-foo-04943-m,Cognac Heeled Mule (M),173.69,USD,12,Atelier Nord
v-dre-04947-s,Black Maxi Dress (S),78.31,USD,1,Atelier Nord
v-dre-04949-xxl,Emerald Slip Dress (XXL),184.5,CAD,12,Atelier Nord
v-foo-04950-l,Camel Espadrille (L),120.62,USD,6,Fashion Hub Ltd
v-out-04951-xxl,Blush Wool Peacoat (XXL),240.03,USD,1,Fashion Hub Ltd
v-top-04952-l,Charcoal Tank Top (L),70.3,USD,1,Atelier Nord
v-acc-04953-xxl,Tan Woven Belt (XXL),152.24,CAD,1,Atelier Nord
v-foo-04954-xs,Blush Ballet Flat (XS),148.51,USD,1,Textile World Co
v-foo-04954-xs,Blush Ballet Flat (XS) - Case Pack,1707.86,USD,12,Textile World Co
v-foo-04955-xl,Emerald Ankle Boot (XL),132.31,USD,12,Fashion Hub Ltd
v-bot-04956-m,Cognac Linen Pant (M),187.85,USD,12,Atelier Nord
v-foo-04957-l,Charcoal Ankle Boot (L),147.91,CAD,1,Atelier Nord
v-acc-04958-l,Black Woven Belt (L),150.45,USD,1,Textile World Co
v-dre-04959-xs,Blush Wrap Dress (XS),112.07,CAD,1,Atelier Nord
v-foo-04961-xl,Tan Heeled Mule (XL),79.85,USD,1,Atelier Nord
v-out-04963-s,Black Blazer (S),273.59,USD,1,Textile World Co
v-bot-04964-xl,Beige Midi Skirt (XL),132.71,CAD,1,Atelier Nord
v-bot-04965-xxl,Black Midi Skirt (XXL),269.36,USD,6,Apparel Solutions
v-foo-04967-xl,Tan Ankle Boot (XL),52.37,USD,1,Apparel Solutions
v-dre-04968-l,Emerald Slip Dress (L),79.66,USD,1,Atelier Nord
v-dre-04968-l,Emerald Slip Dress (L) - Case Pack,916.09,USD,12,Atelier Nord
v-top-04969-m,White Cardigan (M),82.06,USD,1,Apparel Solutions
v-acc-04970-xxl,Camel Woven Belt (XXL),249.8,CAD,12,Atelier Nord
v-dre-04971-xxl,Blush Wrap Dress (XXL),143.21,USD,1,Textile World Co
v-out-04972-l,Burgundy Moto Jacket (L),163.37,CAD,1,Atelier Nord
v-out-04973-xxl,Tan Moto Jacket (XXL),308.03,USD,12,Fashion Hub Ltd
v-acc-04974-s,White Crossbody Bag (S),54.04,USD,12,Fashion Hub Ltd
v-dre-04975-xxl,Beige Shift Dress (XXL),295.62,USD,6,Apparel Solutions
v-acc-04976-l,Charcoal Leather Tote (L),408.38,CAD,1,Atelier Nord
v-dre-04977-xs,Cognac Shirt Dress (XS),192.7,USD,1,Atelier Nord
v-out-04978-xs,Blush Blazer (XS),266.77,USD,1,Fashion Hub Ltd
v-out-04979-xl,Emerald Moto Jacket (XL),249.38,USD,1,Textile World Co
v-foo-04980-xl,Camel Espadrille (XL),260.05,USD,12,Textile World Co
v-foo-04981-s,Emerald Ballet Flat (S),299.16,USD,1,Atelier Nord
v-dre-04982-xs,Tan Shirt Dress (XS),300.24,USD,1,Apparel Solutions
v-bot-04983-xl,Black Denim Short (XL),73.3,USD,6,Fashion Hub Ltd
v-foo-04984-l,Tan Low-Top Sneaker (L),89.61,USD,1,Apparel Solutions
v-out-04985-m,Cognac Blazer (M),302.11,USD,12,Apparel Solutions
v-foo-04986-xl,Tan Loafer (XL),320.86,USD,12,
v-bot-04987-xs,Tan Wide-Leg Trouser (XS),283.43,CAD,6,Atelier Nord
v-top-04988-l,Ivory Tank Top (L),56.34,USD,12,Fashion Hub Ltd
v-bot-04989-xs,Tan Midi Skirt (XS),187.96,USD,1,Textile World Co
v-bot-04990-xl,Black Wide-Leg Trouser (XL),287.9,USD,1,Textile World Co
v-out-04991-xs,Camel Wool Peacoat (XS),27.48,USD,12,Textile World Co
v-dre-04992-s,Black Shift Dress (S),109.85,CAD,6,Atelier Nord
v-top-04993-xl,Tan Silk Blouse (XL),82.13,USD,1,Apparel Solutions
v-top-04994-s,Ivory Button-Up Shirt (S),214.65,USD,1,Fashion Hub Ltd
v-acc-04995-l,Burgundy Twill Scarf (L),273.9,USD,1,Textile World Co
v-foo-04996-xs,Burgundy Ankle Boot (XS),285.21,USD,1,Textile World Co
v-out-04998-l,Beige Denim Jacket (L),192.11,USD,1,Textile World Co
v-bot-04999-m,Burgundy Pleated Skirt (M),91.16,USD,1,Apparel Solutions
v-top-05000-s,Emerald Silk Blouse (S),252.93,USD,1,Textile World Co
v-dre-05001-m,Beige Midi Dress (M),170.81,USD,1,Fashion Hub Ltd
v-dre-05001-m,Beige Midi Dress (M) - Case Pack,1964.32,USD,12,Fashion Hub Ltd
v-dre-05002-l,Tan Shift Dress (L),350.41,CAD,6,Atelier Nord
v-foo-05004-xxl,Burgundy Heeled Mule (XXL),268.11,USD,1,Apparel Solutions
v-foo-05005-xs,Indigo Heeled Mule (XS),22.95,USD,12,Apparel Solutions
v-foo-05006-xxl,Beige Ballet Flat (XXL),289.98,USD,6,Fashion Hub Ltd
v-top-05007-m,Tan Silk Blouse (M),143.95,USD,1,Apparel Solutions
v-dre-05009-s,Burgundy Slip Dress (S),282.79,USD,12,Apparel Solutions
v-dre-05011-l,Emerald Shift Dress (L),409.1,CAD,1,Atelier Nord
v-foo-05012-m,Blush Low-Top Sneaker (M),56.56,USD,1,Fashion Hub Ltd
v-top-05014-xs,Emerald Crewneck Tee (XS),278.48,USD,1,Apparel Solutions
v-dre-05015-xl,Camel Slip Dress (XL),162.2,USD,1,Atelier Nord
v-top-05016-s,Indigo Cardigan (S),218.32,USD,1,Textile World Co
v-out-05017-xs,Emerald Blazer (XS),120.93,USD,1,Textile World Co
v-top-05018-l,Emerald Silk Blouse (L),138.16,CAD,1,Atelier Nord
v-dre-05020-m,White Midi Dress (M),322.19,USD,12,Apparel Solutions
v-top-05021-xs,Tan Henley (XS),120.31,USD,1,Fashion Hub Ltd
v-foo-05022-m,Camel Low-Top Sneaker (M),210.34,USD,12,Apparel Solutions
v-dre-05023-xs,Ivory Maxi Dress (XS),301.44,USD,1,Atelier Nord
v-dre-05024-xxl,Emerald Shirt Dress (XXL),193.75,CAD,12,Atelier Nord
v-foo-05025-m,Black Ballet Flat (M),26.4,USD,12,Fashion Hub Ltd
v-acc-05026-s,Camel Twill Scarf (S),168.44,USD,1,Fashion Hub Ltd
v-acc-05027-m,Cognac Crossbody Bag (M),46.28,USD,1,Textile World Co
v-bot-05028-xl,Indigo Wide-Leg Trouser (XL),272.29,USD,1,Atelier Nord
v-top-05029-xl,Black Cardigan (XL),221.47,USD,6,Apparel Solutions
v-top-05030-xl,Blush Tank Top (XL),199.28,USD,1,Textile World Co
v-top-05030-xl,Blush Tank Top (XL) - Case Pack,2291.72,USD,12,Textile World Co
v-dre-05031-xs,Ivory Midi Dress (XS),135.83,USD,12,Textile World Co
v-foo-05032-xxl,Charcoal Espadrille (XXL),243.56,USD,6,
v-top-05036-l,Emerald Cardigan (L),125.58,CAD,1,Atelier Nord
v-bot-05037-xl,Black Linen Pant (XL),106.06,USD,1,Textile World Co
v-dre-05038-l,Burgundy Midi Dress (L),104.05,USD,1,Atelier Nord
v-acc-05039-m,Camel Crossbody Bag (M),95.21,USD,1,Fashion Hub Ltd
v-acc-05040-xl,Emerald Leather Tote (XL),192.57,CAD,6,Atelier Nord
v-acc-05041-xs,Cognac Woven Belt (XS),151.5,USD,1,Atelier Nord
v-acc-05041-xs,Cognac Woven Belt (XS) - Case Pack,1742.25,USD,12,Atelier Nord
v-dre-05043-s,Beige Maxi Dress (S),90.62,USD,12,Apparel Solutions
v-out-05044-xxl,Camel Denim Jacket (XXL),78.78,USD,1,Textile World Co
v-bot-05045-xl,Indigo Linen Pant (XL),272.45,USD,6,Fashion Hub Ltd
v-foo-05046-l,Indigo Heeled Mule (L),304.25,USD,6,Fashion Hub Ltd
v-foo-05047-xl,Ivory Low-Top Sneaker (XL),91.12,USD,12,Textile World Co
v-out-05048-s,Emerald Puffer Vest (S),290.61,USD,1,Textile World Co
v-acc-05050-xl,Charcoal Twill Scarf (XL),226.76,CAD,6,Atelier Nord
v-foo-05051-xl,Emerald Ballet Flat (XL),33.46,USD,6,Textile World Co
v-dre-05052-l,Beige Shift Dress (L),222.72,USD,6,Apparel Solutions
v-dre-05054-xxl,White Shift Dress (XXL),296.74,USD,1,Textile World Co
v-out-05055-m,Tan Wool Peacoat (M),82.88,USD,1,
v-bot-05056-m,Black Chino Pant (M),68.6,CAD,1,Atelier Nord
v-bot-05057-s,Camel Pleated Skirt (S),36.71,USD,1,Fashion Hub Ltd
v-dre-05059-s,Black Midi Dress (S),42.05,USD,1,Apparel Solutions
v-foo-05060-xxl,Tan Ballet Flat (XXL),261.56,USD,1,Fashion Hub Ltd
v-top-05062-m,Tan V-Neck Sweater (M),286.8,USD,1,Textile World Co
v-out-05064-xxl,Beige Blazer (XXL),253.92,USD,1,Fashion Hub Ltd
v-bot-05065-xs,White Denim Short (XS),30.34,USD,12,Atelier Nord
v-dre-05067-xxl,Emerald Shift Dress (XXL),186.31,USD,1,Apparel Solutions
v-foo-05068-m,Black Loafer (M),160.97,USD,1,Textile World Co
v-foo-05069-xs,Indigo Loafer (XS),252.92,USD,1,Fashion Hub Ltd
v-foo-05070-m,Black Low-Top Sneaker (M),220.1,USD,1,Fashion Hub Ltd
v-foo-05072-xs,Ivory Low-Top Sneaker (XS),236.4,CAD,6,Atelier Nord
v-bot-05074-s,Camel Skinny Jean (S),199.92,USD,6,Fashion Hub Ltd
v-bot-05075-s,White Midi Skirt (S),149.49,USD,1,Atelier Nord
v-top-05076-s,Charcoal Silk Blouse (S),58.76,CAD,6,
v-dre-05077-l,Black Slip Dress (L),91.54,USD,1,Textile World Co
v-dre-05078-l,Indigo Midi Dress (L),282.22,USD,6,Textile World Co
v-acc-05079-xs,Burgundy Crossbody Bag (XS),154.06,USD,1,Textile World Co
v-top-05080-xxl,Blush Crewneck Tee (XXL),247.96,CAD,1,Atelier Nord
v-foo-05081-l,Blush Ankle Boot (L),243.98,USD,6,Fashion Hub Ltd
v-acc-05082-l,White Wide-Brim Hat (L),377.95,CAD,1,Atelier Nord
v-bot-05083-s,Blush Wide-Leg Trouser (S),253.4,USD,12,Textile World Co
v-top-05086-s,Black Turtleneck (S),72.64,USD,1,Apparel Solutions
v-acc-05087-xxl,Blush Wide-Brim Hat (XXL),241.46,USD,1,Apparel Solutions
v-acc-05088-xs,Camel Twill Scarf (XS),111.18,USD,12,Fashion Hub Ltd
v-foo-05089-xs,Blush Ankle Boot (XS),200.35,USD,1,Fashion Hub Ltd
v-out-05090-s,Burgundy Wool Peacoat (S),317.51,USD,1,Textile World Co
v-acc-05092-xl,Black Twill Scarf (XL),52.32,USD,1,Apparel Solutions
v-out-05093-xxl,Black Denim Jacket (XXL),47.02,USD,1,Textile World Co
v-acc-05095-xl,Ivory Wide-Brim Hat (XL),278.34,USD,1,Textile World Co
v-out-05096-m,Cognac Blazer (M),230.73,CAD,1,Atelier Nord
v-foo-05097-xs,Blush Heeled Mule (XS),200.04,USD,12,Apparel Solutions
v-bot-05098-s,Beige Linen Pant (S),252.83,USD,1,Fashion Hub Ltd
v-acc-05099-m,Burgundy Woven Belt (M),251.92,USD,12,Fashion Hub Ltd
v-bot-05100-xs,Tan Linen Pant (XS),252.73,CAD,12,Atelier Nord
v-acc-05101-xl,Black Crossbody Bag (XL),230.17,USD,6,
v-top-05104-m,Indigo Henley (M),182.16,USD,1,Fashion Hub Ltd
v-top-05105-xxl,Cognac Henley (XXL),146.94,USD,12,Apparel Solutions
v-top-05106-xs,Indigo Silk Blouse (XS),311.29,USD,1,Textile World Co
v-acc-05107-xl,White Twill Scarf (XL),219.8,CAD,1,Atelier Nord
v-top-05108-s,Beige Crewneck Tee (S),282.81,USD,1,Atelier Nord
v-dre-05109-xl,Black Slip Dress (XL),219.07,USD,1,Fashion Hub Ltd
v-bot-05110-xxl,Emerald Wide-Leg Trouser (XXL),301.13,CAD,1,Atelier Nord
v-out-05112-m,White Moto Jacket (M),58.28,USD,1,Atelier Nord
v-bot-05113-xl,White Skinny Jean (XL),138.05,USD,1,Apparel Solutions
v-out-05114-l,Emerald Moto Jacket (L),216.73,USD,1,Textile World Co
v-acc-05115-xs,Tan Wide-Brim Hat (XS),62.33,USD,12,Textile World Co
v-top-05116-l,Blush Turtleneck (L),288.88,USD,1,Textile World Co
v-dre-05117-xxl,Cognac Shirt Dress (XXL),127.29,USD,1,Textile World Co
v-dre-05118-l,Indigo Wrap Dress (L),285.36,USD,6,Apparel Solutions
v-acc-05120-xl,Camel Crossbody Bag (XL),396.14,CAD,1,Atelier Nord
v-out-05121-m,Charcoal Puffer Vest (M),210.68,USD,1,Apparel Solutions
v-bot-05123-xs,Black Midi Skirt (XS),35.85,USD,6,Textile World Co
v-out-05124-xs,Beige Blazer (XS),126.1,USD,12,Textile World Co
v-foo-05125-l,Beige Ankle Boot (L),85.95,USD,1,
v-top-05126-xs,Tan Turtleneck (XS),244.37,USD,1,Textile World Co
v-bot-05127-xxl,Blush Skinny Jean (XXL),243.75,CAD,12,Atelier Nord
v-acc-05128-m,Emerald Statement Earrings (M),89.54,USD,1,Textile World Co
v-out-05129-xs,Ivory Blazer (XS),211.86,USD,1,Textile World Co
v-foo-05130-l,Camel Heeled Mule (L),53.55,USD,12,Fashion Hub Ltd
v-foo-05131-s,Beige Espadrille (S),248.02,USD,1,Apparel Solutions
v-bot-05132-s,Ivory Denim Short (S),184.87,USD,1,Textile World Co
v-acc-05133-l,Cognac Crossbody Bag (L),304.72,USD,6,Apparel Solutions
v-bot-05134-m,Tan Denim Short (M),175.18,CAD,1,Atelier Nord
v-dre-05135-xxl,Burgundy Maxi Dress (XXL),327.16,CAD,1,Atelier Nord
v-dre-05136-s,White Midi Dress (S),82.73,USD,1,Apparel Solutions
v-dre-05137-xxl,Cognac Midi Dress (XXL),39.99,USD,1,Fashion Hub Ltd
v-dre-05138-s,Beige Wrap Dress (S),66.34,USD,1,Atelier Nord
v-top-05139-xl,Indigo Turtleneck (XL),153.5,USD,1,Apparel Solutions
v-bot-05140-s,Camel Denim Short (S),191.09,USD,1,Textile World Co
v-out-05141-xl,Black Denim Jacket (XL),110.92,USD,12,Apparel Solutions
v-dre-05142-xxl,Beige Midi Dress (XXL),102.26,USD,1,Apparel Solutions
v-acc-05143-m,Black Twill Scarf (M),277.34,USD,1,Textile World Co
v-acc-05143-m,Black Twill Scarf (M) - Case Pack,3189.41,USD,12,Textile World Co
v-foo-05144-m,Blush Low-Top Sneaker (M),50.93,USD,1,Textile World Co
v-foo-05145-xl,Cognac Ankle Boot (XL),276.57,CAD,1,Atelier Nord
v-bot-05146-xl,Tan Midi Skirt (XL),129.6,USD,6,Textile World Co
v-foo-05147-xxl,Cognac Ballet Flat (XXL),48.43,USD,1,Fashion Hub Ltd
v-out-05148-m,Charcoal Moto Jacket (M),133.26,USD,1,Atelier Nord
v-top-05149-xxl,Camel Cardigan (XXL),133.2,USD,1,Textile World Co
v-dre-05150-l,Camel Shift Dress (L),18.24,USD,1,Textile World Co
v-bot-05151-m,Burgundy Pleated Skirt (M),209.22,USD,12,
v-acc-05152-m,Beige Leather Tote (M),166.12,USD,6,Fashion Hub Ltd
v-out-05153-m,Tan Trench Coat (M),98.44,USD,6,Textile World Co
v-foo-05154-l,Camel Ballet Flat (L),229.67,USD,6,Fashion Hub Ltd
v-top-05155-xl,Beige Turtleneck (XL),33.8,USD,1,Fashion Hub Ltd
v-out-05156-s,Blush Trench Coat (S),96.52,USD,12,Fashion Hub Ltd
v-bot-05157-s,Ivory Skinny Jean (S),216.14,USD,12,Apparel Solutions
v-out-05158-xl,Indigo Moto Jacket (XL),306.58,USD,12,Fashion Hub Ltd
v-acc-05160-l,Indigo Leather Tote (L),239.44,USD,1,Apparel Solutions
v-foo-05161-xs,Beige Ballet Flat (XS),286.01,USD,1,Apparel Solutions
v-top-05162-xl,Tan Henley (XL),212.06,USD,6,Fashion Hub Ltd
v-bot-05163-xxl,Black Denim Short (XXL),72.07,USD,1,Apparel Solutions
v-bot-05164-xl,White Wide-Leg Trouser (XL),205.26,USD,1,Fashion Hub Ltd
v-dre-05165-xl,Beige Midi Dress (XL),174.93,USD,1,Apparel Solutions
v-foo-05167-xs,Beige Low-Top Sneaker (XS),275.9,USD,1,Apparel Solutions
v-bot-05168-s,White Skinny Jean (S),51.28,USD,12,Fashion Hub Ltd
v-bot-05169-xl,Beige Skinny Jean (XL),231.51,USD,1,Apparel Solutions
v-top-05171-s,Emerald Silk Blouse (S),91.61,USD,12,Fashion Hub Ltd
v-acc-05172-xs,Beige Woven Belt (XS),111.09,USD,1,Atelier Nord
v-acc-05173-m,White Wide-Brim Hat (M),248.46,USD,6,Textile World Co
v-acc-05174-xs,White Twill Scarf (XS),33.88,USD,6,Textile World Co
v-bot-05175-l,Blush Skinny Jean (L),274.83,USD,1,Textile World Co
v-bot-05176-xxl,Camel Denim Short (XXL),228.71,USD,6,Fashion Hub Ltd
v-bot-05176-xxl,Camel Denim Short (XXL) - Case Pack,2630.16,USD,12,Fashion Hub Ltd
v-acc-05177-s,Indigo Woven Belt (S),222.67,CAD,12,Atelier Nord
v-bot-05178-xs,Ivory Midi Skirt (XS),120.64,USD,1,Textile World Co
v-bot-05179-l,Indigo Denim Short (L),270.24,USD,6,
v-bot-05179-l,Indigo Denim Short (L) - Case Pack,3107.76,USD,12,Fashion Hub Ltd
v-acc-05181-xxl,Indigo Statement Earrings (XXL),401.17,CAD,1,Atelier Nord
v-foo-05182-l,Emerald Espadrille (L),41.71,USD,12,Textile World Co
v-dre-05183-xxl,Camel Midi Dress (XXL),24.23,USD,1,Fashion Hub Ltd
v-top-05184-xs,White Tank Top (XS),309.29,USD,6,Atelier Nord
v-out-05185-m,Blush Trench Coat (M),150.18,USD,1,Textile World Co
v-out-05186-xl,Tan Blazer (XL),199.82,USD,12,Textile World Co
v-out-05187-xxl,Burgundy Blazer (XXL),193.36,USD,1,Textile World Co
v-bot-05188-xxl,Cognac Wide-Leg Trouser (XXL),272.95,USD,1,Fashion Hub Ltd
v-foo-05189-l,Charcoal Loafer (L),300.3,USD,6,Textile World Co
v-out-05190-l,Tan Puffer Vest (L),161.73,USD,12,Fashion Hub Ltd
v-bot-05191-m,Charcoal Linen Pant (M),250.91,USD,6,Atelier Nord
v-foo-05192-m,Beige Loafer (M),38.91,USD,1,Textile World Co
v-out-05193-xl,Beige Blazer (XL),224.51,USD,1,Textile World Co
v-bot-05194-l,Burgundy Pleated Skirt (L),124.21,USD,1,Fashion Hub Ltd
v-acc-05195-l,Emerald Twill Scarf (L),20.28,USD,6,Apparel Solutions
v-dre-05196-xl,Beige Shirt Dress (XL),79.36,USD,1,Atelier Nord
v-out-05197-xxl,Indigo Puffer Vest (XXL),76.1,CAD,12,Atelier Nord
v-foo-05198-xl,Blush Ankle Boot (XL),41.97,USD,1,Apparel Solutions
v-dre-05199-m,Blush Shirt Dress (M),66.34,USD,6,Textile World Co
v-top-05201-xs,Camel Tank Top (XS),83.93,USD,1,Atelier Nord
v-acc-05203-s,Indigo Leather Tote (S),338.23,CAD,6,Atelier Nord
v-dre-05204-m,Black Shirt Dress (M),172.87,USD,1,Fashion Hub Ltd
v-bot-05205-s,Camel Wide-Leg Trouser (S),377.78,CAD,1,Atelier Nord
v-foo-05206-xxl,Black Heeled Mule (XXL),287.11,USD,6,Textile World Co
v-acc-05207-s,White Wide-Brim Hat (S),154.93,USD,6,Fashion Hub Ltd
v-foo-05208-xl,Burgundy Espadrille (XL),117.89,USD,1,Textile World Co
v-foo-05212-s,Indigo Loafer (S),34.0,USD,12,Textile World Co
v-dre-05213-xxl,Camel Slip Dress (XXL),25.9,USD,1,Fashion Hub Ltd
v-foo-05214-xxl,Charcoal Ankle Boot (XXL),150.22,CAD,12,Atelier Nord
v-top-05215-s,Black Crewneck Tee (S),169.05,USD,12,Fashion Hub Ltd
v-acc-05216-xl,Black Woven Belt (XL),163.0,USD,1,Fashion Hub Ltd
v-dre-05217-l,White Maxi Dress (L),244.01,CAD,1,Atelier Nord
v-top-05218-xl,Beige Button-Up Shirt (XL),275.38,USD,12,
v-acc-05219-m,Black Leather Tote (M),212.27,USD,12,Textile World Co
v-bot-05220-m,Charcoal Linen Pant (M),60.38,USD,12,Apparel Solutions
v-dre-05221-xs,Black Wrap Dress (XS),263.83,USD,1,Apparel Solutions
v-top-05222-s,White Button-Up Shirt (S),88.46,USD,12,Fashion Hub Ltd
v-acc-05223-m,Beige Crossbody Bag (M),34.43,USD,1,Textile World Co
v-bot-05224-s,Tan Linen Pant (S),193.53,USD,1,Textile World Co
v-foo-05226-xl,Cognac Loafer (XL),315.18,CAD,1,Atelier Nord
v-out-05227-l,Burgundy Denim Jacket (L),279.43,USD,1,Apparel Solutions
v-out-05228-xs,Tan Denim Jacket (XS),256.64,USD,1,Textile World Co
v-foo-05229-xl,Charcoal Loafer (XL),209.01,USD,1,Atelier Nord
v-dre-05230-s,Emerald Slip Dress (S),100.87,USD,1,
v-dre-05231-xxl,Blush Shift Dress (XXL),412.27,CAD,1,Atelier Nord
v-foo-05233-m,Indigo Espadrille (M),93.46,USD,12,Fashion Hub Ltd
v-out-05234-m,Cognac Wool Peacoat (M),296.62,USD,12,Textile World Co
v-dre-05236-s,Beige Shift Dress (S),180.6,USD,12,Textile World Co
v-acc-05237-m,Blush Wide-Brim Hat (M),302.85,USD,1,Fashion Hub Ltd
v-dre-05238-xs,Emerald Maxi Dress (XS),320.86,USD,1,Textile World Co
v-top-05239-l,Charcoal Tank Top (L),77.94,USD,1,Apparel Solutions
v-acc-05240-xxl,Blush Statement Earrings (XXL),250.62,USD,1,Apparel Solutions
v-dre-05241-xl,Emerald Wrap Dress (XL),213.86,CAD,1,Atelier Nord
v-foo-05242-s,Beige Loafer (S),318.19,USD,1,Textile World Co
v-top-05243-s,Emerald Crewneck Tee (S),293.6,USD,12,Fashion Hub Ltd
v-foo-05244-xs,Emerald Ballet Flat (XS),258.49,USD,1,Fashion Hub Ltd
v-top-05245-xxl,Blush Henley (XXL),240.84,CAD,1,Atelier Nord
v-top-05245-xxl,Blush Henley (XXL) - Case Pack,2769.66,CAD,12,Atelier Nord
v-top-05246-m,Burgundy Crewneck Tee (M),149.72,USD,6,Atelier Nord
v-out-05248-m,Burgundy Moto Jacket (M),153.54,USD,1,Atelier Nord
v-bot-05250-xs,Emerald Pleated Skirt (XS),208.76,USD,6,Apparel Solutions
v-top-05251-s,Charcoal Henley (S),274.71,USD,1,Apparel Solutions
v-bot-05253-m,Black Linen Pant (M),162.26,USD,1,
v-out-05254-xl,Beige Denim Jacket (XL),95.34,USD,1,Textile World Co
v-out-05255-xl,Camel Moto Jacket (XL),50.32,USD,1,Fashion Hub Ltd
v-top-05256-s,Camel Cardigan (S),88.56,USD,12,Textile World Co
v-acc-05257-xs,Blush Crossbody Bag (XS),66.47,USD,1,Fashion Hub Ltd
v-top-05258-xs,Black Henley (XS),97.92,USD,1,Textile World Co
v-top-05260-l,Charcoal Tank Top (L),113.07,USD,1,Textile World Co
v-out-05263-s,Beige Blazer (S),259.19,USD,1,Fashion Hub Ltd
v-out-05265-xxl,Charcoal Blazer (XXL),259.94,USD,1,Apparel Solutions
v-bot-05266-xs,Indigo Pleated Skirt (XS),273.65,USD,1,Fashion Hub Ltd
v-acc-05268-m,Cognac Twill Scarf (M),112.5,USD,12,Apparel Solutions
v-dre-05269-l,Ivory Slip Dress (L),244.34,USD,1,Textile World Co
v-foo-05270-xl,Camel Ankle Boot (XL),309.48,USD,12,Apparel Solutions
v-foo-05273-xs,Blush Ankle Boot (XS),115.56,USD,6,Atelier Nord
v-acc-05274-xl,White Wide-Brim Hat (XL),256.7,USD,1,Atelier Nord
v-dre-05275-s,Blush Midi Dress (S),228.18,USD,1,Apparel Solutions
v-out-05280-xl,Charcoal Puffer Vest (XL),289.34,USD,6,Apparel Solutions
v-out-05281-xs,Beige Moto Jacket (XS),55.15,USD,1,Textile World Co
v-out-05282-m,Blush Trench Coat (M),231.83,USD,1,Apparel Solutions
v-top-05283-xl,Black Cardigan (XL),60.62,USD,1,Textile World Co
v-top-05284-s,Beige Henley (S),394.43,CAD,12,Atelier Nord
v-bot-05286-xxl,Black Pleated Skirt (XXL),243.97,USD,1,Textile World Co
v-acc-05287-xl,Beige Statement Earrings (XL),316.8,USD,12,Apparel Solutions
v-dre-05289-xxl,Indigo Slip Dress (XXL),117.87,USD,1,Apparel Solutions
v-acc-05290-xxl,Blush Statement Earrings (XXL),278.16,USD,1,Apparel Solutions
v-bot-05293-xxl,Ivory Wide-Leg Trouser (XXL),300.53,USD,1,Apparel Solutions
v-foo-05294-xxl,Indigo Low-Top Sneaker (XXL),159.91,USD,12,Textile World Co
v-out-05295-xs,Burgundy Wool Peacoat (XS),312.21,USD,12,Apparel Solutions
v-out-05296-m,Tan Wool Peacoat (M),43.35,USD,1,Fashion Hub Ltd
v-bot-05298-xl,Burgundy Denim Short (XL),30.75,USD,1,Textile World Co
v-acc-05299-m,Beige Woven Belt (M),250.8,USD,1,Textile World Co
v-foo-05301-xxl,Blush Low-Top Sneaker (XXL),82.81,USD,1,
v-acc-05302-xxl,Charcoal Crossbody Bag (XXL),228.63,USD,12,Textile World Co
v-foo-05303-xl,Burgundy Heeled Mule (XL),41.79,USD,6,Textile World Co
v-top-05304-l,Ivory Crewneck Tee (L),166.43,USD,1,Fashion Hub Ltd
v-dre-05305-xxl,Tan Midi Dress (XXL),307.36,USD,1,Apparel Solutions
v-foo-05306-m,Indigo Espadrille (M),280.02,USD,12,Textile World Co
v-dre-05307-xs,Charcoal Maxi Dress (XS),125.29,USD,1,Fashion Hub Ltd
v-foo-05308-xs,Charcoal Loafer (XS),116.57,CAD,1,Atelier Nord
v-out-05309-s,Charcoal Puffer Vest (S),209.26,CAD,12,Atelier Nord
v-bot-05310-s,Emerald Denim Short (S),297.3,USD,1,Apparel Solutions
v-dre-05311-xxl,Ivory Wrap Dress (XXL),302.24,CAD,1,Atelier Nord
v-acc-05312-xl,Black Statement Earrings (XL),144.15,USD,12,Textile World Co
v-foo-05313-s,Emerald Ankle Boot (S),27.11,USD,1,Textile World Co
v-bot-05314-xl,White Midi Skirt (XL),127.65,USD,6,Apparel Solutions
v-acc-05315-xl,Blush Statement Earrings (XL),340.37,CAD,1,Atelier Nord
v-bot-05316-xl,Blush Skinny Jean (XL),299.24,USD,12,
v-dre-05317-xs,Beige Maxi Dress (XS),65.9,USD,1,Textile World Co
v-foo-05318-xs,Cognac Loafer (XS),278.42,USD,1,Atelier Nord
v-out-05319-s,Black Wool Peacoat (S),51.75,USD,1,Apparel Solutions
v-top-05320-xxl,Cognac Henley (XXL),158.99,USD,6,Atelier Nord
v-acc-05321-m,Blush Crossbody Bag (M),305.18,USD,12,Apparel Solutions
v-dre-05322-m,White Slip Dress (M),30.82,USD,1,Apparel Solutions
v-bot-05323-xl,Indigo Chino Pant (XL),222.61,USD,1,Apparel Solutions
v-bot-05324-m,Indigo Denim Short (M),181.02,USD,6,Fashion Hub Ltd
v-acc-05325-m,Black Leather Tote (M),211.17,USD,12,Textile World Co
v-acc-05326-xxl,Black Woven Belt (XXL),293.13,USD,12,Apparel Solutions
v-out-05327-xxl,Camel Denim Jacket (XXL),291.34,USD,12,Textile World Co
v-foo-05328-l,White Ballet Flat (L),151.59,USD,12,Atelier Nord
v-foo-05329-xxl,Cognac Espadrille (XXL),188.37,USD,12,Atelier Nord
v-dre-05330-xl,Camel Maxi Dress (XL),317.92,USD,1,Fashion Hub Ltd
v-out-05331-l,Indigo Blazer (L),315.23,USD,1,Textile World Co
v-foo-05332-s,Beige Heeled Mule (S),180.13,USD,12,
v-out-05333-xs,Black Denim Jacket (XS),97.4,USD,6,Textile World Co
v-top-05334-m,Burgundy Cardigan (M),210.94,USD,1,Apparel Solutions
v-dre-05335-xl,Emerald Midi Dress (XL),102.0,USD,12,Fashion Hub Ltd
v-top-05336-xl,Tan Henley (XL),132.88,USD,1,Textile World Co
v-top-05338-xxl,Tan Turtleneck (XXL),158.71,USD,12,Textile World Co
v-acc-05341-m,Beige Wide-Brim Hat (M),130.71,USD,1,Fashion Hub Ltd
v-dre-05342-l,Blush Midi Dress (L),24.17,USD,6,Atelier Nord
v-acc-05343-l,Blush Twill Scarf (L),142.03,USD,12,Textile World Co
v-bot-05344-m,Charcoal Skinny Jean (M),265.53,USD,6,Fashion Hub Ltd
v-acc-05345-xxl,Blush Crossbody Bag (XXL),55.72,USD,6,Textile World Co
v-out-05346-m,Cognac Blazer (M),376.98,CAD,1,Atelier Nord
v-top-05347-l,Black Henley (L),25.07,USD,12,Fashion Hub Ltd
v-top-05347-l,Black Henley (L) - Case Pack,288.31,USD,12,Fashion Hub Ltd
v-top-05348-s,Charcoal Button-Up Shirt (S),27.56,USD,6,Atelier Nord
v-dre-05349-xs,Beige Shirt Dress (XS),433.3,CAD,1,Atelier Nord
v-top-05352-m,Camel Tank Top (M),204.88,CAD,1,Atelier Nord
v-dre-05353-l,Burgundy Slip Dress (L),38.24,USD,1,Apparel Solutions
v-foo-05354-xxl,Charcoal Ballet Flat (XXL),93.82,USD,6,Fashion Hub Ltd
v-out-05355-s,Indigo Trench Coat (S),228.92,USD,12,Apparel Solutions
v-bot-05357-xl,Blush Skinny Jean (XL),22.69,USD,1,Fashion Hub Ltd
v-bot-05358-xs,Burgundy Linen Pant (XS),240.04,USD,1,Apparel Solutions
v-dre-05359-l,Emerald Maxi Dress (L),135.48,USD,12,Fashion Hub Ltd
v-out-05361-s,Beige Puffer Vest (S),290.05,USD,1,Fashion Hub Ltd
v-acc-05362-l,Blush Woven Belt (L),166.94,USD,1,Atelier Nord
v-out-05363-xxl,Emerald Wool Peacoat (XXL),184.33,CAD,1,Atelier Nord
v-out-05364-m,Cognac Moto Jacket (M),20.22,USD,12,Textile World Co
v-acc-05365-l,Beige Leather Tote (L),117.64,USD,12,Apparel Solutions
v-top-05366-xs,Blush Henley (XS),191.58,USD,6,Apparel Solutions
v-dre-05368-s,Camel Shirt Dress (S),18.88,USD,6,Textile World Co
v-acc-05369-xxl,Blush Wide-Brim Hat (XXL),143.98,USD,12,Fashion Hub Ltd
v-top-05373-s,Beige Turtleneck (S),267.13,USD,1,Textile World Co
v-top-05374-xs,Tan Button-Up Shirt (XS),129.49,USD,6,Atelier Nord
v-dre-05375-l,Cognac Shift Dress (L),131.04,USD,6,Apparel Solutions
v-bot-05376-xs,Indigo Denim Short (XS),39.36,USD,1,Apparel Solutions
v-foo-05377-m,Camel Heeled Mule (M),315.43,CAD,1,Atelier Nord
v-dre-05378-xl,Emerald Wrap Dress (XL),217.64,USD,1,Textile World Co
v-top-05379-m,Blush Turtleneck (M),421.05,CAD,6,Atelier Nord
v-acc-05381-l,White Woven Belt (L),115.41,USD,6,Textile World Co
v-acc-05382-xl,Beige Twill Scarf (XL),251.3,USD,12,Fashion Hub Ltd
v-bot-05384-xl,Tan Chino Pant (XL),59.58,USD,1,Apparel Solutions
v-dre-05385-xl,Emerald Wrap Dress (XL),104.27,CAD,1,Atelier Nord
v-top-05387-xl,Tan Crewneck Tee (XL),271.08,USD,1,Apparel Solutions
v-top-05387-xl,Tan Crewneck Tee (XL) - Case Pack,3117.42,USD,12,Apparel Solutions
v-top-05388-xxl,Cognac Turtleneck (XXL),89.67,CAD,6,Atelier Nord
v-dre-05389-xl,White Shirt Dress (XL),213.64,USD,1,Fashion Hub Ltd
v-out-05390-xxl,Camel Trench Coat (XXL),140.62,USD,1,Apparel Solutions
v-top-05391-m,Indigo V-Neck Sweater (M),137.81,USD,1,Atelier Nord
v-bot-05392-xs,Blush Linen Pant (XS),103.27,USD,1,Textile World Co
v-bot-05393-xxl,Charcoal Pleated Skirt (XXL),288.09,USD,12,
v-top-05394-m,Blush Henley (M),37.81,USD,1,Apparel Solutions
v-top-05395-xl,Camel Silk Blouse (XL),74.34,USD,1,Apparel Solutions
v-out-05396-xs,Blush Wool Peacoat (XS),233.81,USD,1,Textile World Co
v-foo-05397-xxl,Beige Ankle Boot (XXL),24.98,USD,1,Atelier Nord
v-top-05398-xs,Charcoal Button-Up Shirt (XS),285.38,USD,1,Fashion Hub Ltd
v-out-05399-xl,Tan Moto Jacket (XL),90.19,USD,1,Textile World Co
v-acc-05400-l,Ivory Leather Tote (L),284.23,CAD,1,Atelier Nord
v-acc-05400-l,Ivory Leather Tote (L) - Case Pack,3268.65,CAD,12,Atelier Nord
v-out-05401-m,Blush Wool Peacoat (M),183.28,CAD,6,Atelier Nord
v-out-05402-s,Emerald Wool Peacoat (S),112.1,USD,1,Apparel Solutions
v-out-05403-l,Ivory Moto Jacket (L),199.04,CAD,12,Atelier Nord
v-bot-05404-xl,Charcoal Denim Short (XL),201.88,USD,1,Textile World Co
v-bot-05404-xl,Charcoal Denim Short (XL) - Case Pack,2321.62,USD,12,Textile World Co
v-acc-05405-xs,Ivory Twill Scarf (XS),35.86,USD,1,Apparel Solutions
v-acc-05407-xxl,Beige Wide-Brim Hat (XXL),169.77,USD,1,Apparel Solutions
v-out-05408-s,Charcoal Denim Jacket (S),267.47,USD,12,Fashion Hub Ltd
v-out-05409-xl,Burgundy Moto Jacket (XL),63.83,USD,6,Fashion Hub Ltd
v-foo-05410-xxl,Beige Low-Top Sneaker (XXL),107.86,USD,1,Apparel Solutions
v-bot-05411-xs,Burgundy Skinny Jean (XS),301.73,USD,1,Atelier Nord
v-top-05412-xxl,Tan Cardigan (XXL),198.69,USD,1,Apparel Solutions
v-acc-05413-s,Camel Woven Belt (S),95.0,USD,6,Atelier Nord
v-dre-05414-s,Camel Shift Dress (S),241.26,USD,12,Textile World Co
v-top-05415-s,Ivory Button-Up Shirt (S),213.58,USD,1,Fashion Hub Ltd
v-bot-05416-l,Emerald Wide-Leg Trouser (L),114.52,USD,1,Textile World Co
v-top-05417-m,Cognac Henley (M),50.86,USD,1,Atelier Nord
v-foo-05418-xs,Charcoal Ballet Flat (XS),30.5,USD,6,Fashion Hub Ltd
v-acc-05419-xxl,Charcoal Crossbody Bag (XXL),121.86,USD,1,
v-out-05420-m,Blush Denim Jacket (M),169.92,CAD,1,Atelier Nord
v-out-05421-xxl,Cognac Trench Coat (XXL),314.85,USD,6,Apparel Solutions
v-dre-05422-xxl,Indigo Shift Dress (XXL),86.27,USD,12,Textile World Co
v-dre-05422-xxl,Indigo Shift Dress (XXL) - Case Pack,992.1,USD,12,Textile World Co
v-out-05423-xxl,Tan Wool Peacoat (XXL),380.55,CAD,1,Atelier Nord
v-top-05424-xxl,Camel Tank Top (XXL),345.05,CAD,12,Atelier Nord
v-out-05425-s,Emerald Wool Peacoat (S),309.0,USD,1,Apparel Solutions
v-acc-05427-xl,Blush Wide-Brim Hat (XL),115.19,USD,6,Atelier Nord
v-top-05428-s,Burgundy Turtleneck (S),332.42,CAD,1,Atelier Nord
v-foo-05429-m,Burgundy Heeled Mule (M),206.99,USD,12,Apparel Solutions
v-foo-05430-s,Ivory Low-Top Sneaker (S),44.47,USD,1,Apparel Solutions
v-dre-05431-xxl,Beige Maxi Dress (XXL),264.73,USD,1,Apparel Solutions
v-acc-05432-l,Charcoal Leather Tote (L),135.81,USD,1,Atelier Nord
v-dre-05433-m,Indigo Midi Dress (M),33.83,USD,6,Textile World Co
v-foo-05434-l,Charcoal Ankle Boot (L),72.79,USD,1,Textile World Co
v-top-05435-xxl,Blush Turtleneck (XXL),114.33,USD,1,Textile World Co
v-bot-05436-xxl,Beige Wide-Leg Trouser (XXL),27.03,USD,6,Apparel Solutions
v-out-05437-m,Cognac Trench Coat (M),164.34,USD,1,Fashion Hub Ltd
v-acc-05438-m,Beige Statement Earrings (M),194.13,USD,6,Textile World Co
v-foo-05439-xxl,Tan Low-Top Sneaker (XXL),255.22,USD,1,Apparel Solutions
v-acc-05440-xs,Black Wide-Brim Hat (XS),172.68,USD,1,Atelier Nord
v-acc-05440-xs,Black Wide-Brim Hat (XS) - Case Pack,1985.82,USD,12,Atelier Nord
v-out-05441-l,Indigo Denim Jacket (L),224.57,USD,1,Apparel Solutions
v-acc-05442-xl,Tan Twill Scarf (XL),79.41,USD,1,Apparel Solutions
v-bot-05443-m,Burgundy Linen Pant (M),176.41,USD,12,Fashion Hub Ltd
v-out-05445-s,Ivory Puffer Vest (S),116.25,USD,1,Textile World Co
v-bot-05446-xxl,Camel Linen Pant (XXL),412.37,CAD,1,Atelier Nord
v-top-05447-s,Emerald Button-Up Shirt (S),243.87,USD,1,Textile World Co
v-dre-05449-xxl,Burgundy Slip Dress (XXL),44.41,USD,6,Atelier Nord
v-foo-05450-xl,Ivory Heeled Mule (XL),248.08,USD,1,Atelier Nord
v-foo-05451-s,Beige Heeled Mule (S),310.68,USD,1,Apparel Solutions
v-bot-05452-xxl,Tan Linen Pant (XXL),41.4,USD,6,Apparel Solutions
v-acc-05453-xs,Indigo Woven Belt (XS),211.67,USD,1,Textile World Co
v-foo-05454-xxl,Charcoal Loafer (XXL),277.22,USD,1,Textile World Co
v-foo-05455-l,White Ankle Boot (L),99.56,USD,1,Textile World Co
v-top-05456-s,Tan Silk Blouse (S),411.89,CAD,1,Atelier Nord
v-foo-05457-xs,Black Loafer (XS),69.33,USD,12,Textile World Co
v-out-05458-xl,White Trench Coat (XL),70.35,USD,1,Apparel Solutions
v-top-05461-s,White Silk Blouse (S),43.06,CAD,1,Atelier Nord
v-foo-05462-l,Indigo Loafer (L),29.09,USD,1,Textile World Co
v-acc-05464-xl,Indigo Woven Belt (XL),20.59,USD,6,Fashion Hub Ltd
v-top-05465-l,Emerald V-Neck Sweater (L),275.5,USD,1,Apparel Solutions
v-foo-05467-m,White Heeled Mule (M),109.47,USD,12,Fashion Hub Ltd
v-out-05468-xs,White Puffer Vest (XS),422.34,CAD,6,Atelier Nord
v-acc-05469-xs,Emerald Wide-Brim Hat (XS),169.01,USD,12,Textile World Co
v-top-05470-xs,Black Button-Up Shirt (XS),213.32,USD,6,Textile World Co
v-foo-05471-m,Charcoal Espadrille (M),71.89,USD,1,Fashion Hub Ltd
v-top-05472-xxl,Tan Cardigan (XXL),26.65,USD,6,Fashion Hub Ltd
v-acc-05474-s,Indigo Crossbody Bag (S),65.97,USD,1,Apparel Solutions
v-top-05475-xs,White Turtleneck (XS),156.93,USD,1,Atelier Nord
v-dre-05476-xxl,Cognac Midi Dress (XXL),66.48,USD,1,Textile World Co
v-acc-05477-xxl,White Twill Scarf (XXL),144.87,USD,12,Fashion Hub Ltd
v-top-05478-xxl,Emerald Cardigan (XXL),241.15,USD,12,Atelier Nord
v-dre-05479-s,Blush Wrap Dress (S),397.6,CAD,1,Atelier Nord
v-dre-05479-s,Blush Wrap Dress (S) - Case Pack,4572.4,CAD,12,Atelier Nord
v-out-05480-s,Black Trench Coat (S),29.15,USD,1,Textile World Co
v-out-05481-s,Blush Blazer (S),99.0,USD,1,Fashion Hub Ltd
v-bot-05482-xl,Beige Skinny Jean (XL),250.52,USD,1,Apparel Solutions
v-bot-05482-xl,Beige Skinny Jean (XL) - Case Pack,2880.98,USD,12,Apparel Solutions
v-dre-05483-m,Emerald Wrap Dress (M),19.25,USD,1,Apparel Solutions
v-dre-05484-m,Cognac Midi Dress (M),397.18,CAD,1,Atelier Nord
v-bot-05485-xl,Emerald Midi Skirt (XL),149.72,USD,1,Apparel Solutions
v-acc-05486-xxl,Cognac Twill Scarf (XXL),332.87,USD,1,
v-dre-05487-xs,Camel Shirt Dress (XS),291.37,USD,6,Apparel Solutions
v-dre-05488-xs,Black Shirt Dress (XS),391.5,CAD,1,Atelier Nord
v-out-05489-l,Beige Blazer (L),302.22,USD,1,Textile World Co
v-bot-05490-xs,Black Denim Short (XS),58.8,USD,6,Textile World Co
v-out-05492-xs,Black Puffer Vest (XS),127.01,USD,1,Fashion Hub Ltd
v-top-05493-xs,Blush Cardigan (XS),224.59,USD,1,Fashion Hub Ltd
v-out-05494-xs,Burgundy Moto Jacket (XS),43.98,CAD,1,Atelier Nord
v-out-05494-xs,Burgundy Moto Jacket (XS) - Case Pack,505.77,CAD,12,Atelier Nord
v-foo-05495-xl,Emerald Ballet Flat (XL),416.78,CAD,1,Atelier Nord
v-acc-05496-s,White Statement Earrings (S),268.16,USD,1,Apparel Solutions
v-acc-05497-m,Black Wide-Brim Hat (M),176.42,USD,12,Apparel Solutions
v-dre-05499-l,Burgundy Shift Dress (L),354.39,CAD,6,Atelier Nord
v-out-05500-xl,White Denim Jacket (XL),56.98,USD,1,Apparel Solutions
v-dre-05502-l,White Shift Dress (L),341.2,CAD,1,Atelier Nord
v-bot-05503-xl,Charcoal Linen Pant (XL),99.3,USD,1,Fashion Hub Ltd
v-dre-05504-s,Cognac Maxi Dress (S),156.6,USD,6,Atelier Nord
v-bot-05505-xs,Ivory Linen Pant (XS),220.69,USD,1,Apparel Solutions
v-dre-05506-xl,Beige Slip Dress (XL),344.22,CAD,1,Atelier Nord
v-foo-05507-l,Ivory Heeled Mule (L),210.41,USD,1,Textile World Co
v-acc-05508-xxl,Blush Statement Earrings (XXL),292.6,USD,12,Atelier Nord
v-acc-05509-xl,Black Woven Belt (XL),194.33,USD,1,Textile World Co
v-out-05510-xl,Burgundy Trench Coat (XL),237.42,USD,1,Apparel Solutions
v-dre-05511-xxl,Ivory Shift Dress (XXL),126.64,CAD,1,Atelier Nord
v-acc-05513-xxl,Indigo Wide-Brim Hat (XXL),188.73,CAD,6,Atelier Nord
v-bot-05514-s,Charcoal Pleated Skirt (S),281.74,USD,6,Apparel Solutions
v-bot-05515-l,White Skinny Jean (L),76.32,USD,1,Atelier Nord
v-bot-05517-m,Burgundy Pleated Skirt (M),311.0,USD,1,Textile World Co
v-dre-05519-m,Black Maxi Dress (M),98.14,USD,1,Apparel Solutions
v-acc-05520-xxl,Burgundy Twill Scarf (XXL),80.12,USD,6,Apparel Solutions
v-top-05521-l,White V-Neck Sweater (L),98.49,USD,1,Apparel Solutions
v-foo-05522-xxl,Emerald Ballet Flat (XXL),68.17,USD,1,Apparel Solutions
v-foo-05523-m,Burgundy Loafer (M),277.0,USD,1,Textile World Co
v-foo-05523-m,Burgundy Loafer (M) - Case Pack,3185.5,USD,12,Textile World Co
v-bot-05524-m,White Denim Short (M),64.51,USD,1,Fashion Hub Ltd
v-bot-05526-xl,Beige Denim Short (XL),69.73,USD,1,Atelier Nord
v-bot-05527-xxl,Charcoal Pleated Skirt (XXL),133.75,USD,1,Atelier Nord
v-bot-05528-xs,Black Midi Skirt (XS),119.21,USD,1,Atelier Nord
v-dre-05529-xl,White Shirt Dress (XL),271.76,USD,1,Textile World Co
v-bot-05530-xs,Charcoal Linen Pant (XS),306.84,USD,1,Apparel Solutions
v-dre-05531-xs,Charcoal Shirt Dress (XS),241.7,USD,1,Fashion Hub Ltd
v-dre-05532-s,Camel Maxi Dress (S),247.84,CAD,1,Atelier Nord
v-out-05534-xxl,Burgundy Denim Jacket (XXL),69.84,CAD,1,Atelier Nord
v-foo-05535-s,Indigo Espadrille (S),297.33,USD,1,Atelier Nord
v-bot-05536-xl,White Midi Skirt (XL),272.47,CAD,12,Atelier Nord
v-dre-05537-xs,Indigo Wrap Dress (XS),152.83,USD,1,Apparel Solutions
v-top-05538-s,White V-Neck Sweater (S),18.95,USD,12,Apparel Solutions
v-top-05538-s,White V-Neck Sweater (S) - Case Pack,217.92,USD,12,Apparel Solutions
v-out-05539-m,Black Moto Jacket (M),70.33,USD,1,Fashion Hub Ltd
v-foo-05540-l,Cognac Loafer (L),208.46,USD,1,Textile World Co
v-top-05541-m,White Cardigan (M),62.28,USD,1,Apparel Solutions
v-out-05542-l,Indigo Puffer Vest (L),178.43,USD,6,Atelier Nord
v-out-05542-l,Indigo Puffer Vest (L) - Case Pack,2051.95,USD,12,Atelier Nord
v-top-05543-xs,Tan Crewneck Tee (XS),42.66,USD,12,Apparel Solutions
v-dre-05544-xxl,Black Maxi Dress (XXL),84.72,USD,1,Atelier Nord
v-bot-05545-l,Cognac Linen Pant (L),235.49,USD,1,Fashion Hub Ltd
v-dre-05547-xxl,Emerald Shirt Dress (XXL),116.04,CAD,1,Atelier Nord
v-foo-05548-xl,Ivory Loafer (XL),27.05,USD,12,Textile World Co
v-out-05549-xxl,Emerald Puffer Vest (XXL),139.31,USD,1,Textile World Co
v-out-05550-xxl,Burgundy Wool Peacoat (XXL),30.8,USD,1,Fashion Hub Ltd
v-dre-05551-xl,Tan Shirt Dress (XL),113.32,USD,1,Fashion Hub Ltd
v-bot-05552-s,Black Denim Short (S),306.44,USD,1,Apparel Solutions
v-top-05553-m,Cognac Silk Blouse (M),206.11,USD,1,Atelier Nord
v-acc-05554-l,Beige Twill Scarf (L),127.98,USD,6,Textile World Co
v-top-05555-xs,Blush Henley (XS),43.95,USD,1,Textile World Co
v-foo-05557-m,Ivory Ankle Boot (M),200.46,USD,1,Apparel Solutions
v-dre-05558-s,Tan Slip Dress (S),141.45,USD,1,Apparel Solutions
v-bot-05559-xxl,Camel Midi Skirt (XXL),163.99,USD,6,
v-acc-05560-xs,Blush Wide-Brim Hat (XS),234.74,USD,1,Atelier Nord
v-dre-05561-s,Emerald Shift Dress (S),389.4,CAD,1,Atelier Nord
v-acc-05562-xxl,Blush Statement Earrings (XXL),117.93,USD,1,Textile World Co
v-dre-05563-m,Cognac Shirt Dress (M),164.29,USD,1,Atelier Nord
v-acc-05564-s,Blush Crossbody Bag (S),290.04,USD,1,Textile World Co
v-dre-05565-l,Tan Slip Dress (L),299.69,USD,1,Apparel Solutions
v-foo-05567-xs,Camel Ballet Flat (XS),18.25,USD,1,Atelier Nord
v-foo-05567-xs,Camel Ballet Flat (XS) - Case Pack,209.88,USD,12,Atelier Nord
v-top-05568-xxl,Beige Tank Top (XXL),296.64,USD,12,Fashion Hub Ltd
v-out-05569-m,Burgundy Puffer Vest (M),288.13,USD,1,Atelier Nord
v-acc-05571-s,Blush Leather Tote (S),147.18,USD,1,Apparel Solutions
v-acc-05572-s,Burgundy Crossbody Bag (S),99.28,USD,1,Fashion Hub Ltd
v-top-05574-l,Cognac Henley (L),151.23,USD,1,Textile World Co
v-acc-05575-xl,Blush Crossbody Bag (XL),221.36,USD,1,Textile World Co
v-dre-05576-xl,Burgundy Wrap Dress (XL),164.9,USD,6,Fashion Hub Ltd
v-bot-05577-xxl,Burgundy Wide-Leg Trouser (XXL),37.76,USD,6,Textile World Co
v-dre-05578-xxl,Cognac Wrap Dress (XXL),91.28,USD,1,Apparel Solutions
v-acc-05579-xs,Tan Leather Tote (XS),44.05,USD,1,Textile World Co
v-foo-05580-s,Burgundy Ankle Boot (S),27.37,USD,12,Fashion Hub Ltd
v-out-05581-l,Burgundy Blazer (L),417.16,CAD,12,Atelier Nord
v-bot-05582-m,Indigo Midi Skirt (M),135.47,USD,1,Atelier Nord
v-dre-05583-xs,Beige Shift Dress (XS),93.31,USD,12,Textile World Co
v-top-05585-xl,Indigo Silk Blouse (XL),197.03,USD,12,Textile World Co
v-bot-05586-xl,Black Midi Skirt (XL),74.95,USD,1,Textile World Co
v-acc-05587-m,Charcoal Twill Scarf (M),109.03,USD,6,Fashion Hub Ltd
v-out-05589-xs,Indigo Trench Coat (XS),204.06,CAD,1,Atelier Nord
v-acc-05590-m,Burgundy Twill Scarf (M),279.53,USD,6,Apparel Solutions
v-bot-05591-m,Indigo Skinny Jean (M),236.66,USD,12,Textile World Co
v-bot-05592-xl,Burgundy Chino Pant (XL),135.45,CAD,1,Atelier Nord
v-bot-05592-xl,Burgundy Chino Pant (XL) - Case Pack,1557.67,CAD,12,Atelier Nord
v-dre-05593-xl,Indigo Wrap Dress (XL),268.95,USD,6,Apparel Solutions
v-bot-05594-s,Black Linen Pant (S),243.15,USD,1,Textile World Co
v-foo-05595-l,Emerald Low-Top Sneaker (L),65.47,USD,12,Fashion Hub Ltd
v-foo-05596-xl,Cognac Ballet Flat (XL),199.06,USD,1,Fashion Hub Ltd
v-foo-05597-l,White Ballet Flat (L),200.52,USD,1,Apparel Solutions
v-acc-05598-m,Beige Statement Earrings (M),270.92,USD,1,Apparel Solutions
v-dre-05599-m,Indigo Shift Dress (M),61.49,USD,6,Apparel Solutions
v-dre-05600-s,Blush Wrap Dress (S),290.53,USD,1,Apparel Solutions
v-out-05601-m,Blush Puffer Vest (M),170.52,USD,6,Apparel Solutions
v-top-05602-xl,Emerald Henley (XL),249.14,USD,1,Apparel Solutions
v-dre-05603-xs,Emerald Maxi Dress (XS),152.76,USD,1,Textile World Co
v-acc-05604-xxl,Black Woven Belt (XXL),287.21,USD,12,Textile World Co
v-acc-05606-m,Charcoal Crossbody Bag (M),41.98,CAD,1,Atelier Nord
v-out-05607-xxl,Charcoal Moto Jacket (XXL),21.31,USD,6,Apparel Solutions
v-foo-05608-xxl,Tan Low-Top Sneaker (XXL),133.96,USD,1,Fashion Hub Ltd
v-foo-05610-s,Tan Espadrille (S),247.5,USD,1,Textile World Co
v-acc-05611-xs,Blush Wide-Brim Hat (XS),228.78,USD,1,Apparel Solutions
v-foo-05612-m,White Loafer (M),248.52,USD,1,Apparel Solutions
v-dre-05613-xxl,Indigo Shift Dress (XXL),56.89,CAD,1,Atelier Nord
v-foo-05614-xs,Camel Loafer (XS),143.94,USD,1,Textile World Co
v-top-05616-xs,White Cardigan (XS),80.56,USD,12,Textile World Co
v-bot-05617-m,Ivory Wide-Leg Trouser (M),308.75,USD,1,Apparel Solutions
v-dre-05618-l,Beige Maxi Dress (L),190.74,USD,6,Fashion Hub Ltd
v-acc-05619-xl,Indigo Statement Earrings (XL),268.42,USD,1,Atelier Nord
v-acc-05620-l,Beige Crossbody Bag (L),176.84,USD,1,Apparel Solutions
v-foo-05621-s,Burgundy Heeled Mule (S),199.56,USD,1,Fashion Hub Ltd
v-dre-05622-xxl,Emerald Midi Dress (XXL),92.37,USD,12,Fashion Hub Ltd
v-top-05624-l,Ivory V-Neck Sweater (L),133.52,USD,1,Apparel Solutions
v-out-05626-xxl,Emerald Trench Coat (XXL),268.82,USD,6,Fashion Hub Ltd
v-dre-05627-xs,Indigo Midi Dress (XS),340.01,CAD,1,Atelier Nord
v-top-05628-m,Charcoal Cardigan (M),160.16,USD,1,Atelier Nord
v-out-05629-xl,Indigo Wool Peacoat (XL),67.83,USD,12,Apparel Solutions
v-out-05629-xl,Indigo Wool Peacoat (XL) - Case Pack,780.04,USD,12,Apparel Solutions
v-top-05630-xs,Camel Crewneck Tee (XS),80.59,USD,12,Fashion Hub Ltd
v-bot-05631-s,Charcoal Skinny Jean (S),249.47,USD,1,Apparel Solutions
v-acc-05633-m,Charcoal Statement Earrings (M),58.44,CAD,6,Atelier Nord
v-bot-05634-xl,Charcoal Skinny Jean (XL),233.13,USD,1,Fashion Hub Ltd
v-acc-05636-m,Cognac Twill Scarf (M),296.92,USD,1,Textile World Co
v-top-05637-s,Tan V-Neck Sweater (S),156.7,USD,1,Fashion Hub Ltd
v-bot-05638-l,Indigo Linen Pant (L),144.5,USD,1,Atelier Nord
v-acc-05639-l,Camel Wide-Brim Hat (L),171.94,USD,1,Textile World Co
v-acc-05639-l,Camel Wide-Brim Hat (L) - Case Pack,1977.31,USD,12,Textile World Co
v-acc-05641-xs,Beige Crossbody Bag (XS),222.62,USD,12,Textile World Co
v-bot-05642-s,Blush Chino Pant (S),197.97,USD,1,Apparel Solutions
v-acc-05643-s,Tan Twill Scarf (S),230.86,USD,1,Textile World Co
v-acc-05644-m,Burgundy Crossbody Bag (M),149.04,USD,12,Atelier Nord
v-acc-05645-xxl,Black Woven Belt (XXL),33.83,USD,12,Textile World Co
v-out-05646-l,Black Puffer Vest (L),54.1,USD,1,Fashion Hub Ltd
v-acc-05648-s,Cognac Wide-Brim Hat (S),288.95,USD,1,Textile World Co
v-top-05649-l,Beige Button-Up Shirt (L),168.38,USD,1,Atelier Nord
v-top-05650-xxl,Indigo Turtleneck (XXL),142.26,USD,12,Fashion Hub Ltd
v-foo-05652-xxl,Blush Espadrille (XXL),221.27,USD,1,Apparel Solutions
v-acc-05654-xxl,Camel Statement Earrings (XXL),162.4,USD,1,Apparel Solutions
v-out-05655-s,Burgundy Moto Jacket (S),165.84,CAD,6,Atelier Nord
v-acc-05656-xl,Burgundy Twill Scarf (XL),237.29,USD,6,Fashion Hub Ltd
v-out-05657-xl,Emerald Blazer (XL),63.11,USD,1,Textile World Co
v-acc-05658-m,Burgundy Statement Earrings (M),137.5,USD,1,
v-foo-05659-s,White Ballet Flat (S),26.37,USD,6,Atelier Nord
v-foo-05660-s,Tan Ballet Flat (S),26.99,USD,6,Atelier Nord
v-foo-05661-s,Emerald Ankle Boot (S),231.31,USD,1,Fashion Hub Ltd
v-bot-05662-s,Burgundy Linen Pant (S),315.02,USD,6,Fashion Hub Ltd
v-foo-05663-l,Indigo Loafer (L),147.68,USD,1,Atelier Nord
v-bot-05664-xxl,Charcoal Skinny Jean (XXL),88.3,USD,12,Atelier Nord
v-acc-05666-m,Black Statement Earrings (M),214.0,USD,6,Atelier Nord
v-foo-05669-xxl,Beige Ankle Boot (XXL),100.08,USD,1,Apparel Solutions
v-acc-05670-xxl,Emerald Wide-Brim Hat (XXL),230.89,USD,1,Textile World Co
v-dre-05671-l,Cognac Slip Dress (L),35.74,USD,6,Fashion Hub Ltd
v-bot-05672-xl,Ivory Skinny Jean (XL),152.88,USD,12,Textile World Co
v-dre-05673-xl,Emerald Shift Dress (XL),220.56,USD,12,Fashion Hub Ltd
v-out-05675-xs,Black Blazer (XS),38.38,USD,1,Fashion Hub Ltd
v-foo-05678-xxl,Beige Low-Top Sneaker (XXL),191.15,USD,6,Fashion Hub Ltd
v-bot-05679-xl,Beige Skinny Jean (XL),297.48,USD,1,Apparel Solutions
v-top-05680-xs,Ivory Turtleneck (XS),309.98,USD,6,
v-acc-05682-xs,White Twill Scarf (XS),77.15,USD,1,Fashion Hub Ltd
v-bot-05684-l,Beige Pleated Skirt (L),233.87,USD,6,Fashion Hub Ltd
v-bot-05685-xl,Cognac Wide-Leg Trouser (XL),219.11,USD,1,Atelier Nord
v-out-05686-l,Tan Moto Jacket (L),275.83,USD,1,Textile World Co
v-dre-05687-m,Charcoal Wrap Dress (M),212.68,USD,6,Fashion Hub Ltd
v-bot-05688-m,Emerald Denim Short (M),221.51,USD,6,Apparel Solutions
v-foo-05689-s,Cognac Ankle Boot (S),125.87,CAD,1,Atelier Nord
v-foo-05690-xxl,Emerald Espadrille (XXL),72.21,USD,12,Fashion Hub Ltd
v-foo-05691-l,Black Low-Top Sneaker (L),122.14,USD,12,Fashion Hub Ltd
v-foo-05691-l,Black Low-Top Sneaker (L) - Case Pack,1404.61,USD,12,Fashion Hub Ltd
v-top-05692-s,White Tank Top (S),255.1,USD,1,
v-out-05693-xs,Indigo Puffer Vest (XS),157.06,USD,1,Apparel Solutions
v-out-05694-xl,White Denim Jacket (XL),315.49,USD,1,Textile World Co
v-top-05695-s,Black Turtleneck (S),163.71,CAD,1,Atelier Nord
v-top-05696-xl,Cognac Tank Top (XL),86.57,USD,12,Textile World Co
v-out-05697-l,Indigo Moto Jacket (L),245.41,CAD,1,Atelier Nord
v-dre-05699-xs,Emerald Shift Dress (XS),300.93,USD,1,Textile World Co
v-dre-05702-xl,Cognac Shirt Dress (XL),313.46,USD,1,Textile World Co
v-acc-05703-xl,Tan Crossbody Bag (XL),232.15,USD,6,Fashion Hub Ltd
v-top-05704-m,White V-Neck Sweater (M),161.54,USD,6,Atelier Nord
v-bot-05705-xs,Blush Denim Short (XS),157.26,USD,1,Apparel Solutions
v-out-05706-xxl,Black Denim Jacket (XXL),36.24,USD,6,Apparel Solutions
v-foo-05707-xl,Beige Ankle Boot (XL),159.53,USD,6,Textile World Co
v-foo-05708-l,Camel Low-Top Sneaker (L),235.76,USD,6,Apparel Solutions
v-out-05709-l,Cognac Wool Peacoat (L),93.06,USD,6,Fashion Hub Ltd
v-acc-05710-s,Indigo Woven Belt (S),273.52,USD,1,Textile World Co
v-top-05712-m,White Tank Top (M),243.87,USD,1,Apparel Solutions
v-bot-05713-xl,Charcoal Chino Pant (XL),266.09,USD,1,Fashion Hub Ltd
v-bot-05714-xxl,Tan Pleated Skirt (XXL),162.05,USD,12,Textile World Co
v-acc-05715-xxl,Burgundy Wide-Brim Hat (XXL),331.02,CAD,12,Atelier Nord
v-out-05716-xxl,Emerald Puffer Vest (XXL),151.26,USD,1,Apparel Solutions
v-acc-05717-s,Black Crossbody Bag (S),225.29,USD,1,Apparel Solutions
v-foo-05718-s,Burgundy Heeled Mule (S),181.44,USD,12,Atelier Nord
v-foo-05719-xxl,Ivory Low-Top Sneaker (XXL),44.64,USD,1,Apparel Solutions
v-bot-05720-xxl,Cognac Wide-Leg Trouser (XXL),277.69,USD,1,Fashion Hub Ltd
v-dre-05721-xl,Tan Midi Dress (XL),295.11,USD,6,Apparel Solutions
v-dre-05722-m,Blush Shift Dress (M),36.74,USD,1,Apparel Solutions
v-bot-05723-xl,Cognac Pleated Skirt (XL),43.61,USD,1,Textile World Co
v-bot-05724-s,Indigo Pleated Skirt (S),81.81,USD,6,Fashion Hub Ltd
v-bot-05725-s,Emerald Chino Pant (S),213.34,USD,1,Apparel Solutions
v-out-05726-l,Cognac Puffer Vest (L),162.19,USD,12,Apparel Solutions
v-acc-05728-xl,Black Woven Belt (XL),95.91,CAD,12,Atelier Nord
v-foo-05729-m,Indigo Ballet Flat (M),107.24,USD,1,Textile World Co
v-acc-05730-xl,Cognac Statement Earrings (XL),82.34,USD,12,Textile World Co
v-dre-05731-s,Emerald Slip Dress (S),134.26,USD,12,Apparel Solutions
v-bot-05732-s,Indigo Skinny Jean (S),22.57,USD,1,Textile World Co
v-top-05733-s,Emerald V-Neck Sweater (S),310.54,USD,6,Atelier Nord
v-top-05734-xxl,Charcoal Turtleneck (XXL),113.97,USD,6,Atelier Nord
v-dre-05735-m,Emerald Shirt Dress (M),212.31,USD,1,Fashion Hub Ltd
v-bot-05736-xxl,Tan Pleated Skirt (XXL),282.17,USD,1,Textile World Co
v-top-05737-xxl,Burgundy Crewneck Tee (XXL),136.98,USD,6,Fashion Hub Ltd
v-out-05738-s,Ivory Denim Jacket (S),126.69,USD,1,Apparel Solutions
v-top-05739-xl,Black Button-Up Shirt (XL),150.17,USD,6,Apparel Solutions
v-bot-05740-xs,Blush Denim Short (XS),208.51,USD,1,Fashion Hub Ltd
v-foo-05741-xs,White Heeled Mule (XS),330.37,CAD,1,Atelier Nord
v-foo-05741-xs,White Heeled Mule (XS) - Case Pack,3799.26,CAD,12,Atelier Nord
v-top-05742-l,Ivory Crewneck Tee (L),105.63,USD,1,Fashion Hub Ltd
v-top-05743-xl,Camel Henley (XL),78.44,USD,12,Apparel Solutions
v-out-05745-xl,Emerald Blazer (XL),113.46,USD,1,Apparel Solutions
v-bot-05746-xs,Ivory Midi Skirt (XS),118.28,USD,1,Atelier Nord
v-dre-05747-xl,Charcoal Midi Dress (XL),124.27,USD,12,Textile World Co
v-dre-05747-xl,Charcoal Midi Dress (XL) - Case Pack,1429.11,USD,12,Textile World Co
v-foo-05749-s,Black Ballet Flat (S),212.4,USD,6,Textile World Co
v-acc-05750-l,Black Statement Earrings (L),212.24,CAD,12,Atelier Nord
v-dre-05751-xxl,Charcoal Midi Dress (XXL),249.13,USD,1,Textile World Co
v-top-05752-xl,Emerald Button-Up Shirt (XL),123.01,USD,12,Apparel Solutions
v-foo-05753-s,Burgundy Loafer (S),248.32,USD,12,Apparel Solutions
v-top-05754-xxl,Cognac Silk Blouse (XXL),120.65,USD,1,Fashion Hub Ltd
v-foo-05755-m,Tan Loafer (M),51.38,USD,1,Textile World Co
v-out-05756-xs,Black Puffer Vest (XS),145.39,USD,6,Textile World Co
v-dre-05757-xs,Blush Wrap Dress (XS),321.34,CAD,6,
v-dre-05757-xs,Blush Wrap Dress (XS) - Case Pack,3695.41,CAD,12,Atelier Nord
v-acc-05758-s,White Wide-Brim Hat (S),86.95,USD,1,Apparel Solutions
v-acc-05759-xs,Blush Leather Tote (XS),165.14,USD,6,Textile World Co
v-bot-05760-xl,Charcoal Midi Skirt (XL),171.72,USD,1,Textile World Co
v-top-05761-xxl,Emerald Turtleneck (XXL),172.24,CAD,6,Atelier Nord
v-foo-05762-s,Camel Loafer (S),241.94,USD,12,Apparel Solutions
v-bot-05763-l,Cognac Skinny Jean (L),273.25,USD,12,Apparel Solutions
v-out-05764-s,Charcoal Blazer (S),174.9,USD,12,Fashion Hub Ltd
v-top-05765-xl,Tan Button-Up Shirt (XL),202.55,USD,6,Atelier Nord
v-top-05766-xl,White Tank Top (XL),293.12,USD,1,Textile World Co
v-out-05768-s,Burgundy Puffer Vest (S),215.43,USD,1,Fashion Hub Ltd
v-out-05770-xl,Tan Puffer Vest (XL),295.07,USD,1,Apparel Solutions
v-dre-05771-s,Emerald Shirt Dress (S),143.59,CAD,1,Atelier Nord
v-out-05772-xs,Indigo Denim Jacket (XS),78.81,CAD,1,Atelier Nord
v-acc-05773-l,Camel Twill Scarf (L),48.34,USD,1,Apparel Solutions
v-top-05774-l,Charcoal Crewneck Tee (L),169.36,USD,1,Textile World Co
v-bot-05775-xxl,Cognac Midi Skirt (XXL),20.06,USD,1,Apparel Solutions
v-bot-05776-xs,Blush Midi Skirt (XS),23.49,USD,6,Atelier Nord
v-acc-05777-l,Emerald Woven Belt (L),56.09,USD,6,Apparel Solutions
v-foo-05778-xs,Cognac Ballet Flat (XS),212.68,USD,6,Textile World Co
v-bot-05779-xl,Emerald Chino Pant (XL),157.91,USD,12,Fashion Hub Ltd
v-acc-05780-s,White Wide-Brim Hat (S),94.08,USD,6,Apparel Solutions
v-bot-05781-s,Cognac Denim Short (S),21.57,USD,1,Textile World Co
v-foo-05782-xxl,Ivory Ballet Flat (XXL),30.64,USD,1,Atelier Nord
v-dre-05785-l,Burgundy Shift Dress (L),219.57,USD,6,Textile World Co
v-out-05786-xl,Camel Moto Jacket (XL),191.93,USD,1,Fashion Hub Ltd
v-foo-05787-m,Beige Ankle Boot (M),262.25,USD,1,Apparel Solutions
v-dre-05788-l,Emerald Slip Dress (L),199.58,USD,1,Textile World Co
v-foo-05790-xs,Beige Espadrille (XS),173.92,USD,1,Fashion Hub Ltd
v-top-05791-l,Blush Henley (L),302.92,USD,1,Apparel Solutions
v-acc-05792-xxl,White Leather Tote (XXL),215.67,USD,12,
v-acc-05792-xxl,White Leather Tote (XXL) - Case Pack,2480.2,USD,12,Atelier Nord
v-acc-05793-xl,Beige Crossbody Bag (XL),135.73,USD,6,Fashion Hub Ltd
v-bot-05794-s,Indigo Wide-Leg Trouser (S),251.13,USD,1,Apparel Solutions
v-dre-05795-l,Blush Slip Dress (L),155.45,USD,1,Atelier Nord
v-out-05796-xxl,Emerald Wool Peacoat (XXL),187.78,USD,1,Textile World Co
v-bot-05797-xs,Beige Midi Skirt (XS),267.59,USD,1,Textile World Co
v-dre-05798-m,Ivory Shirt Dress (M),206.69,USD,1,Fashion Hub Ltd
v-acc-05799-xs,Camel Wide-Brim Hat (XS),221.4,USD,1,Apparel Solutions
v-dre-05800-xxl,Emerald Midi Dress (XXL),36.6,USD,6,Textile World Co
v-out-05801-xs,Charcoal Denim Jacket (XS),129.0,USD,1,Apparel Solutions
v-top-05802-l,White Henley (L),91.4,USD,12,Apparel Solutions
v-out-05804-xs,Indigo Wool Peacoat (XS),90.14,USD,1,Textile World Co
v-acc-05805-xs,Camel Crossbody Bag (XS),249.62,USD,1,Atelier Nord
v-foo-05806-xxl,Cognac Heeled Mule (XXL),76.1,USD,1,Textile World Co
v-dre-05807-s,Camel Shirt Dress (S),304.19,USD,12,Atelier Nord
v-foo-05808-xl,Emerald Espadrille (XL),294.62,USD,12,Textile World Co
v-acc-05809-xxl,Emerald Wide-Brim Hat (XXL),261.4,USD,1,Textile World Co
v-dre-05810-xxl,Emerald Shift Dress (XXL),175.0,USD,6,Apparel Solutions
v-foo-05811-xxl,Tan Espadrille (XXL),301.28,USD,12,Textile World Co
v-out-05813-l,Emerald Blazer (L),187.8,USD,6,Fashion Hub Ltd
v-out-05814-xs,Tan Moto Jacket (XS),144.2,CAD,1,Atelier Nord
v-out-05814-xs,Tan Moto Jacket (XS) - Case Pack,1658.3,CAD,12,Atelier Nord
v-dre-05816-xs,Charcoal Wrap Dress (XS),223.86,USD,1,Atelier Nord
v-dre-05817-xs,Emerald Midi Dress (XS),70.79,CAD,1,Atelier Nord
v-foo-05818-xxl,Burgundy Espadrille (XXL),51.28,USD,12,Atelier Nord
v-acc-05819-l,Black Woven Belt (L),67.12,USD,6,Apparel Solutions
v-top-05821-l,Burgundy Henley (L),138.81,USD,1,Atelier Nord
v-out-05822-xxl,Ivory Moto Jacket (XXL),112.72,USD,12,
v-acc-05823-xs,Beige Leather Tote (XS),167.97,USD,6,
v-out-05824-l,Blush Trench Coat (L),282.06,USD,12,Fashion Hub Ltd
v-out-05825-xxl,Ivory Puffer Vest (XXL),226.73,USD,1,Fashion Hub Ltd
v-top-05826-xs,Burgundy Cardigan (XS),233.62,USD,6,Apparel Solutions
v-acc-05827-xs,Indigo Leather Tote (XS),95.16,USD,1,Textile World Co
v-top-05828-xxl,Ivory Silk Blouse (XXL),267.59,USD,1,Fashion Hub Ltd
v-out-05829-m,Indigo Denim Jacket (M),208.91,USD,1,Apparel Solutions
v-acc-05830-m,Ivory Statement Earrings (M),207.55,USD,6,Textile World Co
v-out-05831-s,Camel Puffer Vest (S),83.66,USD,12,Apparel Solutions
v-acc-05832-l,White Crossbody Bag (L),128.06,USD,12,Fashion Hub Ltd
v-foo-05833-l,Blush Ankle Boot (L),74.21,USD,1,Textile World Co
v-out-05834-xl,Tan Puffer Vest (XL),103.88,USD,12,Atelier Nord
v-dre-05835-xs,Indigo Midi Dress (XS),54.83,USD,1,Apparel Solutions
v-acc-05836-m,Tan Woven Belt (M),20.93,USD,1,Atelier Nord
v-dre-05837-l,Cognac Wrap Dress (L),396.73,CAD,12,Atelier Nord
v-top-05838-m,Charcoal Silk Blouse (M),212.46,USD,1,Atelier Nord
v-out-05839-l,Ivory Puffer Vest (L),110.61,USD,12,Textile World Co
v-out-05840-m,Ivory Blazer (M),37.6,USD,1,Apparel Solutions
v-foo-05841-m,Burgundy Heeled Mule (M),297.12,USD,6,Fashion Hub Ltd
v-foo-05842-m,Beige Ballet Flat (M),38.15,USD,1,Textile World Co
v-bot-05843-m,Camel Pleated Skirt (M),216.04,USD,1,Fashion Hub Ltd
v-bot-05843-m,Camel Pleated Skirt (M) - Case Pack,2484.46,USD,12,Fashion Hub Ltd
v-dre-05845-xs,Indigo Shirt Dress (XS),62.8,USD,6,Apparel Solutions
v-dre-05846-s,Ivory Midi Dress (S),277.48,USD,1,Textile World Co
v-out-05847-xxl,Burgundy Moto Jacket (XXL),315.93,USD,1,Fashion Hub Ltd
v-dre-05848-xs,Burgundy Slip Dress (XS),193.14,USD,6,Textile World Co
v-foo-05849-m,Cognac Loafer (M),251.03,USD,6,Fashion Hub Ltd
v-out-05850-xxl,Cognac Wool Peacoat (XXL),272.94,USD,12,Fashion Hub Ltd
v-top-05851-s,Beige Henley (S),247.36,USD,12,Fashion Hub Ltd
v-top-05851-s,Beige Henley (S) - Case Pack,2844.64,USD,12,Fashion Hub Ltd
v-top-05852-xl,Cognac Tank Top (XL),121.28,USD,1,Fashion Hub Ltd
v-foo-05853-xs,Camel Ankle Boot (XS),82.94,USD,1,Textile World Co
v-top-05854-xxl,Burgundy V-Neck Sweater (XXL),116.06,USD,1,Fashion Hub Ltd
v-acc-05855-xxl,Burgundy Wide-Brim Hat (XXL),363.13,CAD,12,Atelier Nord
v-bot-05856-xs,Charcoal Skinny Jean (XS),139.36,USD,12,Fashion Hub Ltd
v-dre-05857-s,Black Maxi Dress (S),66.39,USD,12,Fashion Hub Ltd
v-out-05858-s,Camel Denim Jacket (S),63.84,USD,1,Fashion Hub Ltd
v-foo-05859-s,Indigo Low-Top Sneaker (S),146.94,USD,6,Fashion Hub Ltd
v-foo-05860-xl,Camel Loafer (XL),186.6,USD,12,Apparel Solutions
v-top-05861-s,Black Silk Blouse (S),42.21,USD,1,Textile World Co
v-out-05862-xxl,Indigo Wool Peacoat (XXL),165.58,USD,12,Apparel Solutions
v-out-05863-l,Blush Denim Jacket (L),78.71,USD,1,Fashion Hub Ltd
v-foo-05864-m,Black Ballet Flat (M),298.78,USD,12,Textile World Co
v-acc-05865-m,Indigo Twill Scarf (M),29.71,USD,1,Apparel Solutions
v-acc-05866-m,Beige Statement Earrings (M),258.15,USD,12,Textile World Co
v-foo-05868-m,Indigo Heeled Mule (M),291.86,USD,6,
v-bot-05869-m,Beige Linen Pant (M),174.11,USD,1,Apparel Solutions
v-out-05870-xxl,Cognac Moto Jacket (XXL),226.85,USD,1,Fashion Hub Ltd
v-foo-05871-xs,Camel Low-Top Sneaker (XS),121.39,USD,1,Textile World Co
v-foo-05873-l,Black Low-Top Sneaker (L),134.87,USD,1,Atelier Nord
v-dre-05874-l,Beige Shirt Dress (L),296.93,USD,6,Textile World Co
v-bot-05875-l,Charcoal Wide-Leg Trouser (L),43.04,USD,1,Textile World Co
v-dre-05876-xs,Camel Midi Dress (XS),205.3,USD,12,Textile World Co
v-acc-05877-xxl,Cognac Crossbody Bag (XXL),67.58,USD,6,Fashion Hub Ltd
v-bot-05879-m,Camel Denim Short (M),59.01,USD,1,Fashion Hub Ltd
v-foo-05880-l,Camel Ballet Flat (L),257.1,USD,1,Textile World Co
v-top-05881-s,Burgundy Button-Up Shirt (S),27.12,USD,1,Fashion Hub Ltd
v-bot-05882-xs,Burgundy Linen Pant (XS),377.04,CAD,1,Atelier Nord
v-foo-05883-l,Black Espadrille (L),285.2,CAD,1,Atelier Nord
v-out-05884-s,Tan Blazer (S),246.86,USD,1,Fashion Hub Ltd
v-out-05886-l,Ivory Puffer Vest (L),261.94,USD,1,Fashion Hub Ltd
v-out-05887-xl,Emerald Blazer (XL),216.64,USD,1,Apparel Solutions
v-acc-05888-s,Ivory Woven Belt (S),82.58,USD,12,Apparel Solutions
v-bot-05889-s,Camel Wide-Leg Trouser (S),270.63,USD,12,Apparel Solutions
v-out-05890-l,Emerald Trench Coat (L),127.86,USD,1,Apparel Solutions
v-bot-05891-xl,Tan Skinny Jean (XL),77.78,USD,1,Apparel Solutions
v-foo-05892-xs,Indigo Ballet Flat (XS),245.49,USD,1,Textile World Co
v-dre-05894-xxl,Black Midi Dress (XXL),156.51,USD,1,Apparel Solutions
v-acc-05895-m,Beige Wide-Brim Hat (M),334.3,CAD,1,Atelier Nord
v-foo-05896-s,Burgundy Espadrille (S),176.19,USD,1,Textile World Co
v-acc-05897-s,Black Statement Earrings (S),117.32,USD,12,Apparel Solutions
v-acc-05899-l,Tan Crossbody Bag (L),171.02,USD,1,Fashion Hub Ltd
v-out-05900-l,Burgundy Trench Coat (L),264.34,USD,6,Fashion Hub Ltd
v-acc-05901-m,Tan Woven Belt (M),229.89,USD,12,Textile World Co
v-acc-05902-xxl,Blush Wide-Brim Hat (XXL),70.78,USD,6,Atelier Nord
v-top-05903-m,Beige V-Neck Sweater (M),107.99,CAD,1,Atelier Nord
v-out-05904-xxl,Indigo Trench Coat (XXL),168.16,USD,1,Textile World Co
v-dre-05905-xl,Beige Shift Dress (XL),293.92,CAD,1,Atelier Nord
v-out-05906-xxl,Tan Puffer Vest (XXL),278.84,USD,12,Textile World Co
v-top-05907-xs,Black V-Neck Sweater (XS),243.65,USD,6,Fashion Hub Ltd
v-top-05907-xs,Black V-Neck Sweater (XS) - Case Pack,2801.97,USD,12,Fashion Hub Ltd
v-out-05908-xl,Indigo Blazer (XL),132.97,USD,1,Fashion Hub Ltd
v-dre-05909-xl,Blush Maxi Dress (XL),51.4,USD,1,Apparel Solutions
v-acc-05910-xs,Emerald Crossbody Bag (XS),207.86,USD,6,Fashion Hub Ltd
v-acc-05910-xs,Emerald Crossbody Bag (XS) - Case Pack,2390.39,USD,12,Fashion Hub Ltd
v-dre-05913-s,Tan Shirt Dress (S),264.8,USD,12,Apparel Solutions
v-top-05914-l,White Tank Top (L),198.86,USD,12,Fashion Hub Ltd
v-dre-05915-xxl,Ivory Wrap Dress (XXL),281.8,USD,1,Textile World Co
v-bot-05916-l,Charcoal Pleated Skirt (L),130.98,USD,6,Atelier Nord
v-out-05917-s,Emerald Denim Jacket (S),288.43,USD,1,Apparel Solutions
v-dre-05918-m,Emerald Slip Dress (M),78.46,USD,1,Fashion Hub Ltd
v-out-05920-xxl,White Denim Jacket (XXL),276.42,USD,6,Textile World Co
v-out-05921-xl,Tan Moto Jacket (XL),166.78,USD,1,Fashion Hub Ltd
v-bot-05923-xs,Burgundy Midi Skirt (XS),53.93,USD,1,Atelier Nord
v-bot-05924-l,Indigo Pleated Skirt (L),257.49,USD,12,Textile World Co
v-bot-05925-l,Charcoal Pleated Skirt (L),220.37,USD,1,Apparel Solutions
v-foo-05926-xxl,Burgundy Heeled Mule (XXL),170.85,USD,1,Atelier Nord
v-top-05927-xs,Cognac Henley (XS),230.09,USD,1,Fashion Hub Ltd
v-acc-05928-xl,Tan Leather Tote (XL),252.07,USD,1,Apparel Solutions
v-acc-05929-xxl,Burgundy Crossbody Bag (XXL),73.72,USD,1,Fashion Hub Ltd
v-foo-05931-l,Ivory Heeled Mule (L),135.05,USD,1,Apparel Solutions
v-bot-05932-xl,Black Denim Short (XL),37.68,USD,12,Apparel Solutions
v-out-05933-xs,Black Trench Coat (XS),107.09,CAD,1,Atelier Nord
v-top-05934-xxl,Blush Crewneck Tee (XXL),136.05,USD,1,Fashion Hub Ltd
v-foo-05935-xxl,Burgundy Heeled Mule (XXL),282.98,USD,1,Fashion Hub Ltd
v-top-05936-xxl,Burgundy Turtleneck (XXL),253.93,USD,6,Apparel Solutions
v-acc-05937-xxl,Emerald Statement Earrings (XXL),200.57,USD,1,Textile World Co
v-out-05938-xl,Ivory Blazer (XL),185.57,USD,12,Apparel Solutions
v-out-05939-xxl,Emerald Denim Jacket (XXL),119.74,USD,1,Fashion Hub Ltd
v-foo-05940-xs,Burgundy Loafer (XS),63.35,CAD,1,Atelier Nord
v-foo-05941-xl,Indigo Loafer (XL),119.84,USD,12,Fashion Hub Ltd
v-foo-05941-xl,Indigo Loafer (XL) - Case Pack,1378.16,USD,12,Fashion Hub Ltd
v-acc-05943-s,Charcoal Twill Scarf (S),242.01,CAD,1,Atelier Nord
v-dre-05944-s,Black Maxi Dress (S),93.29,USD,1,Fashion Hub Ltd
v-foo-05945-m,White Ballet Flat (M),163.82,USD,1,Atelier Nord
v-acc-05947-l,Blush Wide-Brim Hat (L),159.91,USD,12,Fashion Hub Ltd
v-foo-05948-s,Ivory Loafer (S),223.76,USD,12,Textile World Co
v-acc-05949-xl,Blush Wide-Brim Hat (XL),295.91,CAD,1,Atelier Nord
v-top-05950-xl,Ivory Silk Blouse (XL),211.43,USD,1,Textile World Co
v-top-05950-xl,Ivory Silk Blouse (XL) - Case Pack,2431.45,USD,12,Textile World Co
v-bot-05951-xl,Ivory Pleated Skirt (XL),178.13,USD,1,Atelier Nord
v-dre-05952-m,Charcoal Shirt Dress (M),107.09,USD,1,Atelier Nord
v-foo-05953-xxl,Camel Espadrille (XXL),139.22,CAD,6,Atelier Nord
v-dre-05954-l,Black Shift Dress (L),290.67,USD,1,Textile World Co
v-top-05955-m,Cognac V-Neck Sweater (M),169.3,USD,1,Fashion Hub Ltd
v-out-05956-xxl,Indigo Wool Peacoat (XXL),270.64,USD,1,Apparel Solutions
v-top-05958-xl,Emerald Cardigan (XL),356.51,CAD,1,Atelier Nord
v-out-05959-xl,White Denim Jacket (XL),151.74,USD,1,Textile World Co
v-out-05960-xxl,Indigo Trench Coat (XXL),131.09,USD,12,Apparel Solutions
v-bot-05961-l,Camel Wide-Leg Trouser (L),132.97,CAD,1,Atelier Nord
v-bot-05962-s,Beige Chino Pant (S),261.48,USD,1,Textile World Co
v-dre-05965-xl,White Midi Dress (XL),20.66,USD,1,Apparel Solutions
v-out-05966-xs,Indigo Trench Coat (XS),382.12,CAD,1,Atelier Nord
v-foo-05967-m,Camel Ankle Boot (M),151.46,USD,1,Atelier Nord
v-top-05968-xs,Beige Tank Top (XS),147.41,USD,6,Fashion Hub Ltd
v-acc-05969-l,Indigo Leather Tote (L),77.2,USD,1,Apparel Solutions
v-foo-05970-xl,Blush Loafer (XL),262.07,USD,12,Atelier Nord
v-bot-05975-xl,Camel Denim Short (XL),209.69,CAD,12,Atelier Nord
v-top-05976-xl,Cognac V-Neck Sweater (XL),118.91,USD,1,Atelier Nord
v-acc-05977-s,Charcoal Wide-Brim Hat (S),270.72,USD,1,Textile World Co
v-top-05978-xl,Blush Crewneck Tee (XL),116.76,USD,12,Fashion Hub Ltd
v-top-05979-l,Charcoal Henley (L),193.42,USD,1,Apparel Solutions
v-dre-05980-xs,Beige Shirt Dress (XS),104.24,USD,1,Textile World Co
v-out-05981-xxl,Tan Trench Coat (XXL),51.18,USD,1,Atelier Nord
v-out-05981-xxl,Tan Trench Coat (XXL) - Case Pack,588.57,USD,12,Atelier Nord
v-bot-05983-xl,Blush Linen Pant (XL),113.09,USD,6,Atelier Nord
v-foo-05984-xl,Ivory Heeled Mule (XL),246.98,USD,1,
v-out-05986-xl,Tan Puffer Vest (XL),244.61,USD,1,Textile World Co
v-out-05987-xs,Charcoal Denim Jacket (XS),207.0,CAD,12,Atelier Nord
v-bot-05988-l,Indigo Midi Skirt (L),26.47,USD,6,Atelier Nord
v-foo-05989-m,Cognac Heeled Mule (M),329.7,USD,1,Apparel Solutions
v-acc-05990-m,Camel Woven Belt (M),155.08,USD,12,Fashion Hub Ltd
v-out-05991-xxl,Beige Trench Coat (XXL),230.64,USD,1,Fashion Hub Ltd
v-foo-05992-s,Burgundy Low-Top Sneaker (S),132.74,USD,12,Textile World Co
v-foo-05993-m,Blush Low-Top Sneaker (M),127.81,CAD,12,Atelier Nord
v-dre-05994-xxl,White Shirt Dress (XXL),151.37,USD,12,Apparel Solutions
v-out-05995-s,Blush Denim Jacket (S),69.0,USD,1,Atelier Nord
v-top-05996-xs,Tan Henley (XS),19.56,USD,12,Apparel Solutions
v-dre-05997-xl,Burgundy Midi Dress (XL),127.86,USD,1,Fashion Hub Ltd
v-foo-05998-s,Emerald Espadrille (S),239.87,CAD,1,Atelier Nord
v-top-06000-l,Beige Cardigan (L),97.99,CAD,1,Atelier Nord
v-top-06001-xl,Indigo Tank Top (XL),178.37,USD,12,
v-bot-06002-m,Cognac Chino Pant (M),158.62,USD,1,Textile World Co
v-dre-06003-s,Beige Shirt Dress (S),43.74,USD,1,Apparel Solutions
v-dre-06003-s,Beige Shirt Dress (S) - Case Pack,503.01,USD,12,Apparel Solutions
v-foo-06005-l,Black Low-Top Sneaker (L),224.6,USD,1,Apparel Solutions
v-out-06006-l,White Puffer Vest (L),91.9,CAD,1,Atelier Nord
v-dre-06008-m,Beige Shift Dress (M),257.95,USD,1,Atelier Nord
v-top-06009-xxl,Blush Crewneck Tee (XXL),162.85,USD,1,Atelier Nord
v-foo-06011-xl,Cognac Espadrille (XL),25.88,USD,12,Fashion Hub Ltd
v-dre-06013-s,Tan Maxi Dress (S),176.19,USD,1,Fashion Hub Ltd
v-dre-06015-xs,Charcoal Slip Dress (XS),179.83,CAD,12,Atelier Nord
v-top-06016-xs,Tan Cardigan (XS),121.74,USD,6,Fashion Hub Ltd
v-acc-06018-xs,Blush Statement Earrings (XS),29.69,USD,1,Fashion Hub Ltd
v-foo-06019-xxl,Black Ballet Flat (XXL),57.16,USD,1,Textile World Co
v-out-06020-xxl,Beige Puffer Vest (XXL),299.71,USD,12,Fashion Hub Ltd
v-foo-06021-s,Beige Ballet Flat (S),148.77,USD,1,Apparel Solutions
v-acc-06022-xs,Cognac Statement Earrings (XS),262.48,USD,1,Textile World Co
v-acc-06022-xs,Cognac Statement Earrings (XS) - Case Pack,3018.52,USD,12,Textile World Co
v-foo-06023-m,Indigo Low-Top Sneaker (M),82.65,CAD,1,
v-dre-06024-xxl,Cognac Shift Dress (XXL),165.11,USD,6,Fashion Hub Ltd
v-bot-06025-xs,Blush Wide-Leg Trouser (XS),279.48,USD,1,Apparel Solutions
v-dre-06029-xs,Camel Wrap Dress (XS),50.99,USD,12,Atelier Nord
v-foo-06030-l,Cognac Loafer (L),40.06,USD,1,Textile World Co
v-foo-06031-l,Indigo Ankle Boot (L),85.79,USD,1,Fashion Hub Ltd
v-acc-06032-l,Camel Wide-Brim Hat (L),208.95,USD,1,Fashion Hub Ltd
v-bot-06034-s,Emerald Pleated Skirt (S),65.57,USD,1,Fashion Hub Ltd
v-out-06035-l,Ivory Moto Jacket (L),184.25,USD,1,Atelier Nord
v-dre-06037-xl,Black Shift Dress (XL),210.09,USD,1,Fashion Hub Ltd
v-out-06038-s,Emerald Moto Jacket (S),43.44,USD,12,Textile World Co
v-out-06039-xs,Indigo Moto Jacket (XS),69.21,USD,12,Apparel Solutions
v-dre-06040-l,White Maxi Dress (L),28.03,USD,1,Apparel Solutions
v-top-06041-l,Ivory Tank Top (L),102.76,USD,6,Apparel Solutions
v-acc-06042-xxl,Burgundy Wide-Brim Hat (XXL),203.06,USD,1,Textile World Co
v-foo-06043-m,Burgundy Ballet Flat (M),42.97,USD,1,Apparel Solutions
v-bot-06044-xl,Emerald Linen Pant (XL),92.24,USD,12,Fashion Hub Ltd
v-out-06045-xl,Black Trench Coat (XL),260.4,USD,1,Textile World Co
v-bot-06046-m,Indigo Denim Short (M),113.53,USD,1,Textile World Co
v-out-06048-xs,Camel Wool Peacoat (XS),141.78,USD,12,Textile World Co
v-dre-06049-s,Camel Midi Dress (S),124.9,USD,1,Apparel Solutions
v-dre-06049-s,Camel Midi Dress (S) - Case Pack,1436.35,USD,12,Apparel Solutions
v-foo-06050-l,Ivory Low-Top Sneaker (L),276.67,USD,6,Textile World Co
v-foo-06050-l,Ivory Low-Top Sneaker (L) - Case Pack,3181.71,USD,12,Textile World Co
v-dre-06051-m,Burgundy Wrap Dress (M),40.83,USD,1,
v-top-06053-xl,Indigo Tank Top (XL),175.93,USD,6,Fashion Hub Ltd
v-foo-06054-xs,Burgundy Low-Top Sneaker (XS),64.13,USD,6,Atelier Nord
v-out-06055-m,Charcoal Trench Coat (M),221.9,USD,1,Fashion Hub Ltd
v-foo-06056-xl,Emerald Low-Top Sneaker (XL),234.44,USD,1,Fashion Hub Ltd
v-out-06057-l,Ivory Denim Jacket (L),86.37,USD,1,Textile World Co
v-out-06058-l,Burgundy Denim Jacket (L),111.56,USD,6,Atelier Nord
v-foo-06059-xxl,Beige Ankle Boot (XXL),242.25,USD,12,Apparel Solutions
v-acc-06060-m,Emerald Statement Earrings (M),311.94,USD,1,Textile World Co
v-foo-06061-xs,Charcoal Loafer (XS),150.87,USD,1,Textile World Co
v-out-06062-l,Burgundy Trench Coat (L),238.28,CAD,1,Atelier Nord
v-dre-06063-xxl,Indigo Midi Dress (XXL),274.03,USD,12,Atelier Nord
v-bot-06064-xs,Charcoal Skinny Jean (XS),54.41,USD,12,Atelier Nord
v-top-06065-xl,Emerald Henley (XL),124.44,USD,1,Fashion Hub Ltd
v-bot-06066-xl,Tan Denim Short (XL),74.16,USD,1,Textile World Co
v-dre-06067-xs,Burgundy Shirt Dress (XS),49.72,USD,1,Fashion Hub Ltd
v-foo-06068-s,Ivory Ankle Boot (S),56.14,USD,1,Atelier Nord
v-top-06069-xl,Cognac Turtleneck (XL),313.52,USD,1,Apparel Solutions
v-dre-06070-s,Tan Shift Dress (S),253.72,CAD,1,Atelier Nord
v-dre-06070-s,Tan Shift Dress (S) - Case Pack,2917.78,CAD,12,Atelier Nord
v-out-06071-xs,Camel Trench Coat (XS),201.03,USD,1,Apparel Solutions
v-acc-06072-xs,Indigo Crossbody Bag (XS),267.27,USD,1,Atelier Nord
v-out-06073-m,Black Wool Peacoat (M),29.37,USD,1,Atelier Nord
v-acc-06074-m,Ivory Leather Tote (M),188.71,USD,1,Atelier Nord
v-dre-06075-xl,Tan Wrap Dress (XL),289.34,USD,6,
v-top-06076-xs,Blush Turtleneck (XS),73.48,CAD,6,Atelier Nord
v-dre-06077-m,White Wrap Dress (M),265.95,USD,12,Atelier Nord
v-top-06078-xxl,Ivory Cardigan (XXL),29.2,USD,1,Fashion Hub Ltd
v-dre-06079-xl,Indigo Midi Dress (XL),196.91,CAD,1,Atelier Nord
v-foo-06080-xl,Indigo Low-Top Sneaker (XL),260.52,USD,1,Fashion Hub Ltd
v-dre-06081-s,Emerald Wrap Dress (S),296.38,USD,1,Atelier Nord
v-acc-06082-m,White Crossbody Bag (M),192.84,USD,6,Textile World Co
v-top-06083-xs,Black Silk Blouse (XS),275.4,USD,6,Apparel Solutions
v-out-06084-xs,Emerald Moto Jacket (XS),318.76,USD,1,Textile World Co
v-dre-06085-xxl,Blush Slip Dress (XXL),207.58,USD,1,Atelier Nord
v-foo-06086-xs,Ivory Loafer (XS),68.31,USD,12,Textile World Co
v-top-06087-s,Ivory Tank Top (S),66.01,USD,1,Textile World Co
v-acc-06088-m,Blush Leather Tote (M),52.14,USD,1,Fashion Hub Ltd
v-acc-06089-m,Emerald Woven Belt (M),89.77,USD,12,Apparel Solutions
v-foo-06090-m,Camel Heeled Mule (M),146.88,USD,1,Apparel Solutions
v-foo-06090-m,Camel Heeled Mule (M) - Case Pack,1689.12,USD,12,Apparel Solutions
v-out-06091-s,Beige Blazer (S),245.63,USD,6,Apparel Solutions
v-out-06092-s,Cognac Puffer Vest (S),267.09,USD,12,Atelier Nord
v-acc-06093-xs,Tan Woven Belt (XS),256.8,USD,1,Apparel Solutions
v-bot-06094-m,Emerald Denim Short (M),22.13,USD,1,Fashion Hub Ltd
v-out-06095-xl,Beige Moto Jacket (XL),236.74,USD,1,Fashion Hub Ltd
v-bot-06096-xs,Tan Skinny Jean (XS),249.28,USD,12,Textile World Co
v-dre-06097-s,Charcoal Midi Dress (S),271.51,USD,6,Fashion Hub Ltd
v-out-06098-m,Indigo Puffer Vest (M),52.69,USD,1,Fashion Hub Ltd
v-out-06099-xl,White Moto Jacket (XL),314.99,USD,1,Textile World Co
v-bot-06100-s,Indigo Skinny Jean (S),267.02,USD,1,Textile World Co
v-acc-06101-xs,Charcoal Wide-Brim Hat (XS),238.63,USD,1,Atelier Nord
v-out-06102-s,Charcoal Denim Jacket (S),132.07,USD,1,Fashion Hub Ltd
v-out-06102-s,Charcoal Denim Jacket (S) - Case Pack,1518.8,USD,12,Fashion Hub Ltd
v-foo-06103-xs,Charcoal Low-Top Sneaker (XS),38.82,USD,1,Fashion Hub Ltd
v-out-06104-xl,Beige Moto Jacket (XL),115.33,USD,6,Apparel Solutions
v-dre-06105-xxl,Beige Wrap Dress (XXL),27.65,USD,1,Apparel Solutions
v-acc-06106-m,Black Twill Scarf (M),341.23,CAD,6,Atelier Nord
v-dre-06107-s,Indigo Midi Dress (S),200.1,USD,12,Apparel Solutions
v-out-06108-s,Blush Trench Coat (S),50.9,USD,12,Apparel Solutions
v-acc-06109-l,Cognac Leather Tote (L),311.09,USD,1,Atelier Nord
v-acc-06109-l,Cognac Leather Tote (L) - Case Pack,3577.53,USD,12,Atelier Nord
v-out-06110-l,Burgundy Wool Peacoat (L),66.67,USD,6,Fashion Hub Ltd
v-dre-06111-l,Emerald Maxi Dress (L),43.16,USD,6,Apparel Solutions
v-top-06112-xs,Emerald Tank Top (XS),119.97,USD,12,Atelier Nord
v-acc-06113-xl,Tan Crossbody Bag (XL),329.76,CAD,1,Atelier Nord
v-out-06114-xl,Blush Moto Jacket (XL),416.84,CAD,12,Atelier Nord
v-out-06114-xl,Blush Moto Jacket (XL) - Case Pack,4793.66,CAD,12,Atelier Nord
v-out-06118-xxl,White Trench Coat (XXL),149.69,USD,6,Textile World Co
v-acc-06119-xl,White Woven Belt (XL),221.18,USD,12,Fashion Hub Ltd
v-dre-06120-xxl,Blush Shift Dress (XXL),182.62,USD,1,Fashion Hub Ltd
v-top-06121-xs,Camel Turtleneck (XS),219.55,USD,1,Fashion Hub Ltd
v-out-06122-xs,Emerald Moto Jacket (XS),67.63,CAD,6,Atelier Nord
v-top-06123-s,Emerald Silk Blouse (S),262.48,USD,1,Textile World Co
v-acc-06124-s,Emerald Twill Scarf (S),300.15,USD,6,
v-foo-06125-l,Blush Heeled Mule (L),21.26,USD,1,Apparel Solutions
v-top-06126-s,Camel Tank Top (S),320.46,CAD,1,Atelier Nord
v-bot-06127-xs,Camel Midi Skirt (XS),145.31,USD,12,Fashion Hub Ltd
v-dre-06128-m,Ivory Shirt Dress (M),272.26,USD,1,Fashion Hub Ltd
v-out-06129-xxl,Camel Wool Peacoat (XXL),302.59,USD,1,Atelier Nord
v-foo-06130-s,Ivory Low-Top Sneaker (S),206.2,USD,6,Fashion Hub Ltd
v-acc-06131-l,White Twill Scarf (L),136.86,USD,1,Apparel Solutions
v-acc-06133-m,Indigo Crossbody Bag (M),37.94,USD,6,Textile World Co
v-out-06134-s,Blush Wool Peacoat (S),47.69,USD,1,Textile World Co
v-dre-06135-xs,Blush Slip Dress (XS),38.62,CAD,6,Atelier Nord
v-dre-06136-xxl,White Wrap Dress (XXL),169.07,USD,1,Textile World Co
v-acc-06137-xxl,Camel Statement Earrings (XXL),316.28,CAD,1,Atelier Nord
v-top-06138-xl,Emerald Crewneck Tee (XL),208.09,USD,6,Fashion Hub Ltd
v-foo-06139-m,Burgundy Espadrille (M),327.05,CAD,12,Atelier Nord
v-dre-06141-l,Camel Shirt Dress (L),271.92,USD,1,Apparel Solutions
v-dre-06142-m,Charcoal Shirt Dress (M),126.07,CAD,12,Atelier Nord
v-top-06143-m,Cognac Cardigan (M),272.29,USD,6,Textile World Co
v-dre-06145-s,Beige Wrap Dress (S),22.99,USD,1,Atelier Nord
v-dre-06146-xl,Indigo Slip Dress (XL),138.76,CAD,6,Atelier Nord
v-foo-06147-xl,Ivory Ballet Flat (XL),112.34,USD,6,Fashion Hub Ltd
v-foo-06148-xl,Emerald Ballet Flat (XL),158.97,USD,12,Textile World Co
v-out-06149-l,Ivory Blazer (L),177.93,USD,1,Atelier Nord
v-top-06151-m,Beige V-Neck Sweater (M),27.16,USD,1,Apparel Solutions
v-acc-06152-xxl,Cognac Crossbody Bag (XXL),176.52,USD,1,Fashion Hub Ltd
v-acc-06154-xl,Emerald Twill Scarf (XL),198.19,USD,1,Apparel Solutions
v-bot-06155-xs,Charcoal Wide-Leg Trouser (XS),119.93,USD,12,Textile World Co
v-bot-06156-xxl,Black Pleated Skirt (XXL),174.68,USD,1,Textile World Co
v-out-06157-s,Indigo Moto Jacket (S),229.35,USD,6,Atelier Nord
v-bot-06158-l,Ivory Pleated Skirt (L),106.17,CAD,12,Atelier Nord
v-acc-06159-xxl,Charcoal Crossbody Bag (XXL),371.05,CAD,6,Atelier Nord
v-top-06160-s,Burgundy Button-Up Shirt (S),200.39,USD,6,Fashion Hub Ltd
v-out-06161-l,Charcoal Puffer Vest (L),50.86,USD,1,Apparel Solutions
v-top-06162-m,Ivory Button-Up Shirt (M),312.36,USD,6,Fashion Hub Ltd
v-bot-06163-s,Blush Linen Pant (S),290.76,USD,1,Fashion Hub Ltd
v-bot-06163-s,Blush Linen Pant (S) - Case Pack,3343.74,USD,12,Fashion Hub Ltd
v-acc-06164-xl,Tan Statement Earrings (XL),157.77,USD,1,Atelier Nord
v-dre-06165-l,Ivory Shirt Dress (L),161.37,USD,1,
v-bot-06166-xxl,Cognac Wide-Leg Trouser (XXL),143.71,USD,6,Fashion Hub Ltd
v-foo-06167-s,White Low-Top Sneaker (S),50.15,USD,6,Apparel Solutions
v-acc-06168-xs,Black Leather Tote (XS),170.6,USD,1,Fashion Hub Ltd
v-acc-06169-m,Ivory Twill Scarf (M),307.19,USD,1,Atelier Nord
v-dre-06170-xs,Burgundy Shirt Dress (XS),81.76,USD,1,Textile World Co
v-bot-06171-xs,Ivory Midi Skirt (XS),263.64,USD,6,Atelier Nord
v-dre-06172-xs,Emerald Shirt Dress (XS),81.87,USD,1,Apparel Solutions
v-out-06173-m,Cognac Moto Jacket (M),416.05,CAD,12,Atelier Nord
v-top-06176-xl,White Tank Top (XL),40.5,USD,12,Textile World Co
v-foo-06177-xxl,Camel Ballet Flat (XXL),182.86,USD,1,Textile World Co
v-acc-06178-l,Tan Woven Belt (L),189.64,USD,1,Textile World Co
v-bot-06179-xxl,Black Chino Pant (XXL),193.0,USD,1,Apparel Solutions
v-dre-06180-m,Blush Shift Dress (M),152.06,USD,1,Fashion Hub Ltd
v-top-06181-m,Charcoal Tank Top (M),217.82,USD,1,Apparel Solutions
v-bot-06182-m,Charcoal Midi Skirt (M),216.39,USD,1,Fashion Hub Ltd
v-foo-06185-m,Burgundy Heeled Mule (M),156.03,USD,6,Textile World Co
v-top-06187-l,Indigo Cardigan (L),49.52,CAD,1,Atelier Nord
v-bot-06188-xl,White Skinny Jean (XL),231.61,USD,1,Fashion Hub Ltd
v-foo-06189-xxl,Blush Ballet Flat (XXL),25.77,USD,1,
v-bot-06190-s,White Linen Pant (S),229.09,USD,12,Apparel Solutions
v-out-06191-l,White Puffer Vest (L),248.77,USD,6,Fashion Hub Ltd
v-foo-06192-s,Tan Espadrille (S),142.0,USD,1,Fashion Hub Ltd
v-bot-06193-m,Black Skinny Jean (M),165.33,USD,12,
v-bot-06193-m,Black Skinny Jean (M) - Case Pack,1901.3,USD,12,Apparel Solutions
v-bot-06194-l,White Midi Skirt (L),260.13,USD,12,Textile World Co
v-dre-06195-l,Camel Midi Dress (L),312.96,USD,1,Apparel Solutions
v-acc-06197-l,Indigo Leather Tote (L),57.53,USD,12,Fashion Hub Ltd
v-acc-06198-xl,Black Statement Earrings (XL),161.16,USD,12,Apparel Solutions
v-bot-06199-xxl,Burgundy Pleated Skirt (XXL),21.36,USD,1,Apparel Solutions
v-foo-06200-xl,Indigo Loafer (XL),101.86,USD,1,Apparel Solutions
v-acc-06201-xxl,Burgundy Crossbody Bag (XXL),273.33,USD,12,Fashion Hub Ltd
v-dre-06202-m,Black Midi Dress (M),34.48,USD,12,Apparel Solutions
v-foo-06204-xs,Black Low-Top Sneaker (XS),219.71,USD,6,Atelier Nord
v-acc-06205-s,Tan Wide-Brim Hat (S),297.0,USD,6,Fashion Hub Ltd
v-bot-06206-xs,Tan Pleated Skirt (XS),283.37,USD,12,Apparel Solutions
v-acc-06207-l,Black Wide-Brim Hat (L),32.7,CAD,1,Atelier Nord
v-dre-06208-m,Indigo Shift Dress (M),172.02,USD,6,Apparel Solutions
v-top-06209-xs,Camel Crewneck Tee (XS),107.2,USD,1,Fashion Hub Ltd
v-dre-06210-l,Beige Shift Dress (L),177.12,USD,1,Atelier Nord
v-acc-06211-m,Emerald Wide-Brim Hat (M),133.56,USD,1,Textile World Co
v-foo-06212-s,Beige Loafer (S),137.32,USD,1,Apparel Solutions
v-out-06213-xs,Black Denim Jacket (XS),175.68,USD,6,Textile World Co
v-dre-06214-xs,White Shirt Dress (XS),69.37,USD,6,Fashion Hub Ltd
v-foo-06216-xs,Beige Ballet Flat (XS),91.02,USD,12,Apparel Solutions
v-out-06217-m,Emerald Moto Jacket (M),208.42,USD,1,Fashion Hub Ltd
v-out-06218-l,Tan Blazer (L),274.77,USD,1,Textile World Co
v-top-06219-xxl,Ivory Turtleneck (XXL),54.82,USD,1,Textile World Co
v-out-06220-m,Ivory Moto Jacket (M),312.57,USD,1,Apparel Solutions
v-foo-06221-m,Camel Ballet Flat (M),276.02,CAD,6,Atelier Nord
v-acc-06222-s,Beige Wide-Brim Hat (S),227.05,USD,12,Apparel Solutions
v-foo-06223-xl,Ivory Low-Top Sneaker (XL),284.03,USD,1,Fashion Hub Ltd
v-out-06224-m,Ivory Blazer (M),254.08,USD,1,
v-foo-06225-xxl,Burgundy Heeled Mule (XXL),290.54,USD,6,Apparel Solutions
v-acc-06227-m,Indigo Woven Belt (M),308.64,USD,6,Apparel Solutions
v-foo-06229-l,Tan Ankle Boot (L),162.74,USD,1,Textile World Co
v-foo-06229-l,Tan Ankle Boot (L) - Case Pack,1871.51,USD,12,Textile World Co
v-dre-06230-s,Emerald Slip Dress (S),182.84,USD,1,Atelier Nord
v-dre-06231-xs,Blush Midi Dress (XS),278.4,USD,1,Fashion Hub Ltd
v-out-06232-xl,Cognac Trench Coat (XL),152.31,CAD,6,Atelier Nord
v-out-06233-xxl,Indigo Denim Jacket (XXL),243.56,USD,1,Atelier Nord
v-top-06234-s,Blush Turtleneck (S),275.35,USD,1,Atelier Nord
v-foo-06236-xl,Black Heeled Mule (XL),147.43,USD,6,Apparel Solutions
v-foo-06237-xxl,Black Ankle Boot (XXL),264.55,USD,1,Apparel Solutions
v-dre-06239-l,Emerald Maxi Dress (L),99.56,USD,12,Fashion Hub Ltd
v-out-06240-s,Black Denim Jacket (S),323.03,USD,1,Apparel Solutions
v-top-06241-m,Blush Tank Top (M),200.76,USD,6,Apparel Solutions
v-foo-06242-xl,Beige Espadrille (XL),157.43,USD,6,Apparel Solutions
v-foo-06244-m,Blush Ballet Flat (M),234.57,USD,12,Apparel Solutions
v-acc-06245-s,Charcoal Crossbody Bag (S),219.09,USD,1,Apparel Solutions
v-acc-06246-xl,Black Woven Belt (XL),298.5,USD,1,Apparel Solutions
v-out-06247-xxl,Emerald Trench Coat (XXL),80.08,CAD,12,Atelier Nord
v-out-06248-xxl,Blush Puffer Vest (XXL),34.36,USD,1,Atelier Nord
v-bot-06249-l,Tan Linen Pant (L),35.75,CAD,1,Atelier Nord
v-foo-06250-xxl,Black Loafer (XXL),261.89,USD,1,Textile World Co
v-dre-06251-s,Cognac Shift Dress (S),74.32,USD,1,
v-top-06252-l,Beige Henley (L),145.62,USD,1,Fashion Hub Ltd
v-out-06253-xl,Tan Denim Jacket (XL),60.55,USD,1,Apparel Solutions
v-dre-06255-l,Tan Wrap Dress (L),120.68,USD,1,Textile World Co
v-top-06257-xl,Beige Henley (XL),77.23,USD,12,Textile World Co
v-top-06258-xs,Cognac Crewneck Tee (XS),79.46,USD,6,Textile World Co
v-bot-06260-xl,Indigo Wide-Leg Trouser (XL),252.45,USD,1,
v-dre-06261-xs,Cognac Wrap Dress (XS),214.68,USD,1,Fashion Hub Ltd
v-foo-06262-xxl,White Ankle Boot (XXL),190.08,USD,1,Textile World Co
v-bot-06265-s,Charcoal Skinny Jean (S),321.45,USD,12,Fashion Hub Ltd
v-acc-06266-xl,Tan Crossbody Bag (XL),64.69,USD,6,Apparel Solutions
v-bot-06267-s,Tan Denim Short (S),125.66,USD,6,Atelier Nord
v-foo-06268-l,Camel Loafer (L),162.33,USD,1,Textile World Co
v-dre-06269-xxl,Cognac Shirt Dress (XXL),33.99,USD,1,
v-acc-06270-l,Emerald Leather Tote (L),224.25,USD,1,Textile World Co
v-foo-06271-l,White Low-Top Sneaker (L),130.35,USD,1,Textile World Co
v-bot-06272-l,Indigo Wide-Leg Trouser (L),104.97,USD,1,Textile World Co
v-acc-06273-xxl,Charcoal Wide-Brim Hat (XXL),86.71,CAD,6,Atelier Nord
v-acc-06274-s,Beige Crossbody Bag (S),268.47,USD,6,Apparel Solutions
v-bot-06275-l,Cognac Midi Skirt (L),70.23,USD,1,Atelier Nord
v-bot-06275-l,Cognac Midi Skirt (L) - Case Pack,807.65,USD,12,Atelier Nord
v-dre-06276-l,Cognac Maxi Dress (L),32.05,USD,1,Fashion Hub Ltd
v-bot-06278-m,Burgundy Midi Skirt (M),253.42,USD,6,Fashion Hub Ltd
v-top-06279-xs,Ivory Crewneck Tee (XS),23.81,USD,6,Apparel Solutions
v-acc-06281-xs,Emerald Leather Tote (XS),138.69,USD,1,Textile World Co
v-top-06282-l,Beige Button-Up Shirt (L),259.77,USD,12,Textile World Co
v-top-06283-s,Blush Turtleneck (S),228.52,USD,6,Fashion Hub Ltd
v-top-06283-s,Blush Turtleneck (S) - Case Pack,2627.98,USD,12,Fashion Hub Ltd
v-acc-06284-m,Cognac Woven Belt (M),132.69,USD,1,Apparel Solutions
v-top-06285-xs,Emerald Turtleneck (XS),245.9,USD,6,Fashion Hub Ltd
v-acc-06286-xl,Camel Crossbody Bag (XL),46.49,USD,1,Textile World Co
v-out-06287-s,Emerald Moto Jacket (S),73.54,USD,12,Fashion Hub Ltd
v-acc-06288-l,Charcoal Crossbody Bag (L),89.52,USD,12,Textile World Co
v-acc-06289-xs,Black Statement Earrings (XS),47.51,USD,6,Fashion Hub Ltd
v-bot-06290-xs,Ivory Chino Pant (XS),295.64,USD,1,Textile World Co
v-acc-06291-xs,Black Woven Belt (XS),40.62,USD,1,Atelier Nord
v-dre-06292-xl,Burgundy Shift Dress (XL),301.13,USD,12,Atelier Nord
v-acc-06293-m,White Woven Belt (M),120.27,USD,1,Textile World Co
v-dre-06294-xs,White Maxi Dress (XS),331.98,USD,12,Fashion Hub Ltd
v-dre-06295-m,White Wrap Dress (M),296.07,USD,1,Textile World Co
v-dre-06296-l,Tan Slip Dress (L),268.63,USD,1,Fashion Hub Ltd
v-out-06297-xxl,Charcoal Puffer Vest (XXL),256.68,USD,6,Apparel Solutions
v-foo-06298-xs,Indigo Heeled Mule (XS),91.46,USD,1,Apparel Solutions
v-acc-06301-l,Cognac Statement Earrings (L),243.19,USD,1,Fashion Hub Ltd
v-dre-06302-xl,Burgundy Wrap Dress (XL),168.79,USD,6,Textile World Co
v-top-06304-l,Beige V-Neck Sweater (L),124.56,USD,1,Apparel Solutions
v-foo-06305-l,Indigo Low-Top Sneaker (L),376.97,CAD,6,Atelier Nord
v-dre-06306-m,Burgundy Shift Dress (M),279.88,USD,12,Fashion Hub Ltd
v-dre-06306-m,Burgundy Shift Dress (M) - Case Pack,3218.62,USD,12,Fashion Hub Ltd
v-bot-06307-s,Camel Denim Short (S),235.77,CAD,1,Atelier Nord
v-foo-06308-m,Burgundy Ankle Boot (M),38.34,USD,1,Fashion Hub Ltd
v-out-06309-xxl,Cognac Blazer (XXL),416.83,CAD,1,Atelier Nord
v-foo-06310-l,Beige Ballet Flat (L),109.75,USD,12,Fashion Hub Ltd
v-out-06312-xs,Cognac Blazer (XS),287.16,CAD,1,Atelier Nord
v-foo-06313-s,Camel Ankle Boot (S),129.67,USD,1,Atelier Nord
v-acc-06314-xxl,Beige Leather Tote (XXL),131.96,USD,6,Atelier Nord
v-top-06315-xs,Camel Tank Top (XS),339.2,CAD,1,Atelier Nord
v-top-06317-l,Black Crewneck Tee (L),181.32,USD,6,Atelier Nord
v-out-06319-l,Indigo Moto Jacket (L),59.66,USD,6,Atelier Nord
v-acc-06320-xl,Ivory Leather Tote (XL),106.81,USD,6,Textile World Co
v-bot-06321-xl,Tan Skinny Jean (XL),49.36,USD,1,Textile World Co
v-bot-06322-xl,Blush Linen Pant (XL),245.89,CAD,1,Atelier Nord
v-bot-06322-xl,Blush Linen Pant (XL) - Case Pack,2827.73,CAD,12,Atelier Nord
v-out-06323-xs,Burgundy Wool Peacoat (XS),67.04,USD,1,Fashion Hub Ltd
v-acc-06325-xs,Cognac Wide-Brim Hat (XS),70.48,USD,12,Fashion Hub Ltd
v-bot-06329-s,Black Chino Pant (S),291.18,USD,1,Apparel Solutions
v-out-06332-l,Charcoal Blazer (L),57.19,USD,1,Fashion Hub Ltd
v-out-06333-s,Emerald Puffer Vest (S),260.79,USD,1,Textile World Co
v-dre-06334-xs,Blush Shift Dress (XS),141.82,USD,12,Fashion Hub Ltd
v-foo-06335-l,Cognac Heeled Mule (L),273.73,USD,1,Textile World Co
v-foo-06335-l,Cognac Heeled Mule (L) - Case Pack,3147.9,USD,12,Textile World Co
v-foo-06336-m,Tan Low-Top Sneaker (M),249.42,USD,6,
v-top-06337-m,Indigo Cardigan (M),175.07,USD,12,Apparel Solutions
v-acc-06338-xs,Charcoal Wide-Brim Hat (XS),100.29,USD,6,Fashion Hub Ltd
v-acc-06339-xxl,Tan Woven Belt (XXL),17.75,USD,1,Atelier Nord
v-acc-06340-xs,Emerald Statement Earrings (XS),137.91,CAD,12,Atelier Nord
v-dre-06341-m,Black Slip Dress (M),155.91,USD,6,Apparel Solutions
v-out-06343-xl,Cognac Blazer (XL),65.01,USD,1,Fashion Hub Ltd
v-dre-06344-s,White Shift Dress (S),213.11,USD,12,Fashion Hub Ltd
v-acc-06345-xl,White Twill Scarf (XL),273.13,USD,1,Apparel Solutions
v-out-06346-xl,Cognac Trench Coat (XL),180.96,USD,1,Fashion Hub Ltd
v-dre-06347-s,Indigo Wrap Dress (S),174.56,USD,1,Textile World Co
v-bot-06348-s,Blush Pleated Skirt (S),22.15,USD,6,Textile World Co
v-dre-06349-m,Blush Wrap Dress (M),53.29,USD,1,Fashion Hub Ltd
v-dre-06350-xs,White Maxi Dress (XS),247.59,CAD,1,Atelier Nord
v-dre-06351-m,Burgundy Wrap Dress (M),80.85,USD,12,Fashion Hub Ltd
v-dre-06353-xs,Ivory Wrap Dress (XS),170.16,USD,1,Fashion Hub Ltd
v-acc-06354-m,White Woven Belt (M),265.33,CAD,1,Atelier Nord
v-bot-06355-xxl,Indigo Chino Pant (XXL),243.14,USD,1,Textile World Co
v-bot-06355-xxl,Indigo Chino Pant (XXL) - Case Pack,2796.11,USD,12,Textile World Co
v-foo-06356-l,Camel Loafer (L),174.19,USD,1,Textile World Co
v-foo-06357-m,Tan Low-Top Sneaker (M),268.89,USD,12,Textile World Co
v-bot-06359-s,White Pleated Skirt (S),107.53,CAD,1,Atelier Nord
v-top-06360-m,Tan Silk Blouse (M),181.36,USD,1,Fashion Hub Ltd
v-acc-06362-xs,Charcoal Statement Earrings (XS),277.88,USD,12,Apparel Solutions
v-foo-06363-l,Blush Ballet Flat (L),126.12,USD,1,Fashion Hub Ltd
v-dre-06364-l,Camel Wrap Dress (L),262.98,USD,1,Textile World Co
v-out-06365-xl,Cognac Puffer Vest (XL),289.35,USD,1,Atelier Nord
v-acc-06366-s,Ivory Twill Scarf (S),103.77,USD,1,Fashion Hub Ltd
v-bot-06367-xl,Cognac Linen Pant (XL),51.67,USD,1,Textile World Co
v-bot-06368-xl,Black Pleated Skirt (XL),168.24,USD,6,Textile World Co
v-dre-06370-l,Black Maxi Dress (L),135.13,USD,1,Textile World Co
v-dre-06371-xl,Burgundy Maxi Dress (XL),418.2,CAD,12,Atelier Nord
v-foo-06372-s,Blush Ankle Boot (S),102.23,CAD,1,Atelier Nord
v-foo-06373-s,Ivory Loafer (S),305.15,USD,12,Textile World Co
v-out-06374-xl,White Moto Jacket (XL),108.65,USD,6,Textile World Co
v-acc-06375-m,Emerald Statement Earrings (M),177.02,USD,6,Fashion Hub Ltd
v-top-06376-xl,Beige Crewneck Tee (XL),268.41,USD,1,Atelier Nord
v-foo-06377-xl,Ivory Espadrille (XL),266.97,USD,12,Fashion Hub Ltd
v-out-06378-l,Black Moto Jacket (L),269.93,USD,6,Atelier Nord
v-foo-06379-l,Ivory Ankle Boot (L),112.23,USD,1,Fashion Hub Ltd
v-bot-06380-m,Tan Denim Short (M),115.59,USD,12,Atelier Nord
v-foo-06381-l,Tan Ankle Boot (L),68.2,USD,1,Textile World Co
v-acc-06382-l,Beige Wide-Brim Hat (L),20.79,USD,1,Atelier Nord
v-foo-06383-s,Cognac Ankle Boot (S),193.74,USD,6,Apparel Solutions
v-foo-06385-xl,Camel Ankle Boot (XL),74.05,USD,6,Textile World Co
v-dre-06386-xxl,Indigo Slip Dress (XXL),286.15,USD,1,
v-top-06387-s,White Silk Blouse (S),214.25,USD,6,Fashion Hub Ltd
v-top-06388-l,Burgundy Cardigan (L),150.8,CAD,1,Atelier Nord
v-foo-06389-xxl,Emerald Loafer (XXL),79.6,USD,1,Apparel Solutions
v-out-06390-xs,Cognac Blazer (XS),148.51,USD,1,Textile World Co
v-out-06392-xs,Camel Moto Jacket (XS),262.3,USD,1,Apparel Solutions
v-foo-06393-s,White Espadrille (S),112.03,CAD,6,Atelier Nord
v-bot-06394-xxl,Emerald Skinny Jean (XXL),135.42,USD,12,Apparel Solutions
v-out-06395-m,Beige Puffer Vest (M),90.26,USD,1,Apparel Solutions
v-foo-06396-s,Emerald Low-Top Sneaker (S),123.6,USD,1,Fashion Hub Ltd
v-out-06397-xl,Black Trench Coat (XL),270.19,USD,1,Apparel Solutions
v-dre-06398-m,Indigo Shirt Dress (M),251.76,USD,12,Fashion Hub Ltd
v-acc-06400-m,Indigo Woven Belt (M),108.38,USD,12,Textile World Co
v-dre-06401-m,Camel Midi Dress (M),139.79,USD,1,Atelier Nord
v-dre-06401-m,Camel Midi Dress (M) - Case Pack,1607.58,USD,12,Atelier Nord
v-bot-06402-xs,Beige Denim Short (XS),64.2,USD,1,Atelier Nord
v-foo-06403-l,Black Ballet Flat (L),48.15,USD,1,Fashion Hub Ltd
v-bot-06404-l,Ivory Denim Short (L),191.82,USD,12,Textile World Co
v-bot-06405-s,Beige Wide-Leg Trouser (S),282.86,USD,12,Textile World Co
v-bot-06406-xxl,Blush Wide-Leg Trouser (XXL),141.94,USD,1,Apparel Solutions
v-dre-06408-l,Blush Maxi Dress (L),204.07,USD,12,Apparel Solutions
v-dre-06409-xxl,Emerald Midi Dress (XXL),228.05,USD,1,Fashion Hub Ltd
v-bot-06410-xxl,Charcoal Chino Pant (XXL),19.35,USD,12,Apparel Solutions
v-top-06411-l,Ivory V-Neck Sweater (L),266.64,USD,1,Atelier Nord
v-top-06412-m,White Cardigan (M),201.07,USD,12,Fashion Hub Ltd
v-dre-06415-xxl,Ivory Maxi Dress (XXL),335.3,CAD,6,Atelier Nord
v-top-06416-xxl,Ivory Tank Top (XXL),119.54,USD,1,Textile World Co
v-foo-06417-s,Tan Heeled Mule (S),168.96,USD,6,Fashion Hub Ltd
v-acc-06419-xxl,Black Crossbody Bag (XXL),345.34,CAD,1,Atelier Nord
v-top-06420-s,White Henley (S),18.09,USD,12,Apparel Solutions
v-top-06421-m,Indigo Crewneck Tee (M),62.68,USD,12,Textile World Co
v-dre-06422-xl,Camel Midi Dress (XL),248.18,USD,1,Apparel Solutions
v-bot-06423-xxl,Tan Chino Pant (XXL),37.81,USD,12,Apparel Solutions
v-dre-06427-xxl,White Shirt Dress (XXL),283.39,USD,12,
v-foo-06428-s,Ivory Espadrille (S),267.86,USD,12,Fashion Hub Ltd
v-dre-06429-xs,Charcoal Shirt Dress (XS),209.02,USD,12,Textile World Co
v-out-06430-m,Burgundy Denim Jacket (M),210.0,USD,12,Apparel Solutions
v-bot-06431-s,Burgundy Midi Skirt (S),120.63,USD,6,Apparel Solutions
v-out-06433-m,Ivory Denim Jacket (M),317.47,CAD,1,Atelier Nord
v-acc-06434-xxl,Charcoal Wide-Brim Hat (XXL),49.13,USD,12,Apparel Solutions
v-out-06435-xs,Tan Blazer (XS),29.01,USD,1,Fashion Hub Ltd
v-out-06435-xs,Tan Blazer (XS) - Case Pack,333.62,USD,12,Fashion Hub Ltd
v-dre-06436-xl,Ivory Shift Dress (XL),191.74,USD,6,Textile World Co
v-out-06437-s,Camel Blazer (S),55.51,USD,12,Fashion Hub Ltd
v-dre-06438-xl,Blush Slip Dress (XL),415.54,CAD,1,Atelier Nord
v-bot-06439-xl,Cognac Pleated Skirt (XL),18.51,USD,1,Fashion Hub Ltd
v-foo-06440-xs,Beige Loafer (XS),249.19,USD,1,Apparel Solutions
v-dre-06441-xxl,Camel Midi Dress (XXL),269.73,USD,12,Apparel Solutions
v-acc-06442-m,Charcoal Leather Tote (M),290.52,USD,12,Textile World Co
v-acc-06443-xs,Burgundy Crossbody Bag (XS),142.12,USD,1,Fashion Hub Ltd
v-acc-06444-m,Beige Leather Tote (M),87.47,USD,6,Apparel Solutions
v-acc-06445-m,Camel Statement Earrings (M),232.97,USD,1,Fashion Hub Ltd
v-acc-06446-xl,Ivory Twill Scarf (XL),40.39,USD,1,Textile World Co
v-top-06447-m,Indigo Silk Blouse (M),47.29,USD,1,Textile World Co
v-dre-06448-l,Camel Shift Dress (L),250.31,USD,1,Textile World Co
v-out-06449-xs,Blush Moto Jacket (XS),25.0,USD,1,
v-acc-06450-l,Tan Twill Scarf (L),134.88,USD,6,Textile World Co
v-out-06451-m,Ivory Denim Jacket (M),56.47,USD,1,Textile World Co
v-bot-06452-xl,Emerald Skinny Jean (XL),93.93,USD,1,Fashion Hub Ltd
v-out-06453-xxl,Beige Puffer Vest (XXL),151.66,USD,1,Textile World Co
v-out-06454-s,Blush Blazer (S),203.3,USD,1,Textile World Co
v-bot-06455-xs,Beige Chino Pant (XS),123.24,USD,1,Apparel Solutions
v-acc-06456-xxl,Cognac Wide-Brim Hat (XXL),317.03,USD,1,Textile World Co
v-acc-06457-xl,Ivory Wide-Brim Hat (XL),144.54,USD,1,Textile World Co
v-foo-06458-l,White Ankle Boot (L),48.99,USD,12,Apparel Solutions
v-out-06459-xl,Emerald Wool Peacoat (XL),307.77,USD,1,Atelier Nord
v-out-06459-xl,Emerald Wool Peacoat (XL) - Case Pack,3539.35,USD,12,Atelier Nord
v-bot-06461-s,Tan Skinny Jean (S),255.35,USD,1,Apparel Solutions
v-top-06462-xs,Burgundy Cardigan (XS),126.32,USD,1,Atelier Nord
v-acc-06464-m,Beige Wide-Brim Hat (M),35.54,USD,1,Atelier Nord
v-top-06465-s,Blush Silk Blouse (S),284.95,USD,1,Fashion Hub Ltd
v-top-06466-s,Blush Crewneck Tee (S),258.13,USD,1,Atelier Nord
v-bot-06467-xl,Burgundy Wide-Leg Trouser (XL),211.05,USD,6,
v-out-06468-l,Tan Wool Peacoat (L),71.41,USD,1,Textile World Co
v-foo-06469-s,Blush Heeled Mule (S),41.23,USD,12,Fashion Hub Ltd
v-acc-06470-xl,Charcoal Woven Belt (XL),80.55,CAD,1,Atelier Nord
v-dre-06471-s,Beige Maxi Dress (S),118.55,USD,1,Fashion Hub Ltd
v-dre-06471-s,Beige Maxi Dress (S) - Case Pack,1363.33,USD,12,Fashion Hub Ltd
v-acc-06472-xs,Camel Wide-Brim Hat (XS),230.35,USD,1,Atelier Nord
v-dre-06475-xxl,Charcoal Maxi Dress (XXL),245.55,CAD,12,Atelier Nord
v-out-06476-xxl,Blush Moto Jacket (XXL),283.83,USD,6,Fashion Hub Ltd
v-top-06477-s,Black V-Neck Sweater (S),213.3,USD,1,Fashion Hub Ltd
v-bot-06478-m,Emerald Skinny Jean (M),94.5,USD,1,Fashion Hub Ltd
v-out-06479-l,Beige Moto Jacket (L),331.74,CAD,6,Atelier Nord
v-top-06481-s,Black V-Neck Sweater (S),302.01,CAD,1,Atelier Nord
v-out-06482-l,Camel Blazer (L),141.71,USD,1,Apparel Solutions
v-acc-06483-xxl,Charcoal Crossbody Bag (XXL),194.85,USD,6,Textile World Co
v-dre-06484-m,Black Wrap Dress (M),148.66,USD,1,Fashion Hub Ltd
v-top-06485-s,Charcoal Silk Blouse (S),194.9,USD,1,Fashion Hub Ltd
v-out-06486-xs,Ivory Blazer (XS),231.9,USD,12,Apparel Solutions
v-out-06487-m,Indigo Moto Jacket (M),276.65,USD,12,Textile World Co
v-acc-06489-xxl,White Wide-Brim Hat (XXL),86.35,CAD,1,Atelier Nord
v-top-06491-xs,Indigo Cardigan (XS),261.24,CAD,12,Atelier Nord
v-bot-06494-xl,Beige Skinny Jean (XL),138.59,USD,1,Apparel Solutions
v-foo-06495-xs,Tan Heeled Mule (XS),129.27,CAD,1,Atelier Nord
v-top-06496-xl,Ivory Silk Blouse (XL),25.21,USD,12,Textile World Co
v-foo-06497-l,Burgundy Ballet Flat (L),381.24,CAD,12,Atelier Nord
v-foo-06498-s,Camel Low-Top Sneaker (S),118.01,USD,1,Atelier Nord
v-acc-06499-xxl,Cognac Crossbody Bag (XXL),436.79,CAD,1,Atelier Nord
v-foo-06500-s,Burgundy Low-Top Sneaker (S),292.92,USD,6,Fashion Hub Ltd
v-dre-06502-s,White Wrap Dress (S),129.88,USD,6,Textile World Co
v-acc-06503-m,White Twill Scarf (M),204.79,CAD,1,Atelier Nord
v-dre-06504-s,Cognac Wrap Dress (S),304.04,USD,1,Textile World Co
v-dre-06506-m,Beige Wrap Dress (M),215.63,USD,6,
v-top-06507-l,Beige Tank Top (L),153.1,USD,1,Textile World Co
v-bot-06508-xl,Tan Skinny Jean (XL),122.0,USD,1,Fashion Hub Ltd
v-top-06509-xl,Indigo Turtleneck (XL),26.25,USD,1,Fashion Hub Ltd
v-top-06510-xxl,Indigo Button-Up Shirt (XXL),108.54,USD,12,Apparel Solutions
v-dre-06512-xl,Emerald Midi Dress (XL),304.44,USD,12,Fashion Hub Ltd
v-acc-06513-xl,Indigo Leather Tote (XL),24.8,USD,12,Fashion Hub Ltd
v-dre-06515-l,White Shift Dress (L),287.53,USD,12,Atelier Nord
v-top-06516-xxl,Emerald Henley (XXL),255.07,USD,12,Textile World Co
v-top-06517-xs,Emerald Cardigan (XS),124.89,USD,1,
v-dre-06518-m,Ivory Slip Dress (M),93.42,USD,1,Fashion Hub Ltd
v-dre-06518-m,Ivory Slip Dress (M) - Case Pack,1074.33,USD,12,Fashion Hub Ltd
v-acc-06519-xxl,Beige Statement Earrings (XXL),227.62,USD,1,Apparel Solutions
v-top-06520-xs,Charcoal Crewneck Tee (XS),41.22,USD,1,Textile World Co
v-foo-06521-l,White Heeled Mule (L),207.39,USD,1,Apparel Solutions
v-bot-06522-xl,Camel Linen Pant (XL),208.24,USD,1,Apparel Solutions
v-dre-06523-xl,White Shirt Dress (XL),205.59,USD,6,Apparel Solutions
v-foo-06524-m,Ivory Low-Top Sneaker (M),203.82,USD,1,Fashion Hub Ltd
v-top-06525-s,Indigo Silk Blouse (S),102.25,USD,12,Textile World Co
v-out-06526-l,Burgundy Denim Jacket (L),176.3,USD,1,Fashion Hub Ltd
v-acc-06527-xl,Indigo Leather Tote (XL),84.82,USD,1,Textile World Co
v-dre-06528-xxl,Charcoal Shift Dress (XXL),93.87,USD,12,Apparel Solutions
v-bot-06529-xs,Tan Denim Short (XS),53.11,USD,1,
v-out-06530-xs,Camel Puffer Vest (XS),272.86,USD,1,Apparel Solutions
v-dre-06532-s,Cognac Wrap Dress (S),124.55,CAD,1,Atelier Nord
v-bot-06533-s,Blush Midi Skirt (S),62.25,USD,1,Textile World Co
v-acc-06534-xxl,White Leather Tote (XXL),177.27,USD,1,Textile World Co
v-foo-06535-l,Blush Heeled Mule (L),181.8,USD,6,Textile World Co
v-bot-06536-xs,Black Pleated Skirt (XS),231.92,USD,1,Atelier Nord
v-dre-06537-xs,Cognac Shirt Dress (XS),259.84,USD,12,Apparel Solutions
v-dre-06538-xxl,Emerald Wrap Dress (XXL),174.66,USD,1,Textile World Co
v-acc-06539-l,Cognac Woven Belt (L),191.99,USD,1,Textile World Co
v-out-06540-xxl,Tan Trench Coat (XXL),286.73,USD,1,Apparel Solutions
v-bot-06541-xl,Black Chino Pant (XL),127.06,USD,1,Fashion Hub Ltd
v-acc-06542-s,Indigo Leather Tote (S),298.8,USD,1,Textile World Co
v-out-06543-xs,Black Wool Peacoat (XS),133.37,USD,12,Fashion Hub Ltd
v-out-06543-xs,Black Wool Peacoat (XS) - Case Pack,1533.76,USD,12,Fashion Hub Ltd
v-out-06545-xxl,Indigo Wool Peacoat (XXL),83.0,USD,1,Atelier Nord
v-top-06548-s,Burgundy Silk Blouse (S),313.2,USD,6,Textile World Co
v-dre-06549-xxl,Burgundy Maxi Dress (XXL),269.93,USD,1,Apparel Solutions
v-out-06550-m,Camel Wool Peacoat (M),65.84,USD,1,Fashion Hub Ltd
v-bot-06551-xs,Ivory Wide-Leg Trouser (XS),246.86,USD,6,Textile World Co
v-dre-06552-s,Camel Shirt Dress (S),51.74,USD,1,Atelier Nord
v-out-06553-xxl,Cognac Moto Jacket (XXL),43.29,CAD,6,Atelier Nord
v-foo-06554-xl,Charcoal Espadrille (XL),119.26,USD,1,Apparel Solutions
v-bot-06556-xxl,Cognac Denim Short (XXL),22.65,USD,1,Atelier Nord
v-foo-06557-l,Burgundy Ballet Flat (L),243.24,USD,1,Fashion Hub Ltd
v-acc-06558-xs,Tan Leather Tote (XS),128.51,USD,6,Apparel Solutions
v-acc-06559-m,Ivory Crossbody Bag (M),216.16,USD,1,Fashion Hub Ltd
v-foo-06561-xs,Tan Loafer (XS),335.66,CAD,12,Atelier Nord
v-acc-06563-s,Black Crossbody Bag (S),172.76,USD,1,Atelier Nord
v-out-06565-s,White Trench Coat (S),148.54,USD,12,Textile World Co
v-foo-06567-s,Camel Ankle Boot (S),218.41,USD,1,Apparel Solutions
v-foo-06568-l,Beige Heeled Mule (L),307.04,USD,1,Apparel Solutions
v-acc-06569-xs,Ivory Woven Belt (XS),186.11,USD,12,Fashion Hub Ltd
v-foo-06570-m,Emerald Espadrille (M),92.88,CAD,1,Atelier Nord
v-acc-06571-xs,White Leather Tote (XS),304.48,USD,1,Textile World Co
v-acc-06572-l,Camel Crossbody Bag (L),82.97,USD,1,Fashion Hub Ltd
v-bot-06573-xs,Ivory Skinny Jean (XS),236.22,CAD,1,Atelier Nord
v-top-06574-xxl,Ivory Button-Up Shirt (XXL),280.01,USD,1,Textile World Co
v-dre-06575-xl,Cognac Slip Dress (XL),282.7,USD,12,Fashion Hub Ltd
v-foo-06576-l,Black Low-Top Sneaker (L),26.11,USD,6,Textile World Co
v-out-06577-l,Ivory Wool Peacoat (L),282.8,USD,1,Textile World Co
v-foo-06578-xl,Black Ankle Boot (XL),85.98,USD,1,Apparel Solutions
v-top-06579-xxl,Beige Henley (XXL),250.94,USD,1,Textile World Co
v-out-06580-s,Ivory Blazer (S),175.46,USD,6,Textile World Co
v-bot-06581-xs,Emerald Linen Pant (XS),28.18,USD,1,Textile World Co
v-acc-06583-xs,Indigo Leather Tote (XS),214.83,CAD,1,Atelier Nord
v-top-06584-xs,Blush Button-Up Shirt (XS),150.04,USD,1,Fashion Hub Ltd
v-acc-06585-s,Charcoal Woven Belt (S),131.48,USD,12,Textile World Co
v-acc-06586-s,Indigo Leather Tote (S),295.79,USD,1,Apparel Solutions
v-out-06589-xs,Charcoal Denim Jacket (XS),109.93,USD,1,Textile World Co
v-dre-06590-s,Tan Wrap Dress (S),182.46,USD,1,Apparel Solutions
v-acc-06592-l,Blush Wide-Brim Hat (L),80.83,USD,12,Apparel Solutions
v-acc-06592-l,Blush Wide-Brim Hat (L) - Case Pack,929.54,USD,12,Apparel Solutions
v-dre-06593-xxl,Black Slip Dress (XXL),25.83,USD,6,Fashion Hub Ltd
v-dre-06595-s,Cognac Maxi Dress (S),97.1,USD,12,Fashion Hub Ltd
v-top-06596-m,Beige Turtleneck (M),274.51,USD,1,Apparel Solutions
v-acc-06597-xxl,Burgundy Statement Earrings (XXL),136.99,USD,1,Apparel Solutions
v-bot-06598-xl,White Skinny Jean (XL),256.8,USD,6,Fashion Hub Ltd
v-bot-06598-xl,White Skinny Jean (XL) - Case Pack,2953.2,USD,12,Fashion Hub Ltd
v-bot-06599-xs,Black Wide-Leg Trouser (XS),311.15,USD,1,Atelier Nord
v-foo-06600-xs,Beige Loafer (XS),240.18,USD,1,
v-out-06601-l,Black Wool Peacoat (L),54.77,USD,1,Apparel Solutions
v-out-06602-m,Tan Denim Jacket (M),99.66,USD,1,Fashion Hub Ltd
v-out-06604-xxl,Burgundy Puffer Vest (XXL),247.86,USD,6,Atelier Nord
v-bot-06605-xl,Camel Skinny Jean (XL),59.38,CAD,1,Atelier Nord
v-bot-06606-m,Tan Chino Pant (M),104.81,USD,12,Textile World Co
v-dre-06607-m,Camel Wrap Dress (M),235.64,USD,1,Textile World Co
v-acc-06608-m,Emerald Wide-Brim Hat (M),85.93,USD,6,Apparel Solutions
v-foo-06609-xs,Blush Ballet Flat (XS),33.13,USD,1,Fashion Hub Ltd
v-acc-06610-m,Blush Wide-Brim Hat (M),77.04,USD,1,Atelier Nord
v-dre-06611-xxl,Emerald Midi Dress (XXL),190.07,USD,1,Textile World Co
v-acc-06612-xl,Black Twill Scarf (XL),180.95,USD,6,Fashion Hub Ltd
v-acc-06612-xl,Black Twill Scarf (XL) - Case Pack,2080.92,USD,12,Fashion Hub Ltd
v-dre-06613-xl,Tan Wrap Dress (XL),98.02,USD,1,Fashion Hub Ltd
v-dre-06614-s,Black Maxi Dress (S),134.74,USD,1,Textile World Co
v-top-06615-l,Black Henley (L),64.79,USD,6,Fashion Hub Ltd
v-dre-06616-xxl,Charcoal Shift Dress (XXL),79.02,USD,1,Fashion Hub Ltd
v-top-06618-m,Blush Henley (M),46.95,USD,6,Fashion Hub Ltd
v-foo-06619-xl,Blush Ankle Boot (XL),185.08,USD,1,Apparel Solutions
v-bot-06620-s,Charcoal Denim Short (S),273.36,CAD,6,Atelier Nord
v-foo-06621-l,Beige Low-Top Sneaker (L),146.45,USD,1,Apparel Solutions
v-top-06622-l,Camel Cardigan (L),234.84,USD,1,Apparel Solutions
v-dre-06623-m,Cognac Maxi Dress (M),100.07,CAD,1,Atelier Nord
v-dre-06624-xxl,Black Shift Dress (XXL),219.58,USD,1,Fashion Hub Ltd
v-foo-06626-l,Cognac Low-Top Sneaker (L),20.97,USD,1,Fashion Hub Ltd
v-acc-06627-m,White Woven Belt (M),169.5,USD,6,Textile World Co
v-acc-06628-xs,Ivory Woven Belt (XS),73.76,USD,12,
v-out-06629-xs,Beige Wool Peacoat (XS),289.52,USD,6,Fashion Hub Ltd
v-dre-06630-s,Cognac Midi Dress (S),270.98,USD,1,Fashion Hub Ltd
v-top-06631-s,Emerald Cardigan (S),240.7,USD,1,Fashion Hub Ltd
v-top-06632-xl,Cognac Turtleneck (XL),23.11,USD,1,Apparel Solutions
v-acc-06634-xs,Burgundy Twill Scarf (XS),21.57,USD,1,Apparel Solutions
v-acc-06634-xs,Burgundy Twill Scarf (XS) - Case Pack,248.06,USD,12,Apparel Solutions
v-foo-06635-xl,Black Heeled Mule (XL),311.69,USD,6,Apparel Solutions
v-dre-06636-m,Burgundy Shift Dress (M),280.5,USD,6,Fashion Hub Ltd
v-bot-06637-l,Emerald Denim Short (L),114.73,CAD,6,Atelier Nord
v-top-06638-m,Burgundy Tank Top (M),245.1,CAD,12,Atelier Nord
v-out-06639-xl,Ivory Puffer Vest (XL),97.19,CAD,12,Atelier Nord
v-bot-06640-s,Emerald Linen Pant (S),310.53,USD,1,
v-top-06641-xxl,Tan Turtleneck (XXL),195.45,USD,1,Fashion Hub Ltd
v-out-06642-xxl,Blush Denim Jacket (XXL),294.06,USD,12,Fashion Hub Ltd
v-acc-06643-s,Camel Leather Tote (S),286.23,USD,6,Fashion Hub Ltd
v-acc-06645-l,Burgundy Statement Earrings (L),286.34,USD,1,Fashion Hub Ltd
v-top-06646-s,Black Henley (S),74.39,USD,1,Apparel Solutions
v-acc-06647-m,Emerald Leather Tote (M),164.18,USD,1,Textile World Co
v-top-06648-xl,White Turtleneck (XL),77.04,USD,6,Apparel Solutions
v-dre-06649-xxl,Emerald Shirt Dress (XXL),264.37,USD,1,Fashion Hub Ltd
v-top-06650-xxl,White V-Neck Sweater (XXL),154.69,USD,1,Apparel Solutions
v-out-06651-l,Camel Trench Coat (L),295.49,USD,6,Atelier Nord
v-dre-06652-m,White Shift Dress (M),295.87,USD,1,Apparel Solutions
v-dre-06653-xs,Charcoal Maxi Dress (XS),245.82,USD,1,Fashion Hub Ltd
v-dre-06654-l,Ivory Slip Dress (L),87.8,USD,1,Atelier Nord
v-foo-06655-xl,Cognac Espadrille (XL),85.49,USD,12,Apparel Solutions
v-top-06656-xxl,Cognac Button-Up Shirt (XXL),165.29,USD,1,Apparel Solutions
v-dre-06657-xl,Black Maxi Dress (XL),292.3,USD,1,Fashion Hub Ltd
v-acc-06659-xl,Cognac Leather Tote (XL),151.37,USD,1,Textile World Co
v-dre-06660-xs,Indigo Shirt Dress (XS),114.7,CAD,1,Atelier Nord
v-bot-06661-xl,Camel Skinny Jean (XL),240.36,USD,12,Textile World Co
v-bot-06662-s,Ivory Chino Pant (S),176.59,USD,1,Textile World Co
v-dre-06663-s,Tan Wrap Dress (S),245.07,USD,6,Fashion Hub Ltd
v-acc-06664-xl,Camel Leather Tote (XL),215.17,USD,1,Fashion Hub Ltd
v-out-06665-xl,Camel Denim Jacket (XL),241.31,USD,1,Textile World Co
v-acc-06666-xs,Cognac Crossbody Bag (XS),283.96,USD,1,Textile World Co
v-acc-06666-xs,Cognac Crossbody Bag (XS) - Case Pack,3265.54,USD,12,Textile World Co
v-bot-06667-xxl,Ivory Linen Pant (XXL),276.52,USD,1,Atelier Nord
v-top-06668-s,Blush Tank Top (S),128.5,USD,1,Textile World Co
v-bot-06669-xs,Ivory Skinny Jean (XS),136.37,USD,1,Textile World Co
v-foo-06671-xs,Indigo Heeled Mule (XS),177.8,USD,12,Textile World Co
v-top-06672-l,Ivory Henley (L),184.73,USD,1,Apparel Solutions
v-dre-06673-s,Black Shirt Dress (S),146.32,USD,1,Fashion Hub Ltd
v-bot-06674-xxl,Cognac Denim Short (XXL),149.53,USD,12,Textile World Co
v-acc-06675-xxl,Blush Wide-Brim Hat (XXL),307.59,USD,6,Textile World Co
v-foo-06677-l,Charcoal Ballet Flat (L),90.15,USD,1,Textile World Co
v-out-06678-m,Tan Trench Coat (M),48.13,USD,1,Atelier Nord
v-out-06679-s,Ivory Blazer (S),260.98,USD,6,Fashion Hub Ltd
v-foo-06680-xxl,White Ankle Boot (XXL),135.26,USD,1,Apparel Solutions
v-bot-06682-s,Cognac Skinny Jean (S),56.57,USD,6,Atelier Nord
v-dre-06683-l,Blush Slip Dress (L),80.3,USD,1,Textile World Co
v-bot-06685-l,Emerald Midi Skirt (L),25.27,USD,1,Atelier Nord
v-bot-06685-l,Emerald Midi Skirt (L) - Case Pack,290.61,USD,12,Atelier Nord
v-bot-06686-xxl,Tan Denim Short (XXL),201.93,USD,12,Apparel Solutions
v-foo-06687-xs,Beige Loafer (XS),176.24,CAD,1,Atelier Nord
v-top-06688-xl,Beige Cardigan (XL),219.83,USD,1,Apparel Solutions
v-acc-06689-s,Tan Leather Tote (S),324.91,CAD,1,Atelier Nord
v-top-06690-s,Blush Button-Up Shirt (S),159.03,USD,1,Apparel Solutions
v-out-06691-xl,Blush Puffer Vest (XL),218.14,USD,1,Textile World Co
v-foo-06692-xs,Indigo Low-Top Sneaker (XS),154.42,USD,6,Textile World Co
v-foo-06693-xl,Charcoal Low-Top Sneaker (XL),40.13,CAD,1,Atelier Nord
v-dre-06694-s,Black Shift Dress (S),269.39,USD,12,Apparel Solutions
v-acc-06695-xs,Ivory Twill Scarf (XS),354.68,CAD,12,Atelier Nord
v-dre-06696-xl,Cognac Slip Dress (XL),297.84,USD,12,Fashion Hub Ltd
v-top-06697-xxl,Emerald Turtleneck (XXL),114.45,CAD,1,Atelier Nord
v-top-06697-xxl,Emerald Turtleneck (XXL) - Case Pack,1316.17,CAD,12,Atelier Nord
v-top-06699-xl,Indigo Silk Blouse (XL),170.43,USD,1,Fashion Hub Ltd
v-dre-06700-xl,Black Wrap Dress (XL),357.67,CAD,1,Atelier Nord
v-foo-06701-l,Black Heeled Mule (L),197.56,USD,1,Textile World Co
v-top-06702-xl,Ivory Turtleneck (XL),27.53,USD,1,Apparel Solutions
v-dre-06704-m,Blush Maxi Dress (M),155.55,USD,1,Apparel Solutions
v-bot-06705-xl,Ivory Linen Pant (XL),310.73,USD,1,Fashion Hub Ltd
v-acc-06706-l,Blush Twill Scarf (L),279.65,USD,6,Fashion Hub Ltd
v-out-06707-xxl,Cognac Trench Coat (XXL),52.97,USD,12,Apparel Solutions
v-top-06708-xs,Indigo Cardigan (XS),390.53,CAD,6,Atelier Nord
v-dre-06709-l,White Midi Dress (L),141.46,USD,1,Atelier Nord
v-dre-06710-l,Blush Shirt Dress (L),229.19,USD,1,Atelier Nord
v-top-06711-s,Charcoal Button-Up Shirt (S),375.2,CAD,1,Atelier Nord
v-out-06712-m,Blush Wool Peacoat (M),256.82,USD,1,Atelier Nord
v-bot-06713-l,Ivory Pleated Skirt (L),135.32,USD,1,Fashion Hub Ltd
v-foo-06714-xxl,Ivory Loafer (XXL),201.91,USD,1,Apparel Solutions
v-out-06715-xs,Burgundy Denim Jacket (XS),161.69,USD,1,Fashion Hub Ltd
v-foo-06716-xs,Camel Ankle Boot (XS),212.9,USD,6,Apparel Solutions
v-acc-06718-xl,White Crossbody Bag (XL),288.32,USD,12,Textile World Co
v-bot-06720-s,Tan Skinny Jean (S),255.44,USD,1,Fashion Hub Ltd
v-acc-06721-l,Blush Woven Belt (L),279.34,USD,1,Fashion Hub Ltd
v-out-06723-l,Charcoal Blazer (L),149.71,USD,12,Apparel Solutions
v-out-06724-xxl,White Blazer (XXL),49.35,USD,1,Apparel Solutions
v-foo-06726-xxl,Beige Ballet Flat (XXL),257.92,USD,1,Textile World Co
v-foo-06727-s,Emerald Heeled Mule (S),41.47,USD,1,Atelier Nord
v-dre-06728-xl,Emerald Shift Dress (XL),260.45,USD,1,Fashion Hub Ltd
v-foo-06729-m,Blush Ballet Flat (M),288.84,USD,1,Fashion Hub Ltd
v-foo-06730-m,Camel Espadrille (M),196.5,USD,1,Textile World Co
v-out-06731-l,Emerald Puffer Vest (L),305.95,USD,1,Apparel Solutions
v-out-06732-m,Emerald Denim Jacket (M),369.67,CAD,1,Atelier Nord
v-top-06733-l,Cognac Henley (L),188.98,USD,1,Textile World Co
v-top-06735-m,Camel Button-Up Shirt (M),139.2,CAD,1,Atelier Nord
v-out-06736-m,Blush Trench Coat (M),115.72,USD,6,Apparel Solutions
v-foo-06737-xs,White Heeled Mule (XS),97.56,USD,1,Apparel Solutions
v-out-06738-l,Black Wool Peacoat (L),312.8,USD,12,Apparel Solutions
v-top-06739-xs,Indigo Button-Up Shirt (XS),151.31,USD,6,Textile World Co
v-top-06740-l,Blush Turtleneck (L),224.31,USD,1,Fashion Hub Ltd
v-acc-06741-xl,Blush Statement Earrings (XL),161.83,USD,1,Atelier Nord
v-out-06742-xs,Black Wool Peacoat (XS),190.92,USD,1,Textile World Co
v-foo-06744-m,Burgundy Heeled Mule (M),271.26,USD,12,Atelier Nord
v-out-06745-xl,White Denim Jacket (XL),72.82,USD,1,Atelier Nord
v-out-06746-l,Cognac Blazer (L),146.97,USD,1,Fashion Hub Ltd
v-bot-06747-l,Cognac Midi Skirt (L),256.99,USD,1,Textile World Co
v-top-06748-xxl,Ivory Turtleneck (XXL),57.35,USD,12,Atelier Nord
v-dre-06749-m,Beige Wrap Dress (M),189.93,CAD,1,Atelier Nord
v-out-06750-m,Black Denim Jacket (M),135.33,USD,12,Textile World Co
v-bot-06751-xl,Camel Midi Skirt (XL),108.16,USD,6,Apparel Solutions
v-top-06753-xl,Cognac Silk Blouse (XL),296.29,USD,1,Textile World Co
v-foo-06754-xxl,Black Ankle Boot (XXL),258.11,USD,1,Textile World Co
v-out-06755-m,Black Wool Peacoat (M),138.27,USD,12,Apparel Solutions
v-out-06756-xs,Black Puffer Vest (XS),194.23,USD,1,Fashion Hub Ltd
v-top-06757-m,Ivory Tank Top (M),296.98,USD,1,Fashion Hub Ltd
v-top-06757-m,Ivory Tank Top (M) - Case Pack,3415.27,USD,12,Fashion Hub Ltd
v-acc-06758-xl,Blush Crossbody Bag (XL),235.0,USD,1,Apparel Solutions
v-out-06759-xs,Indigo Puffer Vest (XS),156.7,USD,1,Textile World Co
v-bot-06760-m,Charcoal Wide-Leg Trouser (M),414.59,CAD,12,Atelier Nord
v-top-06761-m,Cognac V-Neck Sweater (M),259.15,USD,1,Apparel Solutions
v-out-06762-xxl,Indigo Moto Jacket (XXL),293.73,USD,1,Textile World Co
v-top-06764-xxl,Charcoal Henley (XXL),208.94,USD,6,Textile World Co
v-bot-06765-xxl,Camel Wide-Leg Trouser (XXL),184.75,CAD,1,Atelier Nord
v-out-06766-s,White Blazer (S),85.9,USD,1,Fashion Hub Ltd
v-acc-06767-xxl,Emerald Crossbody Bag (XXL),146.59,USD,12,Textile World Co
v-top-06768-xl,Beige V-Neck Sweater (XL),224.4,USD,1,Textile World Co
v-top-06769-s,Tan Button-Up Shirt (S),326.03,USD,6,Apparel Solutions
v-acc-06770-m,Ivory Woven Belt (M),55.87,USD,1,Atelier Nord
v-out-06771-xs,Tan Blazer (XS),318.52,CAD,1,Atelier Nord
v-bot-06772-m,Cognac Midi Skirt (M),349.05,CAD,6,Atelier Nord
v-acc-06773-l,Black Woven Belt (L),195.13,USD,12,Apparel Solutions
v-acc-06774-m,Black Woven Belt (M),218.92,USD,1,Textile World Co
v-dre-06775-m,Blush Shirt Dress (M),237.79,USD,12,Atelier Nord
v-top-06776-xs,Beige Cardigan (XS),65.56,CAD,6,Atelier Nord
v-top-06776-xs,Beige Cardigan (XS) - Case Pack,753.94,CAD,12,Atelier Nord
v-foo-06777-xxl,Charcoal Heeled Mule (XXL),89.11,CAD,1,Atelier Nord
v-top-06778-m,White Turtleneck (M),131.92,USD,1,Apparel Solutions
v-foo-06779-s,Camel Ballet Flat (S),219.59,USD,6,Fashion Hub Ltd
v-top-06780-s,Beige Crewneck Tee (S),50.41,USD,1,Textile World Co
v-out-06781-s,Emerald Puffer Vest (S),279.35,USD,1,Fashion Hub Ltd
v-bot-06782-xs,Black Denim Short (XS),244.02,USD,1,Textile World Co
v-acc-06783-l,Ivory Wide-Brim Hat (L),25.46,USD,6,
v-dre-06784-xxl,Blush Shirt Dress (XXL),310.65,USD,1,Apparel Solutions
v-top-06787-xxl,Beige Crewneck Tee (XXL),41.6,USD,1,Apparel Solutions
v-foo-06788-xl,Emerald Ballet Flat (XL),178.21,USD,12,Atelier Nord
v-foo-06789-xl,Tan Ankle Boot (XL),164.38,USD,12,Apparel Solutions
v-foo-06790-s,Cognac Heeled Mule (S),232.38,USD,1,Fashion Hub Ltd
v-foo-06791-m,Indigo Loafer (M),137.8,USD,1,Apparel Solutions
v-out-06792-l,Blush Wool Peacoat (L),234.17,USD,12,Textile World Co
v-out-06793-s,Charcoal Moto Jacket (S),47.89,USD,1,Atelier Nord
v-acc-06794-m,Emerald Wide-Brim Hat (M),263.13,USD,1,Atelier Nord
v-foo-06795-xxl,Black Loafer (XXL),27.8,USD,12,Textile World Co
v-bot-06796-l,Camel Skinny Jean (L),287.75,USD,1,Fashion Hub Ltd
v-out-06798-s,Beige Trench Coat (S),62.93,USD,6,Fashion Hub Ltd
v-dre-06799-l,Tan Wrap Dress (L),210.94,USD,1,Textile World Co
v-bot-06801-l,Indigo Midi Skirt (L),203.67,USD,1,Textile World Co
v-out-06802-m,Tan Puffer Vest (M),295.72,USD,1,Textile World Co
v-out-06803-l,Tan Denim Jacket (L),158.2,USD,1,Apparel Solutions
v-bot-06805-xs,Burgundy Linen Pant (XS),47.57,USD,6,Textile World Co
v-acc-06806-xxl,White Twill Scarf (XXL),43.38,USD,1,Atelier Nord
v-bot-06807-s,Blush Skinny Jean (S),36.5,USD,12,Fashion Hub Ltd
v-top-06808-xxl,Indigo Cardigan (XXL),78.1,USD,1,Apparel Solutions
v-out-06809-s,Camel Moto Jacket (S),45.13,USD,6,Textile World Co
v-top-06811-l,Black Cardigan (L),148.03,USD,1,Fashion Hub Ltd
v-out-06812-xl,Cognac Puffer Vest (XL),40.29,USD,12,Textile World Co
v-top-06813-l,Black Crewneck Tee (L),258.26,USD,12,Textile World Co
v-acc-06814-xl,Emerald Woven Belt (XL),238.96,USD,1,Fashion Hub Ltd
v-top-06815-m,Indigo Tank Top (M),209.53,USD,1,Atelier Nord
v-dre-06816-m,Tan Slip Dress (M),246.42,USD,12,Atelier Nord
v-top-06817-s,Burgundy Turtleneck (S),286.89,CAD,1,Atelier Nord
v-foo-06818-l,Camel Espadrille (L),269.78,USD,6,Fashion Hub Ltd
v-top-06821-s,Blush Button-Up Shirt (S),98.5,USD,1,Textile World Co
v-dre-06822-s,Cognac Slip Dress (S),264.37,USD,1,Fashion Hub Ltd
v-top-06823-l,Indigo Silk Blouse (L),116.14,USD,1,Apparel Solutions
v-bot-06824-xl,Burgundy Midi Skirt (XL),256.86,USD,12,Atelier Nord
v-bot-06825-m,Ivory Denim Short (M),48.39,USD,1,Fashion Hub Ltd
v-acc-06826-s,Black Leather Tote (S),172.0,USD,6,Apparel Solutions
v-top-06828-xxl,Cognac Button-Up Shirt (XXL),180.48,USD,6,Fashion Hub Ltd
v-dre-06830-s,Burgundy Shift Dress (S),130.45,USD,1,Fashion Hub Ltd
v-out-06831-xs,Ivory Denim Jacket (XS),58.29,USD,6,Fashion Hub Ltd
v-out-06833-s,Blush Trench Coat (S),115.82,USD,1,Fashion Hub Ltd
v-bot-06834-l,Tan Midi Skirt (L),39.74,USD,1,Fashion Hub Ltd
v-top-06835-l,Cognac Cardigan (L),137.71,CAD,12,Atelier Nord
v-dre-06836-m,Charcoal Maxi Dress (M),143.8,USD,1,Apparel Solutions
v-acc-06837-s,Camel Crossbody Bag (S),70.31,USD,12,Apparel Solutions
v-out-06838-xl,Beige Puffer Vest (XL),310.96,CAD,1,Atelier Nord
v-foo-06839-l,White Ballet Flat (L),28.96,USD,1,Atelier Nord
v-acc-06840-l,Tan Leather Tote (L),48.69,USD,1,Fashion Hub Ltd
v-dre-06841-xs,Tan Shirt Dress (XS),353.88,CAD,6,
v-bot-06843-m,Tan Skinny Jean (M),394.58,CAD,12,Atelier Nord
v-acc-06844-xs,Indigo Wide-Brim Hat (XS),127.16,USD,1,Fashion Hub Ltd
v-acc-06845-s,Charcoal Statement Earrings (S),45.95,USD,1,Apparel Solutions
v-dre-06847-xxl,Burgundy Shirt Dress (XXL),136.81,USD,6,Atelier Nord
v-bot-06849-s,Beige Pleated Skirt (S),126.69,CAD,1,Atelier Nord
v-top-06850-xl,Emerald Henley (XL),103.03,USD,1,Textile World Co
v-acc-06851-xxl,White Woven Belt (XXL),222.01,CAD,1,Atelier Nord
v-foo-06852-m,Burgundy Heeled Mule (M),23.91,USD,1,Textile World Co
v-out-06853-xl,Ivory Wool Peacoat (XL),59.75,USD,6,Textile World Co
v-acc-06854-l,Cognac Woven Belt (L),203.06,USD,1,Fashion Hub Ltd
v-dre-06855-xxl,Indigo Wrap Dress (XXL),186.27,USD,12,Textile World Co
v-dre-06856-xl,Camel Shift Dress (XL),130.57,USD,12,Textile World Co
v-bot-06857-s,White Wide-Leg Trouser (S),175.9,USD,1,Apparel Solutions
v-foo-06858-l,Indigo Heeled Mule (L),96.08,USD,1,Textile World Co
v-top-06859-m,Burgundy Henley (M),286.37,USD,1,Apparel Solutions
v-out-06862-m,Charcoal Moto Jacket (M),212.75,USD,6,Textile World Co
v-dre-06863-xs,Emerald Shirt Dress (XS),20.34,USD,1,Apparel Solutions
v-out-06864-m,Tan Wool Peacoat (M),161.03,USD,1,Fashion Hub Ltd
v-foo-06865-m,Cognac Heeled Mule (M),87.3,USD,1,Fashion Hub Ltd
v-bot-06866-xs,Indigo Chino Pant (XS),233.88,CAD,6,Atelier Nord
v-dre-06867-xl,Camel Slip Dress (XL),209.12,USD,1,Textile World Co
v-dre-06868-xl,Camel Midi Dress (XL),138.83,USD,1,Fashion Hub Ltd
v-bot-06869-m,Charcoal Pleated Skirt (M),168.28,USD,1,Fashion Hub Ltd
v-out-06870-xs,Camel Moto Jacket (XS),212.7,USD,1,Fashion Hub Ltd
v-bot-06872-xl,Beige Midi Skirt (XL),303.18,USD,1,Textile World Co
v-dre-06873-xxl,Cognac Shift Dress (XXL),218.75,USD,1,Fashion Hub Ltd
v-out-06874-l,Ivory Moto Jacket (L),308.38,CAD,1,Atelier Nord
v-out-06876-l,Camel Wool Peacoat (L),23.65,USD,1,Apparel Solutions
v-acc-06877-xl,Black Leather Tote (XL),69.05,USD,1,Textile World Co
v-out-06878-xl,White Wool Peacoat (XL),155.1,CAD,6,Atelier Nord
v-bot-06879-s,Beige Linen Pant (S),197.71,CAD,6,Atelier Nord
v-out-06880-xl,Blush Blazer (XL),310.44,USD,6,Atelier Nord
v-bot-06881-l,Cognac Wide-Leg Trouser (L),145.35,USD,6,Apparel Solutions
v-top-06882-xl,Blush Crewneck Tee (XL),221.72,USD,1,Fashion Hub Ltd
v-top-06882-xl,Blush Crewneck Tee (XL) - Case Pack,2549.78,USD,12,Fashion Hub Ltd
v-foo-06883-xs,Cognac Loafer (XS),235.91,USD,6,Fashion Hub Ltd
v-dre-06884-xl,Emerald Midi Dress (XL),190.87,USD,1,Textile World Co
v-foo-06885-xxl,Emerald Espadrille (XXL),253.45,USD,6,Textile World Co
v-bot-06886-xs,Emerald Skinny Jean (XS),302.46,USD,6,Fashion Hub Ltd
v-bot-06886-xs,Emerald Skinny Jean (XS) - Case Pack,3478.29,USD,12,Fashion Hub Ltd
v-out-06887-s,Burgundy Puffer Vest (S),81.31,USD,1,Textile World Co
v-acc-06888-xs,Ivory Crossbody Bag (XS),97.02,USD,6,Apparel Solutions
v-acc-06888-xs,Ivory Crossbody Bag (XS) - Case Pack,1115.73,USD,12,Apparel Solutions
v-acc-06889-xl,Beige Twill Scarf (XL),151.34,USD,1,Fashion Hub Ltd
v-bot-06891-l,Cognac Linen Pant (L),125.0,USD,1,
v-foo-06892-l,Burgundy Low-Top Sneaker (L),186.27,USD,1,Textile World Co
v-foo-06896-l,White Loafer (L),219.9,USD,1,Fashion Hub Ltd
v-dre-06897-m,Emerald Slip Dress (M),23.61,USD,12,Textile World Co
v-out-06898-xxl,Camel Moto Jacket (XXL),314.22,USD,1,Fashion Hub Ltd
v-out-06899-m,Beige Denim Jacket (M),216.41,USD,1,Textile World Co
v-foo-06900-xxl,Beige Loafer (XXL),103.03,USD,1,Fashion Hub Ltd
v-dre-06902-m,Cognac Shift Dress (M),95.62,USD,12,Atelier Nord
v-top-06903-s,Indigo Silk Blouse (S),162.55,CAD,6,Atelier Nord
v-out-06905-xl,White Moto Jacket (XL),105.64,USD,1,Atelier Nord
v-acc-06906-l,Blush Statement Earrings (L),224.62,USD,1,Apparel Solutions
v-out-06908-xs,Burgundy Puffer Vest (XS),49.24,USD,1,Fashion Hub Ltd
v-out-06908-xs,Burgundy Puffer Vest (XS) - Case Pack,566.26,USD,12,Fashion Hub Ltd
v-bot-06909-m,Ivory Chino Pant (M),108.84,USD,12,Textile World Co
v-out-06910-xs,Black Blazer (XS),317.1,USD,6,Textile World Co
v-foo-06911-l,Black Espadrille (L),286.65,USD,6,Atelier Nord
v-dre-06912-xl,Black Maxi Dress (XL),261.92,USD,6,Apparel Solutions
v-out-06913-xl,Camel Trench Coat (XL),228.99,CAD,1,Atelier Nord
v-bot-06914-xl,Tan Skinny Jean (XL),118.09,USD,12,Textile World Co
v-acc-06916-s,Indigo Statement Earrings (S),205.88,USD,1,Apparel Solutions
v-acc-06916-s,Indigo Statement Earrings (S) - Case Pack,2367.62,USD,12,Apparel Solutions
v-acc-06917-xs,Cognac Twill Scarf (XS),274.91,USD,1,Apparel Solutions
v-acc-06918-s,Ivory Leather Tote (S),109.41,USD,1,Fashion Hub Ltd
v-dre-06919-s,Charcoal Maxi Dress (S),424.89,CAD,12,Atelier Nord
v-out-06920-l,Blush Denim Jacket (L),246.81,USD,12,Apparel Solutions
v-top-06922-m,Indigo Cardigan (M),177.47,USD,1,Atelier Nord
v-foo-06923-s,White Heeled Mule (S),34.99,USD,1,Fashion Hub Ltd
v-dre-06924-xxl,Indigo Shift Dress (XXL),122.77,USD,12,Apparel Solutions
v-acc-06926-m,Camel Wide-Brim Hat (M),19.9,USD,1,Atelier Nord
v-acc-06927-xs,Blush Woven Belt (XS),230.85,USD,1,Apparel Solutions
v-bot-06928-l,Black Chino Pant (L),212.21,USD,1,Apparel Solutions
v-top-06929-xs,Tan Cardigan (XS),179.36,USD,1,Textile World Co
v-dre-06930-m,Beige Shirt Dress (M),190.59,USD,1,Apparel Solutions
v-foo-06931-xxl,White Loafer (XXL),90.22,USD,1,Textile World Co
v-top-06932-xxl,Emerald Henley (XXL),42.53,USD,1,Fashion Hub Ltd
v-top-06933-xxl,Emerald Cardigan (XXL),142.95,CAD,12,Atelier Nord
v-foo-06935-xs,Emerald Low-Top Sneaker (XS),82.17,USD,6,Apparel Solutions
v-foo-06935-xs,Emerald Low-Top Sneaker (XS) - Case Pack,944.96,USD,12,Apparel Solutions
v-dre-06936-xl,Camel Maxi Dress (XL),313.34,USD,1,Textile World Co
v-dre-06936-xl,Camel Maxi Dress (XL) - Case Pack,3603.41,USD,12,Textile World Co
v-out-06937-xl,Burgundy Denim Jacket (XL),225.95,USD,1,Textile World Co
v-out-06938-xs,Burgundy Blazer (XS),259.47,USD,12,Atelier Nord
v-acc-06939-xxl,Cognac Woven Belt (XXL),181.0,USD,1,Fashion Hub Ltd
v-foo-06940-m,Tan Heeled Mule (M),237.44,USD,1,Textile World Co
v-foo-06941-xxl,Black Espadrille (XXL),271.21,USD,1,Fashion Hub Ltd
v-top-06942-xs,Indigo Silk Blouse (XS),113.14,USD,1,Apparel Solutions
v-top-06943-xl,Tan Silk Blouse (XL),305.15,USD,6,Apparel Solutions
v-out-06944-m,Beige Denim Jacket (M),178.12,USD,6,Apparel Solutions
v-bot-06945-xs,Cognac Chino Pant (XS),29.6,USD,1,Textile World Co
v-bot-06948-xxl,Blush Midi Skirt (XXL),306.82,USD,1,Fashion Hub Ltd
v-acc-06950-s,Camel Crossbody Bag (S),50.14,USD,6,Apparel Solutions
v-bot-06951-s,Indigo Denim Short (S),170.02,USD,12,Textile World Co
v-bot-06952-m,Emerald Skinny Jean (M),53.92,USD,6,Fashion Hub Ltd
v-out-06953-l,Tan Moto Jacket (L),89.39,USD,6,Atelier Nord
v-bot-06954-xxl,Camel Wide-Leg Trouser (XXL),25.49,CAD,6,Atelier Nord
v-bot-06955-l,Blush Linen Pant (L),41.6,USD,1,Apparel Solutions
v-bot-06956-xxl,Cognac Denim Short (XXL),40.9,CAD,6,Atelier Nord
v-bot-06956-xxl,Cognac Denim Short (XXL) - Case Pack,470.35,CAD,12,Atelier Nord
v-bot-06957-xxl,Blush Skinny Jean (XXL),96.36,USD,1,Fashion Hub Ltd
v-top-06959-xxl,Burgundy Button-Up Shirt (XXL),178.26,USD,1,Apparel Solutions
v-top-06960-s,Burgundy Silk Blouse (S),108.7,USD,6,Apparel Solutions
v-bot-06961-m,Black Pleated Skirt (M),256.43,USD,1,Apparel Solutions
v-out-06962-s,White Moto Jacket (S),20.28,USD,12,Fashion Hub Ltd
v-dre-06964-l,Cognac Wrap Dress (L),241.93,USD,1,Fashion Hub Ltd
v-acc-06965-m,Charcoal Leather Tote (M),293.88,USD,1,Apparel Solutions
v-foo-06966-xl,Beige Ballet Flat (XL),180.72,USD,6,Fashion Hub Ltd
v-dre-06967-xl,Beige Midi Dress (XL),149.27,CAD,12,Atelier Nord
v-foo-06968-m,Black Ankle Boot (M),168.11,USD,1,Apparel Solutions
v-bot-06969-l,Black Denim Short (L),136.82,USD,1,Textile World Co
v-foo-06970-xs,Camel Espadrille (XS),87.65,USD,1,Apparel Solutions
v-top-06971-xs,Blush Henley (XS),141.46,USD,1,Apparel Solutions
v-dre-06972-xl,Beige Slip Dress (XL),212.46,USD,12,Fashion Hub Ltd
v-out-06973-xxl,Emerald Puffer Vest (XXL),67.35,USD,12,Textile World Co
v-bot-06974-s,Camel Skinny Jean (S),36.48,USD,1,Fashion Hub Ltd
v-top-06975-l,Black V-Neck Sweater (L),381.91,CAD,1,Atelier Nord
v-bot-06976-m,Charcoal Chino Pant (M),244.44,USD,6,Fashion Hub Ltd
v-dre-06977-xs,Ivory Shirt Dress (XS),183.28,USD,12,Textile World Co
v-bot-06978-xl,Ivory Wide-Leg Trouser (XL),285.67,CAD,1,Atelier Nord
v-top-06979-m,Tan Silk Blouse (M),104.34,USD,1,Apparel Solutions
v-acc-06980-s,Ivory Wide-Brim Hat (S),94.05,USD,1,Apparel Solutions
v-acc-06981-xs,Burgundy Leather Tote (XS),26.07,USD,12,Fashion Hub Ltd
v-out-06982-s,Beige Puffer Vest (S),99.39,USD,1,Textile World Co
v-dre-06984-xxl,White Maxi Dress (XXL),323.6,USD,6,Atelier Nord
v-dre-06985-xl,Burgundy Shirt Dress (XL),142.16,USD,6,Apparel Solutions
v-out-06986-xl,Black Wool Peacoat (XL),212.22,CAD,6,Atelier Nord
v-out-06987-xs,Camel Moto Jacket (XS),17.86,USD,6,Textile World Co
v-foo-06988-s,Indigo Ankle Boot (S),133.36,USD,1,Textile World Co
v-top-06993-s,Indigo Button-Up Shirt (S),70.77,USD,1,Textile World Co
v-acc-06995-m,Charcoal Leather Tote (M),133.51,USD,1,Fashion Hub Ltd
v-bot-06997-s,Blush Pleated Skirt (S),200.85,USD,1,Textile World Co
v-dre-06998-xxl,Emerald Maxi Dress (XXL),177.53,USD,1,Fashion Hub Ltd
v-acc-06999-xxl,Burgundy Leather Tote (XXL),27.19,USD,12,Apparel Solutions
v-acc-07000-s,Burgundy Wide-Brim Hat (S),200.98,USD,1,Textile World Co
v-top-07001-m,Charcoal Tank Top (M),80.58,USD,1,Textile World Co
v-foo-07002-m,Beige Espadrille (M),233.05,USD,1,Fashion Hub Ltd
v-bot-07003-xl,Black Midi Skirt (XL),117.87,USD,6,Apparel Solutions
v-foo-07004-xl,Black Ballet Flat (XL),124.22,USD,1,Textile World Co
v-bot-07005-xxl,Burgundy Wide-Leg Trouser (XXL),22.45,USD,1,Textile World Co
v-foo-07006-xl,White Heeled Mule (XL),204.97,USD,1,Atelier Nord
v-dre-07007-l,Tan Maxi Dress (L),163.02,USD,6,Apparel Solutions
v-acc-07008-m,White Wide-Brim Hat (M),238.51,USD,1,Textile World Co
v-dre-07009-xxl,Cognac Wrap Dress (XXL),177.91,USD,1,Atelier Nord
v-acc-07010-s,Burgundy Twill Scarf (S),264.85,USD,1,Apparel Solutions
v-dre-07012-l,Burgundy Shift Dress (L),218.78,USD,1,Textile World Co
v-acc-07014-xs,Camel Wide-Brim Hat (XS),195.12,USD,6,Apparel Solutions
v-top-07015-l,Charcoal Turtleneck (L),68.12,USD,1,Apparel Solutions
v-dre-07016-s,Burgundy Midi Dress (S),158.62,USD,12,Fashion Hub Ltd
v-acc-07017-s,Charcoal Statement Earrings (S),280.91,CAD,1,Atelier Nord
v-dre-07018-xxl,Burgundy Wrap Dress (XXL),162.42,USD,1,
v-acc-07019-xs,Charcoal Woven Belt (XS),199.81,USD,1,Fashion Hub Ltd
v-acc-07021-s,Burgundy Twill Scarf (S),302.92,USD,6,Textile World Co
v-out-07022-l,Beige Wool Peacoat (L),152.13,USD,1,Apparel Solutions
v-out-07023-xxl,Tan Denim Jacket (XXL),140.28,CAD,1,Atelier Nord
v-out-07024-xs,Charcoal Blazer (XS),433.39,CAD,12,Atelier Nord
v-foo-07025-xs,Burgundy Ankle Boot (XS),238.83,USD,1,Fashion Hub Ltd
v-top-07027-xl,Burgundy V-Neck Sweater (XL),154.74,CAD,1,Atelier Nord
v-dre-07028-xs,Beige Shift Dress (XS),216.6,USD,1,Fashion Hub Ltd
v-bot-07029-xxl,Charcoal Linen Pant (XXL),236.36,USD,1,Fashion Hub Ltd
v-bot-07030-xl,Camel Skinny Jean (XL),23.69,USD,12,Textile World Co
v-top-07031-s,White Button-Up Shirt (S),35.78,USD,1,Fashion Hub Ltd
v-dre-07032-xs,Charcoal Shirt Dress (XS),253.14,USD,1,Fashion Hub Ltd
v-top-07033-m,White Turtleneck (M),190.07,USD,1,Atelier Nord
v-out-07034-l,Indigo Moto Jacket (L),225.81,USD,1,Apparel Solutions
v-dre-07035-m,Charcoal Slip Dress (M),117.98,USD,1,Fashion Hub Ltd
v-dre-07036-xxl,Camel Wrap Dress (XXL),287.29,USD,1,Textile World Co
v-dre-07038-xs,White Wrap Dress (XS),71.15,USD,12,Atelier Nord
v-top-07039-m,Charcoal Button-Up Shirt (M),97.31,USD,12,Textile World Co
v-acc-07043-xxl,Blush Woven Belt (XXL),102.13,USD,1,Textile World Co
v-foo-07044-xs,Burgundy Heeled Mule (XS),218.71,USD,12,Atelier Nord
v-acc-07046-xl,Beige Statement Earrings (XL),239.04,USD,12,Textile World Co
v-acc-07047-xs,Black Woven Belt (XS),69.15,USD,1,Fashion Hub Ltd
v-top-07048-xxl,Tan Silk Blouse (XXL),181.58,USD,12,Textile World Co
v-dre-07049-m,White Shirt Dress (M),205.52,USD,1,Apparel Solutions
v-acc-07050-xxl,Camel Leather Tote (XXL),265.99,USD,1,Apparel Solutions
v-out-07051-s,Tan Wool Peacoat (S),128.63,CAD,6,Atelier Nord
v-foo-07052-m,Indigo Heeled Mule (M),281.42,USD,12,Fashion Hub Ltd
v-out-07056-xxl,Cognac Moto Jacket (XXL),95.37,USD,12,Textile World Co
v-foo-07057-m,Tan Low-Top Sneaker (M),241.02,USD,12,Fashion Hub Ltd
v-acc-07058-l,Blush Twill Scarf (L),36.32,USD,1,Textile World Co
v-bot-07059-l,Indigo Midi Skirt (L),263.2,USD,1,Fashion Hub Ltd
v-bot-07060-l,White Skinny Jean (L),204.9,USD,1,Textile World Co
v-out-07062-xs,White Moto Jacket (XS),18.21,USD,12,Apparel Solutions
v-top-07063-xxl,Tan Silk Blouse (XXL),185.61,CAD,1,Atelier Nord
v-out-07064-l,Cognac Moto Jacket (L),301.07,USD,6,Textile World Co
v-foo-07065-m,Tan Loafer (M),136.29,USD,1,Fashion Hub Ltd
v-out-07066-xxl,Black Denim Jacket (XXL),124.56,USD,1,Apparel Solutions
v-top-07067-xs,Blush Crewneck Tee (XS),194.46,USD,12,Fashion Hub Ltd
v-acc-07068-m,Ivory Wide-Brim Hat (M),230.6,USD,1,Fashion Hub Ltd
v-foo-07070-xs,Camel Espadrille (XS),98.54,USD,12,Textile World Co
v-out-07071-xs,Blush Moto Jacket (XS),196.87,USD,1,Textile World Co
v-out-07072-xs,Beige Moto Jacket (XS),259.17,USD,1,Fashion Hub Ltd
v-foo-07073-l,Indigo Low-Top Sneaker (L),207.33,USD,1,
v-top-07074-m,Emerald Henley (M),312.17,USD,1,Fashion Hub Ltd
v-out-07075-xs,Blush Wool Peacoat (XS),99.58,USD,1,Fashion Hub Ltd
v-acc-07076-xs,Burgundy Leather Tote (XS),264.05,USD,12,Apparel Solutions
v-acc-07077-xl,Ivory Leather Tote (XL),34.73,USD,12,Apparel Solutions
v-foo-07078-s,Black Heeled Mule (S),81.81,USD,1,Fashion Hub Ltd
v-foo-07078-s,Black Heeled Mule (S) - Case Pack,940.82,USD,12,Fashion Hub Ltd
v-foo-07079-m,Emerald Heeled Mule (M),170.29,USD,6,Atelier Nord
v-bot-07080-xs,Blush Midi Skirt (XS),94.1,USD,12,Apparel Solutions
v-bot-07081-l,Ivory Denim Short (L),166.17,USD,6,Fashion Hub Ltd
v-top-07083-s,Black V-Neck Sweater (S),260.46,USD,1,Textile World Co
v-bot-07084-m,Charcoal Midi Skirt (M),269.88,USD,6,Fashion Hub Ltd
v-foo-07085-xs,Beige Espadrille (XS),170.31,CAD,1,Atelier Nord
v-dre-07086-l,Indigo Wrap Dress (L),189.91,USD,1,Fashion Hub Ltd
v-dre-07087-xl,Camel Shift Dress (XL),109.6,USD,1,Fashion Hub Ltd
v-acc-07088-xxl,Indigo Statement Earrings (XXL),142.31,USD,12,Fashion Hub Ltd
v-acc-07089-xxl,Emerald Leather Tote (XXL),55.3,USD,1,Atelier Nord
v-dre-07090-xs,Tan Shift Dress (XS),236.7,USD,12,Textile World Co
v-bot-07091-m,Tan Denim Short (M),124.54,USD,1,Atelier Nord
v-bot-07092-xl,Burgundy Skinny Jean (XL),134.49,USD,1,Apparel Solutions
v-out-07093-xl,Beige Wool Peacoat (XL),276.91,USD,1,Textile World Co
v-dre-07094-xs,Beige Midi Dress (XS),66.5,USD,1,Fashion Hub Ltd
v-foo-07095-xs,Indigo Heeled Mule (XS),105.25,USD,1,Apparel Solutions
v-acc-07096-xxl,Tan Leather Tote (XXL),400.56,CAD,1,Atelier Nord
v-acc-07097-xl,Black Statement Earrings (XL),172.46,USD,1,Fashion Hub Ltd
v-bot-07098-l,Burgundy Midi Skirt (L),150.7,USD,1,Apparel Solutions
v-foo-07099-xxl,Charcoal Espadrille (XXL),73.34,USD,6,Apparel Solutions
v-bot-07100-s,Beige Pleated Skirt (S),181.87,USD,1,Atelier Nord
v-bot-07101-xxl,Indigo Pleated Skirt (XXL),114.56,USD,1,
v-top-07103-l,Indigo Crewneck Tee (L),171.13,USD,1,
v-acc-07104-m,Burgundy Leather Tote (M),238.11,USD,1,Textile World Co
v-foo-07105-s,Beige Low-Top Sneaker (S),94.61,USD,12,Apparel Solutions
v-acc-07106-m,Burgundy Woven Belt (M),23.97,USD,6,Apparel Solutions
v-foo-07107-xl,Charcoal Heeled Mule (XL),253.59,USD,1,Textile World Co
v-foo-07108-xs,Cognac Ankle Boot (XS),107.33,USD,1,Apparel Solutions
v-top-07109-xxl,Beige Silk Blouse (XXL),363.63,CAD,6,Atelier Nord
v-acc-07110-s,Burgundy Wide-Brim Hat (S),117.23,USD,1,Fashion Hub Ltd
v-out-07111-xl,Emerald Moto Jacket (XL),201.79,USD,1,Fashion Hub Ltd
v-foo-07112-xl,Emerald Espadrille (XL),414.0,CAD,1,Atelier Nord
v-top-07113-m,Charcoal Turtleneck (M),40.16,USD,6,Apparel Solutions
v-foo-07114-m,Burgundy Espadrille (M),104.2,USD,6,Apparel Solutions
v-acc-07116-m,Ivory Woven Belt (M),152.06,USD,1,Fashion Hub Ltd
v-foo-07117-s,Black Low-Top Sneaker (S),266.79,USD,1,Apparel Solutions
v-top-07119-s,Blush Crewneck Tee (S),174.19,USD,6,Apparel Solutions
v-top-07120-l,Indigo Turtleneck (L),85.2,USD,1,Textile World Co
v-dre-07121-l,Camel Midi Dress (L),43.13,USD,1,Apparel Solutions
v-top-07122-s,Burgundy Cardigan (S),200.74,USD,1,Textile World Co
v-acc-07123-m,Tan Twill Scarf (M),304.36,USD,1,Textile World Co
v-bot-07124-xl,Camel Chino Pant (XL),39.89,USD,1,Apparel Solutions
v-acc-07125-m,Tan Crossbody Bag (M),217.54,CAD,12,Atelier Nord
v-out-07126-l,Camel Moto Jacket (L),40.66,USD,12,Fashion Hub Ltd
v-top-07127-xs,Camel Cardigan (XS),35.5,USD,1,Fashion Hub Ltd
v-bot-07129-s,Cognac Chino Pant (S),167.45,USD,1,Atelier Nord
v-dre-07130-s,Ivory Wrap Dress (S),321.47,USD,1,Apparel Solutions
v-top-07131-xs,Blush Button-Up Shirt (XS),156.51,USD,6,Textile World Co
v-bot-07132-s,Tan Denim Short (S),351.29,CAD,1,Atelier Nord
v-bot-07133-xxl,Charcoal Denim Short (XXL),172.03,USD,1,Atelier Nord
v-out-07134-m,Camel Wool Peacoat (M),22.24,USD,12,Apparel Solutions
v-acc-07135-s,Beige Wide-Brim Hat (S),125.14,USD,6,Atelier Nord
v-bot-07136-m,Tan Chino Pant (M),72.07,USD,12,Textile World Co
v-foo-07137-xs,Emerald Ballet Flat (XS),95.45,USD,1,Apparel Solutions
v-out-07138-xxl,Cognac Wool Peacoat (XXL),202.63,USD,6,Textile World Co
v-foo-07139-l,Tan Espadrille (L),251.09,USD,12,Atelier Nord
v-out-07140-s,Camel Moto Jacket (S),292.6,USD,12,Apparel Solutions
v-top-07142-xl,Beige Silk Blouse (XL),402.76,CAD,6,Atelier Nord
v-dre-07143-s,Camel Shift Dress (S),36.34,USD,1,Apparel Solutions
v-foo-07144-xxl,Camel Ankle Boot (XXL),171.31,USD,1,Atelier Nord
v-bot-07146-xxl,Camel Midi Skirt (XXL),166.86,USD,12,Textile World Co
v-out-07147-m,White Moto Jacket (M),184.51,USD,1,Atelier Nord
v-foo-07148-l,Blush Ankle Boot (L),273.74,USD,1,Fashion Hub Ltd
v-top-07149-l,Charcoal Henley (L),370.65,CAD,1,Atelier Nord
v-foo-07150-s,Emerald Espadrille (S),105.28,USD,1,Fashion Hub Ltd
v-foo-07151-l,White Espadrille (L),141.99,USD,1,Atelier Nord
v-bot-07152-xxl,Burgundy Pleated Skirt (XXL),204.16,USD,6,Atelier Nord
v-acc-07153-xxl,Tan Wide-Brim Hat (XXL),161.36,USD,1,Atelier Nord
v-acc-07154-s,Cognac Twill Scarf (S),115.13,USD,1,Textile World Co
v-dre-07155-xxl,Indigo Maxi Dress (XXL),151.51,USD,12,Atelier Nord
v-foo-07157-l,Blush Low-Top Sneaker (L),238.11,USD,1,Apparel Solutions
v-bot-07158-xs,Cognac Denim Short (XS),255.83,USD,1,Fashion Hub Ltd
v-top-07159-s,Emerald Turtleneck (S),122.35,USD,6,Apparel Solutions
v-top-07159-s,Emerald Turtleneck (S) - Case Pack,1407.02,USD,12,Apparel Solutions
v-out-07160-m,White Moto Jacket (M),168.98,USD,12,Apparel Solutions
v-bot-07161-xs,Cognac Skinny Jean (XS),43.91,USD,12,Apparel Solutions
v-foo-07162-xs,Emerald Ankle Boot (XS),156.61,USD,1,Atelier Nord
v-foo-07163-s,White Low-Top Sneaker (S),268.11,USD,12,Fashion Hub Ltd
v-foo-07163-s,White Low-Top Sneaker (S) - Case Pack,3083.27,USD,12,Fashion Hub Ltd
v-dre-07165-s,Black Shift Dress (S),97.57,USD,6,Apparel Solutions
v-acc-07166-xs,Black Twill Scarf (XS),128.31,USD,1,Textile World Co
v-out-07167-xl,Blush Denim Jacket (XL),108.31,USD,12,
v-foo-07168-xs,Emerald Heeled Mule (XS),46.88,USD,6,Textile World Co
v-top-07170-s,Camel V-Neck Sweater (S),110.11,USD,12,Apparel Solutions
v-bot-07171-l,Indigo Midi Skirt (L),150.47,USD,6,Textile World Co
v-out-07172-xxl,Camel Blazer (XXL),233.4,USD,1,Apparel Solutions
v-out-07174-s,Beige Trench Coat (S),131.93,USD,1,Fashion Hub Ltd
v-top-07176-s,Beige V-Neck Sweater (S),152.54,USD,1,Apparel Solutions
v-acc-07177-l,Black Woven Belt (L),260.18,CAD,1,Atelier Nord
v-acc-07177-l,Black Woven Belt (L) - Case Pack,2992.07,CAD,12,Atelier Nord
v-foo-07178-s,Burgundy Loafer (S),78.5,CAD,12,Atelier Nord
v-bot-07179-xl,Charcoal Skinny Jean (XL),237.09,USD,1,Textile World Co
v-foo-07180-xs,Black Loafer (XS),291.75,USD,1,Apparel Solutions
v-dre-07181-l,Emerald Shift Dress (L),141.1,USD,12,Fashion Hub Ltd
v-dre-07181-l,Emerald Shift Dress (L) - Case Pack,1622.65,USD,12,Fashion Hub Ltd
v-acc-07182-xs,Cognac Crossbody Bag (XS),28.46,USD,6,Textile World Co
v-dre-07183-m,Burgundy Shirt Dress (M),250.19,CAD,12,Atelier Nord
v-acc-07184-m,White Leather Tote (M),295.63,USD,6,Textile World Co
v-dre-07185-s,Camel Maxi Dress (S),49.79,USD,1,Textile World Co
v-dre-07186-m,Beige Shift Dress (M),181.9,USD,1,Textile World Co
v-acc-07187-l,Beige Twill Scarf (L),195.83,USD,1,Fashion Hub Ltd
v-out-07188-l,White Wool Peacoat (L),117.11,USD,6,Atelier Nord
v-dre-07189-xl,Camel Slip Dress (XL),257.24,USD,12,Textile World Co
v-top-07190-xl,Indigo V-Neck Sweater (XL),50.84,USD,1,Fashion Hub Ltd
v-acc-07191-l,Burgundy Leather Tote (L),206.21,USD,6,Fashion Hub Ltd
v-acc-07191-l,Burgundy Leather Tote (L) - Case Pack,2371.41,USD,12,Fashion Hub Ltd
v-foo-07192-xxl,Blush Ballet Flat (XXL),214.7,USD,12,Textile World Co
v-bot-07193-xl,Black Skinny Jean (XL),28.14,USD,1,Atelier Nord
v-bot-07194-xxl,Charcoal Pleated Skirt (XXL),128.41,USD,12,Fashion Hub Ltd
v-dre-07195-s,Burgundy Maxi Dress (S),221.34,USD,1,Apparel Solutions
v-foo-07196-xl,Burgundy Espadrille (XL),281.11,USD,1,Fashion Hub Ltd
v-out-07197-l,Camel Moto Jacket (L),183.65,USD,1,Apparel Solutions
v-dre-07198-l,Tan Wrap Dress (L),68.28,USD,1,Textile World Co
v-dre-07199-xxl,Emerald Shirt Dress (XXL),47.45,USD,1,Apparel Solutions
v-bot-07200-xxl,White Denim Short (XXL),90.73,USD,1,Fashion Hub Ltd
v-top-07202-xl,Tan Tank Top (XL),180.08,USD,6,Atelier Nord
v-acc-07203-m,Beige Leather Tote (M),207.81,USD,1,Textile World Co
v-foo-07204-xl,Tan Espadrille (XL),116.62,USD,1,Textile World Co
v-acc-07205-xl,Emerald Woven Belt (XL),200.84,USD,1,Textile World Co
v-bot-07206-s,Black Chino Pant (S),228.26,CAD,6,Atelier Nord
v-bot-07206-s,Black Chino Pant (S) - Case Pack,2624.99,CAD,12,Atelier Nord
v-top-07207-xl,Cognac Tank Top (XL),181.03,USD,1,Atelier Nord
v-top-07209-xs,Camel Turtleneck (XS),240.28,USD,12,Apparel Solutions
v-top-07210-xxl,Black Tank Top (XXL),182.58,USD,1,Fashion Hub Ltd
v-acc-07211-l,White Crossbody Bag (L),18.74,USD,12,Fashion Hub Ltd
v-bot-07213-xl,Camel Linen Pant (XL),20.4,USD,1,Fashion Hub Ltd
v-dre-07214-m,Blush Midi Dress (M),244.54,USD,1,Textile World Co
v-dre-07215-xs,Indigo Shift Dress (XS),97.47,USD,6,Apparel Solutions
v-bot-07217-xs,Ivory Linen Pant (XS),61.02,USD,6,Apparel Solutions
v-bot-07219-xxl,Camel Wide-Leg Trouser (XXL),201.7,USD,1,Fashion Hub Ltd
v-bot-07220-xs,Indigo Linen Pant (XS),54.33,USD,1,Textile World Co
v-foo-07221-xs,Cognac Ballet Flat (XS),19.12,USD,1,Fashion Hub Ltd
v-acc-07222-xxl,Charcoal Leather Tote (XXL),55.44,USD,1,Fashion Hub Ltd
v-out-07223-xxl,Blush Wool Peacoat (XXL),300.99,CAD,1,Atelier Nord
v-bot-07224-xxl,Burgundy Denim Short (XXL),134.03,USD,1,Textile World Co
v-dre-07225-m,Camel Midi Dress (M),373.47,CAD,6,Atelier Nord
v-bot-07227-xxl,Tan Denim Short (XXL),121.17,USD,12,Fashion Hub Ltd
v-foo-07228-s,Camel Espadrille (S),151.79,USD,1,Fashion Hub Ltd
v-bot-07229-l,Emerald Pleated Skirt (L),44.09,USD,1,Textile World Co
v-bot-07229-l,Emerald Pleated Skirt (L) - Case Pack,507.04,USD,12,Textile World Co
v-bot-07230-xs,Camel Chino Pant (XS),258.23,USD,6,Fashion Hub Ltd
v-top-07231-l,Burgundy Tank Top (L),128.19,USD,12,Fashion Hub Ltd
v-bot-07233-s,Blush Linen Pant (S),47.04,USD,1,Textile World Co
v-foo-07234-m,Ivory Ballet Flat (M),293.43,USD,1,Atelier Nord
v-foo-07235-s,Tan Ankle Boot (S),274.31,USD,1,Fashion Hub Ltd
v-out-07236-m,Indigo Trench Coat (M),227.23,USD,1,Fashion Hub Ltd
v-dre-07237-m,Black Midi Dress (M),273.45,USD,1,Apparel Solutions
v-top-07238-m,White Turtleneck (M),308.03,USD,6,Apparel Solutions
v-acc-07239-xs,Charcoal Woven Belt (XS),37.35,USD,12,Textile World Co
v-top-07240-xs,Black Turtleneck (XS),50.75,USD,12,Fashion Hub Ltd
v-out-07241-s,Camel Wool Peacoat (S),102.4,USD,12,Fashion Hub Ltd
v-out-07242-xxl,Tan Puffer Vest (XXL),299.75,USD,6,Fashion Hub Ltd
v-acc-07243-xxl,Ivory Wide-Brim Hat (XXL),294.36,USD,6,Textile World Co
v-acc-07244-xs,Indigo Leather Tote (XS),191.12,USD,1,Apparel Solutions
v-acc-07245-xl,Beige Crossbody Bag (XL),237.69,USD,1,Atelier Nord
v-acc-07246-xxl,Indigo Wide-Brim Hat (XXL),41.38,USD,6,Apparel Solutions
v-top-07247-l,Burgundy Henley (L),217.42,USD,1,Apparel Solutions
v-bot-07248-xxl,Emerald Linen Pant (XXL),100.25,CAD,1,Atelier Nord
v-top-07249-xs,Emerald Crewneck Tee (XS),216.23,USD,6,Fashion Hub Ltd
v-dre-07250-m,Tan Wrap Dress (M),57.93,USD,1,Textile World Co
v-bot-07251-xs,Emerald Midi Skirt (XS),63.19,USD,1,Apparel Solutions
v-acc-07252-xxl,Charcoal Leather Tote (XXL),79.99,USD,12,Textile World Co
v-out-07254-xxl,Beige Blazer (XXL),153.1,CAD,6,Atelier Nord
v-out-07255-xs,Emerald Puffer Vest (XS),52.54,USD,12,Atelier Nord
v-acc-07256-xs,Blush Wide-Brim Hat (XS),53.83,USD,1,Fashion Hub Ltd
v-dre-07258-xl,Blush Shirt Dress (XL),29.1,CAD,1,Atelier Nord
v-bot-07259-s,Indigo Wide-Leg Trouser (S),124.95,USD,1,Apparel Solutions
v-acc-07260-l,Burgundy Woven Belt (L),153.16,USD,1,Textile World Co
v-acc-07261-m,Emerald Wide-Brim Hat (M),174.52,USD,1,Fashion Hub Ltd
v-acc-07262-xxl,Emerald Statement Earrings (XXL),37.6,USD,12,Fashion Hub Ltd
v-dre-07263-m,Camel Shirt Dress (M),37.44,USD,6,Fashion Hub Ltd
v-dre-07264-m,Beige Slip Dress (M),101.03,USD,6,Textile World Co
v-foo-07265-l,Indigo Low-Top Sneaker (L),420.5,CAD,1,Atelier Nord
v-foo-07266-l,Burgundy Heeled Mule (L),53.6,USD,12,Fashion Hub Ltd
v-out-07267-s,Cognac Moto Jacket (S),235.97,USD,6,Atelier Nord
v-out-07268-xl,Camel Denim Jacket (XL),150.42,USD,6,Atelier Nord
v-dre-07269-s,Burgundy Shift Dress (S),393.99,CAD,1,Atelier Nord
v-acc-07270-xxl,White Statement Earrings (XXL),115.13,USD,12,Fashion Hub Ltd
v-dre-07271-m,Charcoal Wrap Dress (M),196.51,USD,6,Apparel Solutions
v-acc-07272-l,Beige Crossbody Bag (L),240.8,USD,1,Fashion Hub Ltd
v-out-07273-m,Black Blazer (M),118.89,USD,12,Apparel Solutions
v-top-07274-s,Emerald V-Neck Sweater (S),252.13,USD,1,Fashion Hub Ltd
v-bot-07275-m,Ivory Chino Pant (M),51.1,USD,12,Textile World Co
v-acc-07276-l,Blush Wide-Brim Hat (L),321.28,CAD,1,Atelier Nord
v-dre-07277-xxl,Blush Shift Dress (XXL),119.0,USD,6,Textile World Co
v-out-07278-xl,Tan Wool Peacoat (XL),149.89,USD,1,Apparel Solutions
v-out-07279-xxl,Ivory Wool Peacoat (XXL),81.71,USD,12,Apparel Solutions
v-foo-07280-s,Ivory Espadrille (S),73.96,USD,1,Fashion Hub Ltd
v-top-07281-m,Indigo Crewneck Tee (M),42.03,CAD,12,Atelier Nord
v-dre-07282-xs,Burgundy Midi Dress (XS),234.87,USD,12,Fashion Hub Ltd
v-out-07283-l,Beige Moto Jacket (L),410.64,CAD,6,Atelier Nord
v-dre-07284-xl,Black Wrap Dress (XL),322.54,USD,12,Textile World Co
v-foo-07285-xxl,Indigo Ballet Flat (XXL),266.27,USD,1,Textile World Co
v-acc-07286-xxl,Indigo Twill Scarf (XXL),30.0,USD,1,Apparel Solutions
v-top-07287-xl,Cognac Tank Top (XL),98.12,USD,12,Apparel Solutions
v-bot-07288-xl,Camel Chino Pant (XL),39.33,USD,1,Apparel Solutions
v-top-07289-xl,Black Silk Blouse (XL),226.27,CAD,1,Atelier Nord
v-top-07290-s,Ivory Cardigan (S),47.69,USD,6,Textile World Co
v-acc-07291-xs,Blush Crossbody Bag (XS),162.63,USD,1,Atelier Nord
v-out-07292-xl,Blush Moto Jacket (XL),164.83,CAD,6,Atelier Nord
v-acc-07293-s,Camel Leather Tote (S),29.0,USD,1,Textile World Co
v-bot-07294-xs,Tan Skinny Jean (XS),166.51,USD,1,Atelier Nord
v-foo-07295-xl,Camel Heeled Mule (XL),290.82,USD,6,Apparel Solutions
v-out-07297-l,Tan Blazer (L),411.37,CAD,12,Atelier Nord
v-foo-07298-xs,White Ankle Boot (XS),260.76,USD,1,Fashion Hub Ltd
v-dre-07300-s,Ivory Midi Dress (S),164.52,USD,1,Atelier Nord
v-dre-07301-l,Black Slip Dress (L),204.98,USD,1,Textile World Co
v-foo-07302-l,Beige Espadrille (L),141.78,USD,6,Apparel Solutions
v-foo-07302-l,Beige Espadrille (L) - Case Pack,1630.47,USD,12,Apparel Solutions
v-acc-07304-l,Ivory Woven Belt (L),81.95,USD,12,Textile World Co
v-bot-07305-xxl,Camel Skinny Jean (XXL),56.71,CAD,1,Atelier Nord
v-out-07307-xxl,Tan Blazer (XXL),96.8,USD,12,Apparel Solutions
v-acc-07308-s,Camel Twill Scarf (S),219.66,CAD,6,Atelier Nord
v-out-07310-l,Charcoal Trench Coat (L),314.93,USD,6,Textile World Co
v-top-07312-xl,Beige V-Neck Sweater (XL),288.18,USD,1,Fashion Hub Ltd
v-out-07313-s,Charcoal Blazer (S),225.6,USD,6,Textile World Co
v-top-07314-l,White V-Neck Sweater (L),53.26,USD,1,Apparel Solutions
v-acc-07315-l,Tan Leather Tote (L),250.81,USD,1,Textile World Co
v-top-07318-m,Indigo Henley (M),90.72,CAD,1,Atelier Nord
v-dre-07319-s,Cognac Slip Dress (S),149.02,USD,6,Atelier Nord
v-foo-07320-xxl,Charcoal Low-Top Sneaker (XXL),31.58,USD,1,Apparel Solutions
v-bot-07321-s,Cognac Chino Pant (S),280.78,USD,1,Atelier Nord
v-acc-07322-l,Ivory Wide-Brim Hat (L),168.1,USD,12,Atelier Nord
v-foo-07323-xs,Cognac Ankle Boot (XS),267.06,CAD,12,Atelier Nord
v-bot-07324-xs,Black Skinny Jean (XS),261.03,USD,1,Textile World Co
v-top-07325-l,Burgundy Turtleneck (L),102.67,USD,1,Fashion Hub Ltd
v-bot-07326-s,Black Denim Short (S),153.51,USD,12,Textile World Co
v-bot-07327-s,White Linen Pant (S),100.31,USD,12,Atelier Nord
v-foo-07328-s,Beige Low-Top Sneaker (S),235.3,USD,1,Textile World Co
v-dre-07329-m,Blush Slip Dress (M),169.28,USD,1,Textile World Co
v-bot-07330-xxl,Charcoal Denim Short (XXL),287.33,USD,1,Textile World Co
v-foo-07332-xl,Beige Ballet Flat (XL),216.51,USD,12,Fashion Hub Ltd
v-acc-07333-xl,Black Wide-Brim Hat (XL),193.92,USD,1,Fashion Hub Ltd
v-top-07334-l,Charcoal Turtleneck (L),149.68,USD,1,Textile World Co
v-dre-07335-s,Ivory Shift Dress (S),126.85,USD,1,Atelier Nord
v-out-07336-s,Charcoal Denim Jacket (S),97.95,CAD,1,Atelier Nord
v-out-07336-s,Charcoal Denim Jacket (S) - Case Pack,1126.42,CAD,12,Atelier Nord
v-foo-07338-s,Charcoal Loafer (S),129.86,CAD,1,Atelier Nord
v-acc-07339-m,Indigo Statement Earrings (M),147.45,USD,6,Fashion Hub Ltd
v-bot-07340-xl,Camel Midi Skirt (XL),270.31,USD,1,Apparel Solutions
v-foo-07341-xxl,Indigo Heeled Mule (XXL),290.65,USD,12,
v-out-07342-xxl,Ivory Wool Peacoat (XXL),144.52,USD,6,Atelier Nord
v-top-07343-xs,Cognac V-Neck Sweater (XS),292.48,USD,1,Textile World Co
v-dre-07345-m,Blush Maxi Dress (M),263.09,USD,1,Fashion Hub Ltd
v-foo-07346-xl,Tan Espadrille (XL),315.25,USD,1,Apparel Solutions
v-foo-07346-xl,Tan Espadrille (XL) - Case Pack,3625.38,USD,12,Apparel Solutions
v-out-07347-xxl,Indigo Blazer (XXL),125.44,USD,1,Apparel Solutions
v-out-07348-l,Beige Denim Jacket (L),36.66,USD,6,
v-bot-07349-m,Camel Chino Pant (M),226.26,USD,6,
v-out-07350-xxl,Black Blazer (XXL),77.15,USD,6,Apparel Solutions
v-out-07350-xxl,Black Blazer (XXL) - Case Pack,887.23,USD,12,Apparel Solutions
v-out-07352-xxl,Camel Denim Jacket (XXL),60.63,USD,1,Apparel Solutions
v-bot-07353-s,Camel Linen Pant (S),263.86,USD,1,Fashion Hub Ltd
v-foo-07354-xxl,Tan Ankle Boot (XXL),302.93,USD,1,Fashion Hub Ltd
v-dre-07356-xxl,Charcoal Slip Dress (XXL),22.04,USD,1,Apparel Solutions
v-bot-07357-xs,White Chino Pant (XS),112.74,USD,1,Apparel Solutions
v-bot-07358-l,Tan Pleated Skirt (L),322.53,USD,12,Textile World Co
v-bot-07358-l,Tan Pleated Skirt (L) - Case Pack,3709.09,USD,12,Textile World Co
v-top-07359-xl,White Henley (XL),276.53,USD,1,Fashion Hub Ltd
v-bot-07360-m,Blush Midi Skirt (M),207.92,USD,12,Atelier Nord
v-dre-07361-xxl,Charcoal Midi Dress (XXL),119.55,USD,6,Textile World Co
v-out-07362-s,Beige Puffer Vest (S),27.97,USD,12,Textile World Co
v-foo-07363-xxl,Beige Espadrille (XXL),119.16,USD,1,Apparel Solutions
v-foo-07364-l,Blush Ballet Flat (L),223.08,USD,1,Fashion Hub Ltd
v-acc-07365-xxl,Beige Twill Scarf (XXL),146.74,USD,1,Fashion Hub Ltd
v-dre-07366-s,Beige Slip Dress (S),314.27,USD,6,Fashion Hub Ltd
v-acc-07367-xs,Blush Crossbody Bag (XS),85.47,USD,1,Textile World Co
v-top-07368-l,Indigo Turtleneck (L),271.43,USD,12,Apparel Solutions
v-top-07369-m,Black Cardigan (M),89.28,USD,6,Apparel Solutions
v-top-07370-xxl,Tan Henley (XXL),136.7,USD,6,Textile World Co
v-out-07371-l,Camel Blazer (L),141.89,USD,6,Fashion Hub Ltd
v-top-07372-l,White Silk Blouse (L),277.97,USD,1,Apparel Solutions
v-out-07373-l,Beige Trench Coat (L),418.58,CAD,1,Atelier Nord
v-top-07374-xl,Ivory Cardigan (XL),37.7,USD,1,Textile World Co
v-out-07375-xxl,Cognac Denim Jacket (XXL),154.46,CAD,1,Atelier Nord
v-dre-07376-xs,Camel Maxi Dress (XS),206.64,USD,1,Fashion Hub Ltd
v-dre-07377-xs,Charcoal Shift Dress (XS),414.97,CAD,1,Atelier Nord
v-top-07378-xs,Indigo Button-Up Shirt (XS),71.11,CAD,6,Atelier Nord
v-acc-07379-s,Black Woven Belt (S),59.27,USD,1,Atelier Nord
v-dre-07380-l,Blush Shift Dress (L),256.37,USD,1,Atelier Nord
v-dre-07381-s,Camel Wrap Dress (S),297.74,USD,12,Apparel Solutions
v-dre-07382-l,Charcoal Maxi Dress (L),88.41,USD,12,Fashion Hub Ltd
v-dre-07383-xl,Cognac Midi Dress (XL),73.24,USD,6,Textile World Co
v-foo-07384-l,Indigo Loafer (L),287.69,USD,1,Textile World Co
v-dre-07385-xxl,Burgundy Slip Dress (XXL),205.22,USD,1,Apparel Solutions
v-foo-07386-l,Emerald Heeled Mule (L),180.73,USD,1,Textile World Co
v-acc-07387-s,Beige Statement Earrings (S),121.71,USD,6,Textile World Co
v-top-07389-xs,Emerald V-Neck Sweater (XS),129.04,USD,1,Atelier Nord
v-dre-07390-m,Blush Slip Dress (M),203.47,USD,6,Textile World Co
v-top-07391-xl,Tan Cardigan (XL),178.32,USD,12,Apparel Solutions
v-dre-07392-s,Indigo Slip Dress (S),199.93,USD,1,Fashion Hub Ltd
v-bot-07393-m,Blush Denim Short (M),55.35,USD,1,Apparel Solutions
v-foo-07394-xs,Charcoal Ballet Flat (XS),286.24,USD,1,Apparel Solutions
v-bot-07395-m,Blush Skinny Jean (M),232.5,USD,12,Apparel Solutions
v-out-07396-s,Indigo Denim Jacket (S),291.73,USD,6,Apparel Solutions
v-out-07397-m,Black Wool Peacoat (M),306.24,USD,6,Fashion Hub Ltd
v-acc-07398-l,Burgundy Statement Earrings (L),437.96,CAD,1,Atelier Nord
v-dre-07399-l,Emerald Shift Dress (L),407.43,CAD,1,Atelier Nord
v-out-07400-xl,Emerald Blazer (XL),155.36,CAD,6,Atelier Nord
v-top-07401-xxl,Burgundy Cardigan (XXL),254.46,USD,1,Apparel Solutions
v-dre-07402-s,Emerald Wrap Dress (S),99.24,USD,1,Textile World Co
v-dre-07405-s,Burgundy Wrap Dress (S),19.73,USD,12,Fashion Hub Ltd
v-top-07406-l,Camel V-Neck Sweater (L),298.59,USD,6,Apparel Solutions
v-foo-07407-xxl,Black Loafer (XXL),317.67,USD,1,Apparel Solutions
v-bot-07408-s,Cognac Chino Pant (S),92.87,USD,12,Fashion Hub Ltd
v-out-07409-m,Camel Blazer (M),390.56,CAD,12,Atelier Nord
v-bot-07410-s,Indigo Midi Skirt (S),85.04,USD,12,Textile World Co
v-acc-07411-m,Cognac Wide-Brim Hat (M),119.07,USD,1,Atelier Nord
v-bot-07413-l,White Skinny Jean (L),138.75,USD,1,Fashion Hub Ltd
v-acc-07414-xs,Beige Woven Belt (XS),128.2,USD,1,Textile World Co
v-acc-07417-xl,White Crossbody Bag (XL),270.1,USD,1,Textile World Co
v-foo-07418-l,White Low-Top Sneaker (L),286.23,USD,12,Fashion Hub Ltd
v-bot-07419-xl,White Wide-Leg Trouser (XL),217.15,CAD,6,Atelier Nord
v-acc-07420-xs,Tan Twill Scarf (XS),63.47,USD,1,Fashion Hub Ltd
v-foo-07421-xl,Indigo Low-Top Sneaker (XL),278.03,USD,6,Atelier Nord
v-dre-07423-xs,Tan Shift Dress (XS),202.79,USD,6,Fashion Hub Ltd
v-dre-07424-s,Burgundy Maxi Dress (S),125.26,CAD,1,Atelier Nord
v-dre-07425-s,Tan Wrap Dress (S),169.31,USD,6,Textile World Co
v-bot-07426-xs,Charcoal Skinny Jean (XS),209.31,USD,1,
v-dre-07427-xs,Beige Wrap Dress (XS),218.89,USD,6,Fashion Hub Ltd
v-out-07428-l,Cognac Trench Coat (L),206.38,USD,12,Textile World Co
v-acc-07429-l,Black Twill Scarf (L),90.37,USD,1,Atelier Nord
v-bot-07430-m,Indigo Chino Pant (M),301.97,USD,12,Textile World Co
v-acc-07431-xxl,Ivory Twill Scarf (XXL),196.76,USD,1,Apparel Solutions
v-foo-07432-s,Burgundy Loafer (S),324.42,USD,12,Textile World Co
v-dre-07433-xxl,Blush Shirt Dress (XXL),27.08,USD,6,Textile World Co
v-dre-07435-s,Beige Maxi Dress (S),152.45,USD,1,Fashion Hub Ltd
v-top-07436-s,Black Henley (S),70.33,USD,6,Textile World Co
v-top-07436-s,Black Henley (S) - Case Pack,808.79,USD,12,Textile World Co
v-dre-07437-xs,Beige Slip Dress (XS),121.92,USD,12,Textile World Co
v-acc-07438-s,Cognac Wide-Brim Hat (S),25.95,USD,1,Fashion Hub Ltd
v-foo-07440-s,Black Ankle Boot (S),98.88,CAD,1,Atelier Nord
v-out-07441-xs,Blush Wool Peacoat (XS),147.47,USD,6,Textile World Co
v-acc-07442-xl,Emerald Twill Scarf (XL),346.89,CAD,1,Atelier Nord
v-out-07444-xl,Beige Puffer Vest (XL),53.47,USD,1,Textile World Co
v-dre-07445-xs,Ivory Maxi Dress (XS),80.44,USD,6,Textile World Co
v-bot-07447-s,Beige Skinny Jean (S),285.5,USD,6,
v-acc-07448-m,Camel Wide-Brim Hat (M),250.32,USD,1,Fashion Hub Ltd
v-bot-07449-l,Emerald Midi Skirt (L),248.56,USD,12,Textile World Co
v-out-07450-m,Cognac Wool Peacoat (M),282.73,USD,1,Atelier Nord
v-out-07451-xxl,Blush Puffer Vest (XXL),226.98,USD,1,Apparel Solutions
v-top-07452-xl,White Tank Top (XL),388.33,CAD,12,Atelier Nord
v-top-07454-xxl,Beige Tank Top (XXL),110.57,USD,6,Fashion Hub Ltd
v-dre-07455-l,Cognac Maxi Dress (L),108.54,USD,1,Fashion Hub Ltd
v-dre-07456-l,Beige Maxi Dress (L),29.75,USD,6,Apparel Solutions
v-dre-07457-l,Indigo Shirt Dress (L),232.36,USD,1,Fashion Hub Ltd
v-out-07459-m,Emerald Trench Coat (M),276.02,USD,1,Fashion Hub Ltd
v-bot-07461-s,Black Denim Short (S),94.77,USD,1,Apparel Solutions
v-dre-07463-m,Emerald Slip Dress (M),287.71,CAD,1,Atelier Nord
v-top-07464-xl,Tan Silk Blouse (XL),100.73,USD,1,Apparel Solutions
v-foo-07465-xxl,Charcoal Ballet Flat (XXL),117.82,USD,1,Textile World Co
v-foo-07466-xxl,Beige Espadrille (XXL),156.79,USD,6,Fashion Hub Ltd
v-dre-07467-xl,Tan Shirt Dress (XL),59.22,USD,6,Apparel Solutions
v-out-07468-m,Tan Blazer (M),56.87,USD,6,Fashion Hub Ltd
v-acc-07469-xl,White Twill Scarf (XL),172.57,USD,6,Fashion Hub Ltd
v-foo-07470-xs,Charcoal Heeled Mule (XS),44.58,USD,6,Fashion Hub Ltd
v-bot-07471-xl,Black Chino Pant (XL),297.57,USD,1,Fashion Hub Ltd
v-acc-07472-xxl,Camel Twill Scarf (XXL),201.87,USD,1,Apparel Solutions
v-top-07473-m,Tan Henley (M),25.97,USD,1,Fashion Hub Ltd
v-out-07474-s,Cognac Wool Peacoat (S),289.41,USD,12,Apparel Solutions
v-foo-07475-s,Camel Espadrille (S),22.89,USD,1,Fashion Hub Ltd
v-top-07476-xl,White Button-Up Shirt (XL),179.19,USD,1,Textile World Co
v-dre-07477-l,Black Slip Dress (L),99.48,CAD,12,Atelier Nord
v-acc-07478-xs,Camel Woven Belt (XS),325.38,USD,1,Apparel Solutions
v-acc-07478-xs,Camel Woven Belt (XS) - Case Pack,3741.87,USD,12,Apparel Solutions
v-top-07479-m,Emerald Turtleneck (M),332.45,CAD,6,Atelier Nord
v-out-07480-xxl,Indigo Puffer Vest (XXL),305.21,USD,1,Fashion Hub Ltd
v-out-07480-xxl,Indigo Puffer Vest (XXL) - Case Pack,3509.91,USD,12,Fashion Hub Ltd
v-acc-07481-m,Beige Crossbody Bag (M),83.3,USD,6,Fashion Hub Ltd
v-top-07482-m,Cognac Silk Blouse (M),131.91,USD,1,Textile World Co
v-dre-07483-xl,Blush Slip Dress (XL),159.41,USD,6,Textile World Co
v-out-07484-s,Beige Puffer Vest (S),139.16,USD,1,Textile World Co
v-dre-07485-xxl,Beige Maxi Dress (XXL),201.82,USD,6,Apparel Solutions
v-dre-07485-xxl,Beige Maxi Dress (XXL) - Case Pack,2320.93,USD,12,Apparel Solutions
v-foo-07486-l,Ivory Espadrille (L),78.29,CAD,1,Atelier Nord
v-acc-07487-xs,Blush Leather Tote (XS),27.26,USD,1,Textile World Co
v-acc-07487-xs,Blush Leather Tote (XS) - Case Pack,313.49,USD,12,Textile World Co
v-foo-07488-xl,Indigo Espadrille (XL),120.73,USD,1,Fashion Hub Ltd
v-bot-07490-xl,Blush Chino Pant (XL),196.43,USD,1,Apparel Solutions
v-acc-07491-l,Burgundy Wide-Brim Hat (L),278.37,USD,1,Atelier Nord
v-foo-07492-xxl,Tan Ankle Boot (XXL),55.89,USD,1,Fashion Hub Ltd
v-out-07493-xxl,Blush Puffer Vest (XXL),78.85,USD,12,Textile World Co
v-bot-07494-xs,Camel Wide-Leg Trouser (XS),29.64,CAD,1,Atelier Nord
v-bot-07494-xs,Camel Wide-Leg Trouser (XS) - Case Pack,340.86,CAD,12,Atelier Nord
v-top-07495-xl,Emerald Silk Blouse (XL),348.97,CAD,1,Atelier Nord
v-bot-07496-l,Cognac Linen Pant (L),274.17,USD,12,Fashion Hub Ltd
v-acc-07497-xxl,Ivory Leather Tote (XXL),251.9,USD,1,Fashion Hub Ltd
v-dre-07499-l,Beige Wrap Dress (L),141.05,USD,1,Fashion Hub Ltd
v-foo-07501-xxl,Black Ankle Boot (XXL),170.97,USD,6,Textile World Co
v-dre-07502-xs,Emerald Wrap Dress (XS),173.22,USD,6,Fashion Hub Ltd
v-acc-07503-l,Charcoal Twill Scarf (L),303.98,CAD,1,Atelier Nord
v-top-07504-m,Black Turtleneck (M),261.55,CAD,1,Atelier Nord
v-acc-07505-s,Emerald Twill Scarf (S),92.18,USD,6,Textile World Co
v-out-07508-xs,White Trench Coat (XS),430.76,CAD,1,Atelier Nord
v-out-07508-xs,White Trench Coat (XS) - Case Pack,4953.74,CAD,12,Atelier Nord
v-top-07509-xs,Ivory Cardigan (XS),306.72,USD,1,Textile World Co
v-top-07510-l,Tan Henley (L),108.14,USD,12,Atelier Nord
v-bot-07511-xl,Ivory Chino Pant (XL),55.52,USD,1,Textile World Co
v-dre-07512-xs,Tan Wrap Dress (XS),91.93,USD,6,Fashion Hub Ltd
v-out-07513-xl,Burgundy Puffer Vest (XL),26.43,USD,6,Apparel Solutions
v-foo-07514-m,Cognac Ankle Boot (M),125.54,USD,1,Apparel Solutions
v-foo-07515-m,Ivory Heeled Mule (M),157.31,USD,1,Apparel Solutions
v-top-07516-m,Emerald Button-Up Shirt (M),314.61,USD,6,Apparel Solutions
v-dre-07517-xl,Charcoal Maxi Dress (XL),206.62,USD,6,Apparel Solutions
v-out-07518-m,White Wool Peacoat (M),95.66,USD,12,Apparel Solutions
v-dre-07519-xl,Camel Maxi Dress (XL),260.38,USD,1,Fashion Hub Ltd
v-dre-07520-xl,Burgundy Midi Dress (XL),106.5,USD,6,Atelier Nord
v-top-07521-m,Black Turtleneck (M),295.94,USD,1,Textile World Co
v-dre-07522-s,White Midi Dress (S),85.47,USD,12,Fashion Hub Ltd
v-foo-07523-m,Emerald Loafer (M),177.01,USD,1,Apparel Solutions
v-out-07524-xxl,Ivory Denim Jacket (XXL),338.62,CAD,1,Atelier Nord
v-bot-07525-xs,Camel Wide-Leg Trouser (XS),321.85,USD,1,Textile World Co
v-dre-07527-s,Ivory Maxi Dress (S),306.97,USD,6,Textile World Co
v-top-07528-xs,Camel Henley (XS),165.64,CAD,1,Atelier Nord
v-acc-07529-s,Indigo Twill Scarf (S),91.08,USD,12,Textile World Co
v-bot-07530-s,Blush Wide-Leg Trouser (S),321.96,USD,1,Fashion Hub Ltd
v-foo-07531-l,Tan Low-Top Sneaker (L),128.21,USD,6,Apparel Solutions
v-bot-07532-s,Charcoal Chino Pant (S),173.61,USD,1,Fashion Hub Ltd
v-dre-07533-xs,Burgundy Wrap Dress (XS),255.78,USD,1,Apparel Solutions
v-acc-07534-xs,Cognac Twill Scarf (XS),250.64,USD,1,Fashion Hub Ltd
v-acc-07534-xs,Cognac Twill Scarf (XS) - Case Pack,2882.36,USD,12,Fashion Hub Ltd
v-foo-07535-xxl,Emerald Ankle Boot (XXL),104.16,USD,1,Textile World Co
v-dre-07536-xxl,Charcoal Midi Dress (XXL),122.26,USD,6,Apparel Solutions
v-bot-07537-xxl,Beige Pleated Skirt (XXL),337.39,CAD,1,Atelier Nord
v-bot-07539-xs,Tan Midi Skirt (XS),204.09,USD,1,
v-acc-07540-xs,Charcoal Crossbody Bag (XS),75.8,USD,12,Atelier Nord
v-acc-07541-xxl,Black Leather Tote (XXL),242.84,USD,1,Atelier Nord
v-dre-07542-s,Cognac Maxi Dress (S),276.69,USD,6,
v-top-07543-l,Blush Silk Blouse (L),304.41,USD,1,Atelier Nord
v-top-07543-l,Blush Silk Blouse (L) - Case Pack,3500.72,USD,12,Atelier Nord
v-dre-07545-m,Beige Shirt Dress (M),331.55,USD,12,Textile World Co
v-foo-07546-xs,Tan Loafer (XS),62.24,USD,1,Apparel Solutions
v-top-07547-l,Beige V-Neck Sweater (L),171.94,USD,6,Atelier Nord
v-out-07548-xs,Blush Denim Jacket (XS),275.83,USD,12,Fashion Hub Ltd
v-dre-07549-xs,Camel Shift Dress (XS),163.93,USD,1,Textile World Co
v-top-07551-xs,Black Crewneck Tee (XS),128.89,USD,1,Textile World Co
v-foo-07552-m,Emerald Ballet Flat (M),191.63,USD,6,Textile World Co
v-bot-07553-l,Camel Denim Short (L),243.96,USD,1,Fashion Hub Ltd
v-bot-07553-l,Camel Denim Short (L) - Case Pack,2805.54,USD,12,Fashion Hub Ltd
v-dre-07554-l,White Slip Dress (L),281.77,USD,1,Textile World Co
v-bot-07555-xl,White Denim Short (XL),72.18,USD,1,Textile World Co
v-out-07556-xs,Blush Trench Coat (XS),61.34,USD,1,Fashion Hub Ltd
v-acc-07557-xs,Burgundy Leather Tote (XS),63.96,USD,1,Fashion Hub Ltd
v-acc-07557-xs,Burgundy Leather Tote (XS) - Case Pack,735.54,USD,12,Fashion Hub Ltd
v-out-07558-xs,Blush Moto Jacket (XS),251.32,USD,1,Atelier Nord
v-acc-07559-m,Tan Leather Tote (M),297.4,USD,1,Textile World Co
v-out-07561-l,White Trench Coat (L),106.55,USD,1,Fashion Hub Ltd
v-top-07562-m,Indigo Turtleneck (M),118.8,USD,1,Textile World Co
v-bot-07563-m,Ivory Chino Pant (M),144.76,USD,1,Atelier Nord
v-bot-07564-xxl,Indigo Wide-Leg Trouser (XXL),185.87,CAD,6,Atelier Nord
v-acc-07565-xs,Beige Crossbody Bag (XS),253.51,USD,1,Apparel Solutions
v-bot-07566-s,Burgundy Pleated Skirt (S),134.73,USD,6,Fashion Hub Ltd
v-bot-07567-xl,Camel Pleated Skirt (XL),246.55,CAD,12,Atelier Nord
v-bot-07568-xl,White Chino Pant (XL),29.13,USD,1,Atelier Nord
v-foo-07569-s,Emerald Loafer (S),50.84,USD,1,Fashion Hub Ltd
v-top-07572-xs,Blush V-Neck Sweater (XS),81.19,USD,1,Apparel Solutions
v-top-07573-xs,Cognac Cardigan (XS),121.42,USD,1,Textile World Co
v-foo-07574-l,Charcoal Espadrille (L),118.69,USD,1,Apparel Solutions
v-foo-07575-xl,Beige Heeled Mule (XL),123.76,CAD,1,Atelier Nord
v-dre-07576-xl,Tan Midi Dress (XL),235.42,USD,1,Fashion Hub Ltd
v-out-07577-l,Ivory Puffer Vest (L),140.2,USD,6,Apparel Solutions
v-out-07578-m,Cognac Blazer (M),261.92,USD,6,Fashion Hub Ltd
v-acc-07579-s,Emerald Crossbody Bag (S),88.04,USD,1,Apparel Solutions
v-dre-07580-xl,Black Slip Dress (XL),419.92,CAD,1,Atelier Nord
v-foo-07581-xs,Blush Ballet Flat (XS),269.67,USD,6,Fashion Hub Ltd
v-bot-07582-l,Camel Midi Skirt (L),50.39,CAD,1,Atelier Nord
v-dre-07583-l,Charcoal Midi Dress (L),23.5,USD,1,Fashion Hub Ltd
v-dre-07583-l,Charcoal Midi Dress (L) - Case Pack,270.25,USD,12,Fashion Hub Ltd
v-bot-07584-m,Beige Linen Pant (M),77.62,USD,12,Atelier Nord
v-foo-07585-l,Blush Heeled Mule (L),129.27,USD,6,Fashion Hub Ltd
v-foo-07586-l,Charcoal Espadrille (L),85.58,USD,1,Fashion Hub Ltd
v-dre-07587-m,Indigo Shift Dress (M),196.77,USD,12,Fashion Hub Ltd
v-acc-07588-m,Tan Wide-Brim Hat (M),216.34,USD,1,Fashion Hub Ltd
v-acc-07590-xl,Burgundy Statement Earrings (XL),28.99,USD,1,Apparel Solutions
v-top-07591-s,Black Turtleneck (S),36.18,CAD,6,Atelier Nord
v-foo-07592-l,Indigo Ballet Flat (L),185.66,USD,1,Fashion Hub Ltd
v-acc-07593-s,Emerald Leather Tote (S),311.71,USD,6,Fashion Hub Ltd
v-dre-07594-l,Ivory Slip Dress (L),143.66,USD,1,Apparel Solutions
v-foo-07596-xs,Emerald Espadrille (XS),175.61,USD,1,Fashion Hub Ltd
v-acc-07597-l,Burgundy Statement Earrings (L),334.94,CAD,1,Atelier Nord
v-top-07598-xs,White Cardigan (XS),249.6,USD,1,Apparel Solutions
v-top-07598-xs,White Cardigan (XS) - Case Pack,2870.4,USD,12,Apparel Solutions
v-out-07603-xl,Indigo Denim Jacket (XL),279.26,USD,1,Atelier Nord
v-bot-07605-xxl,Ivory Denim Short (XXL),127.55,USD,1,Textile World Co
v-bot-07606-xl,Blush Denim Short (XL),75.07,CAD,1,Atelier Nord
v-top-07607-xs,Emerald V-Neck Sweater (XS),265.44,USD,1,Textile World Co
v-dre-07608-m,Indigo Slip Dress (M),27.22,USD,1,Apparel Solutions
v-dre-07609-xxl,Ivory Shirt Dress (XXL),273.31,USD,1,Fashion Hub Ltd
v-dre-07610-xs,Cognac Shirt Dress (XS),225.31,USD,1,Apparel Solutions
v-bot-07612-s,Blush Wide-Leg Trouser (S),52.72,USD,1,Textile World Co
v-dre-07613-l,Cognac Shift Dress (L),301.23,USD,12,
v-top-07614-l,Black Silk Blouse (L),232.83,USD,12,Fashion Hub Ltd
v-bot-07615-l,Cognac Skinny Jean (L),146.47,USD,1,Atelier Nord
v-dre-07616-s,Ivory Slip Dress (S),262.18,CAD,12,Atelier Nord
v-foo-07617-m,Black Ankle Boot (M),119.9,CAD,12,Atelier Nord
v-out-07618-s,Indigo Denim Jacket (S),27.76,USD,12,Atelier Nord
v-acc-07619-xxl,Indigo Wide-Brim Hat (XXL),275.42,USD,1,Apparel Solutions
v-foo-07621-m,Camel Ballet Flat (M),254.67,USD,1,Apparel Solutions
v-out-07622-xs,Burgundy Denim Jacket (XS),226.08,USD,12,Textile World Co
v-dre-07623-s,Camel Midi Dress (S),173.66,USD,1,
v-dre-07626-m,Emerald Midi Dress (M),312.35,USD,12,Apparel Solutions
v-acc-07627-xs,Tan Woven Belt (XS),287.54,USD,1,Textile World Co
v-top-07628-xs,Tan Silk Blouse (XS),84.83,USD,1,
v-foo-07629-s,Blush Ballet Flat (S),313.16,USD,6,Textile World Co
v-foo-07631-xl,Ivory Low-Top Sneaker (XL),350.29,CAD,6,Atelier Nord
v-acc-07633-xs,Cognac Wide-Brim Hat (XS),80.42,USD,12,Fashion Hub Ltd
v-out-07634-xs,Beige Moto Jacket (XS),221.6,USD,6,Apparel Solutions
v-top-07635-xs,White Button-Up Shirt (XS),125.8,USD,12,Fashion Hub Ltd
v-acc-07636-s,Ivory Crossbody Bag (S),125.36,USD,1,Fashion Hub Ltd
v-foo-07637-m,White Ankle Boot (M),383.3,CAD,1,Atelier Nord
v-foo-07637-m,White Ankle Boot (M) - Case Pack,4407.95,CAD,12,Atelier Nord
v-top-07638-s,Indigo V-Neck Sweater (S),394.84,CAD,12,Atelier Nord
v-top-07640-xs,Black V-Neck Sweater (XS),104.06,USD,1,Apparel Solutions
v-bot-07641-s,Emerald Chino Pant (S),239.52,USD,1,Textile World Co
v-out-07642-s,Camel Puffer Vest (S),211.95,USD,1,Atelier Nord
v-acc-07644-xxl,Burgundy Leather Tote (XXL),43.5,USD,12,Fashion Hub Ltd
v-acc-07645-m,Emerald Twill Scarf (M),262.92,USD,1,Textile World Co
v-acc-07647-xl,Ivory Woven Belt (XL),27.25,USD,1,Textile World Co
v-dre-07648-xs,Indigo Shirt Dress (XS),294.04,USD,6,Apparel Solutions
v-bot-07649-xl,Burgundy Midi Skirt (XL),143.31,USD,1,Fashion Hub Ltd
v-acc-07650-xl,Burgundy Leather Tote (XL),280.12,USD,6,Apparel Solutions
v-foo-07651-l,Tan Ballet Flat (L),92.19,USD,1,Apparel Solutions
v-dre-07652-xl,Cognac Midi Dress (XL),253.39,USD,6,Atelier Nord
v-dre-07653-l,Beige Shift Dress (L),76.21,USD,1,Textile World Co
v-dre-07654-xs,Camel Shirt Dress (XS),63.69,USD,1,Apparel Solutions
v-top-07655-xl,Tan Button-Up Shirt (XL),52.0,USD,1,Atelier Nord
v-foo-07656-m,Camel Ballet Flat (M),185.41,USD,1,Textile World Co
v-dre-07657-xl,Burgundy Maxi Dress (XL),136.45,USD,6,Atelier Nord
v-out-07658-s,Ivory Puffer Vest (S),187.8,USD,12,Textile World Co
v-foo-07660-s,Tan Ballet Flat (S),138.89,USD,1,Apparel Solutions
v-out-07661-s,Burgundy Blazer (S),71.01,USD,12,Fashion Hub Ltd
v-dre-07662-xxl,Cognac Shift Dress (XXL),269.71,USD,1,Atelier Nord
v-top-07663-l,White V-Neck Sweater (L),52.92,USD,1,Apparel Solutions
v-bot-07664-s,Cognac Pleated Skirt (S),82.13,CAD,12,Atelier Nord
v-foo-07665-xs,Ivory Espadrille (XS),42.36,USD,6,Apparel Solutions
v-dre-07666-xl,Charcoal Shift Dress (XL),291.96,USD,1,Atelier Nord
v-dre-07666-xl,Charcoal Shift Dress (XL) - Case Pack,3357.54,USD,12,Atelier Nord
v-foo-07668-m,Black Ankle Boot (M),175.49,USD,12,Apparel Solutions
v-out-07669-l,Burgundy Trench Coat (L),204.75,USD,12,Textile World Co
v-dre-07672-xxl,Tan Midi Dress (XXL),159.81,USD,1,Atelier Nord
v-bot-07673-l,Tan Chino Pant (L),32.3,USD,6,Textile World Co
v-bot-07673-l,Tan Chino Pant (L) - Case Pack,371.45,USD,12,Textile World Co
v-acc-07674-l,Black Woven Belt (L),208.82,USD,1,Atelier Nord
v-acc-07675-xl,Burgundy Leather Tote (XL),310.35,USD,1,Apparel Solutions
v-dre-07676-m,Camel Slip Dress (M),145.42,USD,1,Fashion Hub Ltd
v-top-07677-m,White V-Neck Sweater (M),249.36,USD,1,Atelier Nord
v-dre-07678-l,Ivory Wrap Dress (L),47.29,USD,1,Textile World Co
v-acc-07679-xs,Tan Statement Earrings (XS),253.16,USD,1,Textile World Co
v-foo-07681-l,White Espadrille (L),138.88,USD,1,Apparel Solutions
v-top-07682-s,Burgundy Henley (S),41.26,USD,6,Atelier Nord
v-top-07684-m,Tan Henley (M),265.64,USD,6,
v-top-07686-l,White Turtleneck (L),78.47,USD,1,Textile World Co
v-acc-07688-xxl,Emerald Woven Belt (XXL),193.07,CAD,6,Atelier Nord
v-top-07689-xs,Blush Silk Blouse (XS),237.49,USD,1,Atelier Nord
v-out-07690-xl,Indigo Moto Jacket (XL),22.45,USD,12,Apparel Solutions
v-bot-07691-xs,White Chino Pant (XS),235.43,CAD,1,Atelier Nord
v-dre-07692-s,Charcoal Shirt Dress (S),258.73,USD,1,Atelier Nord
v-dre-07693-xxl,Tan Wrap Dress (XXL),35.85,USD,6,Apparel Solutions
v-acc-07694-xl,Charcoal Woven Belt (XL),179.26,USD,6,Atelier Nord
v-bot-07695-l,Beige Pleated Skirt (L),20.11,USD,1,Fashion Hub Ltd
v-acc-07696-xs,Ivory Statement Earrings (XS),65.93,CAD,1,Atelier Nord
v-foo-07697-s,Beige Ankle Boot (S),162.58,USD,1,Textile World Co
v-foo-07698-xl,Charcoal Loafer (XL),313.44,USD,6,Fashion Hub Ltd
v-foo-07699-l,White Low-Top Sneaker (L),18.28,USD,1,Apparel Solutions
v-foo-07699-l,White Low-Top Sneaker (L) - Case Pack,210.22,USD,12,Apparel Solutions
