product_name,size,category,supplier,price,stock,source_count
Black Twill Scarf,,Accessories,Apparel Solutions,86.79,36.0,1
Beige Vneck Sweater,,Tops,Fashion Hub Ltd,171.16,55.0,1
Black Loafer,XL,Footwear,Textile World Co,233.79,143.0,3
Beige Chino Pant,,Bottoms,Fashion Hub Ltd,202.04,40.0,1
Camel Wool Peacoat,S,Outerwear,Textile World Co,252.33,86.0,3
White Cardigan,M,Tops,Apparel Solutions,128.47,11.0,3
White Puffer Vest,L,Outerwear,Fashion Hub Ltd,173.91,92.0,3
White Linen Pant,,Bottoms,Textile World Co,252.3,32.0,1
White Midi Skirt,,Bottoms,Apparel Solutions,156.09,93.0,1
Charcoal Shift Dress,XXL,Dresses,Apparel Solutions,143.31,25.0,3
Cognac Leather Tote,XXL,Accessories,Textile World Co,59.43,97.0,3
Cognac Statement Earrings,,Accessories,Apparel Solutions,271.28,25.0,1
Indigo Tank Top,,Tops,Fashion Hub Ltd,184.23,80.0,1
Indigo Crossbody Bag,XXL,Accessories,Atelier Nord,59.97,35.0,3
Cognac Widebrim Hat,,Accessories,Atelier Nord,158.27,102.0,1
Cognac Wideleg Trouser,,Bottoms,Fashion Hub Ltd,166.69,37.0,1
Tan Leather Tote,,Accessories,Fashion Hub Ltd,103.23,119.0,1
Black Slip Dress,,Dresses,Fashion Hub Ltd,194.06,137.0,1
Blush Shirt Dress,,Dresses,Apparel Solutions,240.51,116.0,1
Camel Statement Earrings,,Accessories,Textile World Co,208.91,27.0,1
Tan Woven Belt,,Accessories,Textile World Co,198.84,41.0,1
Beige Ankle Boot,,Footwear,,26.48,92.0,1
Black Midi Dress,,Dresses,Fashion Hub Ltd,152.66,124.0,1
Indigo Loafer,S,Footwear,Textile World Co,140.76,102.0,3
Emerald Woven Belt,,Accessories,Atelier Nord,131.56,57.0,1
Beige Wrap Dress,,Dresses,Textile World Co,204.84,1.0,1
Emerald Loafer,,Footwear,Atelier Nord,190.02,40.0,1
Blush Cardigan,L,Tops,Atelier Nord,163.42,13.0,3
White Statement Earrings,XS,Accessories,Atelier Nord,231.14,36.0,3
Cognac Wideleg Trouser,L,Bottoms,Textile World Co,147.32,62.0,3
White Midi Skirt,,Bottoms,Fashion Hub Ltd,113.17,138.0,1
Ivory Moto Jacket,,Outerwear,Fashion Hub Ltd,191.36,67.0,1
Indigo Wool Peacoat,,Outerwear,Atelier Nord,214.42,89.0,1
Burgundy Crewneck Tee,,Tops,Fashion Hub Ltd,79.54,122.0,1
Black Lowtop Sneaker,XL,Footwear,Fashion Hub Ltd,277.71,17.0,2
Indigo Turtleneck,,Tops,Textile World Co,192.18,10.0,1
Tan Cardigan,,Tops,Apparel Solutions,228.04,52.0,1
Charcoal Woven Belt,,Accessories,Atelier Nord,116.79,76.0,1
Black Wrap Dress,,Dresses,Fashion Hub Ltd,95.73,58.0,1
Camel Espadrille,,Footwear,Fashion Hub Ltd,132.7,85.0,1
Camel Silk Blouse,,,Fashion Hub Ltd,252.67,39.0,1
Charcoal Slip Dress,XXL,Dresses,Apparel Solutions,56.31,67.0,3
Black Wool Peacoat,,Outerwear,,268.49,26.0,1
Tan Midi Dress,M,Dresses,Textile World Co,221.39,99.0,3
White Vneck Sweater,,Tops,Textile World Co,180.23,94.0,1
Indigo Lowtop Sneaker,S,Footwear,Fashion Hub Ltd,103.81,10.0,3
Charcoal Leather Tote,S,Accessories,Textile World Co,278.28,6.0,3
Indigo Woven Belt,,Accessories,Textile World Co,159.31,27.0,1
Charcoal Henley,,Tops,Atelier Nord,124.57,66.0,1
Indigo Turtleneck,,Tops,Apparel Solutions,224.57,71.0,1
Indigo Widebrim Hat,,Accessories,Apparel Solutions,144.89,31.0,1
Beige Midi Dress,M,Dresses,Fashion Hub Ltd,93.06,111.0,3
Indigo Woven Belt,,Accessories,Fashion Hub Ltd,159.92,56.0,1
Black Cardigan,,Tops,Textile World Co,176.14,17.0,1
Blush Slip Dress,,Dresses,Fashion Hub Ltd,222.03,76.0,1
Blush Slip Dre Ss,,Dresses,Fashion Hub Ltd,266.09,76.0,1
Indigo Shirt Dress,,Dresses,Atelier Nord,151.16,29.0,1
Indigo Blazer,,Outerwear,Textile World Co,195.46,77.0,1
Camel Ankle Boot,,Footwear,Textile World Co,119.42,82.0,1
Tan Denim Jacket,,Outerwear,Atelier Nord,204.65,43.0,1
Cognac Buttonup Shirt,,Tops,Apparel Solutions,76.32,60.0,1
Charcoal Midi Dress,,Dresses,Fashion Hub Ltd,46.7,121.0,1
Indigo Henley,,Tops,Textile World Co,272.61,98.0,1
Ivory Trench Coat,XXL,Outerwear,Fashion Hub Ltd,291.27,27.0,3
Ivory Trench Coat,,Outerwear,,33.41,55.0,1
Ivory Tre Nch Coat,,Outerwear,,33.41,55.0,1
Ivory Henley,,Tops,Apparel Solutions,220.64,113.0,1
Indigo Widebrim Hat,,Accessories,Atelier Nord,205.46,121.0,1
Tan Midi Dress,,Dresses,,231.76,65.0,1
Charcoal Buttonup Shirt,,Tops,Apparel Solutions,85.05,138.0,1
Charcoal Wideleg Trouser,L,Bottoms,Textile World Co,133.44,5.0,3
Cognac Wool Peacoat,,Outerwear,Atelier Nord,114.39,107.0,1
Black Espadrille,,Footwear,Atelier Nord,227.85,96.0,1
Cognac Denim Jacket,,Outerwear,Textile World Co,166.38,58.0,1
Indigo Moto Jacket,,Outerwear,Atelier Nord,227.45,119.0,1
Black Loafer,,Footwear,Fashion Hub Ltd,197.37,109.0,1
Black Trench Coat,M,Outerwear,Atelier Nord,148.52,113.0,3
Camel Maxi Dress,,Dresses,Apparel Solutions,273.24,120.0,1
Black Widebrim Hat,M,Accessories,Textile World Co,221.22,10.0,2
Charcoal Turtleneck,,Tops,Textile World Co,139.34,121.0,1
Emerald Turtleneck,XXL,Tops,Apparel Solutions,233.36,42.0,2
Burgundy Espadrille,,Footwear,Textile World Co,255.46,27.0,1
Beige Buttonup Shirt,,Tops,Atelier Nord,202.25,35.0,1
Tan Espadrille,,Footwear,Fashion Hub Ltd,123.22,77.0,1
White Widebrim Hat,,Accessories,Fashion Hub Ltd,130.2,116.0,1
Cognac Wrap Dress,XXL,Dresses,Apparel Solutions,58.66,116.0,3
Indigo Moto Jacket,M,Outerwear,Atelier Nord,239.85,111.0,3
Tan Widebrim Hat,M,Accessories,Atelier Nord,131.56,68.0,3
White Midi Skirt,,Bottoms,Atelier Nord,153.89,118.0,1
Indigo Espadrille,,Footwear,Fashion Hub Ltd,146.04,83.0,1
Blush Trench Coat,,Outerwear,Apparel Solutions,203.56,70.0,1
White Turtleneck,S,Tops,Atelier Nord,152.24,61.0,3
Burgundy Chino Pant,S,Bottoms,Apparel Solutions,229.07,94.0,3
Charcoal Shift Dress,,Dresses,Textile World Co,148.36,136.0,1
Charcoal Leather Tote,,Accessories,Atelier Nord,191.73,144.0,1
Charcoal Wrap Dress,,Dresses,Textile World Co,223.03,77.0,1
Ivory Widebrim Hat,M,Accessories,Fashion Hub Ltd,273.09,74.0,3
Emerald Linen Pant,,Bottoms,Fashion Hub Ltd,132.32,121.0,1
Ivory Wool Peacoat,XS,Outerwear,Apparel Solutions,300.06,128.0,3
Emerald Cardigan,,Tops,Fashion Hub Ltd,89.45,77.0,1
Cognac Skinny Jean,,Bottoms,Textile World Co,170.5,97.0,1
Beige Wool Peacoat,,Outerwear,Apparel Solutions,160.04,20.0,1
Charcoal Twill Scarf,,Accessories,Textile World Co,170.51,20.0,1
Cognac Wideleg Trouser,,Bottoms,Textile World Co,157.83,115.0,1
Camel Heeled Mule,,Footwear,Textile World Co,223.79,72.0,1
Tan Moto Jacket,,Outerwear,Apparel Solutions,194.9,49.0,1
Tan Turtleneck,S,Tops,Apparel Solutions,276.86,29.0,2
Camel Midi Skirt,,Bottoms,Apparel Solutions,105.28,119.0,1
Beige Woven Belt,,Accessories,Fashion Hub Ltd,80.85,5.0,1
Indigo Denim Short,,Bottoms,Atelier Nord,243.19,120.0,1
Blush Wool Peacoat,,Outerwear,Fashion Hub Ltd,174.62,84.0,1
Camel Crossbody Bag,,Accessories,Atelier Nord,218.77,125.0,1
Blush Moto Jacket,,Outerwear,Apparel Solutions,114.9,103.0,1
Tan Ankle Boot,XL,Footwear,Atelier Nord,140.68,48.0,2
Emerald Slip Dress,,Dresses,Atelier Nord,187.3,51.0,1
Camel Lowtop Sneaker,,Footwear,Atelier Nord,112.31,61.0,1
Cognac Pleated Skirt,,Bottoms,Atelier Nord,118.34,29.0,1
Emerald Silk Blouse,XXL,Tops,Apparel Solutions,170.24,69.0,3
Charcoal Denim Jacket,,Outerwear,Textile World Co,100.75,130.0,1
Burgundy Buttonup Shirt,,Tops,Atelier Nord,228.77,114.0,1
Blush Wool Peacoat,,Outerwear,Atelier Nord,196.49,82.0,1
Charcoal Linen Pant,XL,Bottoms,Atelier Nord,92.16,105.0,3
Emerald Shirt Dress,,Dresses,Atelier Nord,185.41,38.0,1
Cognac Silk Blouse,,Tops,Apparel Solutions,195.33,112.0,1
Black Heeled Mule,XXL,Footwear,Textile World Co,247.5,39.0,3
Blush Wool Peacoat,XL,Outerwear,Atelier Nord,183.32,84.0,3
Indigo Widebrim Hat,M,Accessories,Atelier Nord,287.1,9.0,3
Emerald Vneck Sweater,,Tops,Apparel Solutions,298.06,11.0,1
Blush Buttonup Shirt,M,Tops,Atelier Nord,179.43,120.0,3
Ivory Espadrille,S,Footwear,Textile World Co,54.7,88.0,3
Emerald Leather Tote,,Accessories,Textile World Co,119.38,65.0,1
Black Shirt Dress,L,Dresses,Apparel Solutions,222.2,40.0,3
Beige Wool Peacoat,M,Outerwear,Atelier Nord,216.57,118.0,3
Indigo Midi Dress,,Dresses,Fashion Hub Ltd,124.64,88.0,1
Camel Shirt Dress,,Dresses,Atelier Nord,98.14,12.0,1
Camel Crossbody Bag,,Accessories,Apparel Solutions,64.33,48.0,1
Burgundy Shirt Dress,XXL,Dresses,Textile World Co,193.06,10.0,3
Beige Moto Jacket,,Outerwear,Textile World Co,45.84,75.0,1
Ivory Crossbody Bag,S,Accessories,Textile World Co,252.05,93.0,3
Ivory Ballet Flat,,Footwear,Atelier Nord,205.35,75.0,1
Emerald Wrap Dress,XS,Dresses,Textile World Co,248.41,57.0,3
Tan Statement Earrings,L,Accessories,Apparel Solutions,194.81,108.0,3
White Slip Dress,,Dresses,Apparel Solutions,228.3,67.0,1
Blush Blazer,XS,Outerwear,Textile World Co,160.75,83.0,2
Cognac Turtleneck,,Tops,,153.63,138.0,1
Burgundy Espadrille,,Footwear,Atelier Nord,138.14,125.0,1
Black Wool Peacoat,,Outerwear,Apparel Solutions,105.1,113.0,1
Tan Wrap Dress,,Dresses,Apparel Solutions,103.74,80.0,1
White Henley,,Tops,Textile World Co,253.96,5.0,1
Ivory Midi Dress,,Dresses,Textile World Co,186.31,53.0,1
Charcoal Midi Skirt,,Bottoms,Textile World Co,244.45,0.0,1
Cognac Wideleg Trouser,,Bottoms,,125.1,6.0,1
Charcoal Tank Top,,Tops,Apparel Solutions,103.67,67.0,1
Indigo Linen Pant,XL,Bottoms,Fashion Hub Ltd,261.57,121.0,3
Beige Slip Dress,XS,Dresses,Atelier Nord,171.45,7.0,3
Camel Widebrim Hat,L,Accessories,Fashion Hub Ltd,104.37,122.0,3
Beige Tank Top,S,Tops,Fashion Hub Ltd,55.36,131.0,3
Beige Maxi Dress,XL,Dresses,Apparel Solutions,132.02,121.0,3
Tan Twill Scarf,,Accessories,Textile World Co,215.41,48.0,1
Indigo Maxi Dress,,Dresses,Fashion Hub Ltd,138.53,80.0,1
Ivory Shift Dress,,Dresses,Atelier Nord,89.84,25.0,1
Burgundy Moto Jacket,,Outerwear,Apparel Solutions,238.77,4.0,1
Blush Loafer,XXL,Footwear,Fashion Hub Ltd,147.65,99.0,2
Blush Loafe R,XXL,Footwear,Fashion Hub Ltd,142.04,99.0,1
Camel Twill Scarf,,Accessories,Apparel Solutions,122.75,129.0,1
Charcoal Slip Dress,,Dresses,Fashion Hub Ltd,176.56,68.0,1
Burgundy Pleated Skirt,,Bottoms,Apparel Solutions,116.84,46.0,1
Tan Denim Short,,Bottoms,Fashion Hub Ltd,118.17,11.0,1
Charcoal Widebrim Hat,,Accessories,Atelier Nord,156.29,40.0,1
Blush Shirt Dress,,Dresses,Fashion Hub Ltd,291.92,39.0,1
Blush Shirt Dre Ss,,Dresses,Fashion Hub Ltd,291.92,39.0,1
Tan Ankle Boot,,Footwear,Apparel Solutions,167.77,108.0,1
Indigo Heeled Mule,,Footwear,Textile World Co,260.93,15.0,1
Camel Moto Jacket,,Outerwear,Atelier Nord,168.96,69.0,1
Black Blazer,,Outerwear,Fashion Hub Ltd,120.49,19.0,1
Black Cardigan,M,Tops,Textile World Co,265.49,120.0,3
White Woven Belt,,Accessories,Fashion Hub Ltd,155.82,102.0,1
Camel Cardigan,,Tops,,157.4,43.0,1
White Espadrille,XL,Footwear,Textile World Co,292.08,89.0,3
Ivory Statement Earrings,,Accessories,Fashion Hub Ltd,167.91,50.0,1
Tan Lowtop Sneaker,,Footwear,Textile World Co,197.97,126.0,1
Emerald Loafer,,Footwear,Apparel Solutions,268.16,80.0,1
Emerald Moto Jacket,,Outerwear,Apparel Solutions,254.97,22.0,1
Camel Ankle Boot,L,Footwear,Atelier Nord,27.29,94.0,3
Came L Ankle Boot,L,Footwear,Atelier Nord,29.34,94.0,1
Tan Wrap Dress,,Dresses,Atelier Nord,151.48,17.0,1
Charcoal Espadrille,,Footwear,Atelier Nord,156.69,15.0,1
Burgundy Tank Top,XS,Tops,Textile World Co,89.05,125.0,3
Beige Loafer,,Footwear,Apparel Solutions,162.46,72.0,1
Cognac Wrap Dress,,Dresses,Atelier Nord,185.72,33.0,1
Blush Silk Blouse,,Tops,Atelier Nord,186.31,13.0,1
Tan Heeled Mule,M,Footwear,Textile World Co,227.13,134.0,3
Indigo Statement Earrings,,Accessories,Apparel Solutions,86.54,79.0,1
Cognac Wrap Dress,,Dresses,,219.01,33.0,1
Ivory Trench Coat,S,Outerwear,Textile World Co,133.74,16.0,3
Burgundy Shirt Dress,S,Dresses,Atelier Nord,202.52,114.0,2
Camel Lowtop Sneaker,L,Footwear,Textile World Co,129.92,112.0,3
Came L Lowtop Sneaker,L,Footwear,Textile World Co,129.45,112.0,1
Cognac Maxi Dress,,Dresses,Atelier Nord,223.03,36.0,1
Cognac Maxi Dre Ss,,Dresses,Atelier Nord,307.07,36.0,1
Camel Lowtop Sneaker,XS,Footwear,Atelier Nord,284.53,24.0,2
Charcoal Moto Jacket,L,Outerwear,Apparel Solutions,235.75,106.0,3
Blush Puffer Vest,,Outerwear,Atelier Nord,278.86,102.0,1
White Tank Top,,Tops,Apparel Solutions,211.83,48.0,1
Charcoal Buttonup Shirt,,Tops,Atelier Nord,244.88,73.0,1
Black Wrap Dress,,Dresses,Atelier Nord,200.92,117.0,1
Beige Henley,,Tops,Fashion Hub Ltd,230.55,61.0,1
Indigo Pleated Skirt,XS,Bottoms,Apparel Solutions,140.56,106.0,3
White Statement Earrings,,Accessories,Apparel Solutions,166.03,149.0,1
Cognac Loafer,,Footwear,Atelier Nord,198.74,11.0,1
Camel Wool Peacoat,,Outerwear,Fashion Hub Ltd,115.24,17.0,1
Tan Linen Pant,,Bottoms,Fashion Hub Ltd,236.97,96.0,1
Cognac Tank Top,,Tops,Textile World Co,176.73,118.0,1
Ivory Blazer,,Outerwear,Fashion Hub Ltd,145.62,112.0,1
Emerald Puffer Vest,,Outerwear,Fashion Hub Ltd,226.6,48.0,1
Tan Wrap Dress,M,Dresses,Apparel Solutions,49.0,94.0,3
Emerald Blazer,,Outerwear,Apparel Solutions,188.37,127.0,1
Cognac Wool Peacoat,M,Outerwear,Fashion Hub Ltd,238.04,20.0,3
Cognac Lowtop Sneaker,M,Footwear,Apparel Solutions,117.59,83.0,3
Emerald Shift Dress,,Dresses,Atelier Nord,165.58,113.0,1
Burgundy Moto Jacket,,Outerwear,Atelier Nord,89.73,17.0,1
Indigo Statement Earrings,M,Accessories,Textile World Co,308.39,36.0,3
Emerald Espadrille,XS,Footwear,Textile World Co,38.28,93.0,2
Black Puffer Vest,,Outerwear,Textile World Co,191.52,94.0,1
Beige Moto Jacket,,Outerwear,Apparel Solutions,182.66,79.0,1
Burgundy Crewneck Tee,,Tops,Atelier Nord,124.03,30.0,1
Emerald Shirt Dress,,Dresses,Apparel Solutions,179.27,125.0,1
White Silk Blouse,,Tops,Textile World Co,259.97,113.0,1
Tan Woven Belt,,Accessories,Fashion Hub Ltd,156.0,73.0,1
Tan Wove N Belt,,Accessories,Fashion Hub Ltd,183.4,73.0,1
Burgundy Linen Pant,,Bottoms,Textile World Co,246.74,130.0,1
Ivory Turtleneck,S,Tops,Atelier Nord,26.43,94.0,3
Beige Lowtop Sneaker,,Footwear,Fashion Hub Ltd,188.7,122.0,1
Beige Denim Jacket,,Outerwear,Textile World Co,188.98,31.0,1
Cognac Blazer,,Outerwear,Textile World Co,165.73,46.0,1
Cognac Chino Pant,XS,Bottoms,Fashion Hub Ltd,170.5,77.0,3
Cognac Ankle Boot,,Footwear,Textile World Co,206.71,39.0,1
Burgundy Widebrim Hat,,Accessories,Apparel Solutions,214.23,10.0,1
Black Vneck Sweater,,Tops,Apparel Solutions,160.77,106.0,1
Emerald Twill Scarf,,Accessories,Apparel Solutions,171.48,77.0,1
Tan Midi Skirt,,Bottoms,Apparel Solutions,116.02,5.0,1
Emerald Denim Jacket,,Outerwear,Textile World Co,204.15,25.0,1
Burgundy Woven Belt,,Accessories,Atelier Nord,131.17,94.0,1
Blush Ankle Boot,,Footwear,Atelier Nord,171.66,115.0,1
Blush Midi Skirt,,Bottoms,Apparel Solutions,128.23,48.0,1
Emerald Heeled Mule,,Footwear,Atelier Nord,77.66,100.0,1
Charcoal Trench Coat,,Outerwear,,127.54,77.0,1
Tan Espadrille,L,Footwear,Apparel Solutions,175.27,27.0,3
Burgundy Pleated Skirt,M,Bottoms,Atelier Nord,166.98,91.0,2
Charcoal Loafer,,Footwear,Apparel Solutions,135.59,129.0,1
Beige Ballet Flat,XXL,Footwear,Fashion Hub Ltd,150.24,24.0,3
Cognac Shift Dress,,Dresses,Textile World Co,147.51,130.0,1
Cognac Shift Dre Ss,,Dresses,Textile World Co,77.27,130.0,1
Black Ankle Boot,,Footwear,Textile World Co,229.55,121.0,1
Burgundy Puffer Vest,,Outerwear,Apparel Solutions,97.57,130.0,1
Beige Blazer,M,Outerwear,Atelier Nord,246.07,88.0,3
Indigo Twill Scarf,XL,Accessories,Apparel Solutions,198.63,6.0,3
Tan Wool Peacoat,XL,Outerwear,Textile World Co,233.97,114.0,2
Burgundy Espadrille,XL,Footwear,Atelier Nord,130.66,62.0,2
White Espadrille,,Footwear,Fashion Hub Ltd,207.09,112.0,1
Charcoal Blazer,,Outerwear,Atelier Nord,219.29,15.0,1
Charcoal Denim Short,XL,Bottoms,Apparel Solutions,311.3,137.0,3
Ivory Wool Peacoat,,Outerwear,Apparel Solutions,138.55,67.0,1
Charcoal Trench Coat,,Outerwear,Apparel Solutions,84.72,76.0,1
Charcoal Shirt Dress,,Dresses,Atelier Nord,158.39,89.0,1
Camel Woven Belt,,Accessories,Atelier Nord,173.95,93.0,1
Camel Midi Dress,XS,Dresses,Apparel Solutions,304.22,20.0,3
Tan Turtleneck,,Tops,Fashion Hub Ltd,98.07,84.0,1
Tan Moto Jacket,S,Outerwear,Fashion Hub Ltd,309.65,40.0,3
Emerald Crossbody Bag,XXL,Accessories,,251.88,73.0,2
Black Shirt Dress,,Dresses,Textile World Co,219.99,9.0,1
Black Trench Coat,L,Outerwear,Atelier Nord,74.76,82.0,3
Camel Crewneck Tee,XL,Tops,Fashion Hub Ltd,171.09,85.0,3
Cognac Blazer,,Outerwear,Atelier Nord,243.28,37.0,1
Camel Heeled Mule,,Footwear,Fashion Hub Ltd,111.0,117.0,1
Ivory Shirt Dress,,Dresses,Apparel Solutions,231.58,49.0,1
Indigo Espadrille,,Footwear,Apparel Solutions,131.55,24.0,1
Blush Chino Pant,,Bottoms,Fashion Hub Ltd,160.57,60.0,1
Camel Shift Dress,,Dresses,Fashion Hub Ltd,182.83,79.0,1
Tan Skinny Jean,,Bottoms,Atelier Nord,173.77,103.0,1
Camel Espadrille,XXL,Footwear,Fashion Hub Ltd,256.69,84.0,3
Charcoal Lowtop Sneaker,S,Footwear,Atelier Nord,65.48,85.0,3
Emerald Widebrim Hat,XL,Accessories,Textile World Co,253.54,6.0,3
Burgundy Puffer Vest,,Outerwear,Fashion Hub Ltd,133.0,28.0,1
Charcoal Loafer,,Footwear,Textile World Co,203.45,148.0,1
Burgundy Turtleneck,,Tops,Atelier Nord,207.26,130.0,1
Ivory Henley,,Tops,Atelier Nord,111.41,9.0,1
Camel Blazer,XXL,Outerwear,,138.88,0.0,1
White Denim Short,XS,Bottoms,Atelier Nord,74.18,31.0,3
Emerald Vneck Sweater,XS,Tops,Apparel Solutions,137.7,34.0,2
White Denim Jacket,,Outerwear,Textile World Co,246.29,89.0,1
Indigo Denim Short,,Bottoms,Textile World Co,148.89,57.0,1
Camel Crewneck Tee,,Tops,Atelier Nord,207.66,58.0,1
Ivory Wool Peacoat,M,Outerwear,Textile World Co,310.08,28.0,3
Beige Crossbody Bag,,Accessories,Textile World Co,153.48,38.0,1
Beige Henley,XXL,Tops,Fashion Hub Ltd,92.53,11.0,3
Cognac Trench Coat,,Outerwear,Fashion Hub Ltd,212.29,74.0,1
Blush Widebrim Hat,,Accessories,Apparel Solutions,131.07,36.0,1
Indigo Lowtop Sneaker,,Footwear,Apparel Solutions,141.3,44.0,1
Cognac Crossbody Bag,,Accessories,Fashion Hub Ltd,166.24,97.0,1
Burgundy Ballet Flat,,Footwear,Atelier Nord,170.25,111.0,1
Charcoal Heeled Mule,S,,,191.19,37.0,2
Cognac Moto Jacket,L,Outerwear,Atelier Nord,173.86,34.0,3
Cognac Moto Jacke T,L,Outerwear,Atelier Nord,192.31,34.0,1
Charcoal Pleated Skirt,,Bottoms,Fashion Hub Ltd,203.05,90.0,1
Charcoal Espadrille,,Footwear,Apparel Solutions,102.89,10.0,1
Beige Turtleneck,,Tops,Textile World Co,162.09,85.0,1
Charcoal Turtleneck,,Tops,Fashion Hub Ltd,267.75,123.0,1
Burgundy Widebrim Hat,,Accessories,Atelier Nord,193.48,82.0,1
Emerald Maxi Dress,,Dresses,Apparel Solutions,119.19,92.0,1
White Denim Jacket,,Outerwear,Atelier Nord,180.8,81.0,1
Indigo Shift Dress,XS,Dresses,Textile World Co,240.61,4.0,3
Beige Loafer,,Footwear,Atelier Nord,140.98,50.0,1
Beige Chino Pant,S,Bottoms,Atelier Nord,182.4,86.0,3
Tan Blazer,,Outerwear,Atelier Nord,166.96,90.0,1
Cognac Linen Pant,L,Bottoms,Textile World Co,248.13,123.0,3
White Crewneck Tee,,Tops,Fashion Hub Ltd,189.97,105.0,1
White Leather Tote,,Accessories,Textile World Co,139.21,129.0,1
Beige Wrap Dress,,Dresses,Atelier Nord,126.79,10.0,1
Indigo Loafer,,Footwear,Fashion Hub Ltd,204.36,70.0,1
Charcoal Silk Blouse,S,Tops,Apparel Solutions,262.21,75.0,3
Blush Moto Jacket,L,Outerwear,Atelier Nord,119.95,57.0,3
Tan Twill Scarf,,Accessories,Fashion Hub Ltd,156.91,90.0,1
Black Heeled Mule,,Footwear,Fashion Hub Ltd,156.8,21.0,1
Blush Blazer,,Outerwear,Fashion Hub Ltd,206.96,10.0,1
Burgundy Midi Skirt,XL,Bottoms,Atelier Nord,166.01,13.0,3
Beige Slip Dress,XXL,Dresses,Fashion Hub Ltd,69.09,80.0,3
Ivory Denim Short,,Bottoms,Atelier Nord,199.81,75.0,1
Beige Lowtop Sneaker,L,Footwear,Apparel Solutions,121.75,28.0,3
Beige Tank Top,,Tops,Atelier Nord,270.15,83.0,1
Emerald Woven Belt,,Accessories,Textile World Co,203.05,96.0,1
Beige Linen Pant,XXL,Bottoms,Atelier Nord,117.88,61.0,3
Blush Wool Pe Acoat,,,Fashion Hub Ltd,18.76,78.0,1
White Shift Dress,,Dresses,Fashion Hub Ltd,149.29,114.0,1
Indigo Ballet Flat,,Footwear,Apparel Solutions,104.89,28.0,1
Beige Lowtop Sneaker,,Footwear,Textile World Co,241.48,33.0,1
Camel Shift Dress,L,Dresses,Textile World Co,87.46,110.0,3
Emerald Wool Peacoat,XS,Outerwear,Apparel Solutions,189.25,63.0,3
Blush Cardigan,XL,Tops,Atelier Nord,250.07,77.0,3
Tan Maxi Dress,,Dresses,Textile World Co,151.21,53.0,1
Indigo Midi Dress,,Dresses,Apparel Solutions,166.42,125.0,1
Indigo Pleated Skirt,,Bottoms,Atelier Nord,181.5,51.0,1
Tan Lowtop Sneaker,XL,Footwear,Fashion Hub Ltd,311.76,118.0,2
Camel Chino Pant,XXL,Bottoms,Fashion Hub Ltd,256.48,100.0,2
Tan Trench Coat,,Outerwear,Textile World Co,71.21,50.0,1
Cognac Crossbody Bag,XS,Accessories,Apparel Solutions,226.95,137.0,3
White Twill Scarf,S,Accessories,Apparel Solutions,156.61,23.0,3
Camel Vneck Sweater,,Tops,Textile World Co,94.77,100.0,1
Indigo Buttonup Shirt,XS,Tops,Fashion Hub Ltd,270.48,36.0,3
Emerald Shift Dress,S,Dresses,,130.69,24.0,1
Emerald Statement Earrings,,Accessories,Fashion Hub Ltd,130.9,29.0,1
White Shirt Dress,,Dresses,Textile World Co,219.47,62.0,1
Ivory Denim Short,M,Bottoms,Atelier Nord,307.41,59.0,3
Ivory Blazer,,Outerwear,Atelier Nord,107.04,51.0,1
Blush Silk Blouse,,Tops,Textile World Co,150.18,79.0,1
Tan Puffer Vest,,Outerwear,Atelier Nord,182.76,28.0,1
Beige Maxi Dress,,Dresses,Apparel Solutions,132.7,21.0,1
White Pleated Skirt,S,Bottoms,Apparel Solutions,54.42,95.0,3
Cognac Blazer,,Outerwear,,192.29,125.0,1
Blush Wideleg Trouser,L,Bottoms,Fashion Hub Ltd,289.32,0.0,3
Indigo Wideleg Trouser,XL,Bottoms,Atelier Nord,196.31,120.0,3
Emerald Crossbody Bag,,Accessories,Fashion Hub Ltd,217.11,56.0,1
Cognac Ballet Flat,,Footwear,Atelier Nord,200.13,108.0,1
Charcoal Statement Earrings,M,Accessories,Fashion Hub Ltd,175.85,89.0,3
Tan Widebrim Hat,L,Accessories,Textile World Co,201.84,52.0,3
Camel Shirt Dress,M,Dresses,Apparel Solutions,313.31,116.0,2
Indigo Silk Blouse,XS,Tops,Apparel Solutions,219.65,32.0,3
Ivory Wideleg Trouser,,Bottoms,Apparel Solutions,224.16,111.0,1
Ivory Wide Leg Trouser,,Bottoms,Apparel Solutions,261.96,111.0,1
Tan Denim Short,,Bottoms,Atelier Nord,157.17,19.0,1
Cognac Cardigan,,Tops,Apparel Solutions,221.21,94.0,1
Beige Wool Peacoat,,Outerwear,Fashion Hub Ltd,262.58,130.0,1
Blush Statement Earrings,,Accessories,Atelier Nord,164.64,114.0,1
Camel Chino Pant,M,Bottoms,Apparel Solutions,148.73,38.0,3
Tan Wool Peacoat,,Outerwear,Fashion Hub Ltd,173.38,117.0,1
Emerald Silk Blouse,,Tops,Fashion Hub Ltd,208.06,109.0,1
Tan Leather Tote,,Accessories,Textile World Co,204.5,70.0,1
Camel Woven Belt,XS,Accessories,Apparel Solutions,246.78,42.0,3
Camel Blazer,,Outerwear,Textile World Co,167.94,23.0,1
Charcoal Crewneck Tee,,Tops,Fashion Hub Ltd,196.12,57.0,1
Black Crossbody Bag,,Accessories,Apparel Solutions,238.17,108.0,1
White Chino Pant,,Bottoms,Atelier Nord,92.92,37.0,1
Camel Shift Dress,,Dresses,Atelier Nord,156.93,43.0,1
White Leather Tote,,Accessories,Fashion Hub Ltd,189.65,31.0,1
Charcoal Shirt Dress,,Dresses,Textile World Co,268.22,112.0,1
White Skinny Jean,,Bottoms,Fashion Hub Ltd,189.08,108.0,1
Burgundy Loafer,XL,Footwear,Apparel Solutions,263.27,6.0,3
Charcoal Woven Belt,,Accessories,Textile World Co,181.0,75.0,1
Emerald Turtleneck,,Tops,Fashion Hub Ltd,174.66,18.0,1
Blush Tank Top,,Tops,Atelier Nord,213.66,107.0,1
Black Midi Dress,XS,Dresses,Atelier Nord,186.35,128.0,3
Burgundy Denim Jacket,,Outerwear,Fashion Hub Ltd,195.99,137.0,1
White Pleated Skirt,M,Bottoms,Fashion Hub Ltd,173.6,54.0,3
Blush Denim Short,,Bottoms,Fashion Hub Ltd,181.14,111.0,1
Charcoal Skinny Jean,XS,Bottoms,Atelier Nord,79.44,3.0,3
Tan Statement Earrings,,Accessories,Textile World Co,161.12,35.0,1
Emerald Silk Blouse,,Tops,Apparel Solutions,189.88,32.0,1
Burgundy Buttonup Shirt,XL,Tops,Fashion Hub Ltd,168.48,130.0,3
Beige Henley,S,Tops,Apparel Solutions,66.28,26.0,3
White Statement Earrings,,Accessories,Fashion Hub Ltd,181.28,17.0,1
Blush Henley,,Tops,Textile World Co,129.51,9.0,1
White Shift Dress,,Dresses,Apparel Solutions,204.49,13.0,1
Cognac Midi Skirt,,Bottoms,Atelier Nord,46.44,119.0,1
Blush Shift Dress,,Dresses,Atelier Nord,142.21,49.0,1
Burgundy Ballet Flat,XL,Footwear,Textile World Co,125.12,126.0,3
Cognac Linen Pant,,Bottoms,Textile World Co,136.51,109.0,1
Burgundy Crossbody Bag,,Accessories,Apparel Solutions,84.64,124.0,1
Black Denim Jacket,S,Outerwear,Apparel Solutions,142.54,56.0,3
Burgundy Heeled Mule,,Footwear,Atelier Nord,210.85,21.0,1
Tan Silk Blouse,,Tops,Fashion Hub Ltd,115.96,15.0,1
Charcoal Leather Tote,,Accessories,Apparel Solutions,178.37,100.0,1
Blush Woven Belt,,Accessories,Apparel Solutions,170.38,51.0,1
Ivory Ankle Boot,,Footwear,,154.28,80.0,1
Charcoal Tank Top,L,Tops,Apparel Solutions,119.84,39.0,3
Tan Midi Skirt,,Bottoms,Fashion Hub Ltd,103.88,84.0,1
Indigo Skinny Jean,,Bottoms,Textile World Co,84.46,12.0,1
Black Skinny Jean,XS,Bottoms,Textile World Co,139.72,89.0,3
Tan Statement Earrings,XS,Accessories,Apparel Solutions,308.52,21.0,1
Tan Turtleneck,L,Tops,Textile World Co,45.24,84.0,3
Black Henley,,Tops,Atelier Nord,226.9,101.0,1
Tan Cardigan,,Tops,Textile World Co,223.3,54.0,1
Ivory Maxi Dress,,Dresses,Textile World Co,159.08,127.0,1
Charcoal Widebrim Hat,XXL,Accessories,Fashion Hub Ltd,266.67,91.0,3
Blush Heeled Mule,XL,Footwear,Apparel Solutions,138.25,46.0,3
Charcoal Slip Dress,XS,Dresses,Apparel Solutions,116.81,120.0,3
Charcoal Slip Dre Ss,XS,Dresses,Apparel Solutions,37.81,120.0,1
Charcoal Slip Dress,,Dresses,,103.31,61.0,1
Black Espadrille,S,Footwear,Atelier Nord,125.97,44.0,3
Blush Denim Short,,Bottoms,Apparel Solutions,147.22,7.0,1
Beige Woven Belt,XL,Accessories,Textile World Co,185.44,63.0,3
Camel Puffer Vest,S,Outerwear,,26.92,26.0,1
Black Lowtop Sneaker,XL,Footwear,Atelier Nord,91.54,65.0,3
White Leather Tote,,Accessories,Apparel Solutions,158.01,95.0,1
Beige Crossbody Bag,,Accessories,Apparel Solutions,168.62,34.0,1
Tan Crossbody Bag,,Accessories,Apparel Solutions,94.3,91.0,1
Ivory Widebrim Hat,,Accessories,Apparel Solutions,129.49,75.0,1
Black Linen Pant,,Bottoms,Atelier Nord,126.37,8.0,1
Beige Ballet Flat,,Footwear,Fashion Hub Ltd,202.91,36.0,1
Charcoal Twill Scarf,M,Accessories,Apparel Solutions,150.35,22.0,3
Tan Statement Earrings,,Accessories,Apparel Solutions,121.92,67.0,1
White Linen Pant,M,Bottoms,Apparel Solutions,254.95,0.0,3
Burgundy Denim Jacket,L,Outerwear,Textile World Co,275.7,126.0,3
Indigo Slip Dress,,Dresses,,275.15,46.0,1
Black Moto Jacket,,Outerwear,Fashion Hub Ltd,91.63,26.0,1
Black Trench Coat,,Outerwear,Apparel Solutions,160.65,48.0,1
Camel Linen Pant,,Bottoms,Atelier Nord,283.2,78.0,1
Emerald Denim Jacket,,Outerwear,Apparel Solutions,169.44,139.0,1
Indigo Pleated Skirt,M,Bottoms,Textile World Co,147.79,62.0,3
Charcoal Wool Peacoat,M,Outerwear,Fashion Hub Ltd,61.86,24.0,3
Cognac Woven Belt,,Accessories,Textile World Co,152.03,99.0,1
Cognac Heeled Mule,XXL,Footwear,Atelier Nord,194.43,61.0,3
Indigo Wrap Dress,,Dresses,Fashion Hub Ltd,193.39,122.0,1
Beige Espadrille,,Footwear,Fashion Hub Ltd,201.5,114.0,1
Charcoal Wideleg Trouser,,Bottoms,Fashion Hub Ltd,153.8,111.0,1
Indigo Puffer Vest,,Outerwear,Apparel Solutions,276.73,134.0,1
White Cardigan,,Tops,Textile World Co,74.62,18.0,1
Camel Ankle Boot,,Footwear,Apparel Solutions,233.19,67.0,1
Beige Crossbody Bag,,Accessories,Atelier Nord,153.04,70.0,1
Beige Denim Short,XXL,Bottoms,Atelier Nord,28.63,84.0,3
Burgundy Skinny Jean,L,Bottoms,Apparel Solutions,261.19,5.0,3
Indigo Trench Coat,,Outerwear,Atelier Nord,190.6,95.0,1
White Silk Blouse,,Tops,Atelier Nord,205.48,134.0,1
Ivory Ankle Boot,S,Footwear,Textile World Co,275.19,63.0,2
Blush Moto Jacket,,Outerwear,Textile World Co,117.13,118.0,1
White Blazer,,Outerwear,Fashion Hub Ltd,63.67,125.0,1
Emerald Trench Coat,,Outerwear,Apparel Solutions,128.68,51.0,1
Camel Twill Scarf,,Accessories,Atelier Nord,126.05,42.0,1
Charcoal Linen Pant,,Bottoms,Textile World Co,162.86,113.0,1
Emerald Crewneck Tee,S,Tops,Textile World Co,199.03,16.0,3
Camel Slip Dress,,Dresses,Apparel Solutions,233.75,96.0,1
Camel Maxi Dress,,Dresses,Atelier Nord,67.16,133.0,1
Beige Heeled Mule,XS,Footwear,Fashion Hub Ltd,164.47,88.0,3
Beige Widebrim Hat,M,Accessories,,226.79,123.0,1
Tan Shift Dress,,Dresses,Apparel Solutions,198.34,63.0,1
Charcoal Denim Short,,Bottoms,Atelier Nord,206.1,43.0,1
Camel Henley,M,Tops,Atelier Nord,128.18,9.0,3
Charcoal Widebrim Hat,,Accessories,Textile World Co,220.45,121.0,1
Camel Slip Dress,,Dresses,Textile World Co,183.47,120.0,1
Burgundy Woven Belt,,Accessories,Textile World Co,168.03,85.0,1
Blush Turtleneck,,Tops,Apparel Solutions,141.37,84.0,1
Camel Slip Dress,,Dresses,Fashion Hub Ltd,123.61,18.0,1
White Denim Short,,Bottoms,Atelier Nord,161.86,90.0,1
Charcoal Wideleg Trouser,,Bottoms,Atelier Nord,244.28,122.0,1
Ivory Shirt Dress,XS,Dresses,Atelier Nord,148.75,49.0,3
White Chino Pant,S,Bottoms,Atelier Nord,143.67,103.0,3
Black Denim Jacket,,Outerwear,Textile World Co,151.14,12.0,1
Black Lowtop Sneaker,,Footwear,Fashion Hub Ltd,189.1,63.0,1
Camel Woven Belt,,Accessories,Fashion Hub Ltd,189.04,93.0,1
Ivory Blazer,M,Outerwear,Atelier Nord,149.98,48.0,3
Charcoal Moto Jacket,,Outerwear,Textile World Co,198.09,0.0,1
White Lowtop Sneaker,,Footwear,Fashion Hub Ltd,215.36,65.0,1
Indigo Twill Scarf,,Accessories,Atelier Nord,79.7,68.0,1
Charcoal Leather Tote,,Accessories,Fashion Hub Ltd,183.12,25.0,1
White Widebrim Hat,M,Accessories,Fashion Hub Ltd,201.78,127.0,3
Camel Lowtop Sneaker,,Footwear,Textile World Co,154.11,104.0,1
Black Skinny Jean,,Bottoms,Fashion Hub Ltd,250.25,116.0,1
Burgundy Vneck Sweater,,Tops,Fashion Hub Ltd,200.06,59.0,1
Emerald Shift Dress,,Dresses,Fashion Hub Ltd,210.22,10.0,1
Tan Shift Dress,,Dresses,Atelier Nord,221.03,24.0,1
Ivory Crewneck Tee,XXL,Tops,Textile World Co,117.12,112.0,2
White Shirt Dress,M,Dresses,Apparel Solutions,126.64,102.0,3
Burgundy Linen Pant,XS,Bottoms,Textile World Co,48.27,123.0,3
Emerald Espadrille,S,Footwear,Atelier Nord,214.58,22.0,3
Ivory Statement Earrings,,Accessories,Atelier Nord,123.04,105.0,1
Camel Vneck Sweater,XXL,Tops,Apparel Solutions,22.13,134.0,2
Burgundy Widebrim Hat,,Accessories,Textile World Co,261.46,86.0,1
Burgundy Espadrille,,Footwear,Fashion Hub Ltd,156.03,65.0,1
Tan Shirt Dress,,Dresses,Atelier Nord,148.72,13.0,1
Cognac Leather Tote,L,Accessories,Atelier Nord,296.74,19.0,3
Charcoal Wool Peacoat,,Outerwear,Apparel Solutions,152.31,72.0,1
Indigo Crossbody Bag,,Accessories,Fashion Hub Ltd,228.28,114.0,1
Blush Denim Jacket,,Outerwear,Atelier Nord,192.87,1.0,1
Black Denim Jacket,,Outerwear,Fashion Hub Ltd,158.83,77.0,1
Tan Lowtop Sneaker,,Footwear,Atelier Nord,229.03,96.0,1
Emerald Turtleneck,M,Tops,Atelier Nord,235.73,107.0,3
White Moto Jacket,,Outerwear,,157.93,92.0,1
Cognac Woven Belt,,Accessories,Apparel Solutions,228.5,11.0,1
Burgundy Trench Coat,,Outerwear,,51.39,50.0,1
Charcoal Cardigan,,Tops,Textile World Co,138.96,38.0,1
Tan Moto Jacket,,Outerwear,Fashion Hub Ltd,232.93,115.0,1
Emerald Puffer Vest,,Outerwear,Textile World Co,260.15,46.0,1
Indigo Skinny Jean,,Bottoms,Apparel Solutions,172.58,98.0,1
Charcoal Espadrille,M,Footwear,Atelier Nord,253.15,75.0,3
Indigo Wideleg Trouser,,Bottoms,Apparel Solutions,216.14,140.0,1
Burgundy Shirt Dress,,Dresses,Textile World Co,98.19,74.0,1
Ivory Shirt Dress,,Dresses,Textile World Co,162.58,86.0,1
Cognac Tank Top,,Tops,Atelier Nord,200.58,121.0,1
Cognac Moto Jacket,,Outerwear,Fashion Hub Ltd,159.7,13.0,1
Camel Turtleneck,S,Tops,Apparel Solutions,241.6,37.0,3
Charcoal Buttonup Shirt,,Tops,Fashion Hub Ltd,210.83,109.0,1
Camel Espadrille,,Footwear,,191.66,109.0,1
Cognac Woven Belt,,Accessories,Fashion Hub Ltd,163.13,51.0,1
Tan Trench Coat,,Outerwear,Apparel Solutions,181.96,139.0,1
Burgundy Lowtop Sneaker,,Footwear,Apparel Solutions,156.12,18.0,1
Burgundy Lowtop Sne Aker,,Footwear,Apparel Solutions,156.12,18.0,1
Ivory Midi Dress,,Dresses,Apparel Solutions,105.53,109.0,1
Ivory Skinny Jean,,Bottoms,Fashion Hub Ltd,150.88,77.0,1
Blush Loafer,,Footwear,Apparel Solutions,176.06,47.0,1
Indigo Silk Blouse,,Tops,Atelier Nord,45.82,56.0,1
Blush Woven Belt,M,Accessories,Apparel Solutions,81.99,135.0,3
Black Espadrille,XS,Footwear,Apparel Solutions,152.93,63.0,3
Indigo Woven Belt,,Accessories,Atelier Nord,135.5,72.0,1
Cognac Ballet Flat,XL,Footwear,Atelier Nord,177.55,75.0,3
Cognac Pleated Skirt,,Bottoms,Fashion Hub Ltd,106.59,135.0,1
Charcoal Vneck Sweater,,,Textile World Co,261.05,116.0,1
Cognac Turtleneck,XXL,Tops,Atelier Nord,154.0,18.0,3
Black Leather Tote,,Accessories,Apparel Solutions,148.03,18.0,1
Camel Midi Skirt,,Bottoms,Fashion Hub Ltd,176.44,68.0,1
Emerald Denim Jacket,,Outerwear,Atelier Nord,180.37,0.0,1
Cognac Twill Scarf,,Accessories,Fashion Hub Ltd,236.17,11.0,1
Cognac Tank Top,,Tops,Apparel Solutions,255.27,91.0,1
Emerald Buttonup Shirt,,Tops,Atelier Nord,233.68,7.0,1
Charcoal Denim Short,S,Bottoms,Atelier Nord,234.94,138.0,3
Camel Leather Tote,,Accessories,Apparel Solutions,167.84,2.0,1
Camel Ankle Boot,,Footwear,,81.94,131.0,1
Charcoal Wideleg Trouser,XL,Bottoms,Apparel Solutions,77.67,61.0,2
Cognac Ankle Boot,,Footwear,Fashion Hub Ltd,104.72,27.0,1
Charcoal Statement Earrings,,Accessories,Apparel Solutions,228.6,49.0,1
Blush Denim Jacket,XL,Outerwear,Apparel Solutions,222.11,39.0,3
Blush Ballet Flat,L,Footwear,Textile World Co,18.69,63.0,3
Burgundy Linen Pant,,Bottoms,Atelier Nord,187.59,79.0,1
Blush Statement Earrings,L,Accessories,Atelier Nord,155.77,78.0,3
Burgundy Pleated Skirt,,Bottoms,Fashion Hub Ltd,156.5,4.0,1
Cognac Balle T Flat,,Footwear,Atelier Nord,215.12,38.0,1
Beige Trench Coat,XXL,Outerwear,Apparel Solutions,58.59,134.0,2
Blush Cardigan,XL,Tops,Fashion Hub Ltd,154.4,54.0,3
Emerald Lowtop Sneaker,,Footwear,Textile World Co,148.39,37.0,1
Blush Crossbody Bag,,Accessories,Textile World Co,182.13,59.0,1
Black Denim Jacket,XS,Outerwear,Apparel Solutions,34.95,133.0,3
Camel Shirt Dress,,Dresses,Textile World Co,115.71,82.0,1
White Espadrille,,Footwear,Apparel Solutions,129.84,57.0,1
Ivory Chino Pant,,Bottoms,Fashion Hub Ltd,105.49,71.0,1
Ivory Wideleg Trouser,,Bottoms,Fashion Hub Ltd,184.12,100.0,1
White Shirt Dress,L,Dresses,Atelier Nord,162.9,41.0,3
Black Widebrim Hat,,Accessories,Textile World Co,81.87,66.0,1
Beige Heeled Mule,,Footwear,Fashion Hub Ltd,180.63,76.0,1
Beige Chino Pant,,Bottoms,Atelier Nord,104.31,102.0,1
Beige Midi Skirt,S,Bottoms,Apparel Solutions,70.31,101.0,3
White Loafer,,Footwear,Atelier Nord,195.83,27.0,1
Cognac Denim Short,,Bottoms,Atelier Nord,227.97,10.0,1
Beige Puffer Vest,,Outerwear,Fashion Hub Ltd,168.02,44.0,1
Tan Ankle Boot,,Footwear,Atelier Nord,178.49,82.0,1
Charcoal Cardigan,,Tops,Atelier Nord,111.05,17.0,1
Emerald Pleated Skirt,S,Bottoms,Fashion Hub Ltd,88.8,152.0,3
Tan Cardigan,,Tops,,143.06,27.0,1
Beige Blazer,,Outerwear,Apparel Solutions,251.86,108.0,1
Camel Slip Dress,,Dresses,Atelier Nord,201.61,105.0,1
Ivory Heeled Mule,,Footwear,Atelier Nord,170.76,80.0,1
Indigo Shirt Dress,,Dresses,Textile World Co,247.15,30.0,1
Burgundy Chino Pant,S,Bottoms,Fashion Hub Ltd,84.83,104.0,2
Beige Slip Dress,,Dresses,Fashion Hub Ltd,196.16,0.0,1
Emerald Silk Blouse,XL,Tops,Atelier Nord,187.39,67.0,3
Beige Wrap Dress,XS,Dresses,Atelier Nord,301.85,102.0,2
Camel Widebrim Hat,,Accessories,Fashion Hub Ltd,220.51,44.0,1
Black Denim Jacket,,Outerwear,Apparel Solutions,159.83,130.0,1
Beige Leather Tote,,Accessories,Fashion Hub Ltd,127.15,8.0,1
Indigo Buttonup Shirt,M,Tops,Atelier Nord,138.17,51.0,3
White Vneck Sweater,,Tops,Apparel Solutions,101.28,89.0,1
Beige Midi Dress,,Dresses,Atelier Nord,175.37,0.0,1
Cognac Ballet Flat,,Footwear,Apparel Solutions,222.48,91.0,1
Blush Trench Coat,,Outerwear,Atelier Nord,234.58,7.0,1
White Buttonup Shirt,,Tops,Textile World Co,203.3,58.0,1
Blush Maxi Dress,,Dresses,Fashion Hub Ltd,190.87,67.0,1
Indigo Wrap Dress,,Dresses,Apparel Solutions,196.31,45.0,1
Charcoal Shift Dress,,Dresses,Apparel Solutions,72.76,48.0,1
Charcoal Shift Dre Ss,,Dresses,Apparel Solutions,72.76,48.0,1
Charcoal Leather Tote,,Accessories,Textile World Co,253.41,52.0,1
Charcoal Midi Skirt,,Bottoms,Apparel Solutions,62.0,38.0,1
Beige Maxi Dress,,Dresses,Atelier Nord,107.96,130.0,1
Beige Trench Coat,S,Outerwear,Fashion Hub Ltd,121.56,108.0,3
Cognac Ankle Boot,,Footwear,Atelier Nord,195.8,44.0,1
Blush Henley,,Tops,Fashion Hub Ltd,21.87,53.0,1
Blush Ankle Boot,,Footwear,Apparel Solutions,154.9,67.0,1
Blush Blazer,,Outerwear,Atelier Nord,163.87,35.0,1
Ivory Denim Jacket,XXL,Outerwear,Apparel Solutions,260.62,72.0,2
Tan Maxi Dress,,Dresses,Atelier Nord,159.33,66.0,1
Cognac Slip Dress,,Dresses,Apparel Solutions,199.54,31.0,1
Charcoal Widebrim Hat,XL,Accessories,Textile World Co,173.2,72.0,3
Cognac Shirt Dress,,Dresses,Atelier Nord,168.87,97.0,1
Beige Widebrim Hat,L,Accessories,Fashion Hub Ltd,96.31,87.0,3
Burgundy Wool Peacoat,,Outerwear,Atelier Nord,141.23,49.0,1
Burgundy Silk Blouse,S,Tops,Apparel Solutions,223.64,20.0,3
White Chino Pant,,Bottoms,Fashion Hub Ltd,189.4,128.0,1
Indigo Crewneck Tee,,Tops,Fashion Hub Ltd,49.14,37.0,1
Camel Crossbody Bag,,Accessories,Textile World Co,259.44,113.0,1
Beige Lowtop Sneaker,,Footwear,Atelier Nord,177.55,111.0,1
Cognac Statement Earrings,M,Accessories,Apparel Solutions,162.72,58.0,3
Camel Henley,,Tops,Atelier Nord,91.93,73.0,1
Blush Silk Blouse,,Tops,,182.09,125.0,1
Indigo Midi Dress,,Dresses,Atelier Nord,193.38,41.0,1
Indigo Statement Earrings,,Accessories,Textile World Co,178.53,108.0,1
Beige Denim Short,XXL,Bottoms,Apparel Solutions,107.46,136.0,2
Charcoal Maxi Dress,,Dresses,Textile World Co,114.74,28.0,1
Emerald Puffer Vest,M,Outerwear,Atelier Nord,73.75,4.0,2
Ivory Crewneck Tee,XS,Tops,Apparel Solutions,68.25,112.0,3
White Turtleneck,,Tops,Fashion Hub Ltd,177.02,87.0,1
White Maxi Dress,XL,Dresses,Atelier Nord,163.57,64.0,3
Charcoal Twill Scarf,L,Accessories,Fashion Hub Ltd,172.61,49.0,3
Camel Blazer,M,Outerwear,Textile World Co,215.17,25.0,2
White Turtleneck,,Tops,Atelier Nord,158.93,42.0,1
White Slip Dress,L,Dresses,Textile World Co,164.05,10.0,3
Burgundy Crossbody Bag,,Accessories,Textile World Co,169.69,11.0,1
White Chino Pant,,Bottoms,Apparel Solutions,202.56,15.0,1
Ivory Shirt Dress,,Dresses,Fashion Hub Ltd,169.59,59.0,1
Blush Espadrille,L,Footwear,Textile World Co,53.37,101.0,3
Camel Leather Tote,,Accessories,Atelier Nord,230.78,75.0,1
Charcoal Crossbody Bag,,Accessories,Textile World Co,154.38,75.0,1
Beige Wool Peacoat,,Outerwear,Textile World Co,199.42,39.0,1
Cognac Shift Dress,M,Dresses,Atelier Nord,67.68,118.0,3
Tan Twill Scarf,,Accessories,Atelier Nord,176.57,127.0,1
Beige Lowtop Sneaker,M,Footwear,Apparel Solutions,136.71,82.0,2
Black Vneck Sweater,,Tops,Textile World Co,180.56,51.0,1
White Trench Coat,XS,Outerwear,Atelier Nord,256.91,134.0,3
Camel Widebrim Hat,XS,Accessories,Apparel Solutions,158.88,32.0,3
Came L Widebrim Hat,XS,Accessories,Apparel Solutions,80.86,32.0,1
Emerald Linen Pant,,Bottoms,Atelier Nord,198.96,15.0,1
Cognac Leather Tote,,Accessories,Textile World Co,96.82,54.0,1
Cognac Leather Tote,XXL,Accessories,Atelier Nord,244.87,91.0,3
Tan Blazer,L,Outerwear,Fashion Hub Ltd,67.08,61.0,2
Blush Puffer Vest,,Outerwear,Textile World Co,162.78,113.0,1
Beige Woven Belt,,Accessories,Textile World Co,113.87,140.0,1
Cognac Ankle Boot,S,Footwear,Apparel Solutions,87.72,56.0,3
Burgundy Wrap Dress,,Dresses,Textile World Co,107.5,117.0,1
Camel Wideleg Trouser,,Bottoms,Textile World Co,80.52,76.0,1
Burgundy Blazer,,Outerwear,,196.2,86.0,1
Indigo Widebrim Hat,,Accessories,Fashion Hub Ltd,232.0,85.0,1
White Denim Jacket,,Outerwear,Fashion Hub Ltd,180.7,97.0,1
Black Slip Dress,,Dresses,Textile World Co,74.82,56.0,1
Emerald Cardigan,XL,Tops,Fashion Hub Ltd,84.42,71.0,3
Ivory Trench Coat,,Outerwear,Fashion Hub Ltd,194.2,12.0,1
White Wool Peacoat,L,Outerwear,Atelier Nord,184.5,36.0,3
Cognac Chino Pant,,Bottoms,Atelier Nord,184.77,49.0,1
Cognac Espadrille,,Footwear,Textile World Co,143.63,119.0,1
White Widebrim Hat,,Accessories,Atelier Nord,190.54,89.0,1
Beige Shift Dress,,Dresses,Fashion Hub Ltd,174.54,57.0,1
Beige Heeled Mule,S,Footwear,Atelier Nord,68.34,66.0,3
Ivory Woven Belt,XXL,Accessories,Fashion Hub Ltd,51.78,8.0,3
Camel Lowtop Sneaker,XS,Footwear,Apparel Solutions,234.31,28.0,3
Camel Loafer,,Footwear,Atelier Nord,191.17,36.0,1
Black Statement Earrings,L,Accessories,Fashion Hub Ltd,90.99,25.0,3
Burgundy Midi Skirt,,Bottoms,Apparel Solutions,127.83,2.0,1
Camel Blazer,XXL,Outerwear,Apparel Solutions,254.12,4.0,3
White Loafer,,Footwear,Textile World Co,130.93,121.0,1
Blush Skinny Jean,,Bottoms,Apparel Solutions,221.53,77.0,1
Black Ballet Flat,XXL,Footwear,Apparel Solutions,281.0,7.0,2
Ivory Midi Dress,,Dresses,,215.24,22.0,1
Tan Puffer Vest,,Outerwear,Textile World Co,196.49,39.0,1
Blush Slip Dress,L,Dresses,Textile World Co,136.55,34.0,3
Charcoal Espadrille,S,Footwear,Apparel Solutions,195.67,121.0,2
Blush Silk Blouse,,Tops,Fashion Hub Ltd,266.72,105.0,1
Burgundy Maxi Dress,,Dresses,,61.68,48.0,1
Black Wideleg Trouser,,Bottoms,Apparel Solutions,114.62,66.0,1
Burgundy Trench Coat,XXL,Outerwear,,242.95,6.0,1
Emerald Puffer Vest,XXL,Outerwear,Apparel Solutions,143.14,62.0,3
Beige Moto Jacket,,Outerwear,Atelier Nord,206.87,101.0,1
Beige Widebrim Hat,,Accessories,Fashion Hub Ltd,194.73,115.0,1
Cognac Turtleneck,,Tops,Atelier Nord,183.94,10.0,1
Ivory Maxi Dress,L,Dresses,Apparel Solutions,202.32,13.0,2
Emerald Lowtop Sneaker,,Footwear,Atelier Nord,151.46,129.0,1
Beige Midi Skirt,,Bottoms,Textile World Co,174.43,82.0,1
Emerald Silk Blouse,,Tops,Textile World Co,235.47,20.0,1
Tan Shirt Dress,,Dresses,Textile World Co,230.41,31.0,1
Tan Henley,,Tops,Fashion Hub Ltd,169.59,101.0,1
Ivory Loafer,,Footwear,Atelier Nord,162.38,52.0,1
Ivory Espadrille,,Footwear,Textile World Co,156.41,13.0,1
Burgundy Shift Dress,L,Dresses,Apparel Solutions,206.27,30.0,3
Beige Skinny Jean,,,Fashion Hub Ltd,160.58,127.0,1
Charcoal Henley,S,Tops,Atelier Nord,141.61,113.0,3
Black Loafer,,Footwear,Apparel Solutions,187.94,53.0,1
Black Wideleg Trouser,XXL,Bottoms,Apparel Solutions,50.82,8.0,3
Camel Loafer,,Footwear,Fashion Hub Ltd,66.73,106.0,1
Camel Linen Pant,,Bottoms,Textile World Co,290.07,92.0,1
Cognac Heeled Mule,,Footwear,Textile World Co,145.37,27.0,1
Cognac Statement Earrings,,Accessories,Atelier Nord,172.61,73.0,1
Camel Ballet Flat,,Footwear,Apparel Solutions,252.36,127.0,1
Emerald Statement Earrings,,Accessories,Textile World Co,224.94,59.0,1
Beige Midi Skirt,,Bottoms,Atelier Nord,167.96,76.0,1
Black Leather Tote,,Accessories,Textile World Co,221.46,79.0,1
Camel Buttonup Shirt,,Tops,Apparel Solutions,216.22,17.0,1
Indigo Shift Dress,XXL,Dresses,Fashion Hub Ltd,285.35,39.0,3
Emerald Shirt Dress,,Dresses,Fashion Hub Ltd,265.46,123.0,1
Cognac Crossbody Bag,M,Accessories,Atelier Nord,256.32,114.0,3
Beige Buttonup Shirt,,Tops,Apparel Solutions,182.12,4.0,1
Blush Espadrille,M,Footwear,Fashion Hub Ltd,210.56,71.0,3
Indigo Tank Top,XXL,Tops,Textile World Co,190.3,99.0,2
Came L Ankle Boot,L,Footwear,Apparel Solutions,227.06,69.0,1
Charcoal Henley,M,Tops,Atelier Nord,262.76,77.0,3
Ivory Ballet Flat,XS,Footwear,Apparel Solutions,249.78,51.0,3
Blush Ballet Flat,S,Footwear,Fashion Hub Ltd,161.98,129.0,3
Burgundy Wideleg Trouser,,Bottoms,Atelier Nord,248.13,133.0,1
Black Buttonup Shirt,,Tops,Fashion Hub Ltd,209.63,11.0,1
Burgundy Espadrille,,Footwear,,206.85,76.0,1
Charcoal Pleated Skirt,,Bottoms,Apparel Solutions,134.72,81.0,1
White Blazer,,Outerwear,Textile World Co,177.46,29.0,1
Cognac Loafer,,Footwear,Textile World Co,198.68,140.0,1
Burgundy Midi Dress,,Dresses,Textile World Co,130.77,79.0,1
Emerald Slip Dress,,Dresses,Textile World Co,97.48,12.0,1
White Moto Jacket,L,Outerwear,Atelier Nord,63.9,114.0,3
Blush Shift Dress,S,Dresses,Fashion Hub Ltd,309.55,119.0,3
Burgundy Skinny Jean,,Bottoms,Fashion Hub Ltd,145.2,119.0,1
Ivory Wideleg Trouser,XL,Bottoms,Apparel Solutions,254.9,99.0,3
Emerald Tank Top,,Tops,Textile World Co,202.68,89.0,1
Cognac Lowtop Sneaker,,Footwear,Atelier Nord,205.6,27.0,1
White Espadrille,,Footwear,Atelier Nord,120.04,105.0,1
Indigo Widebrim Hat,L,Accessories,Apparel Solutions,179.09,60.0,3
White Statement Earrings,,Accessories,Atelier Nord,176.11,118.0,1
Emerald Ankle Boot,,Footwear,Apparel Solutions,211.88,17.0,1
Blush Cardigan,,Tops,Fashion Hub Ltd,49.09,35.0,1
Ivory Twill Scarf,XXL,Accessories,Textile World Co,156.3,74.0,3
Emerald Loafer,,Footwear,Textile World Co,231.39,81.0,1
Ivory Heeled Mule,,Footwear,Fashion Hub Ltd,128.03,140.0,1
White Tank Top,,Tops,Fashion Hub Ltd,196.95,100.0,1
Ivory Chino Pant,,Bottoms,Atelier Nord,169.75,92.0,1
Camel Trench Coat,,Outerwear,Textile World Co,41.34,23.0,1
Burgundy Silk Blouse,L,Tops,Atelier Nord,314.79,34.0,3
Indigo Linen Pant,,Bottoms,Atelier Nord,180.54,122.0,1
Emerald Puffer Vest,,Outerwear,Apparel Solutions,172.45,102.0,1
Burgundy Henley,S,Tops,Apparel Solutions,89.16,139.0,3
White Blazer,S,Outerwear,Apparel Solutions,161.8,20.0,3
Charcoal Ankle Boot,,Footwear,Fashion Hub Ltd,184.8,153.0,1
Beige Ballet Flat,,Footwear,Apparel Solutions,216.25,2.0,1
Beige Crossbody Bag,,Accessories,Fashion Hub Ltd,191.7,62.0,1
Black Widebrim Hat,,Accessories,Atelier Nord,119.0,129.0,1
Beige Twill Scarf,,Accessories,Textile World Co,173.37,94.0,1
Burgundy Pleated Skirt,,Bottoms,Atelier Nord,96.91,135.0,1
White Tank Top,,Tops,Textile World Co,167.35,105.0,1
Tan Trench Coat,L,Outerwear,Textile World Co,81.81,88.0,3
White Woven Belt,,Accessories,Textile World Co,128.02,118.0,1
Cognac Midi Dress,,Dresses,Fashion Hub Ltd,99.93,114.0,1
Tan Buttonup Shirt,,Tops,Atelier Nord,174.69,61.0,1
Charcoal Widebrim Hat,,Accessories,Apparel Solutions,212.18,46.0,1
Blush Henley,,Tops,Apparel Solutions,157.57,8.0,1
Beige Vneck Sweater,,Tops,Atelier Nord,175.42,33.0,1
Indigo Wool Peacoat,XXL,Outerwear,Apparel Solutions,131.54,18.0,3
Indigo Cardigan,M,Tops,Fashion Hub Ltd,110.57,54.0,3
Emerald Moto Jacket,S,Outerwear,Atelier Nord,72.33,125.0,2
White Vneck Sweater,XL,,,259.63,4.0,1
Burgundy Denim Jacket,,Outerwear,Textile World Co,195.62,123.0,1
Blush Loafer,M,Footwear,Apparel Solutions,140.96,23.0,3
White Ballet Flat,,Footwear,Apparel Solutions,143.5,45.0,1
Burgundy Skinny Jean,XL,Bottoms,Textile World Co,183.54,16.0,3
Camel Espadrille,L,Footwear,Atelier Nord,315.98,4.0,3
Blush Wrap Dress,XXL,Dresses,Fashion Hub Ltd,135.79,47.0,3
Cognac Statement Earrings,L,Accessories,,247.89,59.0,1
Ivory Statement Earrings,,Accessories,Textile World Co,149.85,78.0,1
Beige Henley,S,Tops,Fashion Hub Ltd,206.85,27.0,3
Indigo Statement Earrings,,Accessories,Fashion Hub Ltd,181.42,139.0,1
Black Midi Dress,,Dresses,Textile World Co,120.34,29.0,1
Indigo Midi Skirt,,Bottoms,Apparel Solutions,168.58,105.0,1
Ivory Ankle Boot,,Footwear,Atelier Nord,180.79,4.0,1
Black Moto Jacket,,Outerwear,Textile World Co,261.5,60.0,1
Burgundy Crossbody Bag,S,Accessories,Textile World Co,87.95,65.0,3
Charcoal Denim Jacket,S,Outerwear,Fashion Hub Ltd,192.51,127.0,3
Beige Ankle Boot,,Footwear,Textile World Co,174.82,55.0,1
Tan Crewneck Tee,M,Tops,Apparel Solutions,80.79,64.0,2
Black Heeled Mule,XS,Footwear,Fashion Hub Ltd,288.67,45.0,3
Cognac Henley,,Tops,Fashion Hub Ltd,289.15,98.0,1
Charcoal Skinny Jean,,Bottoms,Atelier Nord,193.41,96.0,1
Be Ige Henley,,Tops,Fashion Hub Ltd,279.36,37.0,1
Ivory Heeled Mule,L,Footwear,Apparel Solutions,90.73,49.0,3
Charcoal Shift Dress,M,Dresses,Textile World Co,27.77,15.0,3
Emerald Skinny Jean,L,Bottoms,Atelier Nord,70.57,87.0,3
Ivory Slip Dress,XXL,Dresses,Textile World Co,193.29,58.0,3
Emerald Puffer Vest,,Outerwear,Atelier Nord,125.94,79.0,1
Black Denim Short,L,Bottoms,Fashion Hub Ltd,29.57,130.0,3
Camel Pleated Skirt,,Bottoms,Fashion Hub Ltd,37.64,78.0,1
Burgundy Midi Skirt,L,Bottoms,Textile World Co,250.39,79.0,3
Tan Blazer,XS,Outerwear,Fashion Hub Ltd,91.83,78.0,3
Black Shirt Dress,,Dresses,Apparel Solutions,222.24,28.0,1
Black Shirt Dre Ss,,Dresses,Apparel Solutions,303.38,28.0,1
Beige Maxi Dress,XS,Dresses,Apparel Solutions,121.1,17.0,3
Ivory Leather Tote,M,Accessories,Textile World Co,179.2,122.0,3
Charcoal Espadrille,,Footwear,Textile World Co,176.76,82.0,1
Camel Crossbody Bag,,Accessories,Fashion Hub Ltd,133.07,127.0,1
White Loafer,,Footwear,Apparel Solutions,238.04,94.0,1
White Wrap Dress,,Dresses,,53.32,37.0,1
Charcoal Midi Skirt,,Bottoms,Fashion Hub Ltd,176.89,138.0,1
Indigo Wool Peacoat,L,Outerwear,Fashion Hub Ltd,106.47,16.0,3
Cognac Midi Skirt,XXL,Bottoms,Apparel Solutions,145.97,87.0,3
Emerald Woven Belt,,Accessories,,160.55,33.0,1
Camel Midi Dress,,Dresses,Atelier Nord,183.3,73.0,1
Ivory Ballet Flat,S,Footwear,Textile World Co,99.69,36.0,3
Tan Twill Scarf,,Accessories,Apparel Solutions,170.69,114.0,1
Camel Denim Short,,Bottoms,Fashion Hub Ltd,142.7,127.0,1
Burgundy Shirt Dress,M,Dresses,Atelier Nord,233.72,49.0,3
Emerald Espadrille,,Footwear,Fashion Hub Ltd,241.4,23.0,1
Blush Wrap Dress,XS,Dresses,Textile World Co,228.65,56.0,3
Blush Wrap Dre Ss,XS,Dresses,Textile World Co,200.23,56.0,1
Black Midi Dress,,Dresses,Atelier Nord,223.22,22.0,1
Emerald Trench Coat,,Outerwear,Fashion Hub Ltd,215.43,80.0,1
Camel Denim Jacket,,Outerwear,Atelier Nord,155.49,106.0,1
White Cardigan,XS,Tops,Atelier Nord,210.77,55.0,3
Emerald Denim Short,XXL,Bottoms,Textile World Co,77.79,112.0,3
Black Heeled Mule,,Footwear,Apparel Solutions,181.5,118.0,1
Ivory Crewneck Tee,,Tops,Apparel Solutions,161.71,120.0,1
Emerald Buttonup Shirt,,Tops,Apparel Solutions,211.2,111.0,1
Tan Shirt Dress,,Dresses,Fashion Hub Ltd,124.85,4.0,1
Beige Midi Dress,,Dresses,,117.24,34.0,1
Camel Skinny Jean,M,Bottoms,Atelier Nord,167.34,91.0,3
Cognac Shift Dress,XXL,Dresses,Fashion Hub Ltd,186.77,46.0,3
Burgundy Statement Earrings,M,Accessories,Fashion Hub Ltd,213.32,93.0,3
Ivory Skinny Jean,,Bottoms,Apparel Solutions,157.38,124.0,1
White Midi Dress,S,Dresses,Textile World Co,168.24,41.0,3
Burgundy Loafer,,Footwear,Fashion Hub Ltd,135.54,19.0,1
Emerald Skinny Jean,,Bottoms,Apparel Solutions,222.92,35.0,1
Ivory Turtleneck,,Tops,Textile World Co,227.8,80.0,1
White Wideleg Trouser,,Bottoms,Fashion Hub Ltd,95.27,138.0,1
Charcoal Moto Jacket,XS,Outerwear,Fashion Hub Ltd,232.76,125.0,3
White Henley,M,Tops,Fashion Hub Ltd,37.88,2.0,3
Beige Vneck Sweater,,Tops,Textile World Co,110.59,94.0,1
Burgundy Silk Blouse,M,Tops,Apparel Solutions,126.78,140.0,3
Charcoal Widebrim Hat,,Accessories,Fashion Hub Ltd,160.07,3.0,1
Charcoal Twill Scarf,,Accessories,Atelier Nord,156.97,59.0,1
Ivory Twill Scarf,,Accessories,Atelier Nord,253.5,131.0,1
Blush Moto Jacket,,Outerwear,Atelier Nord,135.42,34.0,1
Camel Shirt Dress,,Dresses,Fashion Hub Ltd,78.32,136.0,1
Emerald Wool Peacoat,,Outerwear,Apparel Solutions,231.6,105.0,1
Black Midi Dre Ss,,Dresses,Atelier Nord,220.01,95.0,1
Burgundy Ankle Boot,,Footwear,Fashion Hub Ltd,118.82,50.0,1
Indigo Denim Short,XS,Bottoms,Textile World Co,274.39,127.0,3
Beige Widebrim Hat,,Accessories,Atelier Nord,129.68,103.0,1
Ivory Ballet Flat,,Footwear,Fashion Hub Ltd,46.9,125.0,1
Ivory Linen Pant,XS,Bottoms,Fashion Hub Ltd,144.2,17.0,3
Ivory Twill Scarf,,Accessories,Apparel Solutions,130.58,14.0,1
Emerald Henley,,Tops,,253.13,125.0,1
Emerald Cardigan,,Tops,Atelier Nord,190.66,0.0,1
Tan Denim Short,,Bottoms,Textile World Co,110.07,34.0,1
Tan De Nim Short,,Bottoms,Textile World Co,167.58,34.0,1
Emerald Crossbody Bag,,Accessories,Atelier Nord,223.11,138.0,1
Cognac Denim Jacket,,Outerwear,Fashion Hub Ltd,165.28,126.0,1
Tan Puffer Vest,M,Outerwear,Apparel Solutions,116.98,0.0,3
Blush Cardigan,,Tops,Atelier Nord,125.09,62.0,1
Camel Linen Pant,,Bottoms,Fashion Hub Ltd,147.74,16.0,1
Blush Wrap Dress,,Dresses,Fashion Hub Ltd,119.7,9.0,1
Beige Crossbody Bag,XL,Accessories,Atelier Nord,157.17,106.0,3
Indigo Tank Top,,Tops,Atelier Nord,160.73,25.0,1
Burgundy Moto Jacket,,Outerwear,Textile World Co,130.47,128.0,1
Ivory Woven Belt,,,Apparel Solutions,127.34,111.0,1
Charcoal Heeled Mule,,Footwear,Fashion Hub Ltd,120.71,24.0,1
White Shift Dress,,Dresses,Atelier Nord,194.45,96.0,1
Cognac Buttonup Shirt,,Tops,Atelier Nord,221.44,79.0,1
Beige Silk Blouse,,Tops,Textile World Co,189.44,119.0,1
Emerald Maxi Dress,,Dresses,Atelier Nord,131.79,9.0,1
Ivory Pleated Skirt,XS,Bottoms,Apparel Solutions,218.88,69.0,3
Beige Tank Top,M,Tops,Fashion Hub Ltd,293.28,117.0,3
Beige Espadrille,,Footwear,Apparel Solutions,156.21,23.0,1
White Wideleg Trouser,,Bottoms,Textile World Co,138.49,119.0,1
Black Slip Dress,L,Dresses,,230.48,28.0,1
Emerald Heeled Mule,,Footwear,Textile World Co,220.27,37.0,1
Blush Blazer,M,Outerwear,Fashion Hub Ltd,225.75,20.0,3
Black Statement Earrings,XXL,Accessories,Textile World Co,90.48,89.0,3
Blush Statement Earrings,,Accessories,Fashion Hub Ltd,132.61,48.0,1
Ivory Midi Skirt,,Bottoms,Apparel Solutions,294.43,104.0,1
White Buttonup Shirt,,Tops,,130.38,85.0,1
Ivory Moto Jacket,,Outerwear,Apparel Solutions,198.39,90.0,1
Cognac Espadrille,XXL,Footwear,Apparel Solutions,154.22,22.0,3
Beige Leather Tote,,Accessories,Atelier Nord,215.75,81.0,1
Ivory Blazer,M,Outerwear,Textile World Co,229.72,83.0,3
White Midi Dress,,Dresses,Apparel Solutions,51.42,108.0,1
Black Lowtop Sneaker,XS,Footwear,Textile World Co,236.93,118.0,2
Ivory Shirt Dress,,Dresses,Atelier Nord,207.68,68.0,1
Ivory Shirt Dre Ss,,Dresses,Atelier Nord,191.77,68.0,1
Ivory Tank Top,XL,Tops,Fashion Hub Ltd,22.05,134.0,2
Emerald Blazer,XS,Outerwear,Textile World Co,190.6,48.0,3
Burgundy Shift Dress,,Dresses,Atelier Nord,182.77,52.0,1
Camel Midi Skirt,,Bottoms,Textile World Co,145.35,114.0,1
Camel Skinny Jean,,Bottoms,Textile World Co,112.34,63.0,1
White Ballet Flat,XS,Footwear,Fashion Hub Ltd,34.1,69.0,3
Indigo Wool Peacoat,,Outerwear,Apparel Solutions,155.1,10.0,1
Ivory Pleated Skirt,XL,Bottoms,Atelier Nord,239.38,119.0,3
Burgundy Tank Top,,Tops,Atelier Nord,113.07,29.0,1
Camel Slip Dress,XL,Dresses,Apparel Solutions,146.83,42.0,3
Ivory Crossbody Bag,,Accessories,Atelier Nord,160.66,38.0,1
Black Henley,L,Tops,Apparel Solutions,280.4,124.0,3
Burgundy Moto Jacket,,Outerwear,Fashion Hub Ltd,166.53,52.0,1
Indigo Silk Blouse,,Tops,Textile World Co,226.38,20.0,1
Tan Buttonup Shirt,XXL,Tops,Fashion Hub Ltd,136.71,27.0,3
Blush Heeled Mule,,Footwear,Textile World Co,182.02,12.0,1
Blush Woven Belt,XS,Accessories,Fashion Hub Ltd,184.31,97.0,3
Ivory Wool Peacoat,,Outerwear,Atelier Nord,120.69,47.0,1
Camel Denim Jacket,,Outerwear,Textile World Co,89.15,125.0,1
Charcoal Slip Dress,L,Dresses,Atelier Nord,226.36,136.0,3
Indigo Loafer,,Footwear,Atelier Nord,176.43,60.0,1
White Crossbody Bag,XS,Accessories,Apparel Solutions,210.92,57.0,3
Ivory Wool Peacoat,S,Outerwear,Apparel Solutions,231.73,133.0,3
Indigo Heeled Mule,XS,Footwear,Atelier Nord,212.09,64.0,2
White Slip Dress,,Dresses,Fashion Hub Ltd,108.75,106.0,1
Indigo Midi Skirt,XS,Bottoms,Fashion Hub Ltd,167.46,69.0,2
Emerald Espadrille,XXL,Footwear,Atelier Nord,207.25,82.0,3
Black Ankle Boot,L,Footwear,Fashion Hub Ltd,22.15,122.0,3
Tan Crossbody Bag,,Accessories,Atelier Nord,105.56,92.0,1
Black Skinny Jean,XXL,Bottoms,Textile World Co,278.21,53.0,2
Tan Leather Tote,,Accessories,,194.67,137.0,1
Emerald Buttonup Shirt,,Tops,,157.38,30.0,1
Eme Rald Buttonup Shirt,,Tops,,150.49,30.0,1
Burgundy Linen Pant,L,Bottoms,Atelier Nord,158.12,115.0,2
Camel Wideleg Trouser,,Bottoms,Atelier Nord,100.3,2.0,1
Indigo Statement Earrings,,Accessories,Atelier Nord,239.37,61.0,1
Indigo State Ment Earrings,,Accessories,Atelier Nord,236.06,61.0,1
Beige Cardigan,,Tops,Fashion Hub Ltd,114.51,106.0,1
Beige Henley,,Tops,Apparel Solutions,169.62,110.0,1
Tan Denim Short,M,Bottoms,Atelier Nord,114.02,75.0,3
Tan De Nim Short,M,Bottoms,Atelier Nord,55.24,75.0,1
Indigo Crossbody Bag,,Accessories,Apparel Solutions,178.75,41.0,1
Burgundy Pleated Skirt,XXL,Bottoms,Fashion Hub Ltd,225.91,33.0,3
Beige Wideleg Trouser,,Bottoms,Fashion Hub Ltd,277.66,115.0,1
Ivory Leather Tote,,Accessories,Fashion Hub Ltd,131.09,85.0,1
White Turtleneck,,Tops,Textile World Co,121.55,87.0,1
Cognac Wrap Dress,M,Dresses,Textile World Co,277.97,128.0,3
Burgundy Twill Scarf,,Accessories,Atelier Nord,200.48,15.0,1
White Loafer,,Footwear,Fashion Hub Ltd,199.48,42.0,1
Blush Turtleneck,S,Tops,Apparel Solutions,195.05,129.0,3
Ivory Twill Scarf,,Accessories,,115.59,35.0,1
Indigo Chino Pant,XS,Bottoms,Textile World Co,264.84,110.0,3
Ivory Slip Dress,,Dresses,Apparel Solutions,144.53,106.0,1
Charcoal Statement Earrings,,Accessories,Atelier Nord,157.24,24.0,1
Indigo Denim Jacket,,Outerwear,Apparel Solutions,245.35,113.0,1
Tan Denim Jacket,S,Outerwear,Atelier Nord,205.41,103.0,3
White Pleated Skirt,,Bottoms,Apparel Solutions,153.3,32.0,1
Charcoal Ballet Flat,XS,Footwear,,177.48,40.0,1
Camel Tank Top,XXL,Tops,Apparel Solutions,54.92,31.0,3
Burgundy Slip Dress,,Dresses,Atelier Nord,109.56,60.0,1
Beige Widebrim Hat,,Accessories,Textile World Co,201.48,87.0,1
Tan Widebrim Hat,S,Accessories,Atelier Nord,177.66,63.0,3
Beige Slip Dress,,Dresses,Apparel Solutions,92.57,37.0,1
Beige Wool Peacoat,,Outerwear,Atelier Nord,209.25,125.0,1
Ivory Trench Coat,XL,Outerwear,Textile World Co,162.59,117.0,2
Cognac Widebrim Hat,,Accessories,,154.06,8.0,1
Blush Denim Short,,Bottoms,Atelier Nord,144.12,94.0,1
Cognac Wrap Dress,,Dresses,Fashion Hub Ltd,216.83,95.0,1
Black Maxi Dress,,Dresses,Textile World Co,198.34,107.0,1
Charcoal Shift Dress,,Dresses,Atelier Nord,138.48,140.0,1
Indigo Crewneck Tee,,Tops,Apparel Solutions,177.51,86.0,1
Tan Denim Jacket,,Outerwear,Textile World Co,284.96,83.0,1
Beige Espadrille,,Footwear,Atelier Nord,179.48,101.0,1
Cognac Buttonup Shirt,,Tops,Fashion Hub Ltd,230.12,21.0,1
Beige Loafer,,Footwear,Textile World Co,195.79,128.0,1
Black Silk Blouse,,Tops,Textile World Co,62.04,113.0,1
Blush Loafer,,Footwear,Fashion Hub Ltd,161.66,5.0,1
Indigo Trench Coat,,Outerwear,Apparel Solutions,179.03,23.0,1
Camel Silk Blouse,,Tops,Textile World Co,153.62,29.0,1
Tan Maxi Dress,S,Dresses,Fashion Hub Ltd,177.78,88.0,3
Camel Crewneck Tee,,Tops,Fashion Hub Ltd,98.02,105.0,1
White Maxi Dress,XS,Dresses,Textile World Co,90.52,60.0,3
Indigo Loafer,,Footwear,Apparel Solutions,68.47,116.0,1
Emerald Heeled Mule,XS,Footwear,Textile World Co,171.47,36.0,3
Charcoal Lowtop Sneaker,,Footwear,Atelier Nord,149.49,100.0,1
Beige Henley,M,Tops,Textile World Co,114.52,123.0,3
Black Ballet Flat,,Footwear,Fashion Hub Ltd,76.61,107.0,1
Burgundy Silk Blouse,XL,Tops,Apparel Solutions,285.83,53.0,3
Tan Ballet Flat,,Footwear,Apparel Solutions,191.94,115.0,1
Blush Linen Pant,,Bottoms,Textile World Co,168.52,87.0,1
Tan Leather Tote,,Accessories,Atelier Nord,75.39,2.0,1
Indigo Tank Top,,Tops,Apparel Solutions,134.36,2.0,1
Charcoal Wool Peacoat,,Outerwear,Fashion Hub Ltd,83.99,5.0,1
Burgundy Shirt Dress,M,Dresses,Textile World Co,39.56,77.0,3
Cognac Slip Dress,,Dresses,Textile World Co,150.48,44.0,1
Burgundy Lowtop Sneaker,,Footwear,Textile World Co,162.82,58.0,1
Charcoal Woven Belt,,Accessories,,334.77,136.0,1
Cognac Shirt Dress,,Dresses,Fashion Hub Ltd,281.22,19.0,1
Indigo Maxi Dress,M,Dresses,Fashion Hub Ltd,224.35,104.0,3
Black Wool Peacoat,,Outerwear,Textile World Co,158.6,3.0,1
Indigo Linen Pant,,Bottoms,Textile World Co,67.38,78.0,1
Black Vneck Sweater,,Tops,Atelier Nord,228.52,85.0,1
White Midi Dress,L,Dresses,Textile World Co,309.56,13.0,2
Charcoal Slip Dress,,Dresses,Atelier Nord,265.73,119.0,1
Emerald Skinny Jean,XS,Bottoms,Apparel Solutions,198.06,110.0,3
Cognac Crewneck Tee,,Tops,Apparel Solutions,238.2,117.0,1
Beige Puffer Vest,XS,Outerwear,,224.21,2.0,1
Beige Ballet Flat,S,Footwear,Fashion Hub Ltd,146.46,28.0,3
Ivory Denim Short,,Bottoms,Apparel Solutions,127.74,108.0,1
Ivory Heeled Mule,S,Footwear,Textile World Co,263.96,15.0,2
Indigo Slip Dress,XL,Dresses,,114.84,138.0,1
Emerald Wideleg Trouser,,Bottoms,Apparel Solutions,201.42,6.0,1
Charcoal Midi Dress,,Dresses,Textile World Co,197.34,87.0,1
Burgundy Crossbody Bag,XXL,Accessories,Atelier Nord,215.69,84.0,3
Emerald Moto Jacket,,Outerwear,Fashion Hub Ltd,174.08,67.0,1
Black Trench Coat,M,Outerwear,Fashion Hub Ltd,39.5,7.0,3
Cognac Pleated Skirt,,Bottoms,Textile World Co,93.24,45.0,1
Black Wrap Dress,,Dresses,Textile World Co,217.73,13.0,1
Emerald Pleated Skirt,,Bottoms,Apparel Solutions,190.48,43.0,1
Burgundy Heeled Mule,,Footwear,Fashion Hub Ltd,177.57,33.0,1
Cognac Wideleg Trouser,,Bottoms,Apparel Solutions,170.69,109.0,1
Beige Skinny Jean,XL,Bottoms,Textile World Co,274.51,66.0,3
Charcoal Pleated Skirt,XS,Bottoms,,288.52,130.0,1
Burgundy Trench Coat,,Outerwear,Atelier Nord,216.02,26.0,1
Tan Heeled Mule,XL,Footwear,Apparel Solutions,244.58,118.0,3
Blush Shirt Dress,,Dresses,Atelier Nord,135.95,132.0,1
Indigo Slip Dress,,Dresses,Fashion Hub Ltd,193.94,51.0,1
Charcoal Chino Pant,M,Bottoms,Atelier Nord,286.81,40.0,3
Charcoal Ballet Flat,,Footwear,Fashion Hub Ltd,91.07,86.0,1
Ivory Moto Jacket,L,Outerwear,Textile World Co,99.49,19.0,2
Blush Vneck Sweater,,Tops,Textile World Co,113.15,84.0,1
Tan Shirt Dress,M,Dresses,Textile World Co,232.58,35.0,3
Indigo Midi Skirt,,Bottoms,Textile World Co,228.47,53.0,1
Beige Denim Short,,Bottoms,Atelier Nord,176.25,115.0,1
Charcoal Tank Top,,Tops,Atelier Nord,78.4,115.0,1
Blush Ankle Boot,,Footwear,Textile World Co,145.44,2.0,1
Blush Woven Belt,,Accessories,Atelier Nord,223.15,103.0,1
Camel Widebrim Hat,M,Accessories,Fashion Hub Ltd,219.8,3.0,3
Beige Pleated Skirt,,Bottoms,Atelier Nord,181.47,52.0,1
Charcoal Cardigan,,Tops,Fashion Hub Ltd,120.82,115.0,1
Ivory Wrap Dress,XS,Dresses,Textile World Co,112.29,125.0,3
White Wideleg Trouser,,Bottoms,,157.45,74.0,1
Charcoal Cardigan,,Tops,,125.39,121.0,1
Camel Loafer,,Footwear,Textile World Co,172.05,131.0,1
Ivory Skinny Jean,L,Bottoms,Fashion Hub Ltd,215.73,63.0,3
Eme Rald Slip Dress,,Dresses,Atelier Nord,191.07,23.0,1
Beige Wideleg Trouser,XXL,Bottoms,Atelier Nord,157.03,46.0,3
Indigo Ankle Boot,,Footwear,Fashion Hub Ltd,100.42,40.0,1
White Puffer Vest,,Outerwear,Fashion Hub Ltd,208.96,122.0,1
Emerald Maxi Dress,S,Dresses,Apparel Solutions,116.89,11.0,3
Tan Vneck Sweater,,Tops,Atelier Nord,173.78,102.0,1
Black Chino Pant,XS,Bottoms,Apparel Solutions,178.83,34.0,3
Emerald Statement Earrings,,Accessories,Atelier Nord,74.26,140.0,1
Emerald Linen Pant,S,Bottoms,Atelier Nord,214.56,27.0,3
Ivory Vneck Sweater,,Tops,Fashion Hub Ltd,112.78,94.0,1
Tan Crewneck Tee,,Tops,Textile World Co,209.98,45.0,1
Tan Widebrim Hat,XXL,Accessories,Fashion Hub Ltd,128.95,90.0,3
Black Crewneck Tee,L,Tops,,295.34,95.0,1
Tan Linen Pant,XS,Bottoms,Textile World Co,307.8,24.0,2
Burgundy Leather Tote,,Accessories,Fashion Hub Ltd,172.21,27.0,1
Tan Woven Belt,XL,Accessories,Apparel Solutions,31.32,55.0,3
White Crossbody Bag,M,Accessories,Fashion Hub Ltd,202.12,114.0,3
Indigo Linen Pant,,Bottoms,Fashion Hub Ltd,202.38,95.0,1
Ivory Midi Dress,L,Dresses,Textile World Co,216.56,58.0,2
Ivory Midi Dre Ss,L,Dresses,Textile World Co,221.49,58.0,1
Burgundy Heeled Mule,M,Footwear,Textile World Co,128.84,10.0,3
Camel Blazer,,Outerwear,,162.21,84.0,1
Cognac Denim Short,,Bottoms,Textile World Co,183.7,109.0,1
Ivory Wool Peacoat,,Outerwear,Textile World Co,228.98,45.0,1
Camel Pleated Skirt,,Bottoms,Atelier Nord,158.95,51.0,1
Blush Moto Jacke T,,Outerwear,Atelier Nord,68.93,112.0,1
Burgundy Loafer,,Footwear,Textile World Co,183.51,132.0,1
Camel Denim Jacket,,Outerwear,,165.76,123.0,1
Emerald Tank Top,,Tops,Atelier Nord,154.37,95.0,1
Tan Wool Peacoat,XL,Outerwear,Fashion Hub Ltd,190.52,4.0,3
Tan Crossbody Bag,XXL,Accessories,Apparel Solutions,221.75,98.0,3
Charcoal Pleated Skirt,,Bottoms,Textile World Co,96.8,23.0,1
Camel Puffer Vest,,Outerwear,Atelier Nord,245.61,22.0,1
Blush Widebrim Hat,,Accessories,,192.25,101.0,1
Ivory Wrap Dress,L,Dresses,Fashion Hub Ltd,47.31,106.0,3
Camel Blazer,XXL,Outerwear,Atelier Nord,73.67,109.0,3
Ivory Lowtop Sneaker,,Footwear,Fashion Hub Ltd,146.43,49.0,1
Tan Denim Jacket,XL,Outerwear,Fashion Hub Ltd,194.89,42.0,3
Emerald Chino Pant,XXL,Bottoms,Fashion Hub Ltd,122.44,72.0,3
Tan Pleated Skirt,L,Bottoms,Atelier Nord,203.82,91.0,2
Black Wrap Dress,L,Dresses,Atelier Nord,237.77,35.0,3
Cognac Ankle Boot,M,Footwear,Textile World Co,149.59,121.0,3
Charcoal Blazer,,Outerwear,Apparel Solutions,150.88,99.0,1
Tan Tank Top,,Tops,Textile World Co,218.97,102.0,1
Cognac Blaze R,,,Textile World Co,82.11,22.0,1
Black Blazer,,Outerwear,,293.24,83.0,1
Tan Woven Belt,L,Accessories,Fashion Hub Ltd,215.82,136.0,3
Tan Wove N Belt,L,Accessories,Fashion Hub Ltd,207.45,136.0,1
White Crossbody Bag,XXL,Accessories,Apparel Solutions,282.99,16.0,3
Burgundy Maxi Dress,XXL,Dresses,Atelier Nord,223.06,100.0,3
Camel Wideleg Trouser,,Bottoms,Apparel Solutions,113.09,24.0,1
Beige Maxi Dress,XXL,Dresses,Fashion Hub Ltd,142.99,137.0,3
Blush Denim Jacket,M,Outerwear,Textile World Co,181.06,56.0,3
Cognac Moto Jacket,L,Outerwear,Apparel Solutions,62.41,89.0,3
Black Statement Earrings,,Accessories,Apparel Solutions,116.13,43.0,1
Emerald Widebrim Hat,,Accessories,Textile World Co,231.41,96.0,1
Emerald Midi Skirt,,Bottoms,Atelier Nord,108.32,39.0,1
Blush Heeled Mule,L,Footwear,Atelier Nord,292.93,113.0,3
Camel Buttonup Shirt,XXL,Tops,Textile World Co,236.69,140.0,3
Burgundy Wideleg Trouser,S,Bottoms,Fashion Hub Ltd,173.55,26.0,3
Indigo Chino Pant,XXL,Bottoms,Textile World Co,238.5,12.0,3
Black Trench Coat,,Outerwear,,196.78,35.0,1
Charcoal Crossbody Bag,XS,Accessories,Fashion Hub Ltd,68.45,125.0,3
Ivory Widebrim Hat,,Accessories,Atelier Nord,197.96,32.0,1
Indigo Blazer,,Outerwear,Atelier Nord,188.84,30.0,1
Emerald Vneck Sweater,,Tops,Textile World Co,138.64,122.0,1
White Statement Earrings,,Accessories,,121.16,111.0,1
Black Blazer,,Outerwear,Atelier Nord,150.88,127.0,1
Charcoal Twill Scarf,,Accessories,Fashion Hub Ltd,73.01,58.0,1
Blush Heeled Mule,XS,Footwear,,61.19,52.0,1
Cognac Skinny Jean,M,Bottoms,Fashion Hub Ltd,95.68,31.0,3
Cognac Shift Dress,,Dresses,Atelier Nord,294.97,0.0,1
Blush Slip Dress,,Dresses,Textile World Co,171.75,0.0,1
Ivory Turtleneck,M,Tops,Textile World Co,302.42,55.0,3
Ivory Shift Dress,,Dresses,,143.78,65.0,1
Ivory Blazer,XL,Outerwear,Textile World Co,40.55,69.0,3
Ivory Chino Pant,M,Bottoms,Atelier Nord,137.87,63.0,3
Cognac Wrap Dress,XS,Dresses,Atelier Nord,37.84,12.0,3
Ivory Shift Dress,,Dresses,Apparel Solutions,129.85,96.0,1
White Moto Jacket,,Outerwear,Apparel Solutions,140.57,125.0,1
Burgundy Ballet Flat,,Footwear,Apparel Solutions,170.92,27.0,1
Indigo Pleated Skirt,,Bottoms,Apparel Solutions,275.78,136.0,1
Emerald Heeled Mule,XL,Footwear,Textile World Co,145.62,138.0,3
Ivory Linen Pant,,Bottoms,Atelier Nord,217.13,68.0,1
Blush Statement Earrings,XXL,Accessories,Textile World Co,168.0,107.0,3
Emerald Trench Coat,M,Outerwear,Atelier Nord,166.82,70.0,3
Charcoal Espadrille,,Footwear,Fashion Hub Ltd,153.0,104.0,1
Tan Wrap Dress,XS,Dresses,Fashion Hub Ltd,162.93,23.0,3
White Ankle Boot,,Footwear,Apparel Solutions,93.69,126.0,1
Burgundy Twill Scarf,L,Accessories,Apparel Solutions,77.05,135.0,3
Beige Ankle Boot,L,Footwear,Textile World Co,188.66,134.0,3
Camel Ankle Boot,M,Footwear,Atelier Nord,125.7,54.0,3
Beige Statement Earrings,,Accessories,Textile World Co,228.47,117.0,1
White Shift Dress,XS,Dresses,Apparel Solutions,290.8,38.0,3
White Wrap Dress,L,Dresses,,76.25,135.0,1
Blush Denim Jacket,,Outerwear,Apparel Solutions,141.71,46.0,1
Emerald Wrap Dress,,Dresses,Atelier Nord,147.37,75.0,1
Indigo Chino Pant,,Bottoms,Apparel Solutions,209.4,33.0,1
Tan Chino Pant,,Bottoms,Fashion Hub Ltd,218.01,140.0,1
Camel Wool Peacoat,L,Outerwear,Fashion Hub Ltd,242.92,61.0,3
Indigo Silk Blouse,,Tops,Apparel Solutions,211.41,37.0,1
Charcoal Leather Tote,M,Accessories,Atelier Nord,164.98,130.0,3
Blush Trench Coat,,Outerwear,Textile World Co,99.06,13.0,1
Blush Silk Blouse,M,Tops,Apparel Solutions,242.76,139.0,3
Tan Midi Dress,,Dresses,Textile World Co,122.48,36.0,1
Burgundy Linen Pant,,Bottoms,Fashion Hub Ltd,203.26,35.0,1
White Crossbody Bag,,Accessories,Apparel Solutions,100.76,136.0,1
Burgundy Denim Short,,Bottoms,Fashion Hub Ltd,88.34,107.0,1
Cognac Woven Belt,M,Accessories,Apparel Solutions,145.24,30.0,3
Indigo Henley,,Tops,Fashion Hub Ltd,144.03,85.0,1
Black Pleated Skirt,,Bottoms,Fashion Hub Ltd,269.41,36.0,1
Tan Denim Jacket,,Outerwear,Fashion Hub Ltd,122.0,130.0,1
Indigo Heeled Mule,,Footwear,Apparel Solutions,64.16,0.0,1
Burgundy Espadrille,,Footwear,Apparel Solutions,148.26,56.0,1
Cognac Woven Belt,XS,Accessories,Textile World Co,84.63,123.0,3
Tan Wrap Dress,S,Dresses,Apparel Solutions,167.69,69.0,3
Charcoal Turtleneck,XL,Tops,Fashion Hub Ltd,19.54,88.0,2
Blush Ballet Flat,,Footwear,Apparel Solutions,183.86,104.0,1
Black Shift Dress,XXL,Dresses,Fashion Hub Ltd,227.71,45.0,3
Camel Midi Dress,,Dresses,,239.04,105.0,1
Tan Shirt Dress,XL,Dresses,Textile World Co,260.19,61.0,3
Blush Crossbody Bag,,Accessories,Atelier Nord,175.03,46.0,1
Ivory Midi Skirt,,Bottoms,Atelier Nord,157.18,46.0,1
Camel Wrap Dress,,Dresses,Textile World Co,280.45,47.0,1
Indigo Skinny Jean,,Bottoms,Atelier Nord,165.34,107.0,1
Ivory Widebrim Hat,,Accessories,Fashion Hub Ltd,151.56,102.0,1
Black Vneck Sweater,,Tops,Fashion Hub Ltd,121.4,21.0,1
Beige Linen Pant,,Bottoms,Fashion Hub Ltd,284.37,27.0,1
Blush Pleated Skirt,L,Bottoms,Textile World Co,92.53,139.0,3
Blush Ple Ated Skirt,L,Bottoms,Textile World Co,96.7,139.0,1
Tan Crossbody Bag,,Accessories,Fashion Hub Ltd,146.06,28.0,1
Blush Buttonup Shirt,XS,Tops,Apparel Solutions,80.05,21.0,3
Ivory Lowtop Sneaker,L,Footwear,Apparel Solutions,200.53,108.0,3
Camel Statement Earrings,,Accessories,Apparel Solutions,163.48,26.0,1
Blush Leather Tote,S,Accessories,Atelier Nord,154.1,122.0,3
Beige Vneck Sweater,,Tops,Apparel Solutions,79.33,82.0,1
Indigo Midi Skirt,,,,166.31,126.0,1
Cognac Cardigan,,Tops,Textile World Co,161.98,60.0,1
Black Turtleneck,,Tops,Atelier Nord,169.5,28.0,1
Charcoal Midi Skirt,XS,Bottoms,Textile World Co,53.57,36.0,3
Emerald Ankle Boot,XL,Footwear,Textile World Co,27.53,99.0,3
Burgundy Leather Tote,,Accessories,Apparel Solutions,203.16,86.0,1
Black Statement Earrings,,Accessories,Fashion Hub Ltd,66.88,8.0,1
Beige Woven Belt,XL,Accessories,Apparel Solutions,230.96,108.0,3
Cognac Wrap Dress,,Dresses,Textile World Co,263.25,114.0,1
Indigo Turtleneck,,Tops,Fashion Hub Ltd,205.52,119.0,1
Camel Trench Coat,,Outerwear,,44.02,85.0,1
Ivory Pleated Skirt,XL,Bottoms,Fashion Hub Ltd,37.34,2.0,3
Beige Ankle Boot,,Footwear,Fashion Hub Ltd,31.45,23.0,1
Camel Tank Top,,Tops,Textile World Co,82.04,100.0,1
Burgundy Midi Dress,,Dresses,Fashion Hub Ltd,186.61,125.0,1
Tan Wideleg Trouser,L,Bottoms,Fashion Hub Ltd,278.12,31.0,3
Beige Shift Dress,L,Dresses,Fashion Hub Ltd,217.79,99.0,3
Beige Denim Short,XS,Bottoms,Textile World Co,188.38,127.0,3
Camel Silk Blouse,XL,Tops,,169.06,116.0,1
Tan Puffer Vest,,Outerwear,,139.2,81.0,1
Beige Trench Coat,,Outerwear,Fashion Hub Ltd,113.32,118.0,1
Indigo Cardigan,S,Tops,Atelier Nord,113.39,84.0,3
Camel Cardigan,,Tops,Textile World Co,82.58,2.0,1
Ivory Woven Belt,,Accessories,Fashion Hub Ltd,226.35,109.0,1
Charcoal Midi Dress,,Dresses,Atelier Nord,227.25,151.0,1
Ivory Chino Pant,,Bottoms,Apparel Solutions,150.1,104.0,1
Black Espadrille,,Footwear,,211.34,24.0,1
Charcoal Line N Pant,,Bottoms,Textile World Co,200.82,55.0,1
Tan Wideleg Trouser,,Bottoms,Fashion Hub Ltd,129.47,93.0,1
Cognac Shift Dress,XS,Dresses,Atelier Nord,217.71,116.0,3
Indigo Chino Pant,,Bottoms,Textile World Co,205.98,41.0,1
Camel Denim Jacket,XXL,Outerwear,Atelier Nord,210.0,25.0,3
Tan Vneck Sweater,XS,Tops,Atelier Nord,49.9,140.0,2
Indigo Maxi Dress,XXL,Dresses,Atelier Nord,72.82,109.0,3
Camel Denim Short,,Bottoms,Apparel Solutions,150.23,106.0,1
Indigo Skinny Jean,,Bottoms,Fashion Hub Ltd,26.13,95.0,1
Charcoal Heeled Mule,,Footwear,Atelier Nord,141.74,108.0,1
Burgundy Crossbody Bag,,Accessories,Atelier Nord,228.09,141.0,1
White Trench Coat,,Outerwear,Textile World Co,144.49,100.0,1
Cognac Woven Belt,S,Accessories,Apparel Solutions,140.12,23.0,3
Tan Moto Jacket,,Outerwear,Textile World Co,106.61,139.0,1
Charcoal Linen Pant,M,Bottoms,Textile World Co,257.2,66.0,3
Tan Wool Peacoat,,Outerwear,Apparel Solutions,135.41,36.0,1
White Vneck Sweater,,Tops,Fashion Hub Ltd,82.83,66.0,1
White Skinny Jean,,Bottoms,Apparel Solutions,270.31,53.0,1
Black Henley,,Tops,Fashion Hub Ltd,145.71,19.0,1
Indigo Crossbody Bag,,Accessories,Atelier Nord,291.05,46.0,1
Black Denim Short,XL,Bottoms,Fashion Hub Ltd,120.13,39.0,3
Charcoal Wrap Dress,XS,Dresses,Apparel Solutions,79.97,22.0,3
Camel Leather Tote,M,Accessories,Atelier Nord,203.44,23.0,3
Tan Widebrim Hat,,Accessories,Atelier Nord,144.4,126.0,1
Charcoal Heeled Mule,,Footwear,Textile World Co,155.51,62.0,1
Ivory Buttonup Shirt,,Tops,Atelier Nord,149.17,114.0,1
Blush Ballet Flat,XXL,Footwear,Fashion Hub Ltd,160.43,8.0,3
Indigo Slip Dress,,Dresses,Apparel Solutions,168.68,29.0,1
Blush Midi Skirt,,Bottoms,Fashion Hub Ltd,229.27,11.0,1
Emerald Midi Dress,,Dresses,Apparel Solutions,240.3,16.0,1
Charcoal Slip Dress,XL,Dresses,Textile World Co,74.29,60.0,3
Charcoal Midi Dress,XS,Dresses,,166.5,70.0,1
Emerald Vneck Sweater,S,Tops,Apparel Solutions,235.68,54.0,3
Indigo Moto Jacket,XXL,Outerwear,Apparel Solutions,107.78,88.0,2
Emerald Tank Top,XL,Tops,Fashion Hub Ltd,136.76,116.0,3
Blush Twill Scarf,XL,Accessories,Fashion Hub Ltd,26.69,12.0,3
White Buttonup Shirt,,Tops,Apparel Solutions,265.47,97.0,1
Ivory Leather Tote,,Accessories,Atelier Nord,131.92,81.0,1
Emerald Denim Short,,Bottoms,Atelier Nord,141.9,77.0,1
Charcoal Crossbody Bag,,Accessories,Apparel Solutions,201.71,21.0,1
Black Turtleneck,XXL,Tops,Textile World Co,156.92,98.0,3
Ivory Maxi Dress,,Dresses,Apparel Solutions,302.14,26.0,1
Burgundy Moto Jacket,XS,Outerwear,Textile World Co,109.36,117.0,3
Emerald Wrap Dress,,Dresses,,157.7,30.0,1
Indigo Tank Top,,Tops,Textile World Co,204.47,114.0,1
Emerald Wrap Dress,,Dresses,Apparel Solutions,121.9,97.0,1
Camel Trench Coat,,Outerwear,Atelier Nord,113.88,70.0,1
Cognac Heeled Mule,L,Footwear,Fashion Hub Ltd,215.72,63.0,3
Black Skinny Jean,,Bottoms,Apparel Solutions,129.18,139.0,1
Be Ige Midi Dress,,Dresses,Atelier Nord,148.5,15.0,1
Camel Statement Earrings,L,Accessories,Textile World Co,107.28,52.0,3
Burgundy Woven Belt,,Accessories,Apparel Solutions,130.1,25.0,1
Indigo Henley,M,Tops,Fashion Hub Ltd,126.06,67.0,3
Black Linen Pant,XL,Bottoms,Apparel Solutions,280.2,8.0,3
Cognac Denim Short,S,Bottoms,Textile World Co,167.36,11.0,3
Emerald Woven Belt,L,Accessories,Apparel Solutions,216.41,54.0,3
Blush Wool Peacoat,L,Outerwear,Fashion Hub Ltd,276.92,78.0,3
Tan Slip Dress,,Dresses,Atelier Nord,137.36,132.0,1
Charcoal Moto Jacket,,Outerwear,Atelier Nord,88.56,24.0,1
White Blazer,,Outerwear,Atelier Nord,121.41,134.0,1
Blush Shirt Dress,M,Dresses,Atelier Nord,216.64,70.0,3
Beige Skinny Jean,,Bottoms,Apparel Solutions,213.66,31.0,1
Blush Puffer Vest,,Outerwear,Fashion Hub Ltd,322.32,127.0,1
Tan Chino Pant,,Bottoms,Apparel Solutions,128.35,41.0,1
White Wool Peacoat,,Outerwear,Fashion Hub Ltd,151.99,55.0,1
Black Ankle Boot,L,Footwear,Apparel Solutions,19.41,90.0,3
Camel Crewneck Tee,,Tops,Apparel Solutions,159.29,128.0,1
White Lowtop Sneaker,,Footwear,Apparel Solutions,43.49,55.0,1
Camel Ankle Boot,,Footwear,Fashion Hub Ltd,177.04,90.0,1
Tan Lowtop Sneaker,,Footwear,Apparel Solutions,148.41,51.0,1
Camel Wrap Dress,,Dresses,Atelier Nord,120.64,81.0,1
Ivory Moto Jacket,,Outerwear,Atelier Nord,218.12,128.0,1
Indigo Trench Coat,XXL,Outerwear,Fashion Hub Ltd,159.54,142.0,3
Black Vneck Sweater,M,Tops,Fashion Hub Ltd,123.06,30.0,3
Emerald Slip Dress,XXL,Dresses,Apparel Solutions,279.37,31.0,3
Cognac Espadrille,,Footwear,Fashion Hub Ltd,268.17,139.0,1
Emerald Espadrille,,Footwear,Textile World Co,235.98,45.0,1
Ivory Crewneck Tee,XL,Tops,Fashion Hub Ltd,179.1,60.0,2
Black Henley,,Tops,,83.79,19.0,1
Ivory Denim Jacket,S,Outerwear,Apparel Solutions,212.84,112.0,3
White Widebrim Hat,,Accessories,Textile World Co,220.59,47.0,1
Charcoal Statement Earrings,,Accessories,Textile World Co,109.18,75.0,1
Charcoal State Ment Earrings,,Accessories,Textile World Co,152.86,75.0,1
Beige Twill Scarf,L,Accessories,,209.73,100.0,2
Emerald Twill Scarf,,Accessories,Atelier Nord,168.08,64.0,1
Black Cardigan,,Tops,Apparel Solutions,105.65,113.0,1
Emerald Midi Dress,XXL,Dresses,Atelier Nord,144.42,40.0,3
Charcoal Loafer,M,Footwear,Atelier Nord,176.15,44.0,3
Tan Pleated Skirt,,Bottoms,Apparel Solutions,155.59,47.0,1
Beige Leather Tote,,Accessories,Apparel Solutions,102.46,88.0,1
Beige Ballet Flat,,Footwear,Atelier Nord,183.87,7.0,1
Burgundy Midi Skirt,,Bottoms,Fashion Hub Ltd,257.89,56.0,1
White Denim Jacket,,Outerwear,Apparel Solutions,76.84,18.0,1
Beige Linen Pant,,Bottoms,Textile World Co,71.12,125.0,1
Beige Skinny Jean,XS,Bottoms,Fashion Hub Ltd,78.14,35.0,3
Beige Maxi Dress,,Dresses,Fashion Hub Ltd,153.73,135.0,1
Charcoal Midi Skirt,,Bottoms,Atelier Nord,125.82,91.0,1
White Lowtop Sneaker,,Footwear,Atelier Nord,135.24,18.0,1
Cognac Silk Blouse,M,Tops,Fashion Hub Ltd,52.64,59.0,3
Blush Loafer,,Footwear,Textile World Co,167.19,74.0,1
Burgundy Maxi Dress,M,Dresses,Fashion Hub Ltd,279.13,40.0,2
Cognac Turtleneck,,Tops,Apparel Solutions,159.61,27.0,1
Beige Twill Scarf,L,Accessories,Apparel Solutions,220.41,1.0,3
Black Shirt Dress,,Dresses,Fashion Hub Ltd,177.29,57.0,1
Emerald Maxi Dress,M,Dresses,Textile World Co,23.9,14.0,3
Beige Denim Short,,Bottoms,Fashion Hub Ltd,155.65,0.0,1
Blush Tank Top,,Tops,Apparel Solutions,74.59,6.0,1
Beige Skinny Jean,XS,Bottoms,Textile World Co,94.99,143.0,3
Black Pleated Skirt,M,Bottoms,Apparel Solutions,228.7,62.0,3
Indigo Denim Short,L,Bottoms,,242.48,4.0,2
Emerald Lowtop Sneaker,,Footwear,Apparel Solutions,198.91,56.0,1
Burgundy Shift Dress,,Dresses,Fashion Hub Ltd,152.68,105.0,1
Cognac Shirt Dress,S,Dresses,Fashion Hub Ltd,121.67,26.0,3
Camel Buttonup Shirt,,Tops,Atelier Nord,181.25,21.0,1
Black Woven Belt,XL,Accessories,Apparel Solutions,302.9,86.0,3
Charcoal Slip Dress,,Dresses,Apparel Solutions,148.6,111.0,1
Ivory Leather Tote,,Accessories,Apparel Solutions,147.12,85.0,1
Cognac Midi Skirt,,Bottoms,,197.08,9.0,1
Camel Shift Dress,XXL,Dresses,Apparel Solutions,189.15,3.0,3
Tan Slip Dress,M,Dresses,Apparel Solutions,269.44,113.0,3
Indigo Lowtop Sneaker,XS,Footwear,Fashion Hub Ltd,117.65,80.0,3
Camel Trench Coat,,Outerwear,Apparel Solutions,203.62,37.0,1
Emerald Widebrim Hat,,Accessories,Apparel Solutions,130.84,58.0,1
Camel Woven Belt,,Accessories,Apparel Solutions,179.41,11.0,1
White Pleated Skirt,XS,,,48.15,27.0,1
Black Midi Dress,,Dresses,Apparel Solutions,174.49,104.0,1
Camel Maxi Dress,,Dresses,Fashion Hub Ltd,182.57,11.0,1
Came L Maxi Dress,L,Dresses,Fashion Hub Ltd,69.38,11.0,1
Black Denim Short,XS,Bottoms,Textile World Co,218.13,130.0,3
Beige Widebrim Hat,,Accessories,Apparel Solutions,234.73,96.0,1
Tan Ankle Boot,,Footwear,Textile World Co,184.86,20.0,1
Beige Ankle Boot,L,Footwear,Atelier Nord,112.48,49.0,3
Burgundy Wool Peacoat,,Outerwear,Textile World Co,123.42,91.0,1
Cognac Tank Top,,Tops,Fashion Hub Ltd,176.16,123.0,1
Beige Blazer,XXL,Outerwear,Textile World Co,202.86,73.0,3
White Wrap Dress,,Dresses,Atelier Nord,174.88,37.0,1
Burgundy Slip Dress,L,Dresses,Fashion Hub Ltd,56.15,8.0,3
Ivory Wool Peacoat,L,Outerwear,Textile World Co,258.14,41.0,3
Emerald Woven Belt,L,Accessories,Atelier Nord,240.06,121.0,3
Ivory Blazer,,Outerwear,Textile World Co,243.39,130.0,1
Ivory Blaze R,,Outerwear,Textile World Co,243.39,130.0,1
Beige Skinny Jean,XL,Bottoms,,214.93,116.0,1
Blush Maxi Dress,,Dresses,Atelier Nord,105.09,107.0,1
Black Wideleg Trouser,,Bottoms,Textile World Co,177.37,71.0,1
Charcoal Denim Jacket,,Outerwear,Apparel Solutions,216.87,66.0,1
Tan Turtleneck,,Tops,,46.24,130.0,1
Beige Skinny Jean,,Bottoms,Textile World Co,21.17,6.0,1
Emerald Vneck Sweater,,Tops,Atelier Nord,138.56,35.0,1
White Statement Earrings,M,Accessories,Fashion Hub Ltd,265.25,56.0,2
Ivory Tank Top,,Tops,Apparel Solutions,155.08,131.0,1
Black Tank Top,,Tops,Fashion Hub Ltd,210.69,133.0,1
Cognac Midi Skirt,XXL,Bottoms,Fashion Hub Ltd,304.39,2.0,2
Indigo De Nim Short,,Bottoms,Textile World Co,98.95,38.0,1
Emerald Linen Pant,,Bottoms,Textile World Co,180.61,22.0,1
Indigo Skinny Jean,XXL,Bottoms,Apparel Solutions,202.31,57.0,3
Cognac Maxi Dress,,Dresses,Textile World Co,151.28,59.0,1
Charcoal Wrap Dress,,Dresses,Apparel Solutions,174.1,114.0,1
Indigo Linen Pant,XS,Bottoms,Textile World Co,128.54,72.0,3
Burgundy Tank Top,L,Tops,Textile World Co,252.75,123.0,3
Indigo Puffer Vest,,Outerwear,Textile World Co,28.25,80.0,1
Blush Leather Tote,XXL,Accessories,Fashion Hub Ltd,113.3,102.0,3
Cognac Lowtop Sneaker,,Footwear,Fashion Hub Ltd,147.94,90.0,1
Blush Woven Belt,XL,Accessories,Fashion Hub Ltd,212.2,125.0,2
Blush Pleated Skirt,,Bottoms,Textile World Co,131.69,66.0,1
Cognac Crewneck Tee,,Tops,,228.87,10.0,1
Black Shift Dress,,Dresses,Textile World Co,167.67,45.0,1
Indigo Blazer,S,Outerwear,Apparel Solutions,284.76,5.0,3
Burgundy Skinny Jean,,Bottoms,Atelier Nord,123.72,79.0,1
Cognac Maxi Dress,,Dresses,Fashion Hub Ltd,148.94,117.0,1
Cognac Chino Pant,M,Bottoms,Atelier Nord,108.12,135.0,2
Black Chino Pant,,Bottoms,Atelier Nord,222.02,144.0,1
Charcoal Henley,,Tops,Fashion Hub Ltd,140.32,59.0,1
Burgundy Puffer Vest,XL,Outerwear,,35.01,126.0,1
Burgundy Buttonup Shirt,,Tops,,213.15,80.0,1
Emerald Pleated Skirt,XXL,Bottoms,Atelier Nord,169.59,20.0,3
Ivory Denim Jacket,,Outerwear,Atelier Nord,175.34,148.0,1
Camel Moto Jacket,XS,Outerwear,Atelier Nord,316.32,70.0,2
Beige Midi Skirt,XXL,Bottoms,Apparel Solutions,173.41,54.0,3
Ivory Maxi Dress,S,Dresses,Atelier Nord,38.62,1.0,3
Ivory Maxi Dre Ss,S,Dresses,Atelier Nord,37.35,1.0,1
Charcoal Twill Scarf,,Accessories,Apparel Solutions,193.48,109.0,1
Beige Pleated Skirt,,Bottoms,Textile World Co,239.97,98.0,1
Beige Loafer,M,Footwear,Atelier Nord,143.0,5.0,3
White Tank Top,XS,Tops,Textile World Co,163.29,112.0,2
Blush Crossbody Bag,,Accessories,Fashion Hub Ltd,160.23,97.0,1
Ivory Turtleneck,,Tops,Apparel Solutions,132.34,111.0,1
Burgundy De Nim Jacket,,Outerwear,Fashion Hub Ltd,180.45,100.0,1
Beige Trench Coat,,Outerwear,Textile World Co,138.42,45.0,1
Emerald Turtleneck,M,Tops,Textile World Co,22.04,66.0,3
Camel Tank Top,XL,Tops,Fashion Hub Ltd,199.11,8.0,2
Beige Twill Scarf,,Accessories,Atelier Nord,309.73,116.0,1
Be Ige Twill Scarf,,Accessories,Atelier Nord,309.73,116.0,1
Burgundy Chino Pant,,Bottoms,Fashion Hub Ltd,26.41,7.0,1
Burgundy Leather Tote,,Accessories,Textile World Co,270.49,33.0,1
Black Moto Jacket,L,Outerwear,Fashion Hub Ltd,113.3,128.0,2
Beige Linen Pant,XXL,Bottoms,Fashion Hub Ltd,119.74,73.0,3
Be Ige Linen Pant,XXL,Bottoms,Fashion Hub Ltd,121.09,73.0,1
Burgundy Denim Short,M,Bottoms,Fashion Hub Ltd,300.15,103.0,3
Black Statement Earrings,,Accessories,Textile World Co,198.19,137.0,1
White Woven Belt,,Accessories,Atelier Nord,102.34,51.0,1
Ivory Heeled Mule,XXL,Footwear,Fashion Hub Ltd,112.3,89.0,3
Charcoal Statement Earrings,,Accessories,,200.06,97.0,1
Camel Midi Dress,,Dresses,Apparel Solutions,187.75,35.0,1
Blush Ballet Flat,XXL,Footwear,Atelier Nord,263.25,35.0,3
Ivory Heeled Mule,XL,Footwear,Textile World Co,319.44,111.0,3
Cognac Vneck Sweater,,Tops,Textile World Co,103.94,119.0,1
Beige Shift Dress,,Dresses,,100.19,26.0,1
Ivory Wrap Dress,,Dresses,Atelier Nord,139.19,25.0,1
Ivory Shift Dress,,Dresses,Textile World Co,216.54,103.0,1
Beige Heeled Mule,,Footwear,Atelier Nord,206.75,121.0,1
Burgundy Pleated Skirt,,Bottoms,,158.17,102.0,1
Ivory Lowtop Sneaker,,Footwear,Apparel Solutions,114.83,13.0,1
Ivory Lowtop Sne Aker,,Footwear,Apparel Solutions,252.37,13.0,1
Blush Midi Dress,L,Dresses,Atelier Nord,50.84,0.0,3
White Chino Pant,XXL,Bottoms,Textile World Co,63.87,95.0,3
Tan Chino Pant,,Bottoms,Atelier Nord,258.86,24.0,1
Ivory Pleated Skirt,,Bottoms,Apparel Solutions,201.25,108.0,1
White Puffer Vest,,Outerwear,Atelier Nord,204.52,6.0,1
Charcoal Lowtop Sneaker,M,Footwear,Apparel Solutions,124.94,0.0,3
White Heeled Mule,,Footwear,Textile World Co,118.37,35.0,1
Indigo Ple Ated Skirt,XS,Bottoms,Apparel Solutions,133.7,49.0,1
Came L Pleated Skirt,L,Bottoms,Atelier Nord,28.9,107.0,1
White Ballet Flat,S,Footwear,Atelier Nord,87.51,98.0,3
Burgundy Loafer,,Footwear,Atelier Nord,106.98,72.0,1
Black Maxi Dress,,Dresses,Apparel Solutions,119.99,9.0,1
Burgundy Tank Top,XS,Tops,Atelier Nord,93.74,8.0,3
Burgundy Silk Blouse,,Tops,Atelier Nord,135.19,70.0,1
Beige Blazer,,Outerwear,Atelier Nord,119.48,83.0,1
Beige Silk Blouse,,Tops,Fashion Hub Ltd,136.12,12.0,1
Be Ige Silk Blouse,,Tops,Fashion Hub Ltd,120.61,12.0,1
Camel Statement Earrings,,Accessories,Atelier Nord,129.09,65.0,1
White Statement Earrings,L,Accessories,Fashion Hub Ltd,236.29,76.0,3
Cognac Loafer,S,Footwear,Fashion Hub Ltd,123.48,121.0,3
Ivory Blazer,,Outerwear,Apparel Solutions,190.33,81.0,1
Emerald Widebrim Hat,,Accessories,Atelier Nord,234.2,84.0,1
Eme Rald Widebrim Hat,,Accessories,Atelier Nord,228.04,84.0,1
Cognac Denim Jacket,,Outerwear,Apparel Solutions,124.65,88.0,1
Emerald Trench Coat,,Outerwear,Atelier Nord,82.38,35.0,1
Eme Rald Trench Coat,,Outerwear,Atelier Nord,82.38,35.0,1
Indigo Wool Peacoat,XS,Outerwear,Fashion Hub Ltd,215.39,88.0,3
Cognac Linen Pant,M,Bottoms,Apparel Solutions,102.89,73.0,3
Black Crossbody Bag,,Accessories,Textile World Co,251.29,110.0,1
Cognac Buttonup Shirt,XXL,Tops,Atelier Nord,307.48,96.0,3
Beige Chino Pant,,Bottoms,Apparel Solutions,185.87,27.0,1
Tan Statement Earrings,M,Accessories,Atelier Nord,86.03,103.0,3
Emerald Wool Peacoat,S,Outerwear,Textile World Co,141.56,0.0,2
Tan Maxi Dress,,Dresses,Fashion Hub Ltd,162.88,100.0,1
Indigo Espadrille,,Footwear,Textile World Co,231.13,41.0,1
White Pleated Skirt,,Bottoms,Textile World Co,170.03,117.0,1
Ivory Tank Top,,Tops,Atelier Nord,247.61,17.0,1
Indigo Moto Jacket,,Outerwear,Fashion Hub Ltd,266.73,136.0,1
Emerald Henley,,Tops,Fashion Hub Ltd,214.04,95.0,1
Blush Twill Scarf,,Accessories,Atelier Nord,165.87,31.0,1
Camel Midi Skirt,XL,Bottoms,Fashion Hub Ltd,216.27,93.0,2
Ivory Woven Belt,,Accessories,Atelier Nord,138.47,24.0,1
Ivory Silk Blouse,,Tops,Apparel Solutions,128.88,94.0,1
Tan Crossbody Bag,M,Accessories,Textile World Co,241.77,32.0,3
Indigo Ballet Flat,,Footwear,Textile World Co,122.41,54.0,1
Cognac Midi Skirt,,Bottoms,Textile World Co,180.48,104.0,1
Blush Twill Scarf,,Accessories,Apparel Solutions,201.22,38.0,1
White Espadrille,,Footwear,Textile World Co,140.78,117.0,1
Burgundy Twill Scarf,,Accessories,Textile World Co,257.57,93.0,1
Burgundy Pleated Skirt,,Bottoms,Textile World Co,91.43,101.0,1
Cognac Buttonup Shirt,M,Tops,Fashion Hub Ltd,238.89,16.0,3
Black Ballet Flat,S,Footwear,Textile World Co,140.41,121.0,3
Blush Crewneck Tee,,Tops,Fashion Hub Ltd,124.21,29.0,1
Charcoal Henley,XS,Tops,Textile World Co,141.65,76.0,3
White Cardigan,,Tops,Atelier Nord,170.75,49.0,1
Blush Leather Tote,XL,Accessories,Atelier Nord,171.28,76.0,3
Blush Lowtop Sneaker,,Footwear,Apparel Solutions,203.39,28.0,1
Camel Blazer,,Outerwear,Atelier Nord,208.85,136.0,1
White Heeled Mule,,Footwear,Apparel Solutions,239.1,53.0,1
Blush Leather Tote,,Accessories,Textile World Co,134.08,46.0,1
Tan Denim Short,,Bottoms,Apparel Solutions,264.31,109.0,1
Burgundy Heeled Mule,,Footwear,Textile World Co,233.43,120.0,1
Beige Maxi Dress,L,Dresses,Atelier Nord,19.7,95.0,3
Tan Wool Peacoat,,Outerwear,Atelier Nord,203.13,4.0,1
Indigo Maxi Dress,,Dresses,Textile World Co,141.37,128.0,1
White Wrap Dress,S,Dresses,Textile World Co,124.28,120.0,3
Black Heeled Mule,,Footwear,Atelier Nord,237.92,124.0,1
Beige Slip Dress,L,Dresses,Fashion Hub Ltd,48.17,87.0,2
Be Ige Slip Dress,L,Dresses,Fashion Hub Ltd,47.84,87.0,1
Ivory Crossbody Bag,,Accessories,Apparel Solutions,222.83,22.0,1
Beige Pleated Skirt,XL,Bottoms,Apparel Solutions,183.46,74.0,3
White Silk Blouse,,Tops,Apparel Solutions,174.56,92.0,1
Tan Midi Dress,XXL,Dresses,Apparel Solutions,180.82,5.0,3
Indigo Cardigan,,Tops,Atelier Nord,158.39,135.0,1
Black Ballet Flat,,Footwear,Atelier Nord,215.53,129.0,1
Emerald Slip Dress,,Dresses,Apparel Solutions,151.52,7.0,1
Cognac Vneck Sweater,,Tops,Fashion Hub Ltd,205.64,106.0,1
White Leather Tote,XXL,Accessories,Atelier Nord,256.68,132.0,3
Burgundy Espadrille,L,Footwear,Fashion Hub Ltd,137.25,78.0,3
Black Heeled Mule,,Footwear,Textile World Co,129.5,38.0,1
White Midi Dress,,Dresses,Fashion Hub Ltd,184.55,149.0,1
Blush Tank Top,,Tops,Textile World Co,138.74,52.0,1
Emerald Moto Jacket,XXL,Outerwear,Textile World Co,135.24,115.0,3
Charcoal Trench Coat,L,Outerwear,Fashion Hub Ltd,47.52,59.0,3
Emerald Ballet Flat,M,Footwear,Fashion Hub Ltd,259.28,4.0,3
Indigo Denim Jacket,XS,Outerwear,Apparel Solutions,217.26,84.0,2
Emerald Crossbody Bag,,Accessories,Apparel Solutions,203.42,82.0,1
Eme Rald Crossbody Bag,,Accessories,Apparel Solutions,243.59,82.0,1
Charcoal Midi Skirt,S,Bottoms,Fashion Hub Ltd,56.38,39.0,3
Ivory Heeled Mule,,Footwear,,75.45,132.0,1
Black Wrap Dress,M,Dresses,Fashion Hub Ltd,210.27,8.0,3
Black Skinny Jean,,Bottoms,,45.77,16.0,1
Indigo Denim Jacket,,Outerwear,Atelier Nord,133.58,0.0,1
Camel Denim Jacket,,Outerwear,Apparel Solutions,120.2,93.0,1
Ivory Denim Short,,Bottoms,Textile World Co,181.16,24.0,1
Beige Wool Peacoat,XS,Outerwear,Textile World Co,85.81,47.0,3
Blush Wove N Belt,,Accessories,Atelier Nord,227.04,133.0,1
Ivory Ballet Flat,M,Footwear,Atelier Nord,211.21,34.0,3
Burgundy Twill Scarf,L,Accessories,Fashion Hub Ltd,257.03,46.0,3
Black Linen Pant,,Bottoms,Textile World Co,159.19,2.0,1
Blush Denim Jacket,S,Outerwear,Atelier Nord,120.95,54.0,3
Cognac Ballet Flat,,Footwear,Fashion Hub Ltd,157.91,131.0,1
Cognac Balle T Flat,,,Fashion Hub Ltd,229.38,131.0,1
Ivory Woven Belt,M,Accessories,Apparel Solutions,156.27,32.0,3
Indigo Lowtop Sneaker,,Footwear,Textile World Co,96.71,47.0,1
Burgundy Turtleneck,XXL,Tops,Apparel Solutions,204.8,38.0,3
Cognac Leather Tote,XL,Accessories,Atelier Nord,270.35,71.0,3
Indigo Wool Peacoat,XL,Outerwear,Atelier Nord,287.81,119.0,3
Camel Linen Pant,XS,Bottoms,Fashion Hub Ltd,94.04,79.0,2
Beige Widebrim Hat,XS,Accessories,Fashion Hub Ltd,267.41,50.0,3
Charcoal Trench Coat,,Outerwear,Textile World Co,242.57,100.0,1
Charcoal Tre Nch Coat,,,Textile World Co,196.07,100.0,1
Blush Wideleg Trouser,,Bottoms,Textile World Co,184.23,64.0,1
Burgundy Moto Jacket,XXL,Outerwear,Textile World Co,86.55,36.0,3
Black Shift Dress,,Dresses,Fashion Hub Ltd,170.36,140.0,1
Emerald Widebrim Hat,S,Accessories,Fashion Hub Ltd,287.16,93.0,2
Burgundy Linen Pant,,Bottoms,Apparel Solutions,168.75,39.0,1
Indigo Crossbody Bag,XS,Accessories,Fashion Hub Ltd,157.99,79.0,3
Camel Statement Earrings,M,Accessories,Apparel Solutions,141.89,64.0,3
White Crewneck Tee,XXL,Tops,Atelier Nord,95.4,126.0,3
Tan Heeled Mule,,Footwear,Fashion Hub Ltd,227.23,124.0,1
Beige Twill Scarf,,Accessories,Fashion Hub Ltd,213.95,61.0,1
Beige Turtleneck,S,Tops,Fashion Hub Ltd,214.24,83.0,3
Black Maxi Dress,,Dresses,Atelier Nord,168.95,64.0,1
Tan Blazer,,Outerwear,Textile World Co,198.31,149.0,1
Blush Wideleg Trouser,,Bottoms,Fashion Hub Ltd,165.03,79.0,1
Cognac Statement Earrings,M,Accessories,Textile World Co,138.57,13.0,3
Charcoal Buttonup Shirt,,Tops,,275.64,101.0,1
Burgundy Heeled Mule,M,Footwear,Apparel Solutions,241.03,67.0,3
Black Slip Dress,L,Dresses,Atelier Nord,98.38,111.0,3
Cognac Skinny Jean,,Bottoms,Fashion Hub Ltd,309.1,122.0,1
Black Shirt Dress,,Dresses,Atelier Nord,151.74,33.0,1
Emerald Linen Pant,,Bottoms,Apparel Solutions,237.42,130.0,1
White Slip Dress,XS,Dresses,Fashion Hub Ltd,180.94,41.0,3
Beige Wideleg Trouser,,Bottoms,Textile World Co,177.44,135.0,1
White Tank Top,XS,Tops,Atelier Nord,220.42,85.0,3
Indigo Pleated Skirt,,Bottoms,Textile World Co,124.95,20.0,1
Cognac Moto Jacket,M,Outerwear,Fashion Hub Ltd,219.97,15.0,3
Emerald Midi Skirt,,Bottoms,Fashion Hub Ltd,296.61,35.0,1
Eme Rald Midi Skirt,,Bottoms,Fashion Hub Ltd,296.61,35.0,1
White Shift Dress,,Dresses,Textile World Co,173.29,42.0,1
Beige Trench Coat,,Outerwear,Apparel Solutions,318.18,140.0,1
White Denim Jacket,XXL,Outerwear,Fashion Hub Ltd,121.92,93.0,3
Beige Statement Earrings,,Accessories,Fashion Hub Ltd,167.39,82.0,1
Indigo Puffer Vest,M,Outerwear,Atelier Nord,324.39,73.0,3
Beige Espadrille,,Footwear,Textile World Co,145.15,12.0,1
Camel Crewneck Tee,,Tops,Textile World Co,102.64,137.0,1
Tan Denim Short,XL,Bottoms,Fashion Hub Ltd,30.51,97.0,3
Camel Twill Scarf,XS,Accessories,Textile World Co,167.15,84.0,3
Blush Trench Coat,L,Outerwear,Fashion Hub Ltd,150.02,63.0,3
Indigo Woven Belt,XXL,Accessories,Apparel Solutions,80.65,76.0,3
Beige Wool Peacoat,XS,Outerwear,Atelier Nord,50.28,114.0,3
Charcoal Statement Earrings,,Accessories,Fashion Hub Ltd,138.55,126.0,1
Camel Ballet Flat,XL,Footwear,Apparel Solutions,149.06,30.0,3
Cognac Skinny Jean,L,Bottoms,Textile World Co,162.84,9.0,3
White Moto Jacket,,Outerwear,Fashion Hub Ltd,192.1,47.0,1
Ivory Ankle Boot,,Footwear,Apparel Solutions,280.11,94.0,1
Black Line N Pant,,Bottoms,Atelier Nord,67.33,61.0,1
Ivory Turtleneck,XXL,Tops,,118.63,106.0,1
Charcoal Moto Jacket,,Outerwear,Apparel Solutions,172.77,36.0,1
White Wrap Dress,XXL,Dresses,Fashion Hub Ltd,142.46,150.0,3
Ivory Espadrille,,Footwear,Apparel Solutions,126.09,33.0,1
Black Leather Tote,,Accessories,Fashion Hub Ltd,175.07,94.0,1
Charcoal Ankle Boot,XXL,Footwear,Fashion Hub Ltd,188.21,26.0,3
Beige Crossbody Bag,XXL,Accessories,,208.88,99.0,2
Tan Leather Tote,,Accessories,Apparel Solutions,220.91,116.0,1
Cognac Chino Pant,M,Bottoms,Textile World Co,99.4,44.0,3
Blush Midi Dress,,Dresses,Fashion Hub Ltd,196.93,76.0,1
Beige Statement Earrings,,Accessories,Atelier Nord,184.55,109.0,1
Charcoal Woven Belt,L,Accessories,Textile World Co,235.16,138.0,3
Beige Wool Peacoat,L,Outerwear,Fashion Hub Ltd,78.56,82.0,1
Indigo Linen Pant,XL,Bottoms,Atelier Nord,72.47,113.0,3
Indigo Leather Tote,,Accessories,Textile World Co,184.26,39.0,1
Black Crewneck Tee,,Tops,Fashion Hub Ltd,184.01,91.0,1
Black Cre Wneck Tee,,,Fashion Hub Ltd,111.69,91.0,1
Blush Denim Jacket,,Outerwear,Textile World Co,105.23,28.0,1
Ivory Lowtop Sneaker,S,Footwear,Atelier Nord,53.3,104.0,3
Tan Loafer,,Footwear,Apparel Solutions,99.91,63.0,1
Emerald Leather Tote,XS,Accessories,Fashion Hub Ltd,61.0,97.0,2
Ivory Denim Jacket,XS,Outerwear,,299.83,46.0,1
Tan Henley,,Tops,,304.69,12.0,1
Tan Leather Tote,M,Accessories,Apparel Solutions,246.2,21.0,3
Beige Silk Blouse,XS,Tops,Fashion Hub Ltd,106.94,51.0,2
Cognac Tank Top,XS,Tops,Fashion Hub Ltd,128.66,27.0,3
Black Vneck Sweater,XXL,Tops,Fashion Hub Ltd,168.03,87.0,3
White Silk Blouse,XXL,Tops,Fashion Hub Ltd,18.85,59.0,3
Indigo Vneck Sweater,,Tops,Textile World Co,147.0,50.0,1
Burgundy Puffer Vest,S,Outerwear,Atelier Nord,103.51,3.0,3
Charcoal Loafer,,Footwear,Fashion Hub Ltd,233.2,31.0,1
Blush Midi Skirt,S,Bottoms,Textile World Co,92.51,75.0,3
Black Denim Short,,Bottoms,Apparel Solutions,145.46,30.0,1
Emerald Vneck Sweater,M,Tops,Fashion Hub Ltd,201.16,110.0,3
Tan Widebrim Hat,,Accessories,Apparel Solutions,245.54,81.0,1
Tan Wide Brim Hat,,Accessories,Apparel Solutions,234.66,81.0,1
Ivory Leather Tote,XL,Accessories,Textile World Co,76.21,4.0,3
Emerald Trench Coat,XXL,Outerwear,Fashion Hub Ltd,183.72,27.0,3
Emerald Shirt Dress,XL,Dresses,Apparel Solutions,60.08,132.0,2
Emerald Chino Pant,,Bottoms,Apparel Solutions,199.72,86.0,1
Beige Shirt Dress,,Dresses,Fashion Hub Ltd,195.6,135.0,1
Blush Shirt Dress,,Dresses,Textile World Co,140.42,121.0,1
Blush Midi Skirt,XXL,Bottoms,Atelier Nord,234.8,87.0,3
Charcoal Shirt Dress,S,Dresses,Apparel Solutions,251.99,58.0,3
Charcoal Loafer,S,Footwear,Atelier Nord,149.45,4.0,3
Indigo Ankle Boot,S,Footwear,Apparel Solutions,91.83,135.0,3
Camel Espadrille,,Footwear,Atelier Nord,140.12,48.0,1
Charcoal Ballet Flat,,Footwear,Atelier Nord,177.88,2.0,1
Ivory Midi Dress,M,Dresses,Fashion Hub Ltd,53.61,107.0,3
Ivory Maxi Dress,,Dresses,Atelier Nord,190.57,113.0,1
Camel Wrap Dress,,Dresses,Apparel Solutions,208.83,114.0,1
Ivory Denim Short,,Bottoms,,52.05,83.0,1
Ivory Maxi Dress,M,Dresses,Fashion Hub Ltd,207.23,82.0,3
Cognac Ankle Boot,XS,Footwear,Textile World Co,165.29,17.0,3
Tan Heeled Mule,,Footwear,Textile World Co,196.82,22.0,1
Ivory Chino Pant,XS,Bottoms,Apparel Solutions,86.07,14.0,3
Black Widebrim Hat,XS,Accessories,Textile World Co,159.99,14.0,3
Emerald Ballet Flat,,Footwear,Atelier Nord,210.64,23.0,1
Eme Rald Ballet Flat,,Footwear,Atelier Nord,203.29,23.0,1
Ivory Slip Dress,L,Dresses,Textile World Co,133.35,4.0,3
Camel Widebrim Hat,,Accessories,Apparel Solutions,168.07,53.0,1
Beige Midi Skirt,M,Bottoms,Apparel Solutions,77.15,62.0,3
Beige Wideleg Trouser,,Bottoms,Apparel Solutions,165.07,54.0,1
Emerald Shift Dress,,Dresses,Textile World Co,178.46,72.0,1
Eme Rald Shift Dress,,Dresses,Textile World Co,178.46,72.0,1
Indigo Blazer,,Outerwear,Apparel Solutions,163.36,87.0,1
Emerald Chino Pant,,Bottoms,,233.43,54.0,1
Black Ankle Boot,,Footwear,Fashion Hub Ltd,193.03,70.0,1
Indigo Leather Tote,,Accessories,Apparel Solutions,122.08,111.0,1
Black Buttonup Shirt,XS,Tops,Apparel Solutions,84.31,101.0,2
Tan Skinny Jean,,Bottoms,Fashion Hub Ltd,186.48,121.0,1
White Vneck Sweater,XXL,Tops,Textile World Co,166.76,69.0,3
White Henley,XXL,Tops,Textile World Co,136.01,101.0,3
Black Moto Jacket,L,Outerwear,Atelier Nord,268.9,100.0,3
Tan Crewneck Tee,,Tops,,219.17,119.0,1
Beige Crewneck Tee,,Tops,Atelier Nord,232.55,12.0,1
Beige Wrap Dress,M,Dresses,Atelier Nord,200.31,142.0,3
Blush Shirt Dress,XXL,Dresses,Textile World Co,80.9,99.0,3
Indigo Denim Short,M,Bottoms,Atelier Nord,310.96,74.0,3
Tan Slip Dress,,Dresses,Textile World Co,242.54,35.0,1
Burgundy Midi Skirt,,Bottoms,,154.08,28.0,1
Cognac Ankle Boot,XS,Footwear,Fashion Hub Ltd,94.52,135.0,2
Charcoal Linen Pant,,Bottoms,Apparel Solutions,237.84,89.0,1
Indigo Slip Dress,,Dresses,Atelier Nord,157.79,89.0,1
Emerald Vneck Sweater,,Tops,Fashion Hub Ltd,226.9,66.0,1
Charcoal Wool Peacoat,XL,Outerwear,Fashion Hub Ltd,294.59,48.0,2
White Maxi Dress,,Dresses,Apparel Solutions,181.16,2.0,1
Black Shift Dress,,Dresses,Atelier Nord,244.85,96.0,1
Indigo Ankle Boot,,Footwear,Apparel Solutions,197.88,125.0,1
Emerald Moto Jacket,XS,Outerwear,Atelier Nord,107.42,23.0,3
Eme Rald Moto Jacket,XS,,Atelier Nord,95.1,23.0,1
Black Heeled Mule,M,Footwear,Apparel Solutions,117.7,115.0,3
Cognac Moto Jacket,S,Outerwear,Atelier Nord,170.58,104.0,3
Burgundy Espadrille,XS,Footwear,Apparel Solutions,196.37,136.0,3
White Silk Blouse,,Tops,,164.85,1.0,1
Ivory Statement Earrings,,Accessories,,82.38,57.0,1
Eme Rald Woven Belt,,Accessories,Textile World Co,295.55,35.0,1
Cognac Moto Jacket,,Outerwear,Textile World Co,63.37,91.0,1
Emerald Midi Skirt,,Bottoms,,214.39,122.0,1
White Lowtop Sneaker,L,Footwear,Fashion Hub Ltd,237.07,63.0,3
Blush Blazer,,Outerwear,Apparel Solutions,143.14,107.0,1
Camel Loafer,L,Footwear,Fashion Hub Ltd,150.33,7.0,3
Blush Blazer,M,Outerwear,Apparel Solutions,291.89,120.0,3
Burgundy Denim Jacket,XL,Outerwear,Textile World Co,232.26,23.0,3
Cognac Wool Peacoat,,Outerwear,Fashion Hub Ltd,234.9,68.0,1
Camel Wool Peacoat,XL,Outerwear,Atelier Nord,220.62,48.0,2
Blush Loafer,S,Footwear,Atelier Nord,196.05,56.0,3
Camel Statement Earrings,XXL,Accessories,Textile World Co,80.62,86.0,3
Blush Crossbody Bag,S,Accessories,Atelier Nord,107.08,69.0,3
Indigo Puffer Vest,,Outerwear,Fashion Hub Ltd,64.88,56.0,1
Beige Puffer Vest,,Outerwear,Atelier Nord,120.56,8.0,1
Ivory Buttonup Shirt,XS,Tops,Atelier Nord,98.98,4.0,2
Beige Tank Top,,Tops,Apparel Solutions,132.31,61.0,1
Beige Denim Short,,Bottoms,Apparel Solutions,231.07,90.0,1
Beige Chino Pant,,Bottoms,Textile World Co,237.57,76.0,1
Tan Turtleneck,,Tops,Atelier Nord,190.51,98.0,1
Emerald Blazer,L,Outerwear,Fashion Hub Ltd,158.63,89.0,3
Black Lowtop Sneaker,,Footwear,Apparel Solutions,122.39,65.0,1
Ivory Wool Peacoat,,Outerwear,Fashion Hub Ltd,80.24,23.0,1
Camel Silk Blouse,XL,Tops,Atelier Nord,306.81,56.0,3
Came L Silk Blouse,XL,Tops,Atelier Nord,309.43,56.0,1
Beige Turtleneck,XXL,Tops,,38.69,25.0,1
White Denim Short,,Bottoms,Apparel Solutions,259.65,46.0,1
Black Wideleg Trouser,M,Bottoms,Textile World Co,252.12,131.0,3
Beige Wideleg Trouser,M,Bottoms,Apparel Solutions,153.03,116.0,3
Burgundy Twill Scarf,S,Accessories,Textile World Co,250.61,24.0,3
Black Trench Coat,,Outerwear,Atelier Nord,125.25,125.0,1
Cognac Puffer Vest,,Outerwear,Atelier Nord,226.98,110.0,1
Emerald Denim Short,,Bottoms,Fashion Hub Ltd,51.62,79.0,1
Beige Wrap Dress,L,Dresses,Atelier Nord,130.67,100.0,3
Camel Chino Pant,,Bottoms,Atelier Nord,93.68,108.0,1
Blush Buttonup Shirt,XS,Tops,,157.49,113.0,1
Beige Moto Jacket,M,Outerwear,,289.09,122.0,1
Blush Moto Jacket,M,Outerwear,Textile World Co,85.96,129.0,3
Ivory Vneck Sweater,,Tops,Apparel Solutions,93.04,116.0,1
Blush Widebrim Hat,,Accessories,Atelier Nord,227.81,117.0,1
Camel Ballet Flat,,Footwear,Fashion Hub Ltd,230.19,31.0,1
Tan Wool Peacoat,XXL,Outerwear,Atelier Nord,252.62,79.0,3
Black Buttonup Shirt,S,Tops,Textile World Co,144.37,49.0,3
Cognac Chino Pant,,Bottoms,,331.05,53.0,1
Black Silk Blouse,M,Tops,Atelier Nord,258.05,42.0,3
Emerald Woven Belt,,Accessories,Apparel Solutions,115.69,83.0,1
Tan Linen Pant,,Bottoms,Apparel Solutions,140.77,62.0,1
Charcoal Denim Short,,Bottoms,Textile World Co,171.95,39.0,1
White Shift Dress,S,Dresses,Textile World Co,199.78,5.0,3
Indigo Wrap Dress,L,Dresses,Atelier Nord,91.13,121.0,3
Ivory Crewneck Tee,,Tops,Atelier Nord,197.37,38.0,1
Ivory Statement Earrings,XS,Accessories,Fashion Hub Ltd,160.07,3.0,2
Tan Shift Dress,XXL,Dresses,Apparel Solutions,219.26,30.0,3
Blush Pleated Skirt,,Bottoms,Fashion Hub Ltd,327.58,32.0,1
Charcoal Ankle Boot,,Footwear,Atelier Nord,160.2,135.0,1
Beige Henley,,Tops,Textile World Co,157.32,131.0,1
Charcoal Puffer Vest,,Outerwear,Apparel Solutions,147.63,73.0,1
Ivory Vneck Sweater,,Tops,Atelier Nord,55.22,16.0,1
Blush Trench Coat,,Outerwear,Fashion Hub Ltd,141.34,64.0,1
Charcoal Silk Blouse,,Tops,Atelier Nord,152.28,43.0,1
Burgundy Statement Earrings,,Accessories,Apparel Solutions,112.13,135.0,1
Black He Eled Mule,M,Footwear,Apparel Solutions,23.31,16.0,1
Tan Shift Dress,,Dresses,Textile World Co,216.13,62.0,1
Cognac Wrap Dress,S,Dresses,Fashion Hub Ltd,101.98,109.0,3
Black Heeled Mule,XL,Footwear,Apparel Solutions,230.95,13.0,3
Cognac Lowtop Sneaker,,Footwear,Apparel Solutions,131.29,60.0,1
Blush Espadrille,,Footwear,Textile World Co,60.07,109.0,1
Charcoal Shirt Dress,L,Dresses,Fashion Hub Ltd,50.65,66.0,3
Tan Woven Belt,,Accessories,Atelier Nord,136.13,104.0,1
Blush Leather Tote,,Accessories,Apparel Solutions,138.4,138.0,1
White Espadrille,XS,Footwear,,278.17,0.0,1
Cognac Heeled Mule,XS,Footwear,Atelier Nord,228.86,71.0,3
White Tank Top,M,Tops,Textile World Co,133.34,48.0,3
Cognac Midi Dress,,Dresses,Textile World Co,124.53,89.0,1
Indigo Maxi Dress,XS,Dresses,Atelier Nord,82.18,51.0,3
Cognac Crossbody Bag,,Accessories,Atelier Nord,179.0,94.0,1
Emerald Crewneck Tee,,Tops,Fashion Hub Ltd,181.57,4.0,1
Blush Shirt Dress,L,Dresses,Fashion Hub Ltd,320.37,118.0,3
Ivory Shirt Dress,XXL,Dresses,Apparel Solutions,172.82,39.0,3
Black Maxi Dress,XS,,,113.75,23.0,2
Camel Buttonup Shirt,XL,Tops,Fashion Hub Ltd,255.29,125.0,3
Camel Widebrim Hat,XL,Accessories,Apparel Solutions,48.8,100.0,3
Indigo Buttonup Shirt,XS,Tops,Apparel Solutions,98.61,13.0,3
Cognac Maxi Dress,,Dresses,Apparel Solutions,175.02,74.0,1
Black Lowtop Sneaker,,Footwear,Textile World Co,162.3,99.0,1
Blush Ballet Flat,,,Atelier Nord,298.27,105.0,1
Charcoal Shift Dress,,Dresses,Fashion Hub Ltd,156.08,70.0,1
Ivory Denim Short,,Bottoms,Fashion Hub Ltd,162.38,63.0,1
Charcoal Twill Scarf,S,Accessories,Fashion Hub Ltd,247.18,101.0,3
White Pleated Skirt,,Bottoms,Fashion Hub Ltd,226.44,28.0,1
Indigo Twill Scarf,,Accessories,Apparel Solutions,139.95,36.0,1
Camel Espadrille,,Footwear,Textile World Co,244.55,28.0,1
Charcoal Wool Peacoat,,Outerwear,Textile World Co,168.55,70.0,1
Black Buttonup Shirt,,Tops,Atelier Nord,72.31,15.0,1
Camel Puffer Vest,S,Outerwear,Atelier Nord,90.97,73.0,3
Ivory Shift Dress,L,Dresses,Fashion Hub Ltd,161.25,135.0,3
Camel Skinny Jean,,Bottoms,Apparel Solutions,101.77,25.0,1
Camel Widebrim Hat,,Accessories,Atelier Nord,99.57,16.0,1
Charcoal Shift Dress,XXL,Dresses,Textile World Co,208.94,135.0,2
Blush Skinny Jean,XXL,Bottoms,Atelier Nord,192.33,6.0,3
White Wideleg Trouser,,Bottoms,Apparel Solutions,168.04,108.0,1
Beige Woven Belt,S,Accessories,Atelier Nord,227.56,91.0,2
Cognac Trench Coat,,Outerwear,Atelier Nord,200.33,15.0,1
Charcoal Leather Tote,XXL,Accessories,Textile World Co,132.08,13.0,3
Beige Wrap Dress,,Dresses,Fashion Hub Ltd,256.88,115.0,1
Charcoal Tank Top,,Tops,Fashion Hub Ltd,77.17,64.0,1
Indigo Midi Skirt,,Bottoms,Fashion Hub Ltd,67.6,58.0,1
Black Leather Tote,XXL,Accessories,Fashion Hub Ltd,309.41,0.0,2
Ivory Wideleg Trouser,,Bottoms,Atelier Nord,96.32,115.0,1
Ivory Crossbody Bag,,Accessories,Fashion Hub Ltd,245.01,40.0,1
Charcoal Silk Blouse,,Tops,Textile World Co,246.16,122.0,1
Camel Leather Tote,XXL,Accessories,Apparel Solutions,280.21,32.0,3
Tan Loafer,,,Textile World Co,303.49,108.0,1
Camel Heeled Mule,,Footwear,Apparel Solutions,200.77,5.0,1
Black Leather Tote,S,Accessories,,191.88,101.0,1
Ivory Midi Skirt,,Bottoms,Fashion Hub Ltd,198.02,130.0,1
Cognac Denim Short,,Bottoms,Apparel Solutions,171.74,21.0,1
Cognac Shift Dress,,Dresses,,31.17,113.0,1
Charcoal Wideleg Trouser,XXL,Bottoms,Fashion Hub Ltd,176.84,113.0,3
Charcoal Wide Leg Trouser,XXL,Bottoms,Fashion Hub Ltd,179.76,113.0,1
Tan Blazer,,Outerwear,Fashion Hub Ltd,172.02,93.0,1
Emerald Leather Tote,,Accessories,Atelier Nord,198.71,137.0,1
Tan Wrap Dress,XXL,Dresses,Fashion Hub Ltd,231.93,104.0,2
White Blazer,,Outerwear,Apparel Solutions,192.4,66.0,1
Beige Silk Blouse,XXL,Tops,Atelier Nord,183.49,133.0,3
Ivory Silk Blouse,,Tops,Fashion Hub Ltd,104.25,120.0,1
Emerald Heeled Mule,XS,Footwear,Fashion Hub Ltd,199.35,0.0,2
Indigo Midi Dress,,,,45.48,129.0,1
Beige Midi Skirt,,Bottoms,Fashion Hub Ltd,205.56,24.0,1
Indigo Moto Jacket,,Outerwear,Textile World Co,165.34,117.0,1
Indigo Vneck Sweater,,Tops,Fashion Hub Ltd,204.64,135.0,1
Tan Buttonup Shirt,,Tops,Apparel Solutions,223.88,40.0,1
Indigo Twill Scarf,,Accessories,Textile World Co,104.7,22.0,1
Burgundy Chino Pant,,Bottoms,Apparel Solutions,236.61,123.0,1
Camel Skinny Jean,,Bottoms,Fashion Hub Ltd,179.25,10.0,1
Tan Wool Peacoat,L,Outerwear,Textile World Co,103.87,101.0,3
Ivory Wrap Dress,,Dresses,Textile World Co,209.2,94.0,1
Ivory Wrap Dre Ss,,Dresses,Textile World Co,236.83,94.0,1
Indigo Henley,,Tops,Atelier Nord,163.88,86.0,1
Emerald Leather Tote,XL,Accessories,Fashion Hub Ltd,238.25,87.0,3
Tan Shirt Dress,,Dresses,Apparel Solutions,115.66,57.0,1
Tan Shirt Dre Ss,,Dresses,Apparel Solutions,90.04,57.0,1
Cognac Midi Dress,,Dresses,Apparel Solutions,211.23,33.0,1
White Blazer,XL,Outerwear,Fashion Hub Ltd,201.87,50.0,3
Charcoal Woven Belt,XS,Accessories,Atelier Nord,265.68,19.0,3
Charcoal Wove N Belt,XS,Accessories,Atelier Nord,246.46,19.0,1
Emerald Loafer,M,Footwear,Atelier Nord,82.81,128.0,3
Beige Crewneck Tee,,Tops,Apparel Solutions,148.04,26.0,1
Burgundy Blazer,,Outerwear,Apparel Solutions,158.59,30.0,1
Beige Moto Jacket,,Outerwear,,142.58,87.0,1
Camel Vneck Sweater,,Tops,Fashion Hub Ltd,253.74,134.0,1
Burgundy Midi Skirt,,Bottoms,Textile World Co,201.85,129.0,1
Emerald Turtleneck,,Tops,Apparel Solutions,119.98,11.0,1
Burgundy Wrap Dress,,Dresses,Apparel Solutions,76.19,137.0,1
Blush Twill Scarf,XXL,Accessories,Fashion Hub Ltd,253.89,97.0,2
Indigo Denim Jacket,L,Outerwear,Fashion Hub Ltd,175.7,39.0,3
Indigo Leather Tote,,Accessories,Fashion Hub Ltd,180.59,14.0,1
Indigo Pleated Skirt,,Bottoms,Fashion Hub Ltd,208.6,8.0,1
Charcoal Midi Skirt,M,Bottoms,,126.23,110.0,1
Indigo Lowtop Sneaker,,Footwear,Fashion Hub Ltd,181.49,124.0,1
Ivory Espadrille,XL,Footwear,Textile World Co,318.05,67.0,3
White Twill Scarf,,Accessories,Apparel Solutions,281.78,1.0,1
Charcoal Heeled Mule,M,Footwear,Apparel Solutions,93.05,140.0,3
Black Twill Scarf,XS,Accessories,Apparel Solutions,155.81,3.0,2
Beige Tank Top,,Tops,Fashion Hub Ltd,236.8,80.0,1
Burgundy Skinny Jean,,Bottoms,Apparel Solutions,168.45,42.0,1
Beige Espadrille,XL,Footwear,Atelier Nord,259.77,96.0,3
Be Ige Espadrille,XL,Footwear,Atelier Nord,249.97,96.0,1
Cognac Woven Belt,,Accessories,Atelier Nord,93.48,136.0,1
Indigo Midi Skirt,L,Bottoms,Fashion Hub Ltd,210.68,5.0,3
Indigo Trench Coat,,Outerwear,Fashion Hub Ltd,149.05,96.0,1
Indigo Tre Nch Coat,,Outerwear,Fashion Hub Ltd,154.09,96.0,1
Ivory Crossbody Bag,XXL,Accessories,Textile World Co,112.47,44.0,3
Black Widebrim Hat,,Accessories,Fashion Hub Ltd,146.82,98.0,1
Beige Heeled Mule,,Footwear,Apparel Solutions,124.81,18.0,1
Cognac Skinny Jean,,Bottoms,Atelier Nord,51.26,37.0,1
Cognac Midi Skirt,,Bottoms,Apparel Solutions,305.28,38.0,1
Tan Ballet Flat,,Footwear,Fashion Hub Ltd,217.31,42.0,1
Black Skinny Jean,,Bottoms,Atelier Nord,114.82,99.0,1
Ivory Denim Jacket,,Outerwear,Textile World Co,211.61,113.0,1
Emerald Henley,,Tops,Apparel Solutions,194.57,14.0,1
Burgundy Vneck Sweater,,Tops,,281.46,12.0,1
Beige Espadrille,XS,Footwear,Apparel Solutions,43.59,128.0,3
Cognac Trench Coat,,Outerwear,,104.08,126.0,1
Indigo Ballet Flat,XS,Footwear,Textile World Co,144.81,19.0,3
Camel Cardigan,,Tops,Fashion Hub Ltd,101.97,52.0,1
Indigo Wrap Dre Ss,,Dresses,Fashion Hub Ltd,300.31,118.0,1
Ivory Heeled Mule,,Footwear,Apparel Solutions,187.14,125.0,1
Beige Statement Earrings,L,Accessories,Textile World Co,243.72,59.0,3
White Lowtop Sneaker,,Footwear,Textile World Co,232.64,81.0,1
Charcoal Tank Top,,Tops,,289.69,5.0,1
Black Blazer,L,Outerwear,Atelier Nord,68.76,103.0,3
Ivory Leather Tote,S,Accessories,Apparel Solutions,117.38,40.0,2
Indigo Buttonup Shirt,,Tops,Textile World Co,159.57,133.0,1
Beige Skinny Jean,S,Bottoms,Apparel Solutions,154.44,102.0,3
Cognac Ankle Boot,,Footwear,Apparel Solutions,134.71,138.0,1
Ivory Ankle Boot,S,Footwear,Fashion Hub Ltd,222.54,8.0,3
Ivory Shirt Dress,,Dresses,,203.14,137.0,1
Tan Twill Scarf,XS,Accessories,Apparel Solutions,123.15,142.0,2
Camel Heeled Mule,,Footwear,,321.04,16.0,1
Emerald Statement Earrings,L,Accessories,Atelier Nord,69.54,30.0,3
Indigo Loafe R,,Footwear,Atelier Nord,234.85,42.0,1
Blush Widebrim Hat,XXL,Accessories,Fashion Hub Ltd,141.14,47.0,3
Burgundy Denim Jacket,XL,Outerwear,Apparel Solutions,221.29,9.0,3
Ivory Twill Scarf,M,Accessories,Textile World Co,253.28,87.0,2
Beige Espadrille,M,Footwear,Atelier Nord,262.2,56.0,3
Blush Statement Earrings,S,Accessories,Apparel Solutions,235.02,108.0,3
Indigo Espadrille,M,Footwear,Apparel Solutions,115.1,125.0,3
Cognac Maxi Dress,M,Dresses,Fashion Hub Ltd,202.39,138.0,2
Cognac Turtleneck,XXL,Tops,Apparel Solutions,192.74,68.0,3
Indigo Lowtop Sneaker,,Footwear,,118.26,109.0,1
Camel Twill Scarf,,Accessories,Fashion Hub Ltd,140.13,45.0,1
Camel Moto Jacket,M,Outerwear,Textile World Co,88.84,131.0,3
Indigo Ballet Flat,S,Footwear,Textile World Co,298.26,120.0,2
Camel Wool Peacoat,,,Textile World Co,167.0,86.0,1
Beige Shirt Dress,,Dresses,Textile World Co,161.57,66.0,1
Burgundy Vneck Sweater,,Tops,Apparel Solutions,65.25,1.0,1
Camel Silk Blouse,M,Tops,,181.75,59.0,1
Tan Wideleg Trouser,,Bottoms,Apparel Solutions,268.9,11.0,1
Blush Tank Top,,Tops,,192.97,108.0,1
Indigo Heeled Mule,,Footwear,Atelier Nord,67.59,56.0,1
Emerald Blazer,XXL,Outerwear,Apparel Solutions,177.46,43.0,3
Blush Silk Blouse,XL,Tops,Textile World Co,282.03,58.0,2
Ivory Turtleneck,,Tops,Fashion Hub Ltd,238.72,48.0,1
White Slip Dress,,,Atelier Nord,223.38,23.0,1
Camel Chino Pant,,Bottoms,,78.64,109.0,1
Charcoal Loafer,,Footwear,Atelier Nord,156.98,25.0,1
Charcoal Loafe R,,Footwear,Atelier Nord,285.96,25.0,1
Charcoal Lowtop Sneaker,,Footwear,Apparel Solutions,115.62,62.0,1
Charcoal Loafer,M,Footwear,Apparel Solutions,82.9,31.0,3
Ivory Denim Short,L,Bottoms,Fashion Hub Ltd,85.9,73.0,3
Ivory Woven Belt,,Accessories,Textile World Co,52.33,17.0,1
Black Wideleg Trouser,XS,Bottoms,Apparel Solutions,262.87,125.0,2
Charcoal Crewneck Tee,XS,Tops,Apparel Solutions,291.44,60.0,1
Beige Twill Scarf,,Accessories,Apparel Solutions,49.18,8.0,1
Be Ige Twill Scarf,,Accessories,Apparel Solutions,49.18,8.0,1
Burgundy Wideleg Trouser,,Bottoms,Fashion Hub Ltd,115.87,38.0,1
Burgundy Lowtop Sneaker,XL,Footwear,Apparel Solutions,213.88,9.0,2
Camel Chino Pant,XXL,,,35.72,50.0,1
White Wideleg Trouser,,Bottoms,Atelier Nord,143.07,35.0,1
White Vneck Sweater,,Tops,Atelier Nord,136.7,36.0,1
Beige Vneck Sweater,,Tops,,157.84,76.0,1
Be Ige Vneck Sweater,,Tops,,157.84,76.0,1
Emerald Widebrim Hat,S,Accessories,Textile World Co,285.31,52.0,3
Emerald Leather Tote,,Accessories,Apparel Solutions,174.29,26.0,1
Ivory Maxi Dress,XS,Dresses,Textile World Co,169.8,93.0,3
Charcoal Vneck Sweater,,Tops,Fashion Hub Ltd,109.7,48.0,1
Blush Slip Dress,,Dresses,,80.8,21.0,1
Emerald Espadrille,M,Footwear,Atelier Nord,201.6,78.0,3
Emerald Tank Top,,Tops,Apparel Solutions,232.04,108.0,1
Camel Wideleg Trouser,,Bottoms,Fashion Hub Ltd,59.22,64.0,1
Black Turtleneck,XXL,Tops,Atelier Nord,182.6,25.0,3
White Wool Peacoat,L,Outerwear,Textile World Co,148.65,10.0,3
Blush Vneck Sweater,,Tops,Fashion Hub Ltd,173.56,50.0,1
Emerald Cardigan,XS,Tops,Textile World Co,34.38,64.0,3
Camel Crewneck Tee,M,Tops,Apparel Solutions,167.45,51.0,3
Cognac Slip Dress,XXL,Dresses,Apparel Solutions,156.0,109.0,3
Black Maxi Dress,S,Dresses,Fashion Hub Ltd,149.3,85.0,3
Beige Leather Tote,L,Accessories,Textile World Co,261.18,112.0,3
Indigo Denim Jacket,S,Outerwear,Fashion Hub Ltd,137.62,16.0,3
Black Vneck Sweater,L,Tops,Atelier Nord,244.88,31.0,3
Burgundy Crewneck Tee,XXL,Tops,Apparel Solutions,194.12,139.0,3
Burgundy Ankle Boot,,Footwear,Apparel Solutions,139.91,80.0,1
White Statement Earrings,,Accessories,Textile World Co,230.21,142.0,1
Tan Ballet Flat,XL,Footwear,,297.07,116.0,1
Emerald Loafer,XXL,Footwear,Textile World Co,214.01,46.0,3
Tan Heeled Mule,,Footwear,Atelier Nord,171.25,74.0,1
Camel Puffer Vest,S,Outerwear,Textile World Co,271.35,82.0,3
Burgundy Wideleg Trouser,XXL,Bottoms,Apparel Solutions,196.71,29.0,3
White Moto Jacket,XXL,Outerwear,Apparel Solutions,67.83,110.0,2
Black Leather Tote,,Accessories,Atelier Nord,174.17,117.0,1
White Lowtop Sneaker,XS,Footwear,Atelier Nord,35.28,53.0,2
Black Statement Earrings,XXL,Accessories,Apparel Solutions,48.38,139.0,3
Blush Turtleneck,,Tops,Atelier Nord,205.05,30.0,1
Burgundy Moto Jacket,XL,Outerwear,Apparel Solutions,298.64,130.0,3
Black Maxi Dress,,Dresses,,40.11,6.0,1
Blush Crossbody Bag,XS,Accessories,Atelier Nord,178.97,86.0,3
Black Shirt Dress,XL,Dresses,Atelier Nord,248.52,72.0,3
Indigo Heeled Mule,XL,Footwear,Textile World Co,236.53,94.0,2
White Ballet Flat,,Footwear,Textile World Co,189.41,91.0,1
Charcoal Wrap Dress,XS,Dresses,Textile World Co,169.3,41.0,3
Charcoal Midi Dress,,Dresses,Apparel Solutions,151.33,130.0,1
Burgundy Henley,,Tops,Fashion Hub Ltd,277.44,21.0,1
Cognac Slip Dress,,Dresses,Fashion Hub Ltd,195.16,0.0,1
Cognac Denim Jacket,,,,107.98,113.0,1
White Puffer Vest,,Outerwear,Apparel Solutions,208.6,100.0,1
Cognac Wool Peacoat,,Outerwear,,285.04,99.0,1
Ivory Espadrille,,Footwear,Atelier Nord,174.5,63.0,1
Black Statement Earrings,,Accessories,Atelier Nord,77.62,80.0,1
Tan Blazer,S,Outerwear,Fashion Hub Ltd,199.58,66.0,3
Black Slip Dress,,Dresses,Atelier Nord,176.5,6.0,1
Beige Statement Earrings,M,Accessories,Textile World Co,205.32,60.0,3
Indigo Buttonup Shirt,L,Tops,Apparel Solutions,250.2,117.0,3
Black Denim Jacket,,Outerwear,Atelier Nord,88.81,10.0,1
Indigo Shift Dress,,Dresses,Atelier Nord,148.95,87.0,1
Camel Henley,M,Tops,Textile World Co,75.01,129.0,3
White Wrap Dress,,Dresses,Apparel Solutions,154.74,88.0,1
Camel Crossbody Bag,L,Accessories,Textile World Co,252.12,17.0,2
White Vneck Sweater,S,Tops,Apparel Solutions,146.25,25.0,3
White Ankle Boot,,Footwear,Atelier Nord,200.0,126.0,1
White Wideleg Trouser,S,Bottoms,Apparel Solutions,163.72,3.0,3
Ivory Moto Jacket,XXL,Outerwear,Fashion Hub Ltd,297.7,5.0,2
Charcoal Balle T Flat,,Footwear,Atelier Nord,123.07,97.0,1
Burgundy Widebrim Hat,L,Accessories,Fashion Hub Ltd,161.18,74.0,3
Blush Leather Tote,M,Accessories,,112.3,31.0,1
Charcoal Espadrille,XL,Footwear,Apparel Solutions,220.24,92.0,3
Black Wrap Dress,XXL,Dresses,Atelier Nord,95.24,95.0,3
Ivory Wideleg Trouser,XXL,Bottoms,Atelier Nord,104.98,135.0,3
Tan Wideleg Trouser,,Bottoms,Textile World Co,218.51,0.0,1
Indigo Loafer,,Footwear,Textile World Co,147.91,121.0,1
Black Trench Coat,M,Outerwear,Apparel Solutions,192.29,49.0,3
Charcoal Puffer Vest,,Outerwear,Textile World Co,102.28,58.0,1
Black Pleated Skirt,XS,Bottoms,Fashion Hub Ltd,172.75,109.0,3
Camel Puffer Vest,,Outerwear,Fashion Hub Ltd,170.09,88.0,1
Camel Shift Dress,,Dresses,Apparel Solutions,104.08,109.0,1
Cognac Lowtop Sneaker,,Footwear,,164.36,55.0,1
White Widebrim Hat,,Accessories,Apparel Solutions,168.0,17.0,1
Cognac Heeled Mule,XL,Footwear,Apparel Solutions,276.86,98.0,3
Beige Maxi Dress,,Dresses,Textile World Co,146.35,26.0,1
Cognac Widebrim Hat,XXL,Accessories,Atelier Nord,187.45,44.0,3
Ivory Cardigan,XL,Tops,Textile World Co,100.32,132.0,3
Burgundy Ankle Boot,,Footwear,Textile World Co,220.87,33.0,1
Ivory Crewneck Tee,,Tops,Textile World Co,270.24,4.0,1
Cognac Turtleneck,M,Tops,Apparel Solutions,205.84,13.0,3
Emerald Ankle Boot,,Footwear,Atelier Nord,159.47,149.0,1
Blush Wideleg Trouser,M,Bottoms,Atelier Nord,274.62,94.0,2
Black Twill Scarf,,Accessories,Textile World Co,180.51,4.0,1
Cognac Turtleneck,L,Tops,Fashion Hub Ltd,228.88,124.0,3
White Maxi Dress,,Dresses,Atelier Nord,218.27,5.0,1
Blush Slip Dress,,Dresses,Atelier Nord,196.36,74.0,1
Emerald Silk Blouse,M,Tops,Atelier Nord,266.85,12.0,3
Tan Espadrille,XL,Footwear,,96.9,103.0,1
Ivory Wool Peacoat,S,Outerwear,Textile World Co,190.5,122.0,2
Ivory Wool Pe Acoat,S,Outerwear,Textile World Co,177.96,122.0,1
Emerald Shift Dress,XS,Dresses,Apparel Solutions,149.06,127.0,3
Ivory Silk Blouse,,,,268.41,17.0,1
Emerald Vneck Sweater,XL,Tops,Textile World Co,90.23,67.0,3
White Trench Coat,S,Outerwear,Atelier Nord,148.7,146.0,3
Emerald Wrap Dress,,Dresses,Fashion Hub Ltd,219.72,15.0,1
Black Tank Top,XL,Tops,Textile World Co,274.04,37.0,3
Emerald Midi Dress,,Dresses,Textile World Co,126.32,0.0,1
Tan Midi Dress,S,Dresses,Atelier Nord,141.72,39.0,3
Burgundy Cardigan,,Tops,Textile World Co,261.7,51.0,1
Charcoal Wool Peacoat,XXL,Outerwear,Apparel Solutions,204.36,134.0,3
Ivory Pleated Skirt,,,Fashion Hub Ltd,143.83,63.0,1
Camel Woven Belt,,Accessories,Textile World Co,134.51,45.0,1
Ivory De Nim Short,,Bottoms,Fashion Hub Ltd,198.05,138.0,1
Black Wrap Dress,,Dresses,Apparel Solutions,265.19,26.0,1
Blush Widebrim Hat,XS,Accessories,Atelier Nord,151.92,126.0,3
Beige Statement Earrings,,Accessories,Apparel Solutions,237.53,59.0,1
Black Crewneck Tee,,Tops,Apparel Solutions,307.18,55.0,1
Charcoal Twill Scarf,XXL,Accessories,Fashion Hub Ltd,37.29,89.0,2
Indigo Turtleneck,XS,Tops,,108.7,138.0,2
Charcoal Shift Dress,M,Dresses,Apparel Solutions,92.26,107.0,3
Black Crewneck Tee,L,Tops,Atelier Nord,187.09,3.0,3
Camel Denim Jacket,XS,Outerwear,Textile World Co,217.87,128.0,3
Blush Espadrille,,Footwear,Fashion Hub Ltd,30.08,111.0,1
White Wrap Dress,,Dresses,Fashion Hub Ltd,129.78,107.0,1
Blush Twill Scarf,,Accessories,Fashion Hub Ltd,235.19,128.0,1
Emerald Woven Belt,M,Accessories,Atelier Nord,125.47,47.0,3
Burgundy Denim Short,,Bottoms,Atelier Nord,74.38,101.0,1
Ivory Widebrim Hat,XS,Accessories,Atelier Nord,52.26,88.0,1
Burgundy Wideleg Trouser,XL,Bottoms,Fashion Hub Ltd,52.49,110.0,3
Tan Skinny Jean,XL,Bottoms,Textile World Co,70.7,134.0,3
Burgundy Henley,XS,Tops,Apparel Solutions,188.13,111.0,3
Charcoal Cardigan,,Tops,Apparel Solutions,155.15,140.0,1
Blush Widebrim Hat,XL,Accessories,Atelier Nord,206.43,120.0,3
Burgundy Puffer Vest,,Outerwear,Textile World Co,86.87,96.0,1
Beige Denim Short,L,Bottoms,Textile World Co,267.44,70.0,2
Tan Wrap Dress,,Dresses,,61.28,122.0,1
Ivory Leather Tote,,Accessories,Textile World Co,94.32,22.0,1
Camel Maxi Dress,,Dresses,Textile World Co,216.63,134.0,1
Black Statement Earrings,S,Accessories,Fashion Hub Ltd,235.74,12.0,2
Black Trench Coat,XXL,Outerwear,Fashion Hub Ltd,123.16,63.0,3
Emerald Denim Jacket,,Outerwear,,280.89,24.0,1
Ivory Lowtop Sneaker,XS,Footwear,Fashion Hub Ltd,139.31,20.0,3
Burgundy Statement Earrings,,Accessories,Atelier Nord,129.2,10.0,1
Burgundy Denim Short,XL,Bottoms,Textile World Co,51.66,4.0,3
Beige Wideleg Trouser,XS,Bottoms,Textile World Co,310.69,95.0,3
Blush Crewneck Tee,,Tops,Apparel Solutions,342.1,98.0,1
Blush Espadrille,M,Footwear,Textile World Co,49.29,122.0,3
Ivory Heeled Mule,,Footwear,Textile World Co,216.07,23.0,1
Tan Loafe R,,Footwear,Apparel Solutions,86.44,86.0,1
Blush Twill Scarf,,Accessories,Textile World Co,59.4,66.0,1
White Turtleneck,,Tops,,257.93,135.0,1
Burgundy Crossbody Bag,XL,Accessories,Apparel Solutions,145.12,128.0,3
Cognac Wrap Dress,XXL,Dresses,Fashion Hub Ltd,192.82,68.0,3
Ivory Tank Top,,Tops,Textile World Co,140.55,95.0,1
White Chino Pant,M,,Fashion Hub Ltd,315.79,73.0,3
Charcoal Crossbody Bag,,Accessories,Fashion Hub Ltd,119.82,31.0,1
Blush Buttonup Shirt,,Tops,,141.76,71.0,1
Cognac Chino Pant,L,Bottoms,Apparel Solutions,98.11,127.0,3
Charcoal Henley,XXL,Tops,Textile World Co,242.46,6.0,3
Black Chino Pant,,Bottoms,Apparel Solutions,225.04,19.0,1
Tan Shift Dress,,Dresses,Fashion Hub Ltd,117.31,38.0,1
White Leather Tote,L,Accessories,Fashion Hub Ltd,203.1,70.0,3
Charcoal Skinny Jean,L,Bottoms,Apparel Solutions,122.13,39.0,3
Burgundy Trench Coat,XS,Outerwear,Textile World Co,194.52,124.0,2
Ivory Pleated Skirt,XXL,Bottoms,Apparel Solutions,301.76,90.0,3
Charcoal Silk Blouse,,Tops,Fashion Hub Ltd,106.78,125.0,1
White Chino Pant,,Bottoms,Textile World Co,215.22,39.0,1
Tan Henley,XXL,Tops,Atelier Nord,308.79,67.0,3
Charcoal Wideleg Trouser,XXL,Bottoms,Textile World Co,59.17,41.0,3
Indigo Woven Belt,XS,Accessories,Atelier Nord,111.57,89.0,3
Tan Skinny Jean,XS,Bottoms,Fashion Hub Ltd,97.57,125.0,3
Black Turtleneck,,Tops,Apparel Solutions,128.62,90.0,1
Ivory Tank Top,,Tops,Fashion Hub Ltd,166.77,92.0,1
Black Blazer,,Outerwear,Apparel Solutions,199.99,58.0,1
Tan Crossbody Bag,M,Accessories,Atelier Nord,98.9,65.0,3
Blush Moto Jacket,M,Outerwear,,185.37,44.0,1
Emerald Skinny Jean,,Bottoms,Textile World Co,103.81,30.0,1
Cognac Denim Jacket,,Outerwear,Atelier Nord,172.9,125.0,1
Ivory Skinny Jean,,Bottoms,Atelier Nord,231.98,59.0,1
Ivory Lowtop Sneaker,,Footwear,Atelier Nord,247.91,7.0,1
Beige Shirt Dress,,Dresses,Atelier Nord,192.75,107.0,1
Camel Wool Peacoat,S,Outerwear,Fashion Hub Ltd,153.57,85.0,3
Ivory Skinny Jean,,Bottoms,Textile World Co,128.72,17.0,1
Black Maxi Dress,,Dresses,Fashion Hub Ltd,174.52,107.0,1
Emerald Puffer Vest,M,Outerwear,Fashion Hub Ltd,181.35,51.0,3
Eme Rald Puffer Vest,M,Outerwear,Fashion Hub Ltd,145.42,51.0,1
Burgundy Maxi Dress,,Dresses,Apparel Solutions,253.88,18.0,1
Tan Vneck Sweater,,Tops,Apparel Solutions,78.33,97.0,1
White Midi Dress,M,Dresses,Apparel Solutions,303.64,85.0,3
Camel Wool Peacoat,L,Outerwear,Atelier Nord,92.3,84.0,3
Burgundy Shift Dress,,Dresses,Apparel Solutions,227.35,18.0,1
White Slip Dress,,Dresses,Textile World Co,189.39,62.0,1
Came L Woven Belt,L,Accessories,Atelier Nord,109.61,69.0,1
Tan Widebrim Hat,XL,Accessories,Apparel Solutions,50.44,40.0,2
Ivory Henley,,Tops,Textile World Co,51.96,122.0,1
Beige Shift Dress,,Dresses,Apparel Solutions,208.9,16.0,1
Be Ige Shift Dress,,Dresses,Apparel Solutions,140.09,16.0,1
Black Crossbody Bag,,Accessories,Atelier Nord,267.4,20.0,1
White Lowtop Sneaker,M,Footwear,Apparel Solutions,191.89,48.0,2
Black Ballet Flat,,Footwear,Apparel Solutions,210.23,48.0,1
Camel Maxi Dress,,Dresses,,237.5,31.0,1
Tan Midi Dress,L,Dresses,Atelier Nord,179.13,101.0,2
Black Ankle Boot,,Footwear,,255.47,36.0,1
Blush Midi Dress,,Dresses,Textile World Co,159.94,93.0,1
Cognac Wide Leg Trouser,,,Apparel Solutions,158.61,89.0,1
Charcoal Turtleneck,XS,Tops,Textile World Co,58.09,57.0,3
Emerald Denim Jacket,,Outerwear,Fashion Hub Ltd,180.49,106.0,1
Black Wool Peacoat,L,Outerwear,,61.08,122.0,1
Blush Ballet Flat,,Footwear,Fashion Hub Ltd,174.3,94.0,1
Ivory Vneck Sweater,S,Tops,Apparel Solutions,268.63,34.0,3
Camel Turtleneck,,Tops,Textile World Co,125.71,138.0,1
Beige Moto Jacket,XXL,Outerwear,Fashion Hub Ltd,45.46,41.0,3
Cognac Shirt Dre Ss,,Dresses,Fashion Hub Ltd,292.22,121.0,1
Emerald Statement Earrings,M,Accessories,Apparel Solutions,177.22,46.0,3
Blush Cardigan,XXL,Tops,Textile World Co,187.91,112.0,3
Beige Pleated Skirt,,Bottoms,Apparel Solutions,133.44,136.0,1
Burgundy Woven Belt,XL,Accessories,Atelier Nord,218.52,21.0,3
Black Henley,,Tops,Apparel Solutions,121.9,65.0,1
White Shirt Dress,,Dresses,Fashion Hub Ltd,108.65,33.0,1
Blush Espadrille,,Footwear,Apparel Solutions,224.3,114.0,1
Indigo Tank Top,S,Tops,,65.14,92.0,1
Indigo Skinny Jean,,Bottoms,,117.46,66.0,1
White Midi Skirt,M,Bottoms,Apparel Solutions,172.81,28.0,3
Ivory Slip Dress,,Dresses,Atelier Nord,159.74,99.0,1
Beige Vneck Sweater,XS,Tops,,97.89,137.0,1
Indigo Shirt Dress,XXL,Dresses,Atelier Nord,104.89,102.0,3
White Shirt Dress,,Dresses,Atelier Nord,156.95,55.0,1
Beige Midi Dress,,Dresses,Textile World Co,263.2,28.0,1
Be Ige Midi Dress,,Dresses,Textile World Co,263.2,28.0,1
Beige Puffer Vest,XL,Outerwear,Apparel Solutions,135.3,143.0,3
Indigo Turtleneck,,Tops,Atelier Nord,39.37,43.0,1
Black Crewneck Tee,,Tops,Textile World Co,223.83,138.0,1
Indigo Denim Short,,Bottoms,Fashion Hub Ltd,18.97,11.0,1
Cognac Denim Jacket,XXL,Outerwear,Atelier Nord,91.89,117.0,3
Cognac Chino Pant,,Bottoms,Fashion Hub Ltd,54.08,32.0,1
Cognac Widebrim Hat,,Accessories,Textile World Co,162.73,47.0,1
Indigo Denim Jacket,XS,Outerwear,Fashion Hub Ltd,142.49,98.0,3
Emerald Silk Blouse,,Tops,Atelier Nord,291.09,29.0,1
White Espadrille,M,Footwear,Atelier Nord,162.67,136.0,3
Burgundy Denim Short,,Bottoms,Apparel Solutions,222.23,45.0,1
Camel Heeled Mule,,Footwear,Atelier Nord,159.94,90.0,1
Camel Loafer,,Footwear,Apparel Solutions,191.18,130.0,1
Tan Puffer Vest,M,Outerwear,Textile World Co,202.56,137.0,3
Indigo Ankle Boot,M,Footwear,Fashion Hub Ltd,95.78,80.0,3
Cognac Wool Peacoat,XL,Outerwear,Fashion Hub Ltd,126.27,139.0,3
Camel Slip Dress,M,Dresses,,249.63,0.0,1
Cognac Loafer,,Footwear,Fashion Hub Ltd,193.04,78.0,1
Charcoal Maxi Dress,,Dresses,,295.37,114.0,1
Indigo Blazer,XS,Outerwear,Apparel Solutions,203.28,0.0,3
White Wool Peacoat,,Outerwear,Apparel Solutions,277.53,59.0,1
Eme Rald Wool Peacoat,,Outerwear,Apparel Solutions,181.35,83.0,1
Beige Lowtop Sneaker,,Footwear,Apparel Solutions,89.93,59.0,1
Tan Trench Coat,S,Outerwear,Atelier Nord,164.8,108.0,3
Ivory Woven Belt,XXL,Accessories,Apparel Solutions,48.68,29.0,3
Blush Crewneck Tee,M,Tops,Fashion Hub Ltd,92.16,116.0,2
Burgundy Puffer Vest,,Outerwear,,48.18,118.0,1
Camel Slip Dress,XXL,Dresses,Atelier Nord,114.31,68.0,3
Black Lowtop Sneaker,M,Footwear,Textile World Co,218.45,136.0,3
Tan Wideleg Trouser,XL,Bottoms,Textile World Co,155.03,0.0,2
Cognac Puffer Vest,S,Outerwear,Fashion Hub Ltd,124.59,44.0,3
Charcoal Heeled Mule,,Footwear,Apparel Solutions,188.45,111.0,1
White Shirt Dress,M,Dresses,Textile World Co,56.5,78.0,2
Charcoal Shirt Dress,M,Dresses,Textile World Co,197.89,131.0,3
Blush Vneck Sweater,L,Tops,Atelier Nord,65.6,71.0,3
White Denim Jacket,XXL,Outerwear,Atelier Nord,190.65,96.0,3
Beige Wrap Dress,XL,Dresses,Fashion Hub Ltd,219.9,28.0,3
Camel Maxi Dress,XXL,Dresses,Apparel Solutions,198.76,112.0,3
Ivory Ankle Boot,,Footwear,Fashion Hub Ltd,129.84,117.0,1
Tan Loafer,XXL,Footwear,Fashion Hub Ltd,230.78,65.0,3
Indigo Midi Dress,L,Dresses,Textile World Co,208.65,100.0,3
Ivory Vneck Sweater,,Tops,Textile World Co,216.38,53.0,1
Indigo Ballet Flat,XL,Footwear,Fashion Hub Ltd,251.73,58.0,3
White Puffer Vest,M,Outerwear,Apparel Solutions,191.75,12.0,3
Charcoal Lowtop Sneaker,,Footwear,Fashion Hub Ltd,122.23,80.0,1
Black Loafer,XXL,Footwear,Atelier Nord,310.98,3.0,3
Beige Lowtop Sneaker,XS,Footwear,Fashion Hub Ltd,98.66,141.0,3
Beige Moto Jacket,XS,Outerwear,Apparel Solutions,258.41,32.0,3
Blush Linen Pant,,Bottoms,Atelier Nord,169.53,53.0,1
Cognac Midi Dress,,Dresses,Atelier Nord,179.14,53.0,1
Indigo Statement Earrings,XS,Accessories,Fashion Hub Ltd,286.11,107.0,3
Black Wrap Dress,S,Dresses,Fashion Hub Ltd,58.2,54.0,2
Emerald Cardigan,L,Tops,Apparel Solutions,227.26,12.0,3
Blush Shift Dress,,Dresses,Textile World Co,152.28,80.0,1
Ivory Crossbody Bag,L,Accessories,Fashion Hub Ltd,154.71,50.0,3
Blush Vneck Sweater,,Tops,Atelier Nord,162.7,47.0,1
Charcoal Shift Dress,XL,Dresses,Fashion Hub Ltd,91.79,132.0,3
White Ballet Flat,XXL,Footwear,Textile World Co,60.74,70.0,3
Ivory Midi Dress,,Dresses,Fashion Hub Ltd,97.53,54.0,1
White Heeled Mule,,Footwear,Atelier Nord,161.9,121.0,1
Beige Crewneck Tee,,Tops,Textile World Co,87.25,106.0,1
Beige Skinny Jean,M,Bottoms,Textile World Co,136.43,141.0,3
Blush Crewneck Tee,,Tops,,193.04,7.0,1
Charcoal Henley,,Tops,Apparel Solutions,261.12,3.0,1
White Henley,,Tops,Atelier Nord,228.77,47.0,1
Blush Buttonup Shirt,,,Apparel Solutions,231.85,28.0,1
Cognac Silk Blouse,,Tops,Atelier Nord,238.28,117.0,1
Indigo Midi Dress,,Dresses,Textile World Co,181.97,88.0,1
Tan Moto Jacket,,Outerwear,,226.16,6.0,1
Blush Pleated Skirt,,Bottoms,Apparel Solutions,196.5,89.0,1
Ivory Moto Jacket,XS,Outerwear,Fashion Hub Ltd,199.82,28.0,3
Camel Loafer,,Footwear,,118.25,130.0,1
Camel Henley,XL,Tops,Textile World Co,42.61,76.0,2
Beige Cardigan,,Tops,Textile World Co,127.6,39.0,1
Black Maxi Dress,XL,Dresses,Textile World Co,46.64,135.0,3
Indigo Shift Dress,,Dresses,Textile World Co,164.43,2.0,1
Charcoal Silk Blouse,XXL,Tops,Atelier Nord,150.39,37.0,3
Cognac Crewneck Tee,,Tops,Atelier Nord,92.98,74.0,1
Beige Loafer,,Footwear,Fashion Hub Ltd,100.64,103.0,1
Tan Wideleg Trouser,,Bottoms,,295.72,135.0,1
Emerald Espadrille,XXL,Footwear,,131.12,138.0,1
Indigo Wool Peacoat,S,Outerwear,Fashion Hub Ltd,33.77,123.0,3
Cognac Vneck Sweater,,Tops,Apparel Solutions,46.65,94.0,1
Cognac Shift Dress,S,Dresses,Apparel Solutions,68.71,0.0,2
Camel Loafer,M,Footwear,Apparel Solutions,280.94,110.0,2
Black Linen Pant,XS,Bottoms,Fashion Hub Ltd,180.38,73.0,3
Cognac Leather Tote,L,Accessories,Apparel Solutions,309.79,38.0,3
Cognac Lowtop Sneaker,XXL,Footwear,Apparel Solutions,120.03,29.0,3
White Crossbody Bag,XS,Accessories,Fashion Hub Ltd,158.91,55.0,3
Indigo Buttonup Shirt,,Tops,Fashion Hub Ltd,34.77,17.0,1
Burgundy Midi Dress,M,Dresses,Apparel Solutions,135.5,16.0,3
Charcoal Pleated Skirt,M,Bottoms,Atelier Nord,43.35,104.0,3
Cognac Heeled Mule,M,Footwear,Apparel Solutions,236.88,20.0,3
Black Denim Short,,Bottoms,Textile World Co,198.64,18.0,1
Cognac Buttonup Shirt,XL,Tops,Atelier Nord,323.48,37.0,2
Camel Pleated Skirt,,Bottoms,Apparel Solutions,34.34,107.0,1
Indigo Skinny Jean,XXL,Bottoms,,274.5,13.0,1
Tan Vneck Sweater,XXL,Tops,Atelier Nord,205.86,139.0,3
Blush Midi Dress,,Dresses,Apparel Solutions,167.56,128.0,1
White Linen Pant,,Bottoms,,195.29,103.0,1
Indigo Cardigan,,Tops,Fashion Hub Ltd,79.1,25.0,1
Ivory Crewneck Tee,XS,Tops,Textile World Co,262.92,82.0,3
Tan Henley,,Tops,Atelier Nord,66.92,19.0,1
Tan He Nley,,Tops,Atelier Nord,30.74,19.0,1
Camel Espadrille,XXL,Footwear,,257.02,93.0,1
Tan Wrap Dress,,Dresses,Fashion Hub Ltd,137.97,114.0,1
Emerald Turtleneck,,Tops,Atelier Nord,158.22,0.0,1
White Widebrim Hat,,Accessories,,303.84,39.0,1
Beige Linen Pant,XL,Bottoms,Atelier Nord,90.98,125.0,2
Emerald Turtleneck,,Tops,Textile World Co,130.41,107.0,1
Ivory Crewneck Tee,,Tops,Fashion Hub Ltd,183.29,140.0,1
Ivory Midi Dress,,Dresses,Atelier Nord,223.77,41.0,1
Beige Cardigan,,Tops,Atelier Nord,137.12,97.0,1
White Chino Pant,XS,Bottoms,Atelier Nord,237.48,55.0,3
Burgundy Linen Pant,XXL,Bottoms,Fashion Hub Ltd,224.27,52.0,3
Cognac Pleated Skirt,M,Bottoms,Fashion Hub Ltd,121.96,2.0,3
Beige Cardigan,XS,Tops,Fashion Hub Ltd,120.2,58.0,3
Blush Skinny Jean,XS,Bottoms,Atelier Nord,161.23,93.0,3
Indigo Widebrim Hat,XXL,Accessories,Apparel Solutions,156.67,54.0,3
Blush Widebrim Hat,S,Accessories,Apparel Solutions,199.29,23.0,3
Ivory Twill Scarf,XL,Accessories,Fashion Hub Ltd,291.35,139.0,3
Charcoal Silk Blouse,,Tops,Apparel Solutions,248.0,127.0,1
Indigo Shift Dress,,Dresses,Apparel Solutions,131.16,108.0,1
Ivory Denim Jacket,,Outerwear,Apparel Solutions,83.01,26.0,1
Emerald Shirt Dress,XL,Dresses,Textile World Co,162.58,2.0,3
Eme Rald Shirt Dress,XL,Dresses,Textile World Co,162.71,2.0,1
Blush Henley,M,Tops,Textile World Co,187.05,47.0,3
Beige Silk Blouse,S,Tops,Apparel Solutions,96.69,100.0,2
Ivory Heeled Mule,L,Footwear,,201.82,76.0,1
Indigo Denim Jacket,,Outerwear,Textile World Co,154.02,99.0,1
Emerald Wideleg Trouser,,Bottoms,,207.22,53.0,1
Burgundy Heeled Mule,XL,Footwear,Atelier Nord,205.71,104.0,3
Ivory Loafer,,Footwear,,198.04,21.0,1
Indigo Heeled Mule,,Footwear,Fashion Hub Ltd,200.81,82.0,1
Indigo Midi Dress,XS,Dresses,Fashion Hub Ltd,89.02,120.0,2
Ivory Midi Skirt,L,Bottoms,,281.71,33.0,1
Ivory Leather Tote,XS,Accessories,Textile World Co,69.78,37.0,2
White Vneck Sweater,L,Tops,Apparel Solutions,117.56,115.0,3
Blush Loafer,XS,Footwear,Apparel Solutions,127.68,103.0,3
Beige Turtleneck,S,Tops,Textile World Co,144.56,46.0,3
Cognac Puffer Vest,XS,Outerwear,Fashion Hub Ltd,310.97,68.0,3
Camel Crossbody Bag,L,Accessories,Fashion Hub Ltd,55.67,139.0,3
Came L Crossbody Bag,L,Accessories,Fashion Hub Ltd,39.64,139.0,1
Emerald Henley,,Tops,Textile World Co,184.35,19.0,1
Black Chino Pant,,Bottoms,Fashion Hub Ltd,155.88,74.0,1
Camel Wool Peacoat,XS,Outerwear,Textile World Co,153.49,140.0,3
Burgundy Turtleneck,,Tops,Textile World Co,181.31,40.0,1
Cognac Trench Coat,,Outerwear,Textile World Co,274.04,30.0,1
Indigo Midi Skirt,,Bottoms,Atelier Nord,147.81,84.0,1
Beige Wool Peacoat,XXL,Outerwear,Apparel Solutions,25.36,0.0,3
Camel Heeled Mule,XS,Footwear,,245.33,80.0,1
Ivory Moto Jacke T,,Outerwear,Fashion Hub Ltd,226.22,27.0,1
Beige Midi Dress,,Dresses,Apparel Solutions,99.0,8.0,1
Ivory Wideleg Trouser,,Bottoms,Textile World Co,147.76,44.0,1
Black Statement Earrings,S,Accessories,Atelier Nord,152.46,72.0,3
Charcoal Denim Short,S,Bottoms,Textile World Co,223.59,75.0,3
Burgundy Slip Dress,XXL,Dresses,Textile World Co,119.29,68.0,3
Indigo Chino Pant,,Bottoms,Fashion Hub Ltd,153.0,79.0,1
Ivory Shift Dress,XS,Dresses,Fashion Hub Ltd,135.19,75.0,3
Indigo Trench Coat,,Outerwear,,114.96,130.0,1
Indigo Wool Peacoat,,Outerwear,Textile World Co,147.2,108.0,1
Black Trench Coat,,Outerwear,Textile World Co,181.37,136.0,1
Camel Midi Dress,,Dresses,Textile World Co,140.78,27.0,1
Charcoal Shirt Dress,,Dresses,Apparel Solutions,20.96,24.0,1
Ivory Linen Pant,,Bottoms,Fashion Hub Ltd,219.83,9.0,1
Camel Linen Pant,XXL,Bottoms,Apparel Solutions,234.28,138.0,3
Burgundy Silk Blouse,,Tops,Apparel Solutions,129.08,123.0,1
Cognac Wrap Dress,,Dresses,Apparel Solutions,241.84,135.0,1
Blush Lowtop Sneaker,,Footwear,Textile World Co,200.59,91.0,1
White Wrap Dress,XL,Dresses,Textile World Co,125.08,103.0,3
White Twill Scarf,S,Accessories,Textile World Co,94.51,70.0,2
Burgundy Midi Skirt,L,Bottoms,Fashion Hub Ltd,141.42,102.0,3
Black Shift Dress,,Dresses,,153.92,47.0,1
Ivory Lowtop Sneaker,S,Footwear,Apparel Solutions,156.66,23.0,3
Emerald Chino Pant,,Bottoms,Fashion Hub Ltd,116.72,72.0,1
Black Cardigan,,Tops,,292.91,108.0,1
Cognac Linen Pant,XXL,Bottoms,Apparel Solutions,99.57,83.0,3
Black Moto Jacket,,Outerwear,Apparel Solutions,111.35,23.0,1
Charcoal Midi Dress,XXL,Dresses,Fashion Hub Ltd,135.36,84.0,3
Burgundy Wrap Dress,,Dresses,Atelier Nord,46.47,114.0,1
Blush Puffer Vest,L,Outerwear,Atelier Nord,286.95,9.0,2
White Maxi Dress,L,Dresses,Apparel Solutions,186.88,25.0,3
Cognac Chino Pant,XL,Bottoms,Fashion Hub Ltd,102.28,119.0,3
Indigo Denim Short,,Bottoms,Apparel Solutions,37.98,3.0,1
Charcoal Ballet Flat,XL,Footwear,Apparel Solutions,205.3,80.0,3
Black Loafer,,Footwear,Textile World Co,157.86,15.0,1
Indigo Blaze R,,Outerwear,Atelier Nord,283.26,89.0,1
Cognac Chino Pant,XS,Bottoms,Apparel Solutions,216.28,22.0,3
Burgundy Slip Dress,,Dresses,Fashion Hub Ltd,303.96,38.0,1
Black Denim Jacket,M,Outerwear,Fashion Hub Ltd,88.55,63.0,3
Tan Crossbody Bag,S,Accessories,Fashion Hub Ltd,258.09,120.0,3
Ivory Silk Blouse,,Tops,Textile World Co,171.04,121.0,1
Indigo Widebrim Hat,,Accessories,Textile World Co,165.67,84.0,1
Indigo Ankle Boot,,Footwear,Textile World Co,203.83,52.0,1
Burgundy Leather Tote,XL,Accessories,Atelier Nord,316.35,6.0,2
Blush Shirt Dress,XS,Dresses,Apparel Solutions,182.23,35.0,3
Burgundy Blazer,,Outerwear,Fashion Hub Ltd,173.42,52.0,1
Indigo Vneck Sweater,S,Tops,Fashion Hub Ltd,167.92,32.0,3
Charcoal Woven Belt,S,Accessories,Atelier Nord,36.52,0.0,3
Came L Pleated Skirt,L,Bottoms,Fashion Hub Ltd,52.69,91.0,1
Cognac Ballet Flat,L,Footwear,Textile World Co,18.83,66.0,3
Camel Lowtop Sneaker,S,Footwear,Apparel Solutions,216.08,62.0,3
Burgundy Silk Blouse,XXL,Tops,Fashion Hub Ltd,155.86,137.0,3
White Linen Pant,M,Bottoms,Fashion Hub Ltd,48.05,58.0,3
Charcoal Moto Jacket,,Outerwear,Fashion Hub Ltd,172.42,16.0,1
Ivory Chino Pant,XL,Bottoms,Textile World Co,162.89,99.0,3
Camel Linen Pant,,Bottoms,Apparel Solutions,251.02,12.0,1
Indigo Denim Jacket,,Outerwear,Fashion Hub Ltd,226.15,135.0,1
Camel Linen Pant,M,Bottoms,Apparel Solutions,163.66,97.0,3
Black Silk Blouse,,Tops,Apparel Solutions,271.18,26.0,1
Burgundy Denim Jacket,XS,Outerwear,Textile World Co,148.85,114.0,3
Camel Midi Skirt,,Bottoms,Atelier Nord,78.67,66.0,1
Blush Heeled Mule,,Footwear,Fashion Hub Ltd,144.8,102.0,1
Blush He Eled Mule,,,Fashion Hub Ltd,320.54,102.0,1
Blush Denim Short,M,Bottoms,Atelier Nord,144.86,50.0,3
White Slip Dress,S,Dresses,Apparel Solutions,189.55,111.0,3
Ivory Leather Tote,,Accessories,,279.39,47.0,1
Ivory Le Ather Tote,,Accessories,,279.39,47.0,1
Ivory Heeled Mule,S,Footwear,Atelier Nord,185.84,32.0,3
Burgundy Heeled Mule,L,Footwear,Atelier Nord,202.53,95.0,3
Camel Moto Jacket,,Outerwear,Textile World Co,120.11,44.0,1
Came L Moto Jacket,L,Outerwear,Textile World Co,94.05,44.0,1
White Crewneck Tee,M,Tops,Apparel Solutions,40.94,116.0,3
Beige Skinny Jean,XL,Bottoms,Atelier Nord,222.47,98.0,2
Tan Linen Pant,,Bottoms,Textile World Co,107.63,2.0,1
Beige Skinny Jean,L,Bottoms,Atelier Nord,149.92,26.0,3
Beige Slip Dress,,Dresses,Textile World Co,172.88,139.0,1
Be Ige Slip Dress,,Dresses,Textile World Co,295.05,139.0,1
Charcoal Woven Belt,,Accessories,Fashion Hub Ltd,172.97,107.0,1
Tan Skinny Jean,,Bottoms,,218.86,80.0,1
Black Moto Jacket,,Outerwear,Atelier Nord,164.9,50.0,1
Emerald Skinny Jean,,Bottoms,Fashion Hub Ltd,146.43,20.0,1
Emerald Denim Short,,Bottoms,Textile World Co,227.0,48.0,1
Blush Denim Jacket,,Outerwear,Fashion Hub Ltd,174.51,8.0,1
Cognac Vneck Sweater,M,Tops,Fashion Hub Ltd,151.06,144.0,3
Blush Vneck Sweater,,Tops,Apparel Solutions,94.62,100.0,1
Beige Midi Dress,,Dresses,Fashion Hub Ltd,172.49,7.0,1
Blush Buttonup Shirt,M,Tops,,185.3,4.0,1
Burgundy Denim Short,,Bottoms,,73.2,138.0,1
Black Henley,,Tops,Textile World Co,32.64,30.0,1
Ivory Linen Pant,L,Bottoms,Atelier Nord,158.96,85.0,2
White Linen Pant,,Bottoms,Atelier Nord,78.85,121.0,1
Emerald Henley,M,Tops,Apparel Solutions,232.9,75.0,2
Camel Moto Jacket,,Outerwear,Fashion Hub Ltd,239.16,96.0,1
Camel Denim Short,L,Bottoms,Atelier Nord,260.1,104.0,3
Burgundy Silk Blouse,,Tops,Fashion Hub Ltd,235.37,77.0,1
Emerald Pleated Skirt,,Bottoms,Atelier Nord,17.63,98.0,1
Beige Shirt Dress,S,Dresses,Fashion Hub Ltd,117.38,72.0,3
Camel Pleated Skirt,M,Bottoms,Atelier Nord,311.24,40.0,1
Indigo Shirt Dress,,Dresses,Fashion Hub Ltd,154.45,116.0,1
Camel Trench Coat,XL,Outerwear,Atelier Nord,82.73,9.0,3
Emerald Vneck Sweater,S,Tops,Fashion Hub Ltd,205.42,23.0,3
Camel Pleated Skirt,,Bottoms,Textile World Co,91.81,83.0,1
Burgundy Tank Top,L,Tops,Fashion Hub Ltd,120.55,123.0,3
White Espadrille,XXL,Footwear,Atelier Nord,146.93,84.0,2
Blush Wideleg Trouser,,Bottoms,Atelier Nord,99.65,117.0,1
Blush Ankle Boot,XXL,Footwear,Atelier Nord,31.88,37.0,3
Emerald Statement Earrings,L,Accessories,Fashion Hub Ltd,184.69,62.0,3
Charcoal Leather Tote,XL,Accessories,Atelier Nord,102.26,0.0,3
Tan Loafer,S,Footwear,Apparel Solutions,67.95,127.0,3
Ivory Espadrille,S,Footwear,Apparel Solutions,218.2,0.0,3
Charcoal Puffer Vest,,Outerwear,,194.38,75.0,1
Emerald Pleated Skirt,,Bottoms,,191.78,134.0,1
Burgundy Crewneck Tee,,Tops,Apparel Solutions,318.68,54.0,1
Indigo Wideleg Trouser,,Bottoms,Textile World Co,211.92,126.0,1
Charcoal Denim Jacket,,Outerwear,Fashion Hub Ltd,199.32,129.0,1
Blush Denim Short,,Bottoms,Textile World Co,179.07,8.0,1
Ivory Ballet Flat,,Footwear,Apparel Solutions,155.56,73.0,1
Emerald Chino Pant,,Bottoms,Textile World Co,199.19,0.0,1
Black Trench Coat,XS,Outerwear,Textile World Co,220.51,48.0,3
Blush Espadrille,XXL,Footwear,Atelier Nord,286.82,67.0,3
Blush Tank Top,XS,Tops,Apparel Solutions,206.06,53.0,2
White Maxi Dress,,Dresses,Fashion Hub Ltd,145.11,129.0,1
Camel Midi Dress,,Dresses,Fashion Hub Ltd,128.11,58.0,1
Burgundy Denim Jacket,XXL,Outerwear,,54.55,49.0,1
Emerald Blazer,XXL,Outerwear,Atelier Nord,37.13,131.0,3
Ivory Loafer,,Footwear,Textile World Co,95.13,139.0,1
Indigo Woven Belt,M,Accessories,Atelier Nord,244.63,137.0,3
Black Maxi Dress,XXL,Dresses,Apparel Solutions,173.97,128.0,3
Indigo Slip Dress,S,Dresses,Textile World Co,321.08,113.0,3
White Chino Pant,XS,Bottoms,Fashion Hub Ltd,228.86,36.0,3
Ivory Wrap Dress,M,Dresses,,154.41,1.0,1
Camel Lowtop Sneaker,XXL,Footwear,Fashion Hub Ltd,130.72,106.0,3
White Shift Dress,XL,Dresses,Atelier Nord,207.75,1.0,2
Cognac Wideleg Trouser,,Bottoms,Atelier Nord,134.0,59.0,1
Black Maxi Dress,XXL,Dresses,Fashion Hub Ltd,102.11,62.0,3
Beige Skinny Jean,M,Bottoms,Apparel Solutions,150.03,54.0,3
Black Crossbody Bag,,Accessories,Fashion Hub Ltd,250.77,85.0,1
Charcoal Wrap Dress,,Dresses,Atelier Nord,213.34,134.0,1
Black Shift Dre Ss,,Dresses,Textile World Co,121.6,96.0,1
Camel Crossbody Bag,,Accessories,,199.3,127.0,1
Came L Crossbody Bag,L,Accessories,,199.3,127.0,1
Beige Leather Tote,,Accessories,,315.67,128.0,1
Black Linen Pant,,Bottoms,Fashion Hub Ltd,124.13,135.0,1
Emerald Heeled Mule,,Footwear,Apparel Solutions,322.48,29.0,1
Cognac Wrap Dress,L,Dresses,Apparel Solutions,308.99,133.0,3
Black Wideleg Trouser,,Bottoms,,258.61,81.0,1
Charcoal Linen Pant,,Bottoms,Atelier Nord,142.46,92.0,1
Burgundy Heeled Mule,,Footwear,Apparel Solutions,178.5,107.0,1
Indigo Twill Scarf,,Accessories,,276.34,54.0,1
Cognac Henley,,Tops,,100.55,37.0,1
Beige Shift Dress,,Dresses,Atelier Nord,233.18,5.0,1
Cognac Puffer Vest,,Outerwear,Fashion Hub Ltd,345.51,43.0,1
Beige Blazer,XS,Outerwear,Fashion Hub Ltd,266.93,109.0,3
Be Ige Blazer,XS,Outerwear,Fashion Hub Ltd,226.55,109.0,1
Beige Denim Jacket,,Outerwear,Apparel Solutions,110.23,113.0,1
Blush Wool Peacoat,S,Outerwear,,307.6,139.0,1
Black Espadrille,,Footwear,Textile World Co,158.55,16.0,1
Blush Ankle Boot,,Footwear,Fashion Hub Ltd,151.82,77.0,1
Burgundy Loafer,XXL,Footwear,Atelier Nord,69.92,140.0,3
White Blazer,S,Outerwear,Fashion Hub Ltd,192.65,0.0,3
White Shirt Dress,XL,Dresses,Fashion Hub Ltd,135.16,138.0,3
Tan Crossbody Bag,XS,Accessories,Textile World Co,265.36,6.0,3
Charcoal Lowtop Sneaker,L,Footwear,Textile World Co,123.41,22.0,3
Camel Blazer,XL,Outerwear,Atelier Nord,284.42,69.0,2
Blush Shift Dress,XXL,Dresses,Fashion Hub Ltd,206.55,81.0,3
White Loafer,XXL,Footwear,Fashion Hub Ltd,195.15,112.0,2
Tan Woven Belt,M,Accessories,Apparel Solutions,145.51,74.0,3
Beige Denim Jacket,,Outerwear,Fashion Hub Ltd,295.13,59.0,1
Indigo Blazer,,Outerwear,Fashion Hub Ltd,87.63,55.0,1
Charcoal Espadrille,,Footwear,,88.09,22.0,1
Burgundy Ballet Flat,XXL,Footwear,Apparel Solutions,218.78,58.0,3
White Pleated Skirt,L,Bottoms,Apparel Solutions,55.8,88.0,3
Camel Pleated Skirt,L,,,224.68,107.0,1
Ivory Wrap Dress,S,Dresses,Fashion Hub Ltd,172.24,24.0,3
Tan Shift Dress,L,Dresses,Atelier Nord,245.14,26.0,3
Beige Leather Tote,XXL,Accessories,Textile World Co,200.84,73.0,3
Charcoal Leather Tote,XS,Accessories,Textile World Co,147.1,89.0,3
Burgundy Cardigan,S,Tops,Fashion Hub Ltd,192.25,54.0,3
Emerald Denim Jacket,XS,Outerwear,Atelier Nord,316.53,105.0,3
Ivory Silk Blouse,S,Tops,Textile World Co,97.09,139.0,3
Burgundy Turtleneck,L,Tops,Atelier Nord,183.89,107.0,3
Burgundy Slip Dress,XS,Dresses,Fashion Hub Ltd,169.61,115.0,2
Indigo Wool Peacoat,M,Outerwear,Atelier Nord,278.7,46.0,3
White Moto Jacket,XL,Outerwear,Atelier Nord,98.22,32.0,3
Blush Woven Belt,,Accessories,Textile World Co,155.22,136.0,1
Camel Denim Jacket,XS,Outerwear,Apparel Solutions,241.95,6.0,3
Black Ballet Flat,S,Footwear,Apparel Solutions,200.84,53.0,3
Beige Lowtop Sneaker,XS,Footwear,Apparel Solutions,219.01,64.0,3
Blush Buttonup Shirt,,Tops,Atelier Nord,251.95,9.0,1
Camel Crossbody Bag,XL,Accessories,Textile World Co,55.93,23.0,3
Emerald Chino Pant,,Bottoms,Atelier Nord,106.94,131.0,1
Came L Skinny Jean,L,Bottoms,Fashion Hub Ltd,116.04,6.0,1
Cognac Henley,,Tops,Atelier Nord,47.26,103.0,1
Tan Cardigan,,Tops,Fashion Hub Ltd,110.2,109.0,1
Ivory Tank Top,,Tops,,234.45,24.0,1
Burgundy Shift Dress,XL,Dresses,Textile World Co,24.16,102.0,2
Burgundy Wideleg Trouser,XL,Bottoms,,133.28,34.0,2
Blush Crewneck Tee,,Tops,Textile World Co,69.99,45.0,1
Ivory Maxi Dress,,Dresses,Fashion Hub Ltd,46.88,9.0,1
Charcoal Vneck Sweater,,Tops,Apparel Solutions,80.34,25.0,1
Ivory Linen Pant,,Bottoms,Textile World Co,107.92,29.0,1
Charcoal Wideleg Trouser,XXL,Bottoms,Apparel Solutions,117.5,105.0,3
Emerald Slip Dress,,Dresses,Fashion Hub Ltd,68.63,131.0,1
Camel Trench Coat,,Outerwear,Fashion Hub Ltd,215.11,79.0,1
Came L Trench Coat,L,Outerwear,Fashion Hub Ltd,215.11,79.0,1
Tan Denim Jacket,XXL,Outerwear,Atelier Nord,165.23,62.0,3
Cognac Widebrim Hat,XXL,Accessories,Apparel Solutions,70.1,120.0,3
Tan Midi Dress,XL,Dresses,Fashion Hub Ltd,218.21,106.0,3
Camel Wrap Dress,L,Dresses,Apparel Solutions,81.57,103.0,3
Came L Wrap Dress,L,Dresses,Apparel Solutions,85.06,103.0,1
Burgundy Denim Jacket,M,Outerwear,Textile World Co,119.72,116.0,3
Emerald Crossbody Bag,XL,Accessories,,106.38,86.0,1
Tan Silk Blouse,,Tops,,197.21,153.0,1
Tan Loafer,XS,Footwear,Atelier Nord,126.25,49.0,3
White Ankle Boot,,Footwear,Textile World Co,159.12,12.0,1
Emerald Skinny Jean,,,Atelier Nord,53.78,4.0,1
Indigo Maxi Dress,S,Dresses,Apparel Solutions,205.42,32.0,3
White Denim Short,L,Bottoms,Textile World Co,248.52,76.0,3
Tan Denim Jacket,XS,Outerwear,Atelier Nord,227.52,140.0,3
Charcoal Pleated Skirt,XL,Bottoms,Fashion Hub Ltd,59.93,99.0,3
Beige Pleated Skirt,XS,Bottoms,Fashion Hub Ltd,130.77,49.0,2
Burgundy Ballet Flat,,Footwear,Fashion Hub Ltd,274.0,20.0,1
Camel Wideleg Trouser,M,Bottoms,Textile World Co,120.22,95.0,3
White Buttonup Shirt,,Tops,Fashion Hub Ltd,196.49,111.0,1
Black Lowtop Sneaker,XS,Footwear,Apparel Solutions,292.56,23.0,3
Indigo Moto Jacket,XL,Outerwear,Fashion Hub Ltd,266.06,18.0,3
Charcoal Ankle Boot,XL,Footwear,Atelier Nord,34.41,82.0,2
Beige Twill Scarf,XXL,Accessories,Apparel Solutions,279.12,4.0,2
Be Ige Twill Scarf,XXL,Accessories,Apparel Solutions,264.79,4.0,1
Tan Maxi Dress,XS,Dresses,Textile World Co,310.07,134.0,3
Ivory Ballet Flat,,Footwear,Textile World Co,168.38,75.0,1
Cognac Cardigan,M,Tops,Apparel Solutions,141.5,82.0,3
White Blazer,XXL,Outerwear,,184.57,70.0,1
Indigo Ballet Flat,L,Footwear,Apparel Solutions,168.64,56.0,3
Blush Trench Coat,M,Outerwear,Apparel Solutions,195.38,47.0,3
White Statement Earrings,L,Accessories,Textile World Co,118.03,34.0,3
White Crewneck Tee,,Tops,Apparel Solutions,47.96,46.0,1
Tan Puffer Vest,L,Outerwear,Textile World Co,94.0,131.0,2
Black Crewneck Tee,,Tops,Atelier Nord,122.77,15.0,1
Emerald Wrap Dress,,Dresses,Textile World Co,110.56,104.0,1
Cognac Wideleg Trouser,S,Bottoms,Textile World Co,70.79,39.0,3
Cognac Wide Leg Trouser,S,Bottoms,Textile World Co,71.21,39.0,1
Emerald Buttonup Shirt,,Tops,Textile World Co,223.37,85.0,1
Emerald Ballet Flat,XL,Footwear,Fashion Hub Ltd,87.99,11.0,2
Blush Turtleneck,,Tops,Fashion Hub Ltd,195.4,90.0,1
Blush Turtle Neck,,Tops,Fashion Hub Ltd,275.08,90.0,1
Camel Crewneck Tee,XS,Tops,Apparel Solutions,226.4,84.0,3
Charcoal Skinny Jean,,Bottoms,,185.25,61.0,1
Emerald Shift Dress,M,Dresses,Apparel Solutions,226.72,0.0,3
Burgundy Twill Scarf,M,Accessories,Apparel Solutions,274.41,133.0,3
Charcoal Denim Jacket,,Outerwear,Atelier Nord,156.17,95.0,1
Indigo Vneck Sweater,M,Tops,Textile World Co,180.67,22.0,3
Cognac Blazer,XS,Outerwear,Apparel Solutions,194.27,14.0,3
Tan Midi Dress,,Dresses,Apparel Solutions,226.46,102.0,1
Blush Tre Nch Coat,,Outerwear,Apparel Solutions,236.93,61.0,1
Ivory Pleated Skirt,S,Bottoms,Apparel Solutions,129.72,8.0,3
Ivory Moto Jacket,,Outerwear,Textile World Co,167.87,23.0,1
Ivory Wrap Dress,XL,Dresses,Atelier Nord,140.02,23.0,2
Charcoal Cardigan,S,Tops,Apparel Solutions,241.49,55.0,3
Black Wideleg Trouser,,Bottoms,Fashion Hub Ltd,259.04,24.0,1
White Heeled Mule,,Footwear,Fashion Hub Ltd,105.9,5.0,1
Black Chino Pant,,Bottoms,,193.4,90.0,1
Burgundy Widebrim Hat,,Accessories,Fashion Hub Ltd,218.39,127.0,1
White Wideleg Trouser,XXL,Bottoms,Fashion Hub Ltd,137.25,140.0,2
Ivory Wool Peacoat,XXL,Outerwear,Atelier Nord,138.47,47.0,3
Blush Trench Coat,XS,Outerwear,Textile World Co,132.24,63.0,3
Charcoal Midi Dress,L,Dresses,Apparel Solutions,247.61,80.0,3
Ivory Puffer Vest,XL,Outerwear,Atelier Nord,148.47,150.0,3
Tan Silk Blouse,,Tops,Atelier Nord,184.6,126.0,1
Emerald Blazer,S,Outerwear,Textile World Co,237.71,5.0,3
Camel Ankle Boot,L,Footwear,Apparel Solutions,289.98,35.0,3
Emerald Pleated Skirt,,,Fashion Hub Ltd,105.64,84.0,1
Emerald Widebrim Hat,,Accessories,,50.2,133.0,1
Burgundy Lowtop Sneaker,,Footwear,Atelier Nord,120.75,9.0,1
Black Lowtop Sneaker,XL,Footwear,Apparel Solutions,295.2,71.0,2
White Twill Scarf,,Accessories,Textile World Co,93.97,94.0,1
Camel Wrap Dress,,Dresses,Fashion Hub Ltd,121.73,98.0,1
Tan Wrap Dre Ss,,Dresses,Apparel Solutions,77.08,35.0,1
Black Turtleneck,,Tops,Fashion Hub Ltd,52.5,113.0,1
Burgundy Slip Dress,,Dresses,Textile World Co,197.31,40.0,1
Black Henley,XXL,,,288.42,85.0,1
Charcoal Pleated Skirt,M,Bottoms,,198.31,17.0,1
Blush Maxi Dress,L,Dresses,Textile World Co,177.42,63.0,3
White Leather Tote,,Accessories,Atelier Nord,171.5,6.0,1
Charcoal Skinny Jean,XS,Bottoms,Textile World Co,267.39,87.0,2
Eme Rald Midi Skirt,,Bottoms,Atelier Nord,240.64,110.0,1
Cognac Skinny Jean,XL,Bottoms,Atelier Nord,55.81,2.0,3
Tan Pleated Skirt,,Bottoms,Atelier Nord,184.93,20.0,1
Emerald Statement Earrings,XXL,Accessories,Atelier Nord,222.11,24.0,3
Indigo Espadrille,XS,Footwear,Atelier Nord,51.14,93.0,3
Blush Heeled Mule,,Footwear,Atelier Nord,262.64,104.0,1
Cognac Crewneck Tee,,Tops,Textile World Co,143.13,65.0,1
Blush Maxi Dress,XL,Dresses,Atelier Nord,284.75,42.0,3
Camel Skinny Jean,,Bottoms,Atelier Nord,125.34,34.0,1
Charcoal Maxi Dress,,Dresses,Atelier Nord,283.22,88.0,1
Charcoal Shirt Dress,S,Dresses,Fashion Hub Ltd,284.31,23.0,3
Tan Statement Earrings,S,Accessories,Fashion Hub Ltd,178.39,12.0,3
Burgundy Shirt Dress,,Dresses,,110.51,6.0,1
Indigo Turtleneck,L,Tops,Textile World Co,120.32,6.0,3
Ivory Silk Blouse,,Tops,Atelier Nord,138.49,86.0,1
Emerald Ballet Flat,,Footwear,Apparel Solutions,153.12,0.0,1
Charcoal Shirt Dress,XS,Dresses,Fashion Hub Ltd,136.44,89.0,3
Emerald Denim Short,XL,Bottoms,Apparel Solutions,315.41,15.0,3
Blush Blazer,XXL,Outerwear,Fashion Hub Ltd,250.32,26.0,3
Cognac Linen Pant,XL,Bottoms,Textile World Co,93.84,73.0,3
Cognac Slip Dre Ss,,Dresses,Textile World Co,110.73,122.0,1
Beige Silk Blouse,,Tops,Atelier Nord,220.66,8.0,1
Black Moto Jacket,XXL,Outerwear,Apparel Solutions,191.39,0.0,3
Charcoal Denim Short,,Bottoms,Fashion Hub Ltd,50.5,28.0,1
White Twill Scarf,,Accessories,Atelier Nord,148.74,9.0,1
Beige Midi Dress,XS,Dresses,Atelier Nord,218.63,88.0,3
Beige Shirt Dress,L,Dresses,Apparel Solutions,89.26,73.0,3
Emerald Woven Belt,,Accessories,Fashion Hub Ltd,265.1,70.0,1
Camel Midi Skirt,XL,Bottoms,Textile World Co,222.29,78.0,3
Cognac Wool Peacoat,M,Outerwear,Textile World Co,175.99,106.0,3
Charcoal Loafer,XXL,Footwear,Apparel Solutions,108.37,110.0,3
Cognac Woven Belt,XS,Accessories,Apparel Solutions,25.05,78.0,3
Black Linen Pant,XS,Bottoms,Atelier Nord,68.84,44.0,3
Black Line N Pant,XS,Bottoms,Atelier Nord,76.03,44.0,1
Tan Wrap Dress,S,Dresses,Fashion Hub Ltd,180.88,83.0,3
Cognac Leather Tote,XS,Accessories,Apparel Solutions,83.2,61.0,3
Beige Chino Pant,,Bottoms,,263.29,132.0,1
Black Slip Dress,M,Dresses,Textile World Co,106.64,41.0,3
Cognac Twill Scarf,,Accessories,Atelier Nord,79.84,56.0,1
Blush Statement Earrings,,Accessories,Apparel Solutions,133.94,20.0,1
Tan Henley,,Tops,Apparel Solutions,181.33,80.0,1
Burgundy Blazer,,Outerwear,Textile World Co,250.9,66.0,1
Indigo Midi Skirt,XS,Bottoms,Apparel Solutions,153.93,130.0,3
Indigo Crossbody Bag,S,Accessories,Fashion Hub Ltd,180.16,15.0,3
White Ballet Flat,L,Footwear,Atelier Nord,144.65,79.0,3
Burgundy Tank Top,,Tops,Textile World Co,259.13,32.0,1
Indigo Statement Earrings,L,Accessories,Textile World Co,207.98,25.0,3
Tan Buttonup Shirt,S,Tops,Fashion Hub Ltd,60.22,56.0,3
Tan Le Ather Tote,,Accessories,Textile World Co,146.58,95.0,1
Ivory Puffer Vest,,Outerwear,Apparel Solutions,206.53,115.0,1
White Denim Short,,Bottoms,Textile World Co,148.36,21.0,1
Charcoal Henley,XL,Tops,Textile World Co,65.46,140.0,3
Black Moto Jacke T,,Outerwear,Textile World Co,196.79,115.0,1
Tan Henley,M,Tops,Apparel Solutions,273.06,20.0,3
Tan Midi Skirt,,Bottoms,Textile World Co,174.81,23.0,1
Tan Woven Belt,M,Accessories,Fashion Hub Ltd,126.74,80.0,3
Camel Turtleneck,,Tops,Atelier Nord,241.5,62.0,1
Camel Wideleg Trouser,L,Bottoms,Fashion Hub Ltd,52.06,79.0,3
White Skinny Jean,,Bottoms,Textile World Co,168.68,60.0,1
Charcoal Cardigan,L,Tops,,89.44,22.0,1
Charcoal Crossbody Bag,,Accessories,Atelier Nord,94.06,119.0,1
Black Henley,L,Tops,Fashion Hub Ltd,140.63,62.0,3
White Tank Top,XS,Tops,Fashion Hub Ltd,202.96,77.0,3
White Maxi Dress,,Dresses,Textile World Co,176.98,117.0,1
Indigo Trench Coat,S,Outerwear,Apparel Solutions,172.27,34.0,3
Emerald Trench Coat,,Outerwear,Textile World Co,171.27,144.0,1
Black Woven Belt,,Accessories,Textile World Co,145.55,76.0,1
Camel Moto Jacket,M,Outerwear,Atelier Nord,288.92,45.0,3
Burgundy Trench Coat,,Outerwear,Fashion Hub Ltd,193.37,30.0,1
Indigo Trench Coat,M,Outerwear,Atelier Nord,76.45,64.0,3
Cognac Chino Pant,,Bottoms,Textile World Co,65.67,71.0,1
Tan Chino Pant,,Bottoms,Textile World Co,103.19,71.0,1
Beige Tank Top,S,Tops,Textile World Co,252.61,29.0,3
Emerald Leather Tote,XS,Accessories,,115.8,57.0,1
Cognac Moto Jacket,S,Outerwear,Fashion Hub Ltd,44.11,29.0,3
Cognac Crossbody Bag,,Accessories,Apparel Solutions,259.33,122.0,1
Emerald Loafer,,Footwear,Fashion Hub Ltd,129.39,34.0,1
White Moto Jacket,M,Outerwear,Atelier Nord,178.39,106.0,3
White Trench Coat,,Outerwear,Atelier Nord,218.07,92.0,1
Ivory Maxi Dress,XXL,Dresses,Atelier Nord,151.48,69.0,3
Black Slip Dress,,Dresses,Apparel Solutions,215.57,24.0,1
Charcoal Slip Dress,M,Dresses,,291.19,60.0,1
Cognac Loafer,XS,Footwear,Textile World Co,191.72,57.0,3
Tan Denim Short,S,Bottoms,Textile World Co,296.29,87.0,2
White Wool Peacoat,,,Textile World Co,123.57,29.0,1
Emerald Woven Belt,L,Accessories,Textile World Co,248.67,27.0,3
Burgundy Leather Tote,S,Accessories,Atelier Nord,259.69,31.0,3
Cognac Linen Pant,,Bottoms,Apparel Solutions,91.68,80.0,1
Black Midi Skirt,,Bottoms,Textile World Co,47.34,120.0,1
Tan Puffer Vest,,Outerwear,Apparel Solutions,260.99,11.0,1
Eme Rald Henley,,Tops,Textile World Co,116.48,23.0,1
White Puffer Vest,,Outerwear,Textile World Co,78.89,120.0,1
Ivory Ballet Flat,XXL,Footwear,Fashion Hub Ltd,65.79,77.0,2
Ivory Balle T Flat,XXL,Footwear,Fashion Hub Ltd,64.86,77.0,1
Beige Wrap Dress,,Dresses,Apparel Solutions,36.68,126.0,1
Cognac Denim Short,XL,Bottoms,Fashion Hub Ltd,290.12,129.0,3
Tan Crewneck Tee,,Tops,Apparel Solutions,150.76,76.0,1
Burgundy Denim Jacket,,Outerwear,Atelier Nord,115.64,120.0,1
Ivory Midi Skirt,XL,Bottoms,Apparel Solutions,204.77,137.0,3
Indigo Cardigan,,Tops,Textile World Co,210.56,48.0,1
White Wool Peacoat,,Outerwear,Atelier Nord,128.62,65.0,1
Blush Cardigan,,,Textile World Co,100.16,45.0,1
Cognac Denim Short,L,Bottoms,Textile World Co,304.22,68.0,2
Cognac Puffer Vest,,Outerwear,Apparel Solutions,147.83,104.0,1
Camel Vneck Sweater,,Tops,Atelier Nord,298.81,24.0,1
Indigo Maxi Dress,,Dresses,Apparel Solutions,119.71,86.0,1
Cognac Espadrille,L,Footwear,Fashion Hub Ltd,224.43,106.0,2
Indigo Espadrille,XL,Footwear,Apparel Solutions,23.5,72.0,3
Indigo Tank Top,,Tops,,158.22,79.0,1
Ivory Wrap Dress,,Dresses,Fashion Hub Ltd,244.9,61.0,1
Emerald Shirt Dress,,Dresses,Textile World Co,132.75,77.0,1
Beige Wrap Dress,XXL,Dresses,Textile World Co,36.86,89.0,3
Indigo Ballet Flat,XL,Footwear,Atelier Nord,245.3,62.0,3
Tan Vneck Sweater,,Tops,Textile World Co,193.36,117.0,1
Camel Henley,M,Tops,Apparel Solutions,160.01,109.0,3
Ivory Crossbody Bag,,Accessories,Textile World Co,299.84,113.0,1
Black Wool Peacoat,S,Outerwear,Atelier Nord,133.6,115.0,3
Black Wool Peacoat,M,Outerwear,Textile World Co,25.29,117.0,3
Emerald Tank Top,S,Tops,Textile World Co,35.38,14.0,3
Beige Crewneck Tee,M,Tops,Fashion Hub Ltd,266.29,95.0,3
Cognac Shirt Dress,,Dresses,Textile World Co,184.74,52.0,1
Tan Midi Skirt,,Bottoms,Atelier Nord,143.38,8.0,1
Camel Turtleneck,,Tops,Apparel Solutions,238.83,7.0,1
Tan Ankle Boot,M,Footwear,,221.95,114.0,1
Cognac Moto Jacket,,Outerwear,Atelier Nord,165.38,0.0,1
Burgundy Crossbody Bag,XL,Accessories,,89.28,86.0,2
Beige Linen Pant,,Bottoms,Apparel Solutions,237.99,94.0,1
Burgundy Leather Tote,S,Accessories,Textile World Co,19.21,46.0,3
Emerald Leather Tote,L,Accessories,Apparel Solutions,274.08,80.0,3
Blush Wrap Dress,,Dresses,Textile World Co,207.02,128.0,1
Camel Moto Jacket,L,Outerwear,Apparel Solutions,166.45,62.0,3
Came L Moto Jacket,L,,Apparel Solutions,144.51,62.0,1
Cognac Midi Skirt,L,Bottoms,Textile World Co,238.56,21.0,3
Black Leather Tote,S,Accessories,Apparel Solutions,169.99,50.0,3
Cognac Wool Peacoat,,Outerwear,Apparel Solutions,79.09,134.0,1
Blush Heeled Mule,,Footwear,,130.23,90.0,1
Charcoal Lowtop Sneaker,XL,Footwear,Textile World Co,297.82,12.0,3
Beige Ballet Flat,,Footwear,Textile World Co,130.35,8.0,1
White Pleated Skirt,XS,Bottoms,Apparel Solutions,180.72,11.0,3
Blush Skinny Jean,,Bottoms,,101.97,13.0,1
Cognac Denim Jacket,XS,Outerwear,Fashion Hub Ltd,302.61,96.0,3
Indigo Skinny Jean,M,Bottoms,Fashion Hub Ltd,300.33,28.0,3
Indigo Skinny Je An,M,Bottoms,Fashion Hub Ltd,298.1,28.0,1
Burgundy Moto Jacket,XXL,Outerwear,Atelier Nord,185.71,110.0,3
Black Ankle Boot,XS,Footwear,Textile World Co,134.53,64.0,3
Camel Linen Pant,L,Bottoms,Fashion Hub Ltd,247.09,2.0,3
Ivory Lowtop Sneaker,XXL,Footwear,Apparel Solutions,158.25,41.0,3
Black Crossbody Bag,XXL,Accessories,Textile World Co,63.99,6.0,3
Emerald Statement Earrings,,Accessories,Apparel Solutions,200.77,43.0,1
Burgundy Midi Dress,XS,Dresses,,228.21,131.0,1
Burgundy Twill Scarf,S,Accessories,Atelier Nord,22.81,97.0,3
Black Slip Dress,,Dresses,,171.65,107.0,1
Black Slip Dre Ss,,Dresses,,102.39,107.0,1
Indigo Vneck Sweater,,Tops,Apparel Solutions,162.07,34.0,1
Beige Blazer,,Outerwear,Textile World Co,172.67,86.0,1
Tan Cardigan,S,Tops,Textile World Co,272.25,3.0,3
Tan Ballet Flat,L,Footwear,Fashion Hub Ltd,239.77,3.0,3
Charcoal Ankle Boot,M,Footwear,Fashion Hub Ltd,247.94,65.0,3
Camel Vneck Sweater,L,Tops,Fashion Hub Ltd,316.6,59.0,3
Cognac Trench Coat,S,Outerwear,Apparel Solutions,280.42,104.0,3
Black Linen Pant,,Bottoms,Apparel Solutions,248.69,19.0,1
Tan Pleated Skirt,,Bottoms,Textile World Co,232.17,31.0,1
Cognac Linen Pant,,Bottoms,Fashion Hub Ltd,237.29,39.0,1
Indigo De Nim Jacket,,Outerwear,Atelier Nord,162.08,107.0,1
Blush Wool Peacoat,,Outerwear,Apparel Solutions,219.0,42.0,1
Cognac Buttonup Shirt,,Tops,Textile World Co,194.79,69.0,1
Indigo Slip Dress,M,Dresses,Apparel Solutions,51.28,91.0,3
Black Twill Scarf,,Accessories,,113.46,125.0,1
Camel Denim Short,,Bottoms,Textile World Co,109.85,42.0,1
Cognac Denim Jacket,XS,Outerwear,Apparel Solutions,130.31,12.0,3
Black Widebrim Hat,M,Accessories,Fashion Hub Ltd,276.42,50.0,3
Indigo Heeled Mule,XXL,Footwear,Atelier Nord,49.97,96.0,3
Indigo He Eled Mule,XXL,Footwear,Atelier Nord,50.29,96.0,1
Tan Skinny Jean,M,Bottoms,Textile World Co,139.61,76.0,3
White Ankle Boot,XL,Footwear,Textile World Co,235.59,89.0,3
Black Midi Skirt,,Bottoms,Atelier Nord,130.74,80.0,1
Emerald Maxi Dress,XXL,Dresses,Apparel Solutions,88.28,101.0,3
Beige Espadrille,XS,Footwear,Fashion Hub Ltd,165.6,95.0,3
Charcoal Pleated Skirt,XXL,Bottoms,Fashion Hub Ltd,139.29,70.0,3
Cognac Lowtop Sneaker,,Footwear,Textile World Co,170.86,86.0,1
Black Slip Dress,L,Dresses,Fashion Hub Ltd,155.65,77.0,3
Tan Ballet Flat,,Footwear,Textile World Co,218.81,78.0,1
Ivory Lowtop Sneaker,XXL,Footwear,Fashion Hub Ltd,281.64,61.0,3
Ivory Lowtop Sne Aker,XXL,Footwear,Fashion Hub Ltd,296.28,61.0,1
Emerald Ankle Boot,,Footwear,Textile World Co,95.79,28.0,1
Beige Pleated Skirt,L,Bottoms,Atelier Nord,104.94,13.0,3
White Vneck Sweater,M,Tops,Apparel Solutions,150.19,58.0,3
Camel Slip Dress,S,Dresses,Fashion Hub Ltd,260.19,54.0,3
Emerald Tank Top,XXL,Tops,Apparel Solutions,267.17,92.0,2
Tan Crossbody Bag,XL,Accessories,Atelier Nord,183.43,70.0,3
Burgundy Tank Top,M,Tops,Apparel Solutions,311.64,142.0,3
Indigo Denim Short,XS,Bottoms,,42.86,80.0,1
Tan Twill Scarf,XS,Accessories,Fashion Hub Ltd,105.26,9.0,3
Tan Puffer Vest,M,Outerwear,Fashion Hub Ltd,161.87,110.0,2
Burgundy Skinny Jean,M,Bottoms,Textile World Co,218.58,117.0,3
Charcoal Blazer,,Outerwear,Textile World Co,259.38,120.0,1
Cognac Wideleg Trouser,XL,Bottoms,Textile World Co,102.39,21.0,2
Blush Midi Skirt,,Bottoms,Textile World Co,126.17,30.0,1
Beige Skinny Jean,L,Bottoms,Apparel Solutions,66.53,94.0,3
Tan Henley,,Tops,Textile World Co,210.66,103.0,1
Ivory Slip Dress,,Dresses,Fashion Hub Ltd,164.7,87.0,1
Charcoal Crossbody Bag,XXL,Accessories,,190.38,59.0,2
Cognac Silk Blouse,XL,Tops,Atelier Nord,147.2,26.0,3
Blush Midi Skirt,XL,Bottoms,Apparel Solutions,111.9,81.0,3
Tan Shirt Dress,M,Dresses,Atelier Nord,254.07,54.0,3
Blush Shirt Dress,M,Dresses,Apparel Solutions,281.89,28.0,3
White Maxi Dress,M,Dresses,Atelier Nord,222.66,42.0,3
Tan Buttonup Shirt,,Tops,Textile World Co,81.06,82.0,1
Black Turtleneck,XL,Tops,Atelier Nord,294.43,101.0,3
Black Denim Jacket,XXL,Outerwear,Fashion Hub Ltd,320.78,123.0,3
Indigo Vneck Sweater,XS,Tops,Apparel Solutions,241.6,44.0,3
Indigo Twill Scarf,,Accessories,Fashion Hub Ltd,328.78,124.0,1
Charcoal Ankle Boot,,Footwear,Textile World Co,184.39,118.0,1
Indigo Linen Pant,XXL,Bottoms,Textile World Co,246.78,93.0,3
Emerald Widebrim Hat,M,Accessories,Apparel Solutions,151.14,33.0,3
Charcoal Lowtop Sneaker,,Footwear,Textile World Co,258.48,76.0,1
Tan Widebrim Hat,,Accessories,Fashion Hub Ltd,215.54,118.0,1
Black Buttonup Shirt,,Tops,Textile World Co,249.61,62.0,1
Indigo Wrap Dress,M,Dresses,Textile World Co,250.92,82.0,3
Burgundy Blazer,,Outerwear,Atelier Nord,192.67,127.0,1
Burgundy Blaze R,,Outerwear,Atelier Nord,116.29,127.0,1
Black Wrap Dress,M,Dresses,Apparel Solutions,286.67,25.0,3
Emerald Shirt Dress,XXL,Dresses,Textile World Co,275.32,138.0,2
Blush Maxi Dress,,Dresses,Apparel Solutions,91.2,118.0,1
Emerald Loafer,S,Footwear,Textile World Co,170.31,53.0,3
Beige Denim Jacket,,Outerwear,Atelier Nord,88.15,56.0,1
White Crossbody Bag,,Accessories,Fashion Hub Ltd,59.81,112.0,1
White Pleated Skirt,S,Bottoms,Atelier Nord,71.75,8.0,3
Ivory Espadrille,,Footwear,,191.61,49.0,1
Black Blazer,L,Outerwear,Apparel Solutions,229.99,1.0,3
Tan Ballet Flat,,Footwear,,119.25,123.0,1
Black Blazer,XS,Outerwear,,301.36,62.0,1
Blush Loafer,,Footwear,Atelier Nord,231.24,85.0,1
Cognac Midi Dress,XS,Dresses,Apparel Solutions,91.38,113.0,3
Emerald Espadrille,,Footwear,Atelier Nord,49.95,47.0,1
Beige Vneck Sweater,XXL,Tops,Apparel Solutions,194.35,106.0,2
Be Ige Vneck Sweater,XXL,Tops,Apparel Solutions,195.82,106.0,1
Tan Loafer,S,Footwear,Atelier Nord,179.29,123.0,3
Camel Shift Dress,XS,Dresses,Atelier Nord,86.31,127.0,3
Burgundy Linen Pant,XS,Bottoms,Fashion Hub Ltd,271.66,56.0,2
Burgundy Turtleneck,,Tops,Fashion Hub Ltd,134.56,87.0,1
Emerald Chino Pant,XS,Bottoms,Apparel Solutions,235.65,143.0,3
Beige Twill Scarf,,Accessories,,182.15,123.0,1
Emerald Denim Short,XS,Bottoms,Apparel Solutions,192.82,50.0,3
Emerald Espadrille,XS,Footwear,,191.83,4.0,1
Emerald Wool Peacoat,M,Outerwear,Fashion Hub Ltd,327.6,79.0,3
Emerald Slip Dress,S,Dresses,Atelier Nord,110.38,33.0,3
Cognac Ankle Boot,XL,Footwear,Textile World Co,224.56,59.0,3
Emerald Widebrim Hat,XXL,Accessories,Atelier Nord,88.59,111.0,3
Camel Woven Belt,XL,Accessories,Atelier Nord,138.52,42.0,3
Tan Espadrille,,Footwear,Textile World Co,197.86,12.0,1
Indigo Puffer Vest,XS,Outerwear,Fashion Hub Ltd,168.46,73.0,3
Ivory Pleated Skirt,,Bottoms,Atelier Nord,155.96,35.0,1
White Trench Coat,XXL,Outerwear,Fashion Hub Ltd,242.08,47.0,3
Camel Chino Pant,,Bottoms,Apparel Solutions,119.73,84.0,1
Black Ankle Boot,XXL,Footwear,Fashion Hub Ltd,145.72,32.0,2
Blush Wideleg Trouser,XL,Bottoms,Apparel Solutions,152.87,78.0,3
Indigo Blazer,,Outerwear,,242.22,21.0,1
Burgundy Maxi Dress,,Dresses,Atelier Nord,147.01,0.0,1
Beige Wideleg Trouser,XL,Bottoms,Fashion Hub Ltd,190.84,14.0,3
Burgundy Trench Coat,,Outerwear,Apparel Solutions,183.26,0.0,1
Tan Midi Dress,S,Dresses,Fashion Hub Ltd,141.16,126.0,3
Black Leather Tote,S,Accessories,Textile World Co,141.21,28.0,2
Indigo Wrap Dress,,Dresses,Textile World Co,99.62,33.0,1
Blush Silk Blouse,S,Tops,Fashion Hub Ltd,289.4,132.0,3
Charcoal Ankle Boot,,Footwear,Apparel Solutions,282.9,89.0,1
Burgundy Leather Tote,XXL,Accessories,Apparel Solutions,130.98,65.0,3
Camel Leather Tote,L,Accessories,Textile World Co,23.02,110.0,3
Ivory Buttonup Shirt,,Tops,Apparel Solutions,208.7,98.0,1
Indigo Pleated Skirt,M,Bottoms,Fashion Hub Ltd,147.78,63.0,3
Black Statement Earrings,XL,Accessories,Textile World Co,140.18,102.0,3
Beige Puffer Vest,,Outerwear,Apparel Solutions,71.57,65.0,1
Cognac Slip Dress,,Dresses,Atelier Nord,115.7,10.0,1
Camel Denim Jacket,,Outerwear,Fashion Hub Ltd,326.17,94.0,1
Indigo Espadrille,L,Footwear,Apparel Solutions,40.42,86.0,3
White Moto Jacket,L,Outerwear,,126.67,22.0,1
Blush Widebrim Hat,,Accessories,Textile World Co,279.41,64.0,1
Tan Crewneck Tee,XXL,Tops,Atelier Nord,79.43,30.0,3
Ivory Twill Scarf,M,Accessories,Apparel Solutions,148.47,40.0,3
Emerald Blazer,,Outerwear,Textile World Co,129.78,45.0,1
Burgundy Denim Jacket,XL,Outerwear,Atelier Nord,50.16,41.0,3
Camel Silk Blouse,XXL,Tops,Fashion Hub Ltd,60.01,100.0,2
Tan Crewneck Tee,XL,Tops,Textile World Co,193.32,126.0,3
Beige Puffer Vest,,Outerwear,,108.29,62.0,1
Camel Wideleg Trouser,XS,Bottoms,Apparel Solutions,132.9,119.0,3
Blush Silk Blouse,,Tops,Apparel Solutions,176.09,11.0,1
Indigo Wrap Dress,,Dresses,Atelier Nord,159.06,144.0,1
Charcoal Silk Blouse,XL,Tops,,164.17,75.0,1
Camel Ballet Flat,M,Footwear,Textile World Co,105.05,38.0,3
Cognac Shirt Dress,,Dresses,Apparel Solutions,183.13,108.0,1
Be Ige Blazer,,Outerwear,Apparel Solutions,233.57,72.0,1
White Vneck Sweater,XL,Tops,Textile World Co,233.9,96.0,3
Charcoal Statement Earrings,S,Accessories,Apparel Solutions,131.52,113.0,3
Black Espadrille,,Footwear,Apparel Solutions,186.5,128.0,1
Blush Chino Pant,,,Atelier Nord,199.09,9.0,1
Burgundy Ankle Boot,,Footwear,Atelier Nord,223.78,73.0,1
Indigo Wideleg Trouser,L,Bottoms,Apparel Solutions,90.73,16.0,3
Black Widebrim Hat,M,Accessories,Atelier Nord,165.59,96.0,3
White Crewneck Tee,,Tops,Atelier Nord,219.93,75.0,1
Tan Heeled Mule,XXL,Footwear,,172.78,124.0,1
Tan Moto Jacket,,Outerwear,Atelier Nord,259.32,6.0,1
Black Denim Jacket,XS,Outerwear,Atelier Nord,165.17,49.0,3
Charcoal Midi Dress,S,Dresses,Apparel Solutions,209.06,104.0,2
Be Ige Espadrille,,Footwear,Textile World Co,119.37,103.0,1
Black Pleated Skirt,,Bottoms,,297.48,94.0,1
Charcoal Moto Jacket,XL,Outerwear,Textile World Co,95.76,33.0,3
Charcoal Moto Jacke T,XL,Outerwear,Textile World Co,94.19,33.0,1
Charcoal Heeled Mule,,Footwear,,251.48,131.0,1
Charcoal Skinny Jean,XS,Bottoms,Fashion Hub Ltd,176.64,131.0,3
Cognac Leather Tote,,Accessories,Atelier Nord,299.35,13.0,1
Burgundy Statement Earrings,XL,Accessories,Atelier Nord,129.16,50.0,3
Black Skinny Jean,M,Bottoms,,172.6,126.0,2
White Crossbody Bag,XL,Accessories,Textile World Co,182.98,18.0,3
Ivory Loafer,,Footwear,Fashion Hub Ltd,143.97,20.0,1
Camel Crossbody Bag,XS,Accessories,Atelier Nord,139.58,57.0,3
Charcoal Silk Blouse,L,Tops,,277.34,111.0,1
Cognac Chino Pant,,Bottoms,Apparel Solutions,286.44,16.0,1
Emerald Lowtop Sneaker,XL,Footwear,Apparel Solutions,200.43,82.0,3
Camel Widebrim Hat,S,Accessories,Atelier Nord,253.62,148.0,3
Came L Cardigan,L,Tops,Fashion Hub Ltd,116.31,127.0,1
Blush Tank Top,XXL,Tops,Apparel Solutions,200.86,14.0,3
Charcoal Twill Scarf,S,Accessories,Textile World Co,118.55,74.0,2
Ivory Ankle Boot,XL,Footwear,Apparel Solutions,188.38,134.0,3
Blush Ballet Flat,XS,Footwear,Textile World Co,129.82,115.0,3
Burgundy Turtleneck,XL,Tops,Atelier Nord,129.47,90.0,3
Cognac Shirt Dress,S,Dresses,Atelier Nord,82.87,43.0,2
Emerald Crewneck Tee,,Tops,Textile World Co,38.39,112.0,1
Blush Crossbody Bag,,Accessories,Apparel Solutions,169.2,0.0,1
White Skinny Jean,XL,Bottoms,Atelier Nord,268.43,142.0,3
Emerald Denim Short,,Bottoms,,148.77,51.0,1
Indigo Espadrille,S,Footwear,,105.6,55.0,1
Black Wrap Dress,XL,Dresses,Fashion Hub Ltd,213.7,137.0,2
Black Pleated Skirt,S,Bottoms,Textile World Co,18.94,48.0,3
Indigo Ankle Boot,,Footwear,Atelier Nord,84.26,108.0,1
Indigo Puffer Vest,,Outerwear,Atelier Nord,230.82,78.0,1
Black Tank Top,,,Atelier Nord,203.56,106.0,1
Black Shirt Dress,XXL,Dresses,Apparel Solutions,166.17,96.0,2
Black Shirt Dre Ss,XXL,Dresses,Apparel Solutions,164.31,96.0,1
Emerald Chino Pant,XXL,Bottoms,Textile World Co,142.82,68.0,3
Ivory Buttonup Shirt,,Tops,Textile World Co,166.84,95.0,1
Indigo Maxi Dress,,Dresses,Atelier Nord,265.56,83.0,1
White Twill Scarf,L,Accessories,Fashion Hub Ltd,184.78,91.0,3
Black Heeled Mule,XS,Footwear,Apparel Solutions,204.18,42.0,3
Charcoal Turtleneck,,Tops,Atelier Nord,152.57,131.0,1
Indigo Maxi Dress,XXL,Dresses,Fashion Hub Ltd,57.7,124.0,3
Tan Ankle Boot,XS,Footwear,Atelier Nord,92.55,72.0,2
Tan Statement Earrings,M,Accessories,Apparel Solutions,105.41,11.0,3
Ivory Puffer Vest,,Outerwear,Atelier Nord,61.64,87.0,1
Burgundy Moto Jacket,M,Outerwear,Textile World Co,122.29,131.0,3
Emerald Ballet Flat,,Footwear,,292.85,127.0,1
Blush Widebrim Hat,M,Accessories,Fashion Hub Ltd,175.41,48.0,3
Beige Buttonup Shirt,L,Tops,Textile World Co,150.86,13.0,3
Black Ballet Flat,XL,Footwear,Textile World Co,194.1,81.0,3
Black Balle T Flat,XL,Footwear,Textile World Co,246.78,81.0,1
White Wool Peacoat,S,Outerwear,Atelier Nord,319.36,67.0,3
Charcoal Loafer,XXL,Footwear,Fashion Hub Ltd,275.23,37.0,3
Ivory Wideleg Trouser,XL,Bottoms,Textile World Co,217.62,7.0,3
Camel Wool Peacoat,,Outerwear,Apparel Solutions,92.08,1.0,1
Came L Wool Peacoat,L,Outerwear,Apparel Solutions,92.08,1.0,1
Charcoal Woven Belt,S,Accessories,Textile World Co,151.4,49.0,3
Black Widebrim Hat,,Accessories,,27.69,133.0,1
Charcoal Statement Earrings,L,Accessories,Atelier Nord,238.82,26.0,2
Ivory Ankle Boot,,Footwear,Textile World Co,62.99,113.0,1
Black Shirt Dress,L,Dresses,Fashion Hub Ltd,162.42,9.0,2
Charcoal Crewneck Tee,,Tops,Textile World Co,67.44,8.0,1
Beige Lowtop Sneaker,L,Footwear,Textile World Co,50.78,86.0,2
Cognac Widebrim Hat,L,Accessories,Textile World Co,291.3,37.0,3
Ivory Trench Coat,S,Outerwear,Fashion Hub Ltd,261.02,42.0,3
Blush Loafer,S,Footwear,Apparel Solutions,178.45,3.0,1
Indigo Moto Jacket,XS,Outerwear,Textile World Co,291.07,131.0,3
Camel Espadrille,XL,Footwear,Fashion Hub Ltd,167.22,0.0,3
Camel Wrap Dress,S,Dresses,Textile World Co,194.73,140.0,3
White Maxi Dress,XXL,Dresses,Fashion Hub Ltd,117.1,23.0,3
Blush Espadrille,XS,Footwear,Textile World Co,20.85,12.0,3
Tan Statement Earrings,M,Accessories,Textile World Co,275.83,117.0,2
Emerald Espadrille,,Footwear,Apparel Solutions,94.7,42.0,1
Charcoal Puffer Vest,L,Outerwear,Atelier Nord,260.37,86.0,3
Beige Espadrille,L,Footwear,Atelier Nord,133.22,96.0,3
Blush Tank Top,,Tops,Fashion Hub Ltd,242.45,117.0,1
Camel Ankle Boot,M,Footwear,Fashion Hub Ltd,153.64,63.0,3
Came L Ankle Boot,M,Footwear,Fashion Hub Ltd,172.37,63.0,1
Ivory Pleated Skirt,L,Bottoms,Fashion Hub Ltd,103.34,29.0,3
Ivory Ple Ated Skirt,L,Bottoms,Fashion Hub Ltd,46.82,29.0,1
Burgundy Twill Scarf,XL,Accessories,,253.0,33.0,2
Tan Maxi Dress,,Dresses,Apparel Solutions,194.81,46.0,1
Tan Maxi Dre Ss,,Dresses,Apparel Solutions,189.84,46.0,1
Beige Pleated Skirt,L,Bottoms,Fashion Hub Ltd,147.05,53.0,3
Burgundy Crossbody Bag,,Accessories,,214.63,136.0,1
Ivory Blazer,XS,Outerwear,Apparel Solutions,207.7,76.0,3
Black Slip Dre Ss,,Dresses,Apparel Solutions,241.72,46.0,1
Blush Denim Jacket,M,Outerwear,Apparel Solutions,128.9,76.0,3
Charcoal Wrap Dress,M,Dresses,Fashion Hub Ltd,130.9,34.0,3
Cognac Trench Coat,XL,Outerwear,Fashion Hub Ltd,179.77,71.0,3
Camel Ballet Flat,,Footwear,Textile World Co,203.13,89.0,1
Black Midi Skirt,L,Bottoms,Fashion Hub Ltd,216.07,75.0,3
Ivory Blazer,XXL,Outerwear,Atelier Nord,37.3,90.0,3
White Midi Skirt,,Bottoms,Textile World Co,238.13,66.0,1
Emerald Twill Scarf,,Accessories,Textile World Co,191.49,124.0,1
Indigo Cardigan,XS,Tops,Apparel Solutions,224.54,80.0,3
Camel Shirt Dress,XS,Dresses,Fashion Hub Ltd,68.43,137.0,3
White Midi Dress,S,Dresses,Atelier Nord,150.09,10.0,3
Tan Turtleneck,S,Tops,Atelier Nord,45.81,40.0,2
Charcoal Puffer Vest,,Outerwear,Atelier Nord,279.42,16.0,1
Cognac Linen Pant,S,Bottoms,Textile World Co,124.4,100.0,3
Blush Statement Earrings,,Accessories,Textile World Co,110.98,108.0,1
Charcoal Shift Dress,M,Dresses,,221.57,120.0,1
Camel Twill Scarf,,Accessories,,134.45,137.0,1
Ivory Cardigan,S,Tops,Apparel Solutions,299.85,71.0,3
Black Wool Peacoat,L,Outerwear,Atelier Nord,39.16,83.0,3
Ivory Cardigan,,Tops,Textile World Co,190.74,108.0,1
Black Denim Jacket,S,Outerwear,Atelier Nord,163.4,132.0,3
Burgundy Leather Tote,XXL,Accessories,Atelier Nord,57.51,21.0,3
Cognac Buttonup Shirt,M,Tops,Apparel Solutions,311.42,68.0,2
Burgundy Midi Dress,,Dresses,,131.09,93.0,1
Tan Henley,XL,Tops,Textile World Co,210.29,16.0,3
Emerald Leather Tote,XXL,Accessories,Atelier Nord,172.45,67.0,3
Indigo Shift Dress,,Dresses,Fashion Hub Ltd,174.11,22.0,1
Indigo Chino Pant,,Bottoms,,44.77,126.0,1
White Midi Dress,XS,Dresses,Textile World Co,25.7,42.0,3
Cognac Turtleneck,XS,Tops,Textile World Co,29.08,74.0,3
Tan Cardigan,L,Tops,,256.86,43.0,1
Tan Vneck Sweater,XL,Tops,Fashion Hub Ltd,171.25,12.0,3
Indigo Blazer,L,Outerwear,Fashion Hub Ltd,219.3,17.0,3
Black Wool Peacoat,,Outerwear,Fashion Hub Ltd,156.69,52.0,1
Charcoal Skinny Jean,,Bottoms,Apparel Solutions,178.42,110.0,1
Emerald Crossbody Bag,,,Textile World Co,130.35,117.0,1
Eme Rald Linen Pant,,Bottoms,Fashion Hub Ltd,46.11,14.0,1
Emerald Denim Jacket,XS,Outerwear,Fashion Hub Ltd,161.64,84.0,3
Cognac Twill Scarf,,Accessories,Textile World Co,107.52,55.0,1
Black Midi Skirt,,Bottoms,Apparel Solutions,223.47,125.0,1
Cognac Shirt Dress,XXL,Dresses,Textile World Co,174.17,43.0,3
Blush Woven Belt,,Accessories,Fashion Hub Ltd,96.1,39.0,1
Cognac Puffer Vest,S,Outerwear,Atelier Nord,194.76,49.0,3
Emerald Tank Top,,Tops,Fashion Hub Ltd,229.12,54.0,1
Indigo Turtleneck,XS,Tops,Fashion Hub Ltd,172.02,42.0,2
Charcoal Ballet Flat,,Footwear,,44.74,68.0,1
White Skinny Jean,,Bottoms,Atelier Nord,145.87,50.0,1
Charcoal Trench Coat,XL,Outerwear,Atelier Nord,256.61,120.0,3
Burgundy Leather Tote,,Accessories,Atelier Nord,242.4,53.0,1
Cognac Lowtop Sneaker,M,Footwear,Fashion Hub Ltd,270.83,97.0,3
Black Woven Belt,,Accessories,Fashion Hub Ltd,112.84,105.0,1
Black Wove N Belt,,Accessories,Fashion Hub Ltd,52.56,105.0,1
Black Woven Belt,,Accessories,Apparel Solutions,269.55,64.0,1
Blush Puffer Vest,,Outerwear,Apparel Solutions,250.81,22.0,1
Blush Denim Short,,Bottoms,,189.0,99.0,1
White Crewneck Tee,L,Tops,Fashion Hub Ltd,212.94,114.0,3
Emerald Shift Dress,XL,Dresses,Apparel Solutions,223.5,87.0,2
Blush Wideleg Trouser,XXL,Bottoms,Fashion Hub Ltd,265.06,54.0,3
Ivory Midi Skirt,,Bottoms,,297.72,145.0,1
Tan Statement Earrings,S,Accessories,Apparel Solutions,233.22,35.0,3
Blush Blazer,L,Outerwear,Atelier Nord,185.88,31.0,3
Ivory Skinny Jean,L,Bottoms,Apparel Solutions,167.33,116.0,3
White Moto Jacket,,Outerwear,Textile World Co,198.35,8.0,1
Blush He Nley,,Tops,Textile World Co,238.2,77.0,1
Tan Blazer,,Outerwear,Apparel Solutions,147.84,126.0,1
White Pleated Skirt,S,Bottoms,Fashion Hub Ltd,254.6,7.0,3
Cognac Leather Tote,,Accessories,Apparel Solutions,155.32,104.0,1
Cognac Blazer,,Outerwear,Fashion Hub Ltd,185.57,0.0,1
Tan Turtleneck,XXL,Tops,Atelier Nord,21.21,5.0,3
Burgundy Henley,,Tops,Textile World Co,88.9,69.0,1
Burgundy He Nley,,Tops,Textile World Co,88.9,69.0,1
Camel Shirt Dress,M,Dresses,Atelier Nord,117.63,34.0,2
Indigo Trench Coat,,Outerwear,Textile World Co,131.63,32.0,1
Indigo Tre Nch Coat,,Outerwear,Textile World Co,35.3,32.0,1
Tan Midi Dress,S,Dresses,Apparel Solutions,155.8,122.0,3
Blush Silk Blouse,XXL,Tops,Textile World Co,158.78,6.0,2
Indigo Chino Pant,S,Bottoms,Textile World Co,314.8,33.0,3
Burgundy Ballet Flat,,Footwear,Textile World Co,189.11,146.0,1
Charcoal Trench Coat,L,Outerwear,Textile World Co,199.08,53.0,3
Beige Espadrille,M,Footwear,Textile World Co,216.16,64.0,2
Emerald Linen Pant,XS,Bottoms,Apparel Solutions,190.28,59.0,3
White Linen Pant,XXL,Bottoms,Textile World Co,181.54,93.0,3
Emerald Trench Coat,XS,Outerwear,Apparel Solutions,241.3,29.0,3
Tan Puffer Vest,L,Outerwear,Fashion Hub Ltd,233.02,113.0,3
Tan Puffe R Vest,L,Outerwear,Fashion Hub Ltd,286.2,113.0,1
Tan Maxi Dress,XXL,Dresses,Textile World Co,161.65,40.0,3
Indigo Widebrim Hat,XL,Accessories,Apparel Solutions,212.91,67.0,3
Cognac Denim Short,S,Bottoms,Fashion Hub Ltd,82.67,116.0,2
Charcoal Wrap Dress,,Dresses,Fashion Hub Ltd,175.37,95.0,1
Black Statement Earrings,L,Accessories,Atelier Nord,116.52,83.0,3
Burgundy Ankle Boot,,Footwear,,176.97,47.0,1
Emerald Midi Skirt,,Bottoms,Textile World Co,154.72,83.0,1
Tan Maxi Dress,XXL,Dresses,Apparel Solutions,78.58,120.0,2
Burgundy Leather Tote,L,Accessories,Textile World Co,131.15,96.0,3
Ivory Statement Earrings,M,Accessories,,204.9,106.0,1
Burgundy Blazer,XS,Outerwear,Atelier Nord,168.62,48.0,3
Emerald Shift Dress,XL,Dresses,Textile World Co,215.43,127.0,2
Tan Ballet Flat,M,Footwear,Fashion Hub Ltd,160.94,109.0,3
Beige Crewneck Tee,S,Tops,Atelier Nord,140.53,106.0,3
Tan Statement Earrings,,Accessories,Fashion Hub Ltd,21.93,75.0,1
Cognac Wrap Dress,S,Dresses,Atelier Nord,136.15,75.0,3
Cognac Wrap Dre Ss,S,Dresses,Atelier Nord,179.0,75.0,1
Ivory Cardigan,,Tops,,35.28,61.0,1
Tan Loafer,,Footwear,Atelier Nord,176.51,42.0,1
Indigo Ballet Flat,,Footwear,Fashion Hub Ltd,293.92,15.0,1
Indigo Balle T Flat,,Footwear,Fashion Hub Ltd,293.92,15.0,1
Beige Linen Pant,,Bottoms,Atelier Nord,233.68,89.0,1
Blush Wrap Dress,XL,Dresses,Textile World Co,85.58,95.0,2
Burgundy Shift Dre Ss,,Dresses,Fashion Hub Ltd,68.86,86.0,1
Camel Midi Skirt,M,Bottoms,Atelier Nord,45.9,125.0,3
Beige Buttonup Shirt,S,Tops,Textile World Co,225.91,93.0,3
Black Ballet Flat,XXL,Footwear,Fashion Hub Ltd,251.22,54.0,3
Eme Rald Twill Scarf,,Accessories,Apparel Solutions,175.69,89.0,1
Emerald Linen Pant,M,Bottoms,Fashion Hub Ltd,135.87,35.0,3
Indigo Leather Tote,XXL,Accessories,Textile World Co,237.33,58.0,2
Beige Widebrim Hat,S,Accessories,Textile World Co,129.83,83.0,3
Black Ankle Boot,,Footwear,Atelier Nord,111.01,103.0,1
Black Midi Skirt,S,Bottoms,Atelier Nord,19.9,31.0,3
Burgundy Wrap Dress,,Dresses,Fashion Hub Ltd,60.87,104.0,1
Burgundy Vneck Sweater,XL,Tops,Atelier Nord,224.97,65.0,3
Camel Lowtop Sneaker,L,Footwear,Apparel Solutions,150.77,90.0,3
Came L Lowtop Sneaker,L,Footwear,Apparel Solutions,87.95,90.0,1
Beige Moto Jacket,XXL,Outerwear,Apparel Solutions,265.04,128.0,3
Burgundy Tre Nch Coat,,Outerwear,Apparel Solutions,124.17,114.0,1
Emerald Ballet Flat,XXL,Footwear,Atelier Nord,293.45,49.0,3
Tan Linen Pant,XL,Bottoms,Apparel Solutions,156.78,94.0,3
Tan Denim Short,L,Bottoms,Fashion Hub Ltd,120.07,87.0,3
Indigo Heeled Mule,XS,Footwear,Fashion Hub Ltd,255.81,99.0,2
Indigo He Eled Mule,XS,Footwear,Fashion Hub Ltd,248.06,99.0,1
Indigo Wool Peacoat,S,Outerwear,Atelier Nord,246.28,75.0,3
Blush Skinny Jean,XS,Bottoms,Apparel Solutions,248.24,2.0,3
Blush Skinny Je An,XS,Bottoms,Apparel Solutions,251.92,2.0,1
Blush Buttonup Shirt,,Tops,Fashion Hub Ltd,136.92,58.0,1
Burgundy Buttonup Shirt,,Tops,Fashion Hub Ltd,148.73,9.0,1
Cognac Heeled Mule,,Footwear,Apparel Solutions,278.72,42.0,1
Emerald Crossbody Bag,,Accessories,,233.07,63.0,1
Tan Loafer,,Footwear,Fashion Hub Ltd,156.42,3.0,1
Beige Puffer Vest,,Outerwear,Textile World Co,128.44,92.0,1
Camel Denim Jacket,M,Outerwear,Textile World Co,145.14,90.0,3
Burgundy Shift Dress,,Dresses,Textile World Co,215.79,51.0,1
Ivory He Eled Mule,,Footwear,Apparel Solutions,157.17,112.0,1
Burgundy Shirt Dress,,Dresses,Atelier Nord,87.97,33.0,1
Camel Buttonup Shirt,S,Tops,Fashion Hub Ltd,209.36,46.0,2
Charcoal Woven Belt,M,Accessories,Apparel Solutions,205.38,130.0,2
Cognac State Ment Earrings,,Accessories,Apparel Solutions,259.94,105.0,1
Beige Slip Dress,,Dresses,Atelier Nord,202.11,68.0,1
Eme Rald Ankle Boot,,Footwear,Apparel Solutions,156.48,21.0,1
Emerald Blazer,M,Outerwear,Fashion Hub Ltd,161.65,56.0,3
Cognac Heeled Mule,,Footwear,Atelier Nord,180.16,66.0,1
Came L Wideleg Trouser,L,Bottoms,Apparel Solutions,82.59,87.0,1
Blush Maxi Dress,XS,Dresses,Textile World Co,325.16,46.0,2
Burgundy Cardigan,,Tops,Atelier Nord,164.34,33.0,1
Camel Twill Scarf,XL,Accessories,Textile World Co,256.11,64.0,3
Emerald Turtleneck,XL,Tops,Textile World Co,301.85,50.0,3
White Crewneck Tee,XS,Tops,,82.84,36.0,1
Black Slip Dress,M,Dresses,Apparel Solutions,147.05,50.0,3
Beige Maxi Dress,S,Dresses,Fashion Hub Ltd,118.31,3.0,3
White Cardigan,,Tops,Apparel Solutions,161.5,16.0,1
Beige Statement Earrings,XL,Accessories,Fashion Hub Ltd,122.95,108.0,3
Blush Skinny Jean,,Bottoms,Atelier Nord,225.82,112.0,1
Cognac Statement Earrings,,Accessories,Fashion Hub Ltd,139.29,134.0,1
Charcoal Ballet Flat,,Footwear,Textile World Co,213.06,105.0,1
Indigo Blazer,M,Outerwear,,277.74,55.0,1
Tan Woven Belt,XXL,Accessories,Atelier Nord,74.87,58.0,3
Blush Ballet Flat,,Footwear,Textile World Co,219.68,89.0,1
Emerald Ankle Boot,,Footwear,Fashion Hub Ltd,128.9,122.0,1
Cognac Linen Pant,,Bottoms,Atelier Nord,187.28,39.0,1
Blush Wrap Dress,XS,Dresses,Atelier Nord,148.58,65.0,3
White Tank Top,,Tops,,136.22,132.0,1
Black Blazer,,Outerwear,Textile World Co,317.49,34.0,1
Burgundy Moto Jacket,L,Outerwear,,115.07,115.0,1
Emerald Moto Jacket,,Outerwear,Textile World Co,217.76,77.0,1
Black Denim Short,,Bottoms,Fashion Hub Ltd,78.56,115.0,1
Cognac Blazer,,Outerwear,Apparel Solutions,308.23,68.0,1
Tan Loafer,XL,Footwear,Apparel Solutions,317.44,55.0,2
Tan Wideleg Trouser,,Bottoms,Atelier Nord,206.02,95.0,1
Ivory Tank Top,L,Tops,Fashion Hub Ltd,55.85,92.0,3
Black Wide Leg Trouser,,Bottoms,Textile World Co,292.06,91.0,1
Black Shift Dress,S,Dresses,Atelier Nord,81.92,45.0,3
Ivory Buttonup Shirt,,Tops,Fashion Hub Ltd,258.69,136.0,1
Burgundy Twill Scarf,L,Accessories,Textile World Co,265.81,14.0,3
Blush Twill Scarf,M,Accessories,Fashion Hub Ltd,92.69,131.0,2
Burgundy Heeled Mule,XXL,Footwear,Apparel Solutions,235.53,53.0,3
Tan Silk Blouse,,Tops,Apparel Solutions,123.31,67.0,1
Black Pleated Skirt,,Bottoms,Atelier Nord,206.97,92.0,1
Burgundy Slip Dress,S,Dresses,Apparel Solutions,286.69,118.0,3
Blush Lowtop Sneaker,,Footwear,Fashion Hub Ltd,57.45,131.0,1
Emerald Crewneck Tee,,Tops,Apparel Solutions,238.07,108.0,1
Emerald Silk Blouse,L,Tops,Atelier Nord,96.6,5.0,3
Tan Henley,XS,Tops,Fashion Hub Ltd,124.15,108.0,3
Camel Lowtop Sneaker,,Footwear,Apparel Solutions,206.47,86.0,1
Camel Twill Scarf,S,Accessories,Fashion Hub Ltd,162.18,90.0,3
Cognac Crossbody Bag,M,Accessories,Textile World Co,45.0,104.0,3
Indigo Wideleg Trouser,,Bottoms,Atelier Nord,209.42,62.0,1
Ivory Midi Dress,XS,Dresses,Textile World Co,139.73,12.0,3
Black Puffer Vest,,Outerwear,Fashion Hub Ltd,134.9,60.0,1
Charcoal Loafer,XL,Footwear,Apparel Solutions,107.51,110.0,2
Black Linen Pant,XL,Bottoms,Textile World Co,108.27,12.0,3
Black Line N Pant,XL,Bottoms,Textile World Co,108.91,12.0,1
Burgundy Midi Dress,,Dresses,Atelier Nord,100.46,71.0,1
Camel Crossbody Bag,M,Accessories,Fashion Hub Ltd,92.59,49.0,3
Cognac Woven Belt,XS,Accessories,Atelier Nord,151.75,75.0,3
Ivory Loafe R,,Footwear,Atelier Nord,184.89,22.0,1
Indigo Heeled Mule,L,Footwear,Fashion Hub Ltd,292.57,31.0,2
Ivory Lowtop Sneaker,XL,Footwear,Textile World Co,91.71,35.0,3
Emerald Wideleg Trouser,XXL,Bottoms,Apparel Solutions,34.27,99.0,2
Emerald Ballet Flat,,Footwear,Textile World Co,109.9,67.0,1
Beige Shift Dress,L,Dresses,Apparel Solutions,192.21,115.0,3
Tan Wool Peacoat,M,Outerwear,Apparel Solutions,82.5,106.0,2
Camel Pleated Skirt,S,Bottoms,Fashion Hub Ltd,31.64,38.0,3
Tan Ballet Flat,XXL,Footwear,Fashion Hub Ltd,262.79,104.0,3
Beige Blazer,,Outerwear,Fashion Hub Ltd,248.14,32.0,1
Emerald Shift Dress,,Dresses,Apparel Solutions,180.39,104.0,1
Indigo Loafer,XS,Footwear,Fashion Hub Ltd,172.1,70.0,3
Ivory Lowtop Sneaker,XS,Footwear,Atelier Nord,181.81,115.0,3
Emerald Midi Dress,XS,Dresses,Apparel Solutions,250.2,61.0,3
White Midi Skirt,S,Bottoms,Atelier Nord,143.72,89.0,3
Blush Crewneck Tee,,Tops,Atelier Nord,210.44,10.0,1
Blush Ankle Boot,,Footwear,,221.25,45.0,1
Camel Woven Belt,,Accessories,,286.59,74.0,1
Emerald Wool Peacoat,XS,Outerwear,Atelier Nord,183.0,48.0,2
Blush Widebrim Hat,XXL,Accessories,Apparel Solutions,204.45,19.0,3
Blush Ankle Boot,XS,Footwear,Fashion Hub Ltd,163.85,59.0,3
Burgundy Wool Peacoat,S,Outerwear,Textile World Co,219.79,51.0,3
Ivory Widebrim Hat,,Accessories,Textile World Co,149.47,122.0,1
Blush Heeled Mule,XS,Footwear,Apparel Solutions,204.99,126.0,3
Burgundy Woven Belt,,,Fashion Hub Ltd,244.86,140.0,1
Tan Linen Pant,XS,Bottoms,Atelier Nord,191.86,85.0,3
Burgundy Shirt Dress,,Dresses,Apparel Solutions,261.78,90.0,1
Cognac Henley,XXL,Tops,Apparel Solutions,149.74,46.0,3
Cognac He Nley,XXL,Tops,Apparel Solutions,156.8,46.0,1
White Twill Scarf,XL,Accessories,Atelier Nord,169.44,5.0,3
Emerald Wideleg Trouser,,Bottoms,Atelier Nord,237.81,135.0,1
Tan Widebrim Hat,,Accessories,Textile World Co,63.09,93.0,1
Blush Turtleneck,,Tops,Textile World Co,183.88,117.0,1
Indigo Wrap Dress,,Dresses,,273.64,134.0,1
Camel Crossbody Bag,XL,Accessories,Atelier Nord,261.5,72.0,3
Charcoal Puffer Vest,M,Outerwear,Apparel Solutions,232.38,72.0,3
Charcoal Puffe R Vest,M,Outerwear,Apparel Solutions,216.99,72.0,1
Blush Lowtop Sneaker,L,Footwear,Atelier Nord,241.25,45.0,2
Black Midi Skirt,XS,Bottoms,Textile World Co,36.11,89.0,3
Tan Turtleneck,,Tops,Textile World Co,247.02,128.0,1
Emerald Statement Earrings,M,Accessories,Textile World Co,178.64,84.0,3
Ivory Blazer,XS,Outerwear,Textile World Co,205.09,76.0,3
Camel Heeled Mule,L,Footwear,Fashion Hub Ltd,155.27,48.0,3
Cognac Crossbody Bag,L,Accessories,Apparel Solutions,296.45,7.0,3
Beige Wrap Dress,,Dresses,,67.66,66.0,1
Camel Denim Short,S,Bottoms,Textile World Co,191.79,104.0,3
Black Twill Scarf,M,Accessories,Textile World Co,275.73,121.0,3
Cognac Ballet Flat,XXL,Footwear,Fashion Hub Ltd,48.21,83.0,3
Charcoal Moto Jacket,M,Outerwear,Atelier Nord,128.64,13.0,3
Camel Shift Dress,,Dresses,Textile World Co,18.88,52.0,1
Beige Leather Tote,M,Accessories,Fashion Hub Ltd,215.3,21.0,3
Beige Turtleneck,,Tops,Fashion Hub Ltd,34.68,91.0,1
Blush Trench Coat,S,Outerwear,Fashion Hub Ltd,107.57,21.0,3
Ivory Skinny Jean,S,Bottoms,Apparel Solutions,212.76,118.0,3
White Shirt Dress,,Dresses,Apparel Solutions,185.29,49.0,1
Indigo Leather Tote,L,Accessories,Apparel Solutions,158.9,15.0,3
Tan He Nley,,Tops,Fashion Hub Ltd,215.9,127.0,1
Black Denim Short,XXL,Bottoms,Apparel Solutions,84.9,86.0,3
Beige Midi Dress,XL,Dresses,Apparel Solutions,170.81,74.0,3
Beige Lowtop Sneaker,,Footwear,,249.83,105.0,1
White Skinny Jean,S,Bottoms,Fashion Hub Ltd,110.54,77.0,3
Beige Woven Belt,,Accessories,Atelier Nord,119.41,69.0,1
White Widebrim Hat,M,Accessories,Textile World Co,250.54,34.0,3
White Twill Scarf,XS,Accessories,Textile World Co,35.64,80.0,3
Blush Skinny Jean,L,Bottoms,Textile World Co,200.38,60.0,3
Camel Denim Short,XXL,Bottoms,Fashion Hub Ltd,231.23,47.0,3
Indigo Woven Belt,S,Accessories,Atelier Nord,161.47,33.0,3
Ivory Midi Skirt,XS,Bottoms,Textile World Co,114.85,59.0,3
Indigo Denim Short,L,Bottoms,Fashion Hub Ltd,238.44,114.0,3
White Tank Top,,Tops,Atelier Nord,282.91,37.0,1
Blush Trench Coat,M,Outerwear,Textile World Co,152.75,68.0,3
Blush Tre Nch Coat,M,Outerwear,Textile World Co,144.74,68.0,1
Burgundy Blazer,XXL,Outerwear,Textile World Co,210.72,81.0,3
Charcoal Loafe R,,Footwear,Textile World Co,300.75,42.0,1
Indigo Puffer Vest,XXL,Outerwear,Atelier Nord,56.05,18.0,3
Blush Ankle Boot,XL,Footwear,Apparel Solutions,100.44,65.0,3
Camel Tank Top,,Tops,Atelier Nord,183.76,78.0,1
Indigo Leather Tote,,Accessories,Atelier Nord,206.31,2.0,1
Burgundy Espadrille,XL,Footwear,Textile World Co,196.53,78.0,3
Tan Blazer,XXL,Outerwear,Apparel Solutions,193.82,30.0,3
Burgundy Chino Pant,M,Bottoms,Atelier Nord,92.28,127.0,2
White Skinny Jean,M,Bottoms,Textile World Co,89.91,26.0,2
Camel Slip Dress,XXL,Dresses,Fashion Hub Ltd,26.14,149.0,3
Black Woven Belt,XL,Accessories,Fashion Hub Ltd,110.14,34.0,3
Black Leather Tote,M,Accessories,Textile World Co,212.94,126.0,3
Charcoal Linen Pant,M,Bottoms,Apparel Solutions,58.79,11.0,3
Tan Linen Pant,S,Bottoms,Textile World Co,192.43,91.0,3
Burgundy Denim Jacket,L,Outerwear,Apparel Solutions,279.82,55.0,3
Emerald Slip Dress,S,Dresses,,100.86,29.0,2
Blush Espadrille,,Footwear,,241.72,8.0,1
Beige Shift Dress,,Dresses,Textile World Co,189.85,114.0,1
Blush Widebrim Hat,,Accessories,Fashion Hub Ltd,166.57,58.0,1
Emerald Maxi Dress,,Dresses,Textile World Co,288.25,119.0,1
Emerald Crewneck Tee,S,Tops,Fashion Hub Ltd,252.77,5.0,3
Emerald Ballet Flat,,Footwear,Fashion Hub Ltd,233.91,75.0,1
Burgundy Crewneck Tee,M,Tops,Atelier Nord,142.41,8.0,3
Camel Wool Peacoat,S,Outerwear,Atelier Nord,53.97,87.0,2
Cognac Vneck Sweater,,Tops,Atelier Nord,254.17,59.0,1
Charcoal Henley,S,Tops,,255.87,108.0,1
Camel Moto Jacket,XL,Outerwear,Fashion Hub Ltd,119.58,49.0,3
Camel Cardigan,S,Tops,Textile World Co,93.84,67.0,3
Black Henley,XS,Tops,,98.61,117.0,1
Ivory Linen Pant,M,Bottoms,Atelier Nord,260.11,125.0,2
Charcoal Tank Top,L,Tops,Textile World Co,116.25,52.0,3
Black Silk Blouse,,Tops,Fashion Hub Ltd,191.47,58.0,1
Be Ige Blazer,,Outerwear,Fashion Hub Ltd,242.64,106.0,1
Beige Shirt Dress,,Dresses,Apparel Solutions,75.85,36.0,1
Cognac Twill Scarf,,Accessories,Apparel Solutions,213.73,125.0,1
Charcoal Wideleg Trouser,,,Apparel Solutions,198.31,81.0,1
Tan Turtleneck,,Tops,Apparel Solutions,280.51,43.0,1
Blush Ankle Boot,XS,Footwear,Atelier Nord,117.19,131.0,3
Blush Midi Dress,S,Dresses,Apparel Solutions,226.86,120.0,3
Camel Denim Jacket,M,Outerwear,Apparel Solutions,186.31,67.0,2
Black Lowtop Sneaker,,Footwear,Atelier Nord,120.53,13.0,1
Indigo Moto Jacket,XL,Outerwear,Textile World Co,140.91,139.0,2
Charcoal Puffer Vest,XL,Outerwear,Apparel Solutions,286.25,74.0,3
Beige Moto Jacket,XS,Outerwear,Textile World Co,56.35,65.0,3
Beige Henley,,Tops,Atelier Nord,312.92,106.0,1
Camel Henley,,Tops,Fashion Hub Ltd,235.72,14.0,1
Black Pleated Skirt,,Bottoms,Textile World Co,201.93,76.0,1
Beige Statement Earrings,XL,Accessories,Apparel Solutions,314.24,34.0,3
Blush Statement Earrings,XXL,Accessories,,257.04,129.0,2
Emerald Silk Blouse,XXL,Tops,Textile World Co,244.43,137.0,2
Indigo Lowtop Sneaker,XXL,Footwear,Textile World Co,164.92,25.0,3
Burgundy Wool Peacoat,XS,Outerwear,Apparel Solutions,316.94,71.0,3
Burgundy Denim Short,,Bottoms,Textile World Co,76.23,74.0,1
Beige Woven Belt,M,Accessories,Textile World Co,236.75,131.0,3
Indigo Chino Pant,,,Atelier Nord,235.2,49.0,1
Burgundy Heeled Mule,XL,Footwear,Textile World Co,40.7,103.0,3
Charcoal Maxi Dress,XS,Dresses,Fashion Hub Ltd,173.41,1.0,3
Charcoal Puffer Vest,S,Outerwear,Atelier Nord,144.61,68.0,3
Emerald Denim Short,S,Bottoms,Apparel Solutions,305.3,79.0,3
Cognac Loafe R,,Footwear,Atelier Nord,279.1,64.0,1
Cognac Henley,XXL,Tops,Atelier Nord,164.6,89.0,3
White Slip Dress,M,Dresses,Apparel Solutions,30.96,117.0,3
Indigo Denim Short,M,Bottoms,Fashion Hub Ltd,183.71,21.0,3
White Ballet Flat,,,Atelier Nord,162.3,8.0,1
Cognac Espadrille,,Footwear,Atelier Nord,180.03,92.0,1
Indigo Blazer,L,Outerwear,Textile World Co,325.11,74.0,3
Indigo Blaze R,L,Outerwear,Textile World Co,338.43,74.0,1
Burgundy Cardigan,,Tops,,229.51,133.0,1
Emerald Midi Dress,XL,Dresses,Fashion Hub Ltd,207.77,0.0,3
Tan Turtleneck,XXL,Tops,Textile World Co,161.45,53.0,3
Ivory Moto Jacket,M,Outerwear,Atelier Nord,288.16,61.0,2
Charcoal Midi Skirt,XS,Bottoms,Fashion Hub Ltd,182.5,87.0,2
Blush Midi Dress,,Dresses,Atelier Nord,22.21,141.0,1
Blush Twill Scarf,L,Accessories,Textile World Co,97.47,11.0,3
Burgundy Slip Dress,,Dresses,Apparel Solutions,113.48,40.0,1
Blush Skinny Jean,,Bottoms,Fashion Hub Ltd,60.86,31.0,1
Emerald Maxi Dress,L,Dresses,Fashion Hub Ltd,114.01,68.0,3
Blush Woven Belt,L,Accessories,Atelier Nord,167.69,125.0,3
Emerald Wool Peacoat,,Outerwear,Atelier Nord,134.91,64.0,1
Beige Leather Tote,L,Accessories,Apparel Solutions,116.59,82.0,3
Emerald Cardigan,S,Tops,Apparel Solutions,140.78,110.0,2
Tan Buttonup Shirt,XS,Tops,Atelier Nord,125.48,128.0,3
Cognac Shift Dress,L,Dresses,Apparel Solutions,129.09,74.0,3
Indigo Denim Short,,Bottoms,,43.26,36.0,1
Blush Turtleneck,M,Tops,Atelier Nord,307.97,110.0,3
Beige Twill Scarf,XL,Accessories,,231.62,110.0,1
Indigo Vneck Sweater,M,Tops,Atelier Nord,139.61,60.0,3
Blush Linen Pant,XS,Bottoms,Textile World Co,102.73,33.0,3
Camel Silk Blouse,,Tops,Apparel Solutions,79.31,88.0,1
Came L Silk Blouse,L,Tops,Apparel Solutions,79.31,88.0,1
Blush Wool Peacoat,,Outerwear,Textile World Co,208.12,62.0,1
Beige Ankle Boot,,Footwear,Atelier Nord,24.03,54.0,1
Emerald Wool Peacoat,S,Outerwear,Apparel Solutions,192.61,27.0,3
Ivory Moto Jacket,,Outerwear,,148.63,86.0,1
Tan Midi Dress,,Dresses,Fashion Hub Ltd,193.29,120.0,1
Burgundy Skinny Jean,XS,Bottoms,Atelier Nord,301.58,43.0,3
Camel Shift Dress,S,Dresses,Textile World Co,245.45,100.0,3
Ivory Buttonup Shirt,S,Tops,Fashion Hub Ltd,212.87,132.0,3
Emerald Wideleg Trouser,L,Bottoms,Textile World Co,114.07,115.0,3
Blush Denim Jacket,M,Outerwear,Atelier Nord,129.1,105.0,3
Blush De Nim Jacket,M,Outerwear,Atelier Nord,132.34,105.0,1
Cognac Trench Coat,XXL,Outerwear,Apparel Solutions,165.25,5.0,3
Cognac Tre Nch Coat,XXL,Outerwear,Apparel Solutions,308.88,5.0,1
White Ballet Flat,XXL,Footwear,Atelier Nord,138.53,93.0,2
Charcoal Ankle Boot,L,Footwear,Textile World Co,120.88,36.0,3
Beige Wideleg Trouser,XXL,Bottoms,Apparel Solutions,147.96,78.0,3
Be Ige Wideleg Trouser,XXL,Bottoms,Apparel Solutions,27.37,78.0,1
Tan Twill Scarf,XL,Accessories,Apparel Solutions,80.58,104.0,3
Burgundy Linen Pant,M,Bottoms,Fashion Hub Ltd,214.09,97.0,3
Ivory Puffer Vest,,Outerwear,Textile World Co,120.16,29.0,1
Indigo Woven Belt,L,Accessories,Atelier Nord,51.41,90.0,2
Tan Silk Blouse,S,Tops,Atelier Nord,308.43,63.0,3
White Trench Coat,,Outerwear,Apparel Solutions,74.02,10.0,1
Indigo Woven Belt,XL,Accessories,Fashion Hub Ltd,98.35,1.0,3
Indigo Crossbody Bag,S,Accessories,Apparel Solutions,62.99,10.0,3
White Turtleneck,XS,Tops,Atelier Nord,137.51,102.0,3
Cognac Midi Dress,XXL,Dresses,Textile World Co,105.47,104.0,3
White Twill Scarf,XXL,Accessories,Fashion Hub Ltd,143.26,129.0,3
Blush Wrap Dress,,Dresses,Atelier Nord,273.36,43.0,1
Blush Wrap Dre Ss,,Dresses,Atelier Nord,273.36,43.0,1
Cognac Midi Dress,M,Dresses,Atelier Nord,242.86,129.0,3
Emerald Midi Skirt,XL,Bottoms,Apparel Solutions,148.48,118.0,3
Camel Shirt Dress,,Dresses,Apparel Solutions,211.21,65.0,1
Black Shirt Dress,XS,Dresses,Atelier Nord,290.24,118.0,3
Blush Cardigan,XS,Tops,Fashion Hub Ltd,216.64,69.0,3
Black Widebrim Hat,,Accessories,Apparel Solutions,182.82,20.0,1
White Denim Jacket,,Outerwear,,176.54,112.0,1
Charcoal Linen Pant,,Bottoms,Fashion Hub Ltd,99.01,80.0,1
Ivory Linen Pant,,Bottoms,Apparel Solutions,209.37,43.0,1
Ivory Line N Pant,,Bottoms,Apparel Solutions,209.37,43.0,1
Beige Slip Dress,XL,Dresses,Atelier Nord,256.8,89.0,2
Burgundy Trench Coat,XL,Outerwear,Apparel Solutions,244.98,73.0,3
Burgundy Tre Nch Coat,XL,Outerwear,Apparel Solutions,251.85,73.0,1
Tan Crossbody Bag,,,Textile World Co,240.15,34.0,1
Indigo Widebrim Hat,XXL,Accessories,Atelier Nord,138.83,39.0,3
Charcoal Pleated Skirt,S,Bottoms,Apparel Solutions,213.85,99.0,3
Burgundy Pleated Skirt,M,Bottoms,Textile World Co,307.57,106.0,3
Cognac Trench Coat,XL,Outerwear,Atelier Nord,116.87,56.0,3
Burgundy Twill Scarf,XXL,Accessories,Apparel Solutions,79.4,71.0,3
Burgundy Loafer,M,Footwear,Textile World Co,276.46,76.0,3
White Denim Short,M,Bottoms,Fashion Hub Ltd,66.38,28.0,3
Emerald Wool Peacoat,,Outerwear,Textile World Co,245.69,85.0,1
Beige Denim Short,XL,Bottoms,Atelier Nord,126.05,121.0,3
Charcoal Pleated Skirt,,Bottoms,Atelier Nord,132.37,38.0,1
Charcoal Shirt Dress,,Dresses,Fashion Hub Ltd,184.89,23.0,1
Charcoal Shirt Dre Ss,,Dresses,Fashion Hub Ltd,245.09,23.0,1
Camel Maxi Dress,S,Dresses,Atelier Nord,142.01,98.0,3
Indigo Espadrille,,Footwear,Atelier Nord,323.6,26.0,1
White Midi Skirt,XL,Bottoms,Atelier Nord,196.74,9.0,3
Indigo Puffer Vest,L,Outerwear,Atelier Nord,174.55,64.0,3
Black Maxi Dress,XXL,Dresses,Atelier Nord,161.61,134.0,3
Emerald Shirt Dress,XXL,Dresses,Atelier Nord,137.8,125.0,3
Emerald Puffer Vest,XXL,Outerwear,Textile World Co,102.76,97.0,3
Burgundy Wool Peacoat,,Outerwear,Fashion Hub Ltd,58.4,55.0,1
Black Denim Short,S,Bottoms,Apparel Solutions,221.06,126.0,3
Beige Twill Scarf,L,Accessories,Textile World Co,125.16,119.0,3
Blush Henley,XS,Tops,Textile World Co,44.17,15.0,3
Blush He Nley,XS,Tops,Textile World Co,44.49,15.0,1
Tan Slip Dress,,Dresses,Apparel Solutions,140.4,61.0,1
Tan Slip Dress,L,Dresses,Apparel Solutions,298.61,53.0,2
Camel Ballet Flat,,Footwear,Atelier Nord,18.22,66.0,1
Burgundy Puffer Vest,,Outerwear,Atelier Nord,262.79,45.0,1
Blush Leather Tote,S,Accessories,Apparel Solutions,140.51,79.0,3
Indigo Skinny Jean,S,Bottoms,Textile World Co,147.98,104.0,3
Cognac Henley,,Tops,Textile World Co,172.24,133.0,1
Burgundy Wrap Dress,XL,Dresses,Fashion Hub Ltd,137.14,91.0,3
Burgundy Wideleg Trouser,,Bottoms,Textile World Co,95.74,95.0,1
Cognac Wrap Dre Ss,XXL,Dresses,Apparel Solutions,102.95,110.0,1
Burgundy Blazer,L,Outerwear,Atelier Nord,290.58,110.0,3
Indigo Silk Blouse,XL,Tops,Textile World Co,182.84,92.0,3
Charcoal Twill Scarf,M,Accessories,Fashion Hub Ltd,108.68,133.0,3
Burgundy Chino Pant,,Bottoms,Atelier Nord,93.23,44.0,1
Black Linen Pant,S,Bottoms,Textile World Co,199.38,92.0,3
Emerald Lowtop Sneaker,,Footwear,Fashion Hub Ltd,145.58,126.0,1
Cognac Ballet Flat,XL,Footwear,Fashion Hub Ltd,196.67,76.0,3
Blush Wrap Dress,,Dresses,Apparel Solutions,272.14,134.0,1
Blush Puffer Vest,,Outerwear,,125.91,10.0,1
Blush Puffe R Vest,,Outerwear,,164.81,10.0,1
Emerald Maxi Dress,XS,Dresses,,145.42,33.0,1
Black Woven Belt,XXL,Accessories,Textile World Co,185.14,7.0,3
Charcoal Moto Jacket,XXL,Outerwear,Apparel Solutions,22.01,124.0,3
Tan Lowtop Sneaker,,Footwear,Fashion Hub Ltd,189.22,68.0,1
Emerald Midi Dress,,Dresses,Fashion Hub Ltd,216.59,52.0,1
Charcoal Cardigan,M,Tops,Atelier Nord,159.32,90.0,3
Indigo Wool Peacoat,XL,Outerwear,Apparel Solutions,67.68,133.0,3
Charcoal Skinny Jean,,Bottoms,Fashion Hub Ltd,250.19,109.0,1
Cognac Twill Scarf,M,Accessories,Textile World Co,284.46,16.0,3
Tan Vneck Sweater,S,Tops,Fashion Hub Ltd,157.61,7.0,3
Camel Widebrim Hat,L,Accessories,Textile World Co,179.07,58.0,2
Beige Wool Peacoat,XL,Outerwear,Apparel Solutions,120.2,49.0,2
Be Ige Crossbody Bag,,Accessories,Textile World Co,238.93,71.0,1
Blush Chino Pant,,Bottoms,Apparel Solutions,193.5,50.0,1
Burgundy Crossbody Bag,M,Accessories,Atelier Nord,153.12,39.0,3
Beige Pleated Skirt,,Bottoms,Fashion Hub Ltd,142.07,40.0,1
Beige Buttonup Shirt,L,Tops,Atelier Nord,167.78,68.0,3
Burgundy Moto Jacket,S,Outerwear,Atelier Nord,125.29,87.0,3
Burgundy Twill Scarf,,Accessories,Fashion Hub Ltd,233.97,88.0,1
Emerald Blazer,XL,Outerwear,,60.85,53.0,1
Burgundy Statement Earrings,M,Accessories,Textile World Co,133.82,14.0,2
Tan Ballet Flat,S,Footwear,Atelier Nord,27.48,135.0,3
Emerald Ankle Boot,S,Footwear,Fashion Hub Ltd,218.95,7.0,3
Burgundy Linen Pant,S,Bottoms,Fashion Hub Ltd,308.42,30.0,3
Indigo Loafer,L,Footwear,Atelier Nord,146.75,69.0,3
Blush Chino Pant,L,Bottoms,Atelier Nord,17.13,14.0,2
Black Statement Earrings,M,Accessories,Atelier Nord,214.59,83.0,3
Beige Midi Dress,L,Dresses,Atelier Nord,186.56,74.0,2
Emerald Widebrim Hat,XXL,Accessories,Textile World Co,223.52,12.0,3
Ivory Skinny Jean,XL,Bottoms,Textile World Co,150.87,106.0,3
Black Buttonup Shirt,,Tops,Apparel Solutions,142.05,80.0,1
Cognac Trench Coat,,Outerwear,Apparel Solutions,74.08,112.0,1
Tan Leather Tote,M,Accessories,Atelier Nord,102.43,102.0,1
Ivory Turtleneck,XS,Tops,Textile World Co,311.66,89.0,2
White Twill Scarf,,Accessories,Fashion Hub Ltd,75.91,86.0,1
Cognac Wideleg Trouser,XL,Bottoms,Atelier Nord,218.63,119.0,3
Tan Moto Jacket,L,Outerwear,Textile World Co,274.49,134.0,3
Emerald Denim Short,,Bottoms,Apparel Solutions,217.84,49.0,1
Emerald Espadrille,XXL,Footwear,Fashion Hub Ltd,161.5,84.0,3
White Tank Top,S,Tops,,258.3,26.0,2
Indigo Puffer Vest,XS,Outerwear,Apparel Solutions,151.96,105.0,3
Indigo Moto Jacket,L,Outerwear,Atelier Nord,118.11,13.0,3
Emerald Shift Dress,XS,Dresses,Textile World Co,265.3,84.0,3
Cognac Shirt Dress,XL,Dresses,,306.64,82.0,1
Black Denim Jacket,XXL,Outerwear,Apparel Solutions,116.52,105.0,3
Black De Nim Jacket,XXL,Outerwear,Apparel Solutions,36.88,105.0,1
Beige Ankle Boot,XL,Footwear,Textile World Co,170.76,68.0,3
Camel Lowtop Sneaker,,Footwear,,233.33,45.0,1
Cognac Wool Peacoat,L,Outerwear,Fashion Hub Ltd,93.92,76.0,3
Charcoal Chino Pant,XL,Bottoms,Fashion Hub Ltd,265.69,51.0,3
Eme Rald Puffer Vest,,Outerwear,Apparel Solutions,164.79,46.0,1
Burgundy Heeled Mule,S,Footwear,Atelier Nord,176.77,48.0,3
Blush Shift Dress,,Dresses,Apparel Solutions,34.67,125.0,1
Indigo Pleated Skirt,,,,78.93,40.0,1
Cognac Puffe R Vest,,Outerwear,Apparel Solutions,149.16,109.0,1
Black Woven Belt,,Accessories,Atelier Nord,54.94,146.0,1
Cognac Statement Earrings,XL,Accessories,Textile World Co,79.26,53.0,3
Charcoal Turtleneck,XXL,Tops,Atelier Nord,177.0,12.0,3
Emerald Shirt Dress,M,Dresses,Fashion Hub Ltd,215.85,110.0,3
Camel Henley,,Tops,Apparel Solutions,80.0,27.0,1
Ivory Crossbody Bag,,Accessories,,40.97,1.0,1
Ivory Midi Skirt,XS,Bottoms,Atelier Nord,189.58,44.0,3
White Henley,,Tops,,229.38,43.0,1
Black Ballet Flat,,Footwear,Textile World Co,165.49,0.0,1
Burgundy Loafer,,Footwear,Apparel Solutions,246.23,54.0,1
Cognac Silk Blouse,XXL,Tops,Fashion Hub Ltd,126.54,49.0,3
Tan Loafer,M,Footwear,Textile World Co,51.65,112.0,3
Black Puffer Vest,XS,Outerwear,Textile World Co,145.91,110.0,3
Emerald Turtleneck,XXL,Tops,Atelier Nord,103.8,40.0,3
Cognac Skinny Jean,,Bottoms,Apparel Solutions,160.89,73.0,1
Charcoal Blazer,S,Outerwear,Fashion Hub Ltd,172.58,15.0,3
White Tank Top,XL,Tops,Textile World Co,188.01,130.0,3
Tan Puffer Vest,XL,Outerwear,Apparel Solutions,292.63,136.0,3
Emerald Shirt Dress,,Dresses,,107.89,83.0,1
Charcoal Crewneck Tee,L,Tops,Textile World Co,167.76,54.0,2
Blush Midi Skirt,XS,Bottoms,Atelier Nord,22.66,101.0,2
Cognac Ballet Flat,,Footwear,Textile World Co,202.6,28.0,1
Beige Wideleg Trouser,XL,Bottoms,Atelier Nord,292.95,74.0,2
White Vneck Sweater,M,Tops,Atelier Nord,228.4,77.0,3
Beige Ankle Boot,M,Footwear,Apparel Solutions,268.83,94.0,3
White Henley,,Tops,Apparel Solutions,57.98,34.0,1
Camel Shirt Dress,S,Dresses,Atelier Nord,176.96,68.0,3
Charcoal Tank Top,XL,Tops,Textile World Co,124.98,14.0,2
Emerald Blazer,,Outerwear,Fashion Hub Ltd,190.48,60.0,1
Emerald Midi Dress,,Dresses,Atelier Nord,48.15,27.0,1
Black Woven Belt,L,Accessories,Apparel Solutions,137.55,117.0,3
Burgundy Henley,,Tops,Atelier Nord,110.26,42.0,1
Blush Tre Nch Coat,,Outerwear,Fashion Hub Ltd,256.38,98.0,1
Ivory Puffer Vest,XXL,Outerwear,,229.93,103.0,1
Burgundy Cardigan,,Tops,Apparel Solutions,235.26,89.0,1
Camel Puffer Vest,S,,Apparel Solutions,83.65,42.0,3
Blush Ankle Boot,L,Footwear,Textile World Co,74.07,57.0,3
Tan Puffer Vest,XL,Outerwear,,108.49,85.0,1
Ivory Blazer,M,Outerwear,,145.44,22.0,2
Camel Pleated Skirt,M,Bottoms,Fashion Hub Ltd,218.33,126.0,3
Indigo Shirt Dress,,Dresses,Apparel Solutions,61.14,110.0,1
Charcoal Midi Skirt,XS,Bottoms,Atelier Nord,212.75,69.0,3
Camel Lowtop Sneaker,XS,Footwear,Textile World Co,127.45,71.0,3
Beige Shirt Dress,L,Dresses,Textile World Co,245.41,101.0,3
Charcoal Wideleg Trouser,,Bottoms,Textile World Co,43.94,44.0,1
Emerald Vneck Sweater,L,Tops,Fashion Hub Ltd,223.05,6.0,1
Ivory Puffer Vest,L,Outerwear,Fashion Hub Ltd,256.61,139.0,3
Ivory Woven Belt,S,Accessories,Apparel Solutions,79.64,57.0,3
Tan Skinny Jean,XL,Bottoms,Apparel Solutions,75.3,25.0,3
Burgundy Espadrille,S,Footwear,,161.94,61.0,1
Black Statement Earrings,S,Accessories,Apparel Solutions,91.92,20.0,3
Blush Widebrim Hat,XXL,Accessories,Atelier Nord,70.26,85.0,3
Tan Puffer Vest,XXL,Outerwear,Textile World Co,266.97,34.0,3
Emerald Leather Tote,XXL,Accessories,Apparel Solutions,208.68,100.0,3
Ivory Wrap Dress,XXL,Dresses,Textile World Co,282.56,65.0,3
Emerald Slip Dress,M,Dresses,Fashion Hub Ltd,80.94,17.0,3
Burgundy Midi Skirt,,Bottoms,Atelier Nord,161.97,43.0,1
Indigo Pleated Skirt,L,Bottoms,Textile World Co,259.41,12.0,3
Cognac Henley,XS,Tops,Fashion Hub Ltd,239.41,45.0,3
Burgundy Crossbody Bag,XXL,Accessories,Fashion Hub Ltd,151.42,96.0,3
Black Denim Short,XL,Bottoms,Apparel Solutions,37.25,86.0,3
Burgundy Turtleneck,,,Apparel Solutions,240.68,50.0,1
Black Moto Jacket,XXL,Outerwear,Textile World Co,185.81,45.0,2
White Ballet Flat,M,Footwear,Atelier Nord,169.14,34.0,3
Ivory Loafer,S,Footwear,Textile World Co,232.74,92.0,3
White Denim Jacket,XL,Outerwear,Textile World Co,233.27,140.0,3
Indigo Trench Coat,XXL,Outerwear,Apparel Solutions,134.54,77.0,3
Beige Ankle Boot,XS,Footwear,Apparel Solutions,18.16,55.0,2
Blush Loafer,XL,Footwear,Atelier Nord,209.42,128.0,3
Tan Espadrille,M,Footwear,Apparel Solutions,153.62,71.0,2
Cognac Widebrim Hat,M,Accessories,Apparel Solutions,98.01,90.0,2
Beige Trench Coat,M,Outerwear,Textile World Co,121.09,64.0,2
Camel Denim Short,,Bottoms,Atelier Nord,131.36,98.0,1
Cognac Vneck Sweater,XL,Tops,Atelier Nord,115.34,126.0,3
Charcoal Wide Brim Hat,,Accessories,Textile World Co,292.42,10.0,1
Beige Shirt Dress,XS,Dresses,Textile World Co,102.23,47.0,3
Tan Trench Coat,,Outerwear,Atelier Nord,74.02,43.0,1
Indigo Midi Skirt,L,Bottoms,Atelier Nord,26.35,140.0,3
Blush Lowtop Sneaker,,Footwear,Atelier Nord,90.25,85.0,1
Blush De Nim Jacket,,Outerwear,Atelier Nord,71.62,80.0,1
Burgundy Midi Dre Ss,,Dresses,Fashion Hub Ltd,131.22,90.0,1
Burgundy Blazer,XS,Outerwear,Apparel Solutions,42.37,48.0,2
Be Ige Cardigan,,Tops,Atelier Nord,70.98,32.0,1
Tan Wool Peacoat,,Outerwear,,293.22,121.0,1
Black Buttonup Shirt,S,Tops,Apparel Solutions,190.61,136.0,2
Cognac Espadrille,XL,Footwear,Fashion Hub Ltd,46.19,138.0,3
Charcoal Slip Dress,XS,Dresses,Atelier Nord,176.15,133.0,3
Blush Statement Earrings,XS,Accessories,Fashion Hub Ltd,29.98,79.0,3
Beige Ballet Flat,S,Footwear,Apparel Solutions,153.72,89.0,2
Cognac Statement Earrings,,Accessories,Textile World Co,259.23,100.0,1
Indigo Lowtop Sneaker,M,Footwear,Atelier Nord,59.34,41.0,2
Cognac Shift Dress,,Dresses,Fashion Hub Ltd,167.74,134.0,1
Blush Wideleg Trouser,XS,Bottoms,,271.44,45.0,1
Black Wide Brim Hat,,,Atelier Nord,155.23,38.0,1
Cognac Loafer,L,Footwear,Textile World Co,108.8,3.0,3
Cognac Loafe R,L,Footwear,Textile World Co,40.28,3.0,1
Black Shift Dress,XL,Dresses,Fashion Hub Ltd,209.31,129.0,3
Indigo Moto Jacket,,Outerwear,Apparel Solutions,102.25,21.0,1
White Maxi Dress,L,Dresses,,30.57,67.0,1
Emerald Linen Pant,XL,Bottoms,Fashion Hub Ltd,95.05,117.0,3
Black Trench Coat,XL,Outerwear,Textile World Co,238.18,36.0,3
Ivory Lowtop Sneaker,,Footwear,Textile World Co,284.27,62.0,1
Camel Woven Belt,S,Accessories,Apparel Solutions,249.0,130.0,2
Charcoal Trench Coat,,Outerwear,Fashion Hub Ltd,277.19,47.0,1
Burgundy Denim Jacket,,Outerwear,,143.46,88.0,1
Beige Ankle Boot,,Footwear,Apparel Solutions,229.91,137.0,1
Charcoal Loafer,XS,Footwear,Textile World Co,145.24,102.0,3
Burgundy Trench Coat,L,Outerwear,Atelier Nord,195.98,1.0,3
Indigo Midi Dress,XXL,Dresses,Atelier Nord,282.06,126.0,3
Emerald Henley,XL,Tops,,128.51,77.0,1
Burgundy Shirt Dress,,Dresses,Fashion Hub Ltd,48.99,103.0,1
Black Wool Peacoat,,Outerwear,Atelier Nord,29.37,36.0,1
Ivory Leather Tote,M,Accessories,Atelier Nord,186.14,33.0,3
Tan Wrap Dress,,Dresses,Textile World Co,152.81,112.0,1
White Wrap Dress,M,Dresses,Atelier Nord,218.36,130.0,3
Ivory Cardigan,XXL,Tops,Fashion Hub Ltd,30.24,112.0,3
Indigo Midi Dress,XL,Dresses,Atelier Nord,140.37,95.0,3
White Crossbody Bag,,Accessories,Textile World Co,246.85,49.0,1
Blush Slip Dress,XXL,Dresses,Atelier Nord,225.01,136.0,3
Ivory Loafer,XS,Footwear,Textile World Co,67.51,59.0,3
Ivory Tank Top,S,Tops,Textile World Co,70.29,116.0,3
Camel Heeled Mule,M,Footwear,Apparel Solutions,169.19,13.0,3
Tan Woven Belt,,Accessories,Apparel Solutions,277.52,86.0,1
Tan Skinny Jean,,Bottoms,Textile World Co,149.59,128.0,1
Black Twill Scarf,M,Accessories,Atelier Nord,256.49,59.0,3
Blush Trench Coat,S,Outerwear,Apparel Solutions,50.43,0.0,3
Burgundy Wool Peacoat,L,Outerwear,Fashion Hub Ltd,67.42,42.0,3
Emerald Maxi Dress,L,Dresses,Apparel Solutions,42.04,77.0,3
Beige Widebrim Hat,XXL,Accessories,Fashion Hub Ltd,142.47,63.0,2
Blush Moto Jacket,,Outerwear,Fashion Hub Ltd,165.16,41.0,1
Ivory Wrap Dress,,Dresses,Apparel Solutions,173.77,78.0,1
White Woven Belt,XL,Accessories,Fashion Hub Ltd,234.15,102.0,3
Camel Turtleneck,,Tops,Fashion Hub Ltd,229.8,31.0,1
Came L Turtleneck,L,Tops,Fashion Hub Ltd,229.8,31.0,1
Emerald Twill Scarf,,Accessories,,255.9,81.0,1
Blush Heeled Mule,,Footwear,Apparel Solutions,21.29,29.0,1
Camel Tank Top,S,Tops,Atelier Nord,235.12,112.0,2
Ivory Shirt Dress,M,Dresses,Fashion Hub Ltd,230.42,64.0,3
Ivory Lowtop Sneaker,S,Footwear,Fashion Hub Ltd,180.73,87.0,3
White Ballet Flat,,Footwear,,196.22,60.0,1
Blush Wool Peacoat,S,Outerwear,Textile World Co,48.65,110.0,3
White Wrap Dress,,Dresses,Textile World Co,153.02,26.0,1
Emerald Crewneck Tee,XL,Tops,Fashion Hub Ltd,207.38,147.0,3
Burgundy Espadrille,M,Footwear,Atelier Nord,241.45,8.0,3
Indigo Slip Dress,XL,Dresses,Atelier Nord,134.25,4.0,3
Emerald Ballet Flat,XL,Footwear,Textile World Co,144.34,125.0,3
Ivory Blazer,L,Outerwear,Atelier Nord,123.94,101.0,3
Be Ige Vneck Sweater,,Tops,Apparel Solutions,28.84,97.0,1
Black Statement Earrings,L,Accessories,Textile World Co,44.94,31.0,2
Charcoal Wideleg Trouser,,Bottoms,,119.99,124.0,1
Black Pleated Skirt,XXL,Bottoms,Textile World Co,202.06,88.0,3
Charcoal Crossbody Bag,XXL,Accessories,Atelier Nord,254.99,46.0,3
Charcoal Puffer Vest,L,Outerwear,Apparel Solutions,51.73,117.0,3
Blush Linen Pant,,Bottoms,Fashion Hub Ltd,272.25,94.0,1
Tan Statement Earrings,,Accessories,Atelier Nord,156.17,60.0,1
Burgundy Shirt Dress,XS,Dresses,Textile World Co,83.84,32.0,3
Tan Woven Belt,,Accessories,,182.78,24.0,1
Ivory Widebrim Hat,XL,Accessories,Textile World Co,193.21,82.0,3
Cognac Linen Pant,M,Bottoms,Atelier Nord,176.15,42.0,3
Blush Wrap Dress,S,Dresses,Textile World Co,225.6,114.0,3
Blush Ballet Flat,XXL,Footwear,Textile World Co,120.22,62.0,3
White Linen Pant,,Bottoms,Apparel Solutions,235.15,43.0,1
Black Shift Dress,,Dresses,Apparel Solutions,203.97,6.0,1
Indigo Leather Tote,L,Accessories,Fashion Hub Ltd,54.29,115.0,2
Indigo Loafer,XL,Footwear,Apparel Solutions,102.89,104.0,3
Burgundy Crossbody Bag,,Accessories,Fashion Hub Ltd,184.17,114.0,1
Black Midi Dress,,Dresses,,35.75,92.0,1
Black Lowtop Sneaker,XS,Footwear,Atelier Nord,213.8,66.0,3
Tan Pleated Skirt,XS,Bottoms,Apparel Solutions,284.01,82.0,3
Indigo Shift Dress,M,Dresses,Apparel Solutions,128.61,1.0,3
Beige Shift Dress,L,Dresses,Atelier Nord,175.95,54.0,3
Emerald Widebrim Hat,M,Accessories,Textile World Co,130.66,4.0,3
Eme Rald Widebrim Hat,M,Accessories,Textile World Co,127.09,4.0,1
Beige Loafer,S,Footwear,Apparel Solutions,140.41,34.0,3
Black Denim Jacket,XS,Outerwear,Textile World Co,173.61,120.0,3
Ivory Wool Peacoat,XXL,Outerwear,Apparel Solutions,60.93,21.0,3
Beige Ballet Flat,XS,Footwear,Apparel Solutions,171.54,86.0,3
Ivory Turtleneck,XXL,Tops,Textile World Co,123.26,117.0,3
Camel Ballet Flat,,Footwear,,210.37,72.0,1
Cognac Shift Dress,,Dresses,Apparel Solutions,80.93,1.0,1
Tan Lowtop Sneaker,XXL,Footwear,Apparel Solutions,222.42,130.0,3
Black Ankle Boot,,Footwear,Apparel Solutions,178.02,111.0,1
Blush Tank Top,M,Tops,Apparel Solutions,204.67,9.0,3
Tan Maxi Dre Ss,,Dresses,Atelier Nord,95.46,68.0,1
Emerald Trench Coat,XXL,Outerwear,Atelier Nord,68.43,36.0,3
Blush Puffer Vest,XXL,Outerwear,Atelier Nord,35.26,69.0,3
Tan Linen Pant,,Bottoms,Atelier Nord,25.55,114.0,1
Tan Denim Jacket,,Outerwear,Apparel Solutions,111.36,125.0,1
Beige Wool Peacoat,,Outerwear,,128.05,109.0,1
Black Widebrim Hat,S,Accessories,Textile World Co,297.1,122.0,2
Charcoal Wrap Dress,XS,Dresses,Fashion Hub Ltd,175.13,118.0,2
Indigo Buttonup Shirt,,Tops,Apparel Solutions,74.95,21.0,1
Tan Denim Short,S,Bottoms,Atelier Nord,178.33,81.0,3
Camel Loafer,L,Footwear,Textile World Co,166.3,122.0,3
Cognac Shirt Dress,XXL,Dresses,Apparel Solutions,34.87,77.0,1
Emerald Leather Tote,L,Accessories,Textile World Co,217.11,20.0,3
White Lowtop Sneaker,L,Footwear,Textile World Co,143.93,84.0,3
Beige Crossbody Bag,S,Accessories,Apparel Solutions,238.87,20.0,3
Cognac Midi Skirt,L,Bottoms,Atelier Nord,69.48,124.0,3
Cognac Maxi Dress,L,Dresses,Fashion Hub Ltd,64.14,4.0,3
Cognac Maxi Dre Ss,L,Dresses,Fashion Hub Ltd,34.21,4.0,1
Ivory Blazer,XL,Outerwear,Atelier Nord,291.18,97.0,2
White Henley,,Tops,Fashion Hub Ltd,179.91,71.0,1
Emerald Leather Tote,XS,Accessories,Textile World Co,140.51,112.0,3
Beige Buttonup Shirt,,Tops,Textile World Co,273.47,81.0,1
Emerald Turtleneck,XS,Tops,Fashion Hub Ltd,237.81,16.0,3
Ivory Chino Pant,,Bottoms,Textile World Co,128.43,33.0,1
White Maxi Dress,XS,Dresses,,302.16,8.0,1
White Wrap Dress,M,Dresses,Textile World Co,295.45,28.0,3
Tan Slip Dress,L,Dresses,Fashion Hub Ltd,265.64,32.0,3
Burgundy Wrap Dress,XL,Dresses,Textile World Co,171.27,127.0,3
Cognac Buttonup Shirt,,Tops,,147.76,94.0,1
Beige Vneck Sweater,L,Tops,Apparel Solutions,99.41,125.0,3
Be Ige Vneck Sweater,L,Tops,Apparel Solutions,122.94,125.0,1
Indigo Lowtop Sneaker,,Footwear,Atelier Nord,280.97,83.0,1
Burgundy Shift Dress,M,Dresses,Fashion Hub Ltd,281.47,71.0,3
Camel Denim Short,S,Bottoms,Atelier Nord,171.69,0.0,3
Cognac Blazer,XXL,Outerwear,Atelier Nord,308.55,56.0,3
Beige Blazer,,Outerwear,,112.74,1.0,1
Camel Ankle Boot,,Footwear,Atelier Nord,126.18,119.0,1
Indigo Moto Jacket,,Outerwear,,58.56,23.0,1
Camel Loafer,M,Footwear,,203.87,100.0,1
Cognac Widebrim Hat,XS,Accessories,Fashion Hub Ltd,75.94,43.0,3
Black Loafer,S,Footwear,Apparel Solutions,134.28,9.0,3
White Tank Top,L,Tops,Atelier Nord,284.05,19.0,2
Charcoal Blazer,,Outerwear,Fashion Hub Ltd,54.74,92.0,1
Blush Shift Dress,XS,Dresses,Fashion Hub Ltd,208.26,71.0,3
Cognac Heeled Mule,L,Footwear,Textile World Co,264.41,127.0,3
Indigo Cardigan,,Tops,Apparel Solutions,135.82,61.0,1
Cognac Shirt Dress,,Dresses,,95.75,3.0,1
Burgundy Wrap Dress,M,Dresses,Fashion Hub Ltd,81.81,30.0,3
Indigo Tank Top,S,Tops,Atelier Nord,265.93,122.0,2
White Pleated Skirt,,Bottoms,Atelier Nord,82.73,76.0,1
Came L Wrap Dress,L,Dresses,Textile World Co,279.57,27.0,1
Ivory Twill Scarf,,Accessories,Fashion Hub Ltd,106.28,53.0,1
Black Ple Ated Skirt,,Bottoms,Textile World Co,145.97,66.0,1
Burgundy Maxi Dress,XL,Dresses,Atelier Nord,240.09,51.0,3
Blush Ankle Boot,S,Footwear,Atelier Nord,68.21,14.0,3
Emerald Statement Earrings,M,Accessories,Fashion Hub Ltd,160.29,101.0,3
Beige Crewneck Tee,XL,Tops,Atelier Nord,280.4,103.0,3
Ivory Espadrille,,Footwear,Fashion Hub Ltd,177.12,139.0,1
Tan Ankle Boot,L,Footwear,Textile World Co,107.73,73.0,3
Beige Widebrim Hat,L,Accessories,Atelier Nord,20.53,31.0,3
Indigo Slip Dress,XXL,Dresses,Atelier Nord,289.39,34.0,2
White Silk Blouse,,Tops,Fashion Hub Ltd,209.15,129.0,1
Burgundy Cardigan,L,Tops,Atelier Nord,108.7,88.0,3
Emerald Loafer,XXL,Footwear,Apparel Solutions,146.42,6.0,3
Cognac Blazer,XS,Outerwear,Textile World Co,150.79,44.0,3
Camel Moto Jacket,,Outerwear,Apparel Solutions,252.91,74.0,1
Emerald Skinny Jean,XXL,Bottoms,Apparel Solutions,137.42,44.0,3
Camel Midi Dress,M,Dresses,,140.55,51.0,1
Blush Wideleg Trouser,,Bottoms,Apparel Solutions,158.53,128.0,1
Beige Trench Coat,L,Outerwear,Atelier Nord,289.06,15.0,3
Blush Maxi Dress,L,Dresses,Apparel Solutions,210.33,13.0,3
Charcoal Chino Pant,,Bottoms,,19.98,102.0,1
Ivory Vneck Sweater,L,Tops,Atelier Nord,268.5,99.0,3
White Cardigan,,Tops,Fashion Hub Ltd,187.71,21.0,1
Indigo Vneck Sweater,L,Tops,Apparel Solutions,268.02,82.0,2
Burgundy Shift Dress,S,Dresses,Fashion Hub Ltd,83.39,134.0,3
Indigo Crewneck Tee,,Tops,Textile World Co,61.53,117.0,1
Ivory Espadrille,S,Footwear,Fashion Hub Ltd,187.52,25.0,3
Charcoal Shirt Dress,,Dresses,,203.28,34.0,1
Burgundy Denim Jacket,M,Outerwear,Apparel Solutions,210.93,63.0,3
Burgundy Midi Skirt,S,Bottoms,Apparel Solutions,193.66,116.0,3
Burgundy Denim Jacket,XXL,Outerwear,Apparel Solutions,285.86,23.0,2
Charcoal Widebrim Hat,,Accessories,,53.73,2.0,1
Blush Slip Dress,XL,Dresses,Atelier Nord,309.27,0.0,3
Cognac Ple Ated Skirt,,Bottoms,Fashion Hub Ltd,19.05,93.0,1
Beige Loafer,XS,Footwear,Apparel Solutions,251.32,135.0,3
Camel Statement Earrings,,Accessories,Fashion Hub Ltd,252.43,40.0,1
Ivory Twill Scarf,,Accessories,Textile World Co,39.79,35.0,1
Tan Twill Scarf,,Accessories,,134.64,55.0,1
Ivory Denim Jacket,M,Outerwear,Textile World Co,55.96,85.0,3
Beige Puffer Vest,XXL,Outerwear,Textile World Co,147.71,132.0,3
Blush Blazer,,Outerwear,Textile World Co,209.58,111.0,1
Cognac Widebrim Hat,XXL,Accessories,Textile World Co,239.26,92.0,3
Emerald Wool Peacoat,XL,Outerwear,Atelier Nord,307.52,92.0,3
Tan Skinny Jean,,Bottoms,Apparel Solutions,272.43,84.0,1
Black Crewneck Tee,XS,Tops,Textile World Co,146.91,108.0,3
Beige Widebrim Hat,M,Accessories,Atelier Nord,120.22,1.0,3
Burgundy Wideleg Trouser,XL,Bottoms,Atelier Nord,205.43,42.0,2
Tan Wool Peacoat,,Outerwear,Textile World Co,65.64,132.0,1
Tan Wool Pe Acoat,,Outerwear,Textile World Co,65.64,132.0,1
Camel Widebrim Hat,XS,Accessories,Atelier Nord,222.74,85.0,3
Camel Blazer,L,Outerwear,Apparel Solutions,142.1,100.0,3
Came L Blazer,L,Outerwear,Apparel Solutions,135.66,100.0,1
Charcoal Crossbody Bag,XXL,Accessories,Textile World Co,195.3,122.0,3
Black Wrap Dre Ss,,,Fashion Hub Ltd,151.34,83.0,1
Charcoal Silk Blouse,S,,Fashion Hub Ltd,201.0,76.0,2
Ivory Blazer,,Outerwear,,235.35,0.0,1
Indigo Moto Jacket,M,Outerwear,Textile World Co,277.18,118.0,3
Charcoal Tank Top,M,Tops,Textile World Co,129.51,0.0,3
White Widebrim Hat,XXL,Accessories,Atelier Nord,60.6,51.0,3
Indigo Espadrille,XS,Footwear,Apparel Solutions,290.67,122.0,2
Blush Moto Jacket,XL,Outerwear,Fashion Hub Ltd,100.27,30.0,2
Beige Skinny Jean,XL,Bottoms,Apparel Solutions,228.74,1.0,3
Ivory Silk Blouse,XL,Tops,Textile World Co,130.73,129.0,3
Burgundy Lowtop Sneaker,S,Footwear,Fashion Hub Ltd,280.16,9.0,3
Beige Wrap Dress,M,Dresses,Textile World Co,263.16,62.0,3
Indigo Turtleneck,XL,Tops,Fashion Hub Ltd,26.15,121.0,3
Indigo Le Ather Tote,,Accessories,Fashion Hub Ltd,25.3,124.0,1
White Shift Dress,L,Dresses,Atelier Nord,267.72,99.0,3
Ivory Slip Dress,M,Dresses,Fashion Hub Ltd,91.4,113.0,3
Beige Statement Earrings,XXL,Accessories,Apparel Solutions,225.18,41.0,3
White Heeled Mule,L,Footwear,Apparel Solutions,199.59,101.0,3
Camel Linen Pant,XL,Bottoms,Apparel Solutions,208.56,124.0,3
Ivory Lowtop Sneaker,M,Footwear,Fashion Hub Ltd,188.18,9.0,3
Ivory Lowtop Sne Aker,M,Footwear,Fashion Hub Ltd,198.95,9.0,1
Camel Puffer Vest,XS,Outerwear,Apparel Solutions,279.6,26.0,3
Blush He Eled Mule,,Footwear,Textile World Co,183.76,140.0,1
Black Wool Pe Acoat,,Outerwear,Fashion Hub Ltd,129.68,46.0,1
Indigo Wool Peacoat,,Outerwear,,83.29,124.0,1
Burgundy Silk Blouse,,Tops,Textile World Co,294.17,87.0,1
Burgundy Maxi Dress,XXL,Dresses,Apparel Solutions,196.91,114.0,3
Camel Wool Peacoat,M,Outerwear,Fashion Hub Ltd,65.14,83.0,3
Cognac Moto Jacket,XXL,Outerwear,Atelier Nord,88.02,110.0,3
Cognac Denim Short,XXL,Bottoms,Atelier Nord,95.81,47.0,3
Cognac De Nim Short,XXL,Bottoms,Atelier Nord,21.29,47.0,1
Burgundy Ballet Flat,L,Footwear,Fashion Hub Ltd,256.52,62.0,2
Ivory Crossbody Bag,M,Accessories,Fashion Hub Ltd,226.26,98.0,3
Tan Slip Dress,XL,Dresses,Apparel Solutions,97.17,69.0,2
White Leather Tote,XS,Accessories,Textile World Co,308.16,79.0,3
Ivory Buttonup Shirt,XXL,Tops,Textile World Co,278.44,129.0,3
Ivory Blazer,S,Outerwear,Textile World Co,175.78,0.0,3
Indigo Leather Tote,S,Accessories,Apparel Solutions,284.83,9.0,2
Indigo Ballet Flat,,Footwear,,90.05,92.0,1
White Tank Top,S,Tops,Textile World Co,242.16,7.0,3
Charcoal Midi Dress,XL,Dresses,Fashion Hub Ltd,84.55,98.0,2
Cognac Maxi Dress,S,Dresses,Fashion Hub Ltd,148.24,92.0,3
Beige Turtleneck,,Tops,Apparel Solutions,276.85,86.0,1
Black Wideleg Trouser,,Bottoms,Atelier Nord,314.74,26.0,1
Beige Loafer,,Footwear,,264.62,28.0,1
Camel Skinny Jean,,Bottoms,,44.43,7.0,1
Tan Chino Pant,M,Bottoms,Textile World Co,91.91,96.0,3
Camel Wrap Dress,M,Dresses,Textile World Co,239.8,120.0,3
Blush Ballet Flat,XS,Footwear,Fashion Hub Ltd,127.65,4.0,3
Blush Widebrim Hat,M,Accessories,,76.64,85.0,1
Black Twill Scarf,,Accessories,Fashion Hub Ltd,186.36,40.0,1
Black Maxi Dress,S,Dresses,Textile World Co,168.77,112.0,3
Blush Henley,,Tops,,46.46,63.0,1
Cognac Maxi Dress,M,Dresses,Atelier Nord,71.57,12.0,3
Black Shift Dress,XXL,Dresses,,218.78,89.0,1
Beige Wool Peacoat,XS,Outerwear,Fashion Hub Ltd,251.16,135.0,3
Emerald Cardigan,S,Tops,Fashion Hub Ltd,242.33,138.0,3
Burgundy Twill Scarf,,Accessories,Apparel Solutions,23.42,125.0,1
Camel Leather Tote,,Accessories,Fashion Hub Ltd,248.56,101.0,1
Burgundy Statement Earrings,,Accessories,Fashion Hub Ltd,290.09,36.0,1
White Turtleneck,,Tops,Apparel Solutions,102.0,32.0,1
White Vneck Sweater,XXL,Tops,Apparel Solutions,142.42,43.0,3
Camel Trench Coat,L,Outerwear,Atelier Nord,291.09,60.0,3
Charcoal Maxi Dress,,Dresses,Fashion Hub Ltd,177.43,145.0,1
Camel Skinny Jean,XL,Bottoms,Textile World Co,149.5,128.0,3
Tan Wrap Dre Ss,S,Dresses,Fashion Hub Ltd,253.82,134.0,1
Cognac Crossbody Bag,,Accessories,Textile World Co,150.83,121.0,1
Blush Tank Top,S,Tops,Textile World Co,102.89,128.0,3
Ivory Skinny Jean,XS,Bottoms,Textile World Co,104.32,9.0,3
Charcoal Turtleneck,XL,Tops,Apparel Solutions,40.08,121.0,2
Indigo Heeled Mule,XS,Footwear,Textile World Co,143.72,79.0,2
Ivory Henley,L,Tops,Apparel Solutions,228.93,7.0,3
Black Shirt Dress,S,Dresses,Fashion Hub Ltd,144.25,137.0,3
Ivory Blazer,S,Outerwear,Fashion Hub Ltd,245.95,107.0,3
Emerald Midi Skirt,L,Bottoms,Atelier Nord,119.02,106.0,3
Beige Cardigan,XL,Tops,Apparel Solutions,223.44,106.0,3
Blush Puffe R Vest,,Outerwear,Textile World Co,225.6,58.0,1
Ivory Twill Scarf,XS,Accessories,Atelier Nord,262.27,44.0,3
Indigo Silk Blouse,XL,Tops,Fashion Hub Ltd,173.92,96.0,3
Black Heeled Mule,L,Footwear,Textile World Co,200.42,64.0,3
Blush Maxi Dress,M,Dresses,Apparel Solutions,151.67,133.0,3
Ivory Linen Pant,XL,Bottoms,Fashion Hub Ltd,309.54,126.0,3
White Midi Dress,,Dresses,Atelier Nord,140.06,55.0,1
Burgundy Denim Jacket,XS,Outerwear,Fashion Hub Ltd,173.15,81.0,2
Cognac Pleated Skirt,,Bottoms,Apparel Solutions,117.32,34.0,1
Blush Woven Belt,L,Accessories,Fashion Hub Ltd,245.54,121.0,3
Indigo Maxi Dress,XL,Dresses,Atelier Nord,59.28,66.0,2
White Blazer,XXL,Outerwear,Apparel Solutions,51.71,7.0,3
Indigo Turtleneck,L,Tops,Atelier Nord,93.41,97.0,3
Beige Ballet Flat,XXL,Footwear,Textile World Co,249.5,33.0,3
Blush Ballet Flat,M,Footwear,Fashion Hub Ltd,295.61,137.0,3
Black Wool Peacoat,L,Outerwear,Apparel Solutions,209.45,65.0,3
Ivory Espadrille,M,Footwear,Atelier Nord,304.0,115.0,1
White Denim Jacket,XL,Outerwear,Atelier Nord,72.79,104.0,3
Blush Crossbody Bag,XL,Accessories,Apparel Solutions,232.16,37.0,3
Indigo Puffer Vest,,Outerwear,,165.85,50.0,1
Cognac Vneck Sweater,M,Tops,Apparel Solutions,254.51,114.0,3
Emerald Crossbody Bag,XXL,Accessories,Textile World Co,174.51,77.0,3
Beige Vneck Sweater,XL,Tops,,227.68,143.0,1
Be Ige Vneck Sweater,XL,Tops,,227.68,143.0,1
Tan Buttonup Shirt,,Tops,,336.27,92.0,1
Ivory Woven Belt,M,Accessories,Atelier Nord,56.98,121.0,3
Cognac Midi Skirt,M,Bottoms,Atelier Nord,177.87,18.0,3
Black Woven Belt,,Accessories,,140.62,13.0,1
Charcoal Heeled Mule,XXL,Footwear,Atelier Nord,73.63,61.0,3
Blush Shirt Dre Ss,,Dresses,Apparel Solutions,300.14,97.0,1
Burgundy Puffer Vest,S,Outerwear,Textile World Co,128.75,74.0,3
Tan Ankle Boot,XL,Footwear,Apparel Solutions,117.84,130.0,3
Cognac Heeled Mule,S,Footwear,,226.03,18.0,1
Black Loafer,XXL,Footwear,Textile World Co,119.34,99.0,3
Indigo Midi Skirt,L,Bottoms,,213.4,18.0,1
Charcoal Widebrim Hat,M,Accessories,Textile World Co,190.31,105.0,3
Camel Moto Jacket,S,Outerwear,Textile World Co,46.23,125.0,3
Camel Wideleg Trouser,L,Bottoms,Apparel Solutions,170.26,112.0,3
Black Cardigan,L,Tops,Fashion Hub Ltd,146.15,60.0,3
Cognac Puffer Vest,,,Textile World Co,41.92,41.0,1
Burgundy Turtleneck,S,Tops,Atelier Nord,217.36,81.0,3
Camel Espadrille,L,Footwear,Fashion Hub Ltd,210.74,5.0,3
Burgundy Slip Dress,L,Dresses,Apparel Solutions,57.63,13.0,3
Blush Buttonup Shirt,,Tops,Textile World Co,98.27,54.0,1
Ivory Denim Short,M,Bottoms,Fashion Hub Ltd,52.33,36.0,3
Charcoal Chino Pant,,Bottoms,Textile World Co,247.79,139.0,1
Ivory Denim Jacket,,Outerwear,Fashion Hub Ltd,55.35,27.0,1
Cognac Cardigan,L,Tops,,93.44,86.0,1
Charcoal Maxi Dress,,Dresses,Apparel Solutions,168.59,72.0,1
Camel Crossbody Bag,S,Accessories,Apparel Solutions,59.54,117.0,3
Tan Leather Tote,L,Accessories,Fashion Hub Ltd,69.72,15.0,3
Tan Skinny Jean,M,Bottoms,Atelier Nord,291.16,46.0,3
Indigo Wide Brim Hat,,Accessories,Fashion Hub Ltd,133.44,83.0,1
White Woven Belt,,Accessories,,145.67,36.0,1
Camel Shift Dress,,Dresses,,131.84,112.0,1
Indigo Heeled Mule,,Footwear,,89.82,73.0,1
Burgundy Henley,M,Tops,Apparel Solutions,289.84,123.0,3
Tan Wool Peacoat,M,Outerwear,Fashion Hub Ltd,127.15,116.0,3
Cognac Heeled Mule,,Footwear,Fashion Hub Ltd,91.95,63.0,1
Indigo Chino Pant,XS,Bottoms,Atelier Nord,175.63,60.0,3
Blush Widebrim Hat,S,Accessories,Fashion Hub Ltd,270.83,24.0,2
Camel Wool Peacoat,L,Outerwear,Apparel Solutions,50.85,120.0,3
Black Leather Tote,XL,Accessories,Textile World Co,71.28,15.0,3
Beige Linen Pant,S,Bottoms,Atelier Nord,146.19,75.0,3
Blush Crewneck Tee,XL,Tops,Fashion Hub Ltd,178.76,30.0,3
Cognac Loafer,XS,Footwear,Fashion Hub Ltd,237.16,0.0,3
Emerald Espadrille,XXL,Footwear,Textile World Co,258.39,39.0,3
Beige Leather Tote,,Accessories,Textile World Co,223.13,88.0,1
Cognac Linen Pant,,Bottoms,,124.52,60.0,1
Camel Statement Earrings,XL,Accessories,Apparel Solutions,125.23,8.0,3
Burgundy Lowtop Sneaker,,Footwear,,131.94,131.0,1
Beige Denim Jacket,M,Outerwear,Textile World Co,214.13,47.0,3
Be Ige Loafer,,Footwear,Fashion Hub Ltd,101.07,67.0,1
Cognac Shift Dre Ss,M,Dresses,Atelier Nord,105.89,65.0,1
Indigo Silk Blouse,S,Tops,Atelier Nord,124.57,138.0,3
White Moto Jacket,,Outerwear,Atelier Nord,131.48,43.0,1
Black Loafer,XL,Footwear,Fashion Hub Ltd,246.45,14.0,3
Ivory Leather Tote,S,Accessories,Fashion Hub Ltd,111.73,136.0,3
Blush Woven Belt,XS,Accessories,Apparel Solutions,253.28,98.0,3
Tan Cardigan,XS,Tops,Textile World Co,175.64,112.0,3
Beige Shirt Dress,M,Dresses,Apparel Solutions,181.66,41.0,3
Emerald Henley,XXL,Tops,,43.31,1.0,1
Cognac Woven Belt,XXL,Accessories,Fashion Hub Ltd,148.55,52.0,3
Black Espadrille,,Footwear,Fashion Hub Ltd,268.73,54.0,1
Tan Silk Blouse,XL,Tops,Apparel Solutions,179.7,94.0,3
Charcoal Linen Pant,,Bottoms,,124.07,54.0,1
Blush Linen Pant,L,Bottoms,Apparel Solutions,41.1,91.0,3
Ivory Henley,XXL,Tops,Textile World Co,221.19,129.0,2
Burgundy Buttonup Shirt,,,Apparel Solutions,180.39,34.0,1
Black Pleated Skirt,,Bottoms,Apparel Solutions,261.63,60.0,1
White Moto Jacket,S,Outerwear,,18.4,102.0,1
Ivory Loafer,L,Footwear,Apparel Solutions,274.44,38.0,2
Black De Nim Short,,Bottoms,Textile World Co,138.21,99.0,1
Camel Espadrille,,,Apparel Solutions,90.97,94.0,1
Blush Henley,XS,Tops,Apparel Solutions,153.86,100.0,3
Camel Skinny Jean,S,Bottoms,Fashion Hub Ltd,105.92,61.0,3
Came L Skinny Jean,S,Bottoms,Fashion Hub Ltd,36.64,61.0,1
Charcoal Chino Pant,M,Bottoms,Fashion Hub Ltd,247.07,23.0,3
Tan Silk Blouse,M,Tops,Apparel Solutions,121.2,37.0,3
Burgundy Leather Tote,XS,Accessories,Fashion Hub Ltd,41.56,48.0,3
Burgundy Le Ather Tote,XS,Accessories,Fashion Hub Ltd,26.93,48.0,1
Be Ige Puffer Vest,,Outerwear,Textile World Co,98.2,54.0,1
White Maxi Dress,XXL,Dresses,Atelier Nord,321.43,53.0,3
Burgundy Shirt Dress,XL,Dresses,Apparel Solutions,143.66,125.0,3
Black Wool Peacoat,XL,Outerwear,Atelier Nord,152.76,80.0,3
Cognac Wide Leg Trouser,,Bottoms,,77.23,76.0,1
Emerald Maxi Dress,XXL,Dresses,Fashion Hub Ltd,175.57,46.0,3
Burgundy Widebrim Hat,,Accessories,,241.18,112.0,1
White Heeled Mule,XL,Footwear,Atelier Nord,204.48,77.0,3
Tan Maxi Dress,L,Dresses,Apparel Solutions,174.86,89.0,3
Burgundy Twill Scarf,S,Accessories,Apparel Solutions,263.09,94.0,3
Charcoal Turtleneck,,Tops,Apparel Solutions,64.45,73.0,1
Charcoal Turtle Neck,,Tops,Apparel Solutions,64.45,73.0,1
Charcoal Statement Earrings,S,Accessories,Atelier Nord,228.28,75.0,3
Charcoal Puffer Vest,,Outerwear,Fashion Hub Ltd,226.5,93.0,1
Burgundy Ankle Boot,XS,Footwear,Fashion Hub Ltd,244.13,27.0,3
Burgundy Vneck Sweater,,Tops,Atelier Nord,113.22,5.0,1
Charcoal Linen Pant,XXL,Bottoms,Fashion Hub Ltd,187.68,85.0,3
White Buttonup Shirt,S,Tops,Fashion Hub Ltd,55.93,10.0,3
Blush Cardigan,,Tops,Apparel Solutions,321.96,120.0,1
Black Wideleg Trouser,L,Bottoms,Textile World Co,113.36,8.0,2
Charcoal Midi Skirt,L,Bottoms,Fashion Hub Ltd,69.49,3.0,2
Beige Statement Earrings,XL,Accessories,Textile World Co,197.99,40.0,3
Tan Silk Blouse,XXL,Tops,Textile World Co,175.16,103.0,3
Camel Leather Tote,,Accessories,,286.29,38.0,1
Indigo Heeled Mule,M,Footwear,Fashion Hub Ltd,244.79,9.0,3
Tan Lowtop Sneaker,L,Footwear,Atelier Nord,253.5,17.0,3
Tan Lowtop Sneaker,M,Footwear,Fashion Hub Ltd,236.64,56.0,3
Indigo Silk Blouse,XXL,Tops,Atelier Nord,33.76,107.0,2
Cognac Moto Jacket,L,Outerwear,Textile World Co,288.03,63.0,3
Black De Nim Jacket,,Outerwear,Apparel Solutions,115.8,134.0,1
Camel Espadrille,XS,Footwear,Textile World Co,97.58,106.0,3
Beige Moto Jacket,,Outerwear,Fashion Hub Ltd,245.61,79.0,1
Blush Wool Peacoat,XS,Outerwear,Fashion Hub Ltd,82.88,126.0,3
Blush Midi Skirt,XS,Bottoms,Apparel Solutions,93.45,134.0,3
Black Vneck Sweater,S,Tops,Textile World Co,227.46,4.0,3
Beige Wool Peacoat,XL,Outerwear,Textile World Co,177.74,115.0,3
Indigo Heeled Mule,XS,Footwear,Apparel Solutions,78.05,58.0,3
Tan Leather Tote,XXL,Accessories,Atelier Nord,293.09,88.0,3
Black Statement Earrings,XL,Accessories,Fashion Hub Ltd,133.28,112.0,3
Burgundy Midi Skirt,L,Bottoms,,156.99,59.0,1
Charcoal Espadrille,XXL,Footwear,Apparel Solutions,73.39,4.0,3
Indigo Crewneck Tee,L,Tops,Apparel Solutions,176.46,114.0,2
Burgundy Widebrim Hat,S,Accessories,Fashion Hub Ltd,121.21,51.0,3
Emerald Espadrille,XL,Footwear,Atelier Nord,192.08,20.0,3
Charcoal Turtleneck,,Tops,,38.93,135.0,1
Ivory Woven Belt,M,Accessories,Fashion Hub Ltd,152.23,78.0,3
Black Lowtop Sneaker,S,Footwear,Apparel Solutions,268.62,11.0,3
Emerald Twill Scarf,XL,Accessories,Atelier Nord,219.83,72.0,3
Blush Crewneck Tee,S,Tops,Apparel Solutions,166.5,90.0,3
Camel Moto Jacket,L,Outerwear,Fashion Hub Ltd,134.15,71.0,3
Camel Cardigan,XS,Tops,Fashion Hub Ltd,59.6,40.0,3
Cognac Blazer,S,Outerwear,Apparel Solutions,300.28,109.0,1
Ivory Wrap Dress,S,Dresses,Apparel Solutions,254.48,124.0,3
Ivory Wrap Dre Ss,S,,Apparel Solutions,325.43,124.0,1
Blush Buttonup Shirt,XS,Tops,Textile World Co,155.78,1.0,3
Camel Wool Peacoat,M,Outerwear,Apparel Solutions,21.91,78.0,3
Emerald Ballet Flat,XS,Footwear,Apparel Solutions,98.52,79.0,3
Cognac Wool Peacoat,,Outerwear,Textile World Co,208.55,0.0,1
Tan Espadrille,,Footwear,,184.76,41.0,1
Camel Shift Dress,S,Dresses,Apparel Solutions,37.52,66.0,3
Emerald Espadrille,S,Footwear,Fashion Hub Ltd,110.54,55.0,3
Burgundy Pleated Skirt,XXL,Bottoms,Atelier Nord,202.33,139.0,3
Indigo Maxi Dress,XXL,Dresses,,157.69,111.0,1
Blush Lowtop Sneaker,,Footwear,,222.1,49.0,1
Cognac Denim Short,,Bottoms,,233.62,48.0,1
Emerald Turtleneck,S,Tops,Apparel Solutions,120.27,39.0,3
Emerald Ankle Boot,XS,Footwear,,156.59,109.0,1
Charcoal Shift Dress,XL,Dresses,Textile World Co,76.71,73.0,2
Camel Vneck Sweater,,Tops,Apparel Solutions,202.06,106.0,1
Beige Midi Skirt,M,Bottoms,Textile World Co,197.16,35.0,2
Black Woven Belt,L,Accessories,Atelier Nord,193.27,43.0,3
Charcoal Skinny Jean,,Bottoms,Textile World Co,231.76,129.0,1
Emerald Shift Dress,,Dresses,,147.93,15.0,1
Beige Shift Dress,M,Dresses,Textile World Co,189.61,106.0,3
Beige Twill Scarf,L,Accessories,Fashion Hub Ltd,192.88,17.0,3
Indigo Vneck Sweater,XL,Tops,Fashion Hub Ltd,69.16,21.0,3
Burgundy Le Ather Tote,,Accessories,Fashion Hub Ltd,215.16,70.0,1
White Denim Short,,Bottoms,Fashion Hub Ltd,97.17,18.0,1
Tan Tank Top,,Tops,Atelier Nord,191.06,10.0,1
Indigo Shift Dress,XS,Dresses,Apparel Solutions,96.59,28.0,3
Ivory Linen Pant,XS,Bottoms,Apparel Solutions,123.48,65.0,3
Camel Wideleg Trouser,XXL,Bottoms,Fashion Hub Ltd,200.76,87.0,3
Charcoal Leather Tote,XXL,Accessories,Fashion Hub Ltd,104.51,116.0,3
Camel Espadrille,S,Footwear,Fashion Hub Ltd,127.13,59.0,3
Emerald Pleated Skirt,L,Bottoms,Textile World Co,42.57,128.0,3
Camel Chino Pant,,Bottoms,Fashion Hub Ltd,277.1,95.0,1
Burgundy Tank Top,,Tops,Fashion Hub Ltd,126.68,86.0,1
Beige Ballet Flat,M,Footwear,Apparel Solutions,71.28,108.0,2
Tan Ankle Boot,,Footwear,Fashion Hub Ltd,167.55,13.0,1
White Turtleneck,M,Tops,Apparel Solutions,241.01,97.0,3
Charcoal Woven Belt,XS,Accessories,Textile World Co,115.53,35.0,3
Tan Puffer Vest,XXL,Outerwear,Fashion Hub Ltd,313.12,95.0,3
Ivory Widebrim Hat,XXL,Accessories,Textile World Co,291.91,121.0,3
Beige Crossbody Bag,,Accessories,,248.19,89.0,1
Burgundy Henley,,Tops,Apparel Solutions,204.13,97.0,1
Emerald Linen Pant,XXL,Bottoms,Atelier Nord,165.5,105.0,3
Emerald Crewneck Tee,,Tops,,202.05,62.0,1
Emerald Midi Skirt,,Bottoms,Apparel Solutions,59.72,102.0,1
Emerald Widebrim Hat,,Accessories,Fashion Hub Ltd,174.38,5.0,1
Emerald Statement Earrings,XXL,Accessories,Fashion Hub Ltd,83.77,133.0,3
Indigo Lowtop Sneaker,L,Footwear,Atelier Nord,294.85,64.0,3
Beige Crossbody Bag,L,Accessories,Fashion Hub Ltd,221.49,15.0,3
Tan Wool Peacoat,XL,Outerwear,,148.71,26.0,1
Indigo Crewneck Tee,,Tops,Atelier Nord,30.33,41.0,1
Indigo Ballet Flat,XXL,Footwear,Textile World Co,257.98,7.0,2
Cognac Tank Top,XL,Tops,Apparel Solutions,98.57,89.0,3
Black Silk Blouse,,Tops,Atelier Nord,170.03,8.0,1
Ivory Cardigan,S,Tops,Textile World Co,46.25,92.0,3
Blush Moto Jacket,,Outerwear,,119.28,11.0,1
Camel Leather Tote,S,Accessories,Textile World Co,29.18,11.0,2
White Ankle Boot,,Footwear,Fashion Hub Ltd,248.48,8.0,1
Ivory Midi Dre Ss,,Dresses,Atelier Nord,167.02,0.0,1
Beige Espadrille,L,Footwear,Apparel Solutions,193.67,71.0,3
Indigo Silk Blouse,XS,,Atelier Nord,239.54,93.0,1
Ivory Woven Belt,L,Accessories,Textile World Co,77.2,120.0,3
Blush Wove N Belt,,Accessories,Fashion Hub Ltd,111.16,76.0,1
Charcoal Blazer,S,Outerwear,Textile World Co,223.1,124.0,3
Ivory Balle T Flat,,Footwear,Textile World Co,283.34,36.0,1
Charcoal Lowtop Sne Aker,,Footwear,Apparel Solutions,34.03,51.0,1
Cognac Chino Pant,S,Bottoms,Atelier Nord,205.06,28.0,3
Cognac Ankle Boot,,Footwear,,199.08,106.0,1
Black Skinny Jean,,Bottoms,Textile World Co,261.54,121.0,1
White Linen Pant,S,Bottoms,Atelier Nord,104.89,45.0,3
Blush Slip Dress,M,Dresses,Textile World Co,187.26,116.0,3
Charcoal Denim Short,XXL,Bottoms,Textile World Co,299.93,115.0,3
Camel Midi Skirt,XS,Bottoms,Atelier Nord,70.48,131.0,2
Ivory Shift Dress,S,Dresses,Atelier Nord,121.57,66.0,3
Charcoal Shift Dress,S,Dresses,Apparel Solutions,33.87,24.0,1
Camel Midi Skirt,XL,Bottoms,,254.87,57.0,2
Indigo Heeled Mule,XXL,Footwear,Fashion Hub Ltd,317.3,87.0,2
Cognac Vneck Sweater,,Tops,,309.07,42.0,1
Ivory Henley,S,Tops,Fashion Hub Ltd,199.38,22.0,2
Tan Espadrille,,,Apparel Solutions,303.27,31.0,1
Indigo Blazer,XXL,Outerwear,Apparel Solutions,135.85,19.0,3
Black Blazer,XXL,Outerwear,Apparel Solutions,75.78,77.0,3
White Slip Dress,,Dresses,,141.15,30.0,1
Camel Linen Pant,S,Bottoms,Fashion Hub Ltd,269.42,108.0,3
Emerald Skinny Jean,M,Bottoms,,29.84,52.0,1
Tan Pleated Skirt,L,Bottoms,Textile World Co,285.62,75.0,3
Blush Midi Skirt,,Bottoms,Atelier Nord,224.42,91.0,1
Beige Espadrille,XXL,Footwear,Apparel Solutions,135.23,10.0,3
Beige Slip Dress,S,Dresses,Fashion Hub Ltd,283.51,82.0,3
Camel Blazer,,Outerwear,Fashion Hub Ltd,154.57,95.0,1
White Silk Blouse,L,Tops,Apparel Solutions,286.61,99.0,3
Charcoal Shift Dress,XS,,Atelier Nord,306.84,83.0,2
Indigo Buttonup Shirt,,Tops,Atelier Nord,50.8,59.0,1
Indigo Loafer,L,Footwear,,302.56,94.0,1
Emerald Heeled Mule,L,Footwear,Textile World Co,156.28,119.0,3
Emerald Vneck Sweater,XS,Tops,Atelier Nord,129.25,54.0,3
Indigo Slip Dre Ss,,Dresses,Fashion Hub Ltd,201.24,118.0,1
Charcoal Ballet Flat,,Footwear,Apparel Solutions,300.28,30.0,1
Eme Rald Shift Dress,,Dresses,Atelier Nord,297.71,59.0,1
Emerald Blazer,XL,Outerwear,Atelier Nord,115.33,0.0,3
Burgundy Cardigan,XXL,Tops,Apparel Solutions,250.19,25.0,3
Black Shirt Dress,M,Dresses,Fashion Hub Ltd,212.33,14.0,3
Black Loafer,XXL,Footwear,Apparel Solutions,316.13,82.0,3
Indigo Midi Skirt,S,Bottoms,Textile World Co,110.64,62.0,3
Cognac Woven Belt,S,Accessories,Fashion Hub Ltd,185.22,75.0,2
White Skinny Jean,L,Bottoms,Fashion Hub Ltd,143.83,65.0,2
Beige Woven Belt,XS,Accessories,Textile World Co,140.07,62.0,3
Emerald Wrap Dress,XXL,Dresses,Atelier Nord,149.87,63.0,3
Black Twill Scarf,,Accessories,Atelier Nord,86.67,50.0,1
Tan Tank Top,,Tops,Apparel Solutions,255.52,140.0,1
Black Henley,S,Tops,Textile World Co,69.74,115.0,3
Cognac Widebrim Hat,,Accessories,Fashion Hub Ltd,28.35,53.0,1
White Buttonup Shirt,XXL,Tops,Fashion Hub Ltd,199.08,124.0,3
Cognac Wool Peacoat,M,Outerwear,Atelier Nord,231.05,124.0,3
Cognac Wool Pe Acoat,M,Outerwear,Atelier Nord,285.05,124.0,1
Burgundy Puffer Vest,XL,Outerwear,Atelier Nord,291.94,79.0,2
Beige Tank Top,,Tops,,114.89,26.0,1
Be Ige Tank Top,,Tops,,114.89,26.0,1
Ivory Espadrille,XL,Footwear,Apparel Solutions,27.62,75.0,1
Emerald Trench Coat,M,Outerwear,Fashion Hub Ltd,271.79,41.0,3
Ivory Widebrim Hat,S,Accessories,Apparel Solutions,80.07,47.0,3
Emerald Slip Dress,M,Dresses,Atelier Nord,217.24,80.0,3
Charcoal Ballet Flat,XXL,Footwear,Textile World Co,169.35,85.0,3
Beige Espadrille,XXL,Footwear,Fashion Hub Ltd,129.19,102.0,3
Tan Blazer,M,Outerwear,Fashion Hub Ltd,106.33,1.0,3
White Twill Scarf,,Accessories,,170.62,77.0,1
Black Chino Pant,XL,Bottoms,Fashion Hub Ltd,240.25,13.0,3
Indigo Puffer Vest,XXL,Outerwear,Fashion Hub Ltd,308.6,102.0,3
Cognac Silk Blouse,,Tops,Textile World Co,131.26,80.0,1
Blush Le Ather Tote,,Accessories,Textile World Co,26.72,66.0,1
Eme Rald Silk Blouse,XL,,Atelier Nord,247.59,106.0,1
Ivory Leather Tote,XXL,Accessories,Fashion Hub Ltd,281.19,36.0,3
Camel Buttonup Shirt,XL,Tops,Apparel Solutions,228.21,66.0,3
Beige Wrap Dress,L,Dresses,Fashion Hub Ltd,213.63,65.0,3
Eme Rald Wrap Dress,,Dresses,Fashion Hub Ltd,178.87,57.0,1
Charcoal Twill Scarf,L,Accessories,Atelier Nord,223.79,53.0,3
Emerald Twill Scarf,S,Accessories,Textile World Co,92.5,86.0,3
White Wool Peacoat,,Outerwear,,94.53,107.0,1
Burgundy Midi Dress,XL,Dresses,Atelier Nord,104.98,81.0,3
White Midi Dress,S,Dresses,Fashion Hub Ltd,85.7,111.0,3
Emerald Loafer,M,Footwear,Apparel Solutions,176.71,54.0,3
Camel Wideleg Trouser,XS,Bottoms,,314.54,0.0,1
Ivory Maxi Dress,S,Dresses,Textile World Co,305.61,116.0,3
Camel Henley,XS,Tops,Atelier Nord,121.15,122.0,3
Tan Lowtop Sneaker,L,Footwear,Apparel Solutions,112.37,125.0,3
Burgundy Wrap Dress,XS,Dresses,Apparel Solutions,244.03,138.0,3
Cognac Twill Scarf,,Accessories,,239.6,69.0,1
Emerald Ankle Boot,XXL,Footwear,Textile World Co,105.44,0.0,3
Beige Pleated Skirt,XXL,Bottoms,Atelier Nord,274.14,110.0,3
Camel Twill Scarf,,Accessories,Textile World Co,74.53,37.0,1
Charcoal Crossbody Bag,XS,Accessories,Atelier Nord,76.27,34.0,3
Black Leather Tote,XXL,Accessories,Atelier Nord,246.98,43.0,3
Beige Shirt Dress,M,Dresses,Textile World Co,262.37,116.0,3
Camel Shift Dress,XS,Dresses,Textile World Co,160.47,99.0,3
Blush Trench Coat,XS,Outerwear,Fashion Hub Ltd,46.18,133.0,3
Camel Pleated Skirt,L,Bottoms,Apparel Solutions,296.8,73.0,2
White Trench Coat,,Outerwear,Fashion Hub Ltd,114.33,101.0,1
Beige Crossbody Bag,XS,Accessories,Apparel Solutions,206.78,85.0,2
Cognac Cardigan,XS,Tops,Textile World Co,120.66,82.0,3
Charcoal Midi Dress,L,Dresses,Fashion Hub Ltd,23.85,2.0,3
Beige Linen Pant,M,Bottoms,Atelier Nord,74.6,31.0,3
Indigo Shift Dress,M,Dresses,Fashion Hub Ltd,202.44,112.0,3
Indigo Ballet Flat,L,Footwear,Fashion Hub Ltd,227.91,121.0,3
Emerald Leather Tote,,Accessories,Fashion Hub Ltd,316.87,46.0,1
Indigo Crewneck Tee,XXL,Tops,Atelier Nord,167.3,13.0,2
Emerald Espadrille,XS,Footwear,Fashion Hub Ltd,171.45,43.0,3
Eme Rald Espadrille,XS,Footwear,Fashion Hub Ltd,165.93,43.0,1
Indigo Denim Jacket,XL,Outerwear,Atelier Nord,185.07,10.0,3
Emerald Vneck Sweater,XS,Tops,Textile World Co,214.24,52.0,3
Cognac Skinny Jean,L,Bottoms,Atelier Nord,106.14,118.0,3
Camel Ballet Flat,M,Footwear,Apparel Solutions,252.84,111.0,2
Burgundy De Nim Jacket,,Outerwear,Textile World Co,235.7,115.0,1
Tan Silk Blouse,XS,Tops,Apparel Solutions,86.85,106.0,2
Beige Shift Dress,XXL,Dresses,Textile World Co,217.09,56.0,2
White Buttonup Shirt,XS,Tops,,117.71,135.0,1
Ivory Crossbody Bag,S,Accessories,Fashion Hub Ltd,193.62,81.0,3
Indigo Vneck Sweater,S,Tops,Atelier Nord,284.62,100.0,3
Burgundy Maxi Dress,,Dresses,Textile World Co,49.88,94.0,1
Black Vne Ck Sweater,,Tops,Apparel Solutions,107.25,3.0,1
Camel Puffer Vest,,Outerwear,,202.62,48.0,1
Burgundy Leather Tote,XXL,Accessories,Fashion Hub Ltd,42.64,63.0,2
Emerald Twill Scarf,M,Accessories,Textile World Co,277.23,127.0,3
Indigo Shirt Dress,XS,Dresses,Apparel Solutions,205.91,132.0,3
Burgundy Midi Skirt,XL,Bottoms,Fashion Hub Ltd,143.42,76.0,2
Cognac Midi Dress,XL,Dresses,Atelier Nord,257.09,41.0,3
Beige Shift Dress,L,Dresses,Textile World Co,77.34,73.0,3
Tan Buttonup Shirt,XL,Tops,Atelier Nord,137.96,121.0,3
Ivory Puffer Vest,S,Outerwear,Textile World Co,158.68,61.0,3
Burgundy Crewneck Tee,XXL,Tops,Textile World Co,215.64,89.0,2
Charcoal Shift Dress,XL,Dresses,Atelier Nord,286.29,136.0,3
Charcoal Moto Jacke T,,Outerwear,Textile World Co,121.69,120.0,1
Burgundy Trench Coat,L,Outerwear,Textile World Co,206.15,71.0,3
Ivory Loafer,XL,Footwear,Atelier Nord,221.08,121.0,2
Tan Midi Dress,,Dresses,Atelier Nord,155.88,26.0,1
Tan Chino Pant,L,Bottoms,Textile World Co,98.9,112.0,3
Black Woven Belt,L,Accessories,,206.45,26.0,1
Camel Slip Dress,M,Dresses,Fashion Hub Ltd,128.21,60.0,3
Tan Wideleg Trouser,M,Bottoms,Fashion Hub Ltd,191.12,43.0,2
Burgundy Henley,S,Tops,Atelier Nord,50.38,74.0,3
Charcoal Woven Belt,XL,Accessories,Atelier Nord,128.58,130.0,3
Black Twill Scarf,XXL,Accessories,Apparel Solutions,92.24,35.0,2
Beige Vneck Sweater,L,Tops,Fashion Hub Ltd,26.31,55.0,2
White Midi Skirt,L,Bottoms,Apparel Solutions,154.14,84.0,2
Cognac Statement Earrings,S,,Apparel Solutions,270.91,14.0,2
Indigo Tank Top,M,Tops,Fashion Hub Ltd,140.46,80.0,2
Cognac Widebrim Hat,M,Accessories,Atelier Nord,219.19,102.0,2
Black Slip Dress,XXL,Dresses,Fashion Hub Ltd,124.74,137.0,2
Camel Statement Earrings,XL,Accessories,Textile World Co,172.27,27.0,2
Beige Ankle Boot,M,Footwear,Atelier Nord,24.45,92.0,2
Black Midi Dress,S,Dresses,Fashion Hub Ltd,137.45,124.0,2
Ivory Silk Blouse,XXL,Tops,Atelier Nord,192.52,42.0,2
Beige Wrap Dress,XL,Dresses,Textile World Co,197.84,1.0,2
Camel Lowtop Sneaker,XXL,Footwear,Atelier Nord,83.17,43.0,2
Emerald Loafer,S,Footwear,Atelier Nord,270.52,39.0,2
White Midi Skirt,L,Bottoms,Fashion Hub Ltd,33.25,138.0,2
Charcoal Vneck Sweater,S,Tops,Atelier Nord,164.6,54.0,2
Ivory Moto Jacket,L,Outerwear,Fashion Hub Ltd,315.65,67.0,2
Indigo Wool Peacoat,XXL,Outerwear,Atelier Nord,135.39,75.0,2
Burgundy Crewneck Tee,M,Tops,Fashion Hub Ltd,33.39,122.0,2
Indigo Turtleneck,XS,Tops,Textile World Co,193.32,10.0,2
Tan Cardigan,XL,Tops,Apparel Solutions,214.35,41.0,2
Charcoal Woven Belt,M,Accessories,Atelier Nord,90.06,76.0,2
Black Wrap Dress,L,Dresses,Fashion Hub Ltd,39.69,54.0,2
Blush Midi Dress,XS,Dresses,Textile World Co,114.68,40.0,2
Camel Silk Blouse,XS,Tops,Fashion Hub Ltd,242.27,39.0,2
Indigo Woven Belt,XXL,Accessories,Textile World Co,99.27,27.0,2
Indigo Turtleneck,M,Tops,Apparel Solutions,245.6,71.0,2
Beige Midi Dress,M,,,50.99,,1
Indigo Blazer,XXL,Outerwear,Textile World Co,201.44,91.0,2
Camel Ankle Boot,M,Footwear,Textile World Co,144.24,82.0,2
Cognac Buttonup Shirt,XXL,Tops,Apparel Solutions,75.99,45.0,2
Charcoal Midi Dress,S,Dresses,Fashion Hub Ltd,148.63,121.0,2
Indigo Henley,XXL,Tops,Textile World Co,274.36,98.0,2
Ivory Trench Coat,XXL,Outerwear,Atelier Nord,33.17,63.0,2
Indigo Widebrim Hat,XL,Accessories,Atelier Nord,287.9,121.0,2
Tan Midi Dress,M,Dresses,Atelier Nord,209.25,70.0,2
Cognac Wool Peacoat,L,Outerwear,Atelier Nord,36.71,107.0,2
Black Espadrille,XL,Footwear,Atelier Nord,237.79,90.0,2
Cognac Denim Jacket,XXL,Outerwear,Textile World Co,166.3,69.0,2
Black Loafer,L,Footwear,Fashion Hub Ltd,102.93,109.0,2
Camel Maxi Dress,L,Dresses,Apparel Solutions,272.25,114.0,2
Burgundy Espadrille,XS,Footwear,Textile World Co,258.83,27.0,2
Beige Buttonup Shirt,XXL,,Atelier Nord,138.46,50.0,2
Tan Espadrille,S,Footwear,Fashion Hub Ltd,154.5,77.0,2
White Widebrim Hat,XL,,Fashion Hub Ltd,127.95,,1
Indigo Espadrille,M,,,165.03,,1
Blush Loafer,L,Footwear,Apparel Solutions,123.38,116.0,2
Charcoal Leather Tote,S,Accessories,Atelier Nord,153.7,134.0,2
Charcoal Wrap Dress,M,Dresses,Textile World Co,126.71,77.0,2
Emerald Linen Pant,XS,Bottoms,Fashion Hub Ltd,203.52,134.0,2
Beige Wool Peacoat,L,Outerwear,Apparel Solutions,141.38,15.0,2
Charcoal Twill Scarf,XXL,Accessories,Textile World Co,98.81,20.0,2
Camel Heeled Mule,XS,Footwear,Textile World Co,201.88,72.0,2
Tan Moto Jacket,S,Outerwear,Apparel Solutions,187.16,50.0,2
Camel Midi Skirt,XL,Bottoms,Apparel Solutions,179.69,119.0,2
Indigo Shirt Dress,M,Dresses,Atelier Nord,175.63,32.0,2
Beige Woven Belt,M,,,45.6,,1
Indigo Denim Short,XXL,Bottoms,Atelier Nord,263.12,120.0,2
Blush Wool Peacoat,XXL,Outerwear,Fashion Hub Ltd,258.47,71.0,2
Camel Crossbody Bag,XXL,Accessories,Atelier Nord,255.57,155.0,2
Blush Moto Jacket,M,Outerwear,Apparel Solutions,122.67,103.0,2
Emerald Slip Dress,XXL,Dresses,Atelier Nord,188.9,52.0,2
Camel Lowtop Sneaker,L,Footwear,Atelier Nord,92.23,61.0,2
Cognac Pleated Skirt,XS,Bottoms,Atelier Nord,46.74,29.0,2
Charcoal Denim Jacket,L,,Textile World Co,139.21,,1
Burgundy Buttonup Shirt,M,Tops,Atelier Nord,246.79,114.0,2
Cognac Silk Blouse,XL,Tops,Apparel Solutions,271.67,112.0,2
Tan Turtleneck,XXL,Tops,Apparel Solutions,307.61,16.0,2
Emerald Leather Tote,XL,Accessories,Textile World Co,55.86,65.0,2
Indigo Midi Dress,L,Dresses,Fashion Hub Ltd,90.91,91.0,2
White Slip Dress,L,Dresses,Apparel Solutions,214.4,67.0,2
White Linen Pant,XXL,Bottoms,Atelier Nord,179.05,102.0,2
Cognac Turtleneck,S,Tops,Atelier Nord,151.26,143.0,2
Burgundy Espadrille,S,Footwear,Atelier Nord,215.2,125.0,2
Black Wool Peacoat,XXL,Outerwear,Apparel Solutions,83.29,113.0,2
Charcoal Midi Skirt,M,Bottoms,Textile World Co,259.48,0.0,2
Cognac Wideleg Trouser,M,Bottoms,Textile World Co,52.68,6.0,2
Tan Twill Scarf,XXL,Accessories,Textile World Co,147.63,58.0,2
Indigo Maxi Dress,L,Dresses,Fashion Hub Ltd,116.21,95.0,2
Ivory Shift Dress,XXL,Dresses,Atelier Nord,119.92,21.0,2
Burgundy Moto Jacket,XXL,,Apparel Solutions,249.29,,1
Camel Twill Scarf,XL,Accessories,Apparel Solutions,124.43,129.0,2
Emerald Linen Pant,S,Bottoms,Fashion Hub Ltd,106.29,94.0,2
Burgundy Pleated Skirt,M,Bottoms,Apparel Solutions,118.77,46.0,2
Tan Ankle Boot,XS,,Apparel Solutions,120.78,,1
Indigo Heeled Mule,M,Footwear,Textile World Co,245.24,29.0,2
Camel Moto Jacket,XXL,Outerwear,Atelier Nord,199.24,68.0,2
Beige Chino Pant,XS,Bottoms,Fashion Hub Ltd,109.03,54.0,2
Camel Midi Skirt,M,,,53.72,,1
Ivory Trench Coat,L,Outerwear,Textile World Co,169.84,98.0,2
Black Blazer,L,Outerwear,Fashion Hub Ltd,156.91,19.0,2
White Woven Belt,L,Accessories,Fashion Hub Ltd,70.84,116.0,2
Camel Cardigan,XXL,Tops,Apparel Solutions,85.88,43.0,2
Ivory Statement Earrings,S,Accessories,Fashion Hub Ltd,87.61,50.0,2
Tan Lowtop Sneaker,XS,Footwear,Textile World Co,312.0,126.0,2
Emerald Moto Jacket,L,Outerwear,Apparel Solutions,257.89,0.0,2
Tan Wrap Dress,XS,Dresses,Atelier Nord,154.15,10.0,2
Cognac Wrap Dress,XXL,Dresses,Atelier Nord,144.58,38.0,2
Blush Silk Blouse,M,Tops,Atelier Nord,181.39,21.0,2
Indigo Statement Earrings,XL,Accessories,Apparel Solutions,23.27,79.0,2
Emerald Pleated Skirt,S,,Textile World Co,314.85,,1
Cognac Wrap Dress,XL,Dresses,Fashion Hub Ltd,227.67,33.0,2
Cognac Maxi Dress,XL,Dresses,Atelier Nord,252.32,51.0,2
Camel Ankle Boot,XS,Footwear,Textile World Co,153.72,131.0,2
Blush Puffer Vest,S,Outerwear,Atelier Nord,257.3,108.0,2
Burgundy Maxi Dress,S,Dresses,Atelier Nord,121.08,1.0,2
Charcoal Buttonup Shirt,S,Tops,Atelier Nord,95.23,13.0,2
Black Wrap Dress,S,Dresses,Atelier Nord,165.32,117.0,2
Beige Henley,XL,Tops,Fashion Hub Ltd,207.88,61.0,2
White Statement Earrings,XL,Accessories,Apparel Solutions,86.97,134.0,2
Cognac Loafer,XS,Footwear,Atelier Nord,280.66,11.0,2
Camel Wool Peacoat,XXL,,Fashion Hub Ltd,128.46,17.0,2
Cognac Tank Top,M,Tops,Textile World Co,272.05,128.0,2
Emerald Blazer,L,,Apparel Solutions,320.2,,1
Emerald Shift Dress,XL,Dresses,Atelier Nord,65.3,113.0,2
Burgundy Moto Jacket,M,Outerwear,Atelier Nord,127.19,14.0,2
Beige Moto Jacket,S,Outerwear,Apparel Solutions,138.38,71.0,2
Burgundy Crewneck Tee,S,Tops,Atelier Nord,172.53,19.0,2
Emerald Shirt Dress,S,Dresses,Apparel Solutions,221.46,125.0,2
White Silk Blouse,L,Tops,Textile World Co,294.34,114.0,2
Burgundy Linen Pant,XXL,Bottoms,Textile World Co,259.31,130.0,2
Beige Denim Jacket,XS,Outerwear,Textile World Co,298.24,18.0,2
Cognac Blazer,M,Outerwear,Textile World Co,278.69,38.0,2
Burgundy Pleated Skirt,S,Bottoms,Apparel Solutions,170.71,132.0,2
Charcoal Buttonup Shirt,XXL,,Apparel Solutions,55.7,,1
Burgundy Widebrim Hat,XL,Accessories,Apparel Solutions,275.31,10.0,2
Black Vneck Sweater,XXL,Tops,Apparel Solutions,208.49,106.0,2
Emerald Twill Scarf,XXL,Accessories,Apparel Solutions,236.56,77.0,2
Tan Midi Skirt,L,Bottoms,Apparel Solutions,112.58,15.0,2
Emerald Denim Jacket,L,Outerwear,Textile World Co,120.81,36.0,2
Burgundy Woven Belt,M,Accessories,Atelier Nord,56.41,94.0,2
Black Skinny Jean,M,Bottoms,Atelier Nord,278.08,112.0,2
Emerald Heeled Mule,M,Footwear,Atelier Nord,94.69,100.0,2
Charcoal Trench Coat,XL,Outerwear,Apparel Solutions,33.03,72.0,2
Cognac Shift Dress,M,Dresses,Textile World Co,77.44,130.0,2
Beige Trench Coat,XL,Outerwear,Textile World Co,119.76,81.0,2
White Espadrille,S,Footwear,Fashion Hub Ltd,159.54,107.0,2
Charcoal Blazer,L,Outerwear,Atelier Nord,287.03,16.0,2
Ivory Wool Peacoat,L,Outerwear,Apparel Solutions,183.16,63.0,2
Charcoal Trench Coat,M,,Apparel Solutions,85.56,76.0,2
Camel Woven Belt,XS,Accessories,Atelier Nord,283.26,110.0,2
Tan Turtleneck,S,,Fashion Hub Ltd,47.75,89.0,2
Black Shirt Dress,XS,,Textile World Co,179.46,5.0,2
Cognac Blazer,XL,Outerwear,Atelier Nord,299.72,34.0,2
Camel Heeled Mule,S,Footwear,Fashion Hub Ltd,118.66,117.0,2
Ivory Shirt Dress,XS,,Apparel Solutions,266.01,,1
Blush Chino Pant,S,Bottoms,Fashion Hub Ltd,144.72,60.0,2
Camel Shift Dress,XL,Dresses,Fashion Hub Ltd,100.97,92.0,2
Tan Skinny Jean,XS,Bottoms,Atelier Nord,136.53,96.0,2
Burgundy Puffer Vest,M,Outerwear,Fashion Hub Ltd,230.87,22.0,2
Charcoal Loafer,XL,Footwear,Textile World Co,67.28,133.0,2
Ivory Henley,XL,Tops,Atelier Nord,160.89,14.0,2
Camel Blazer,XXL,Outerwear,Fashion Hub Ltd,136.19,11.0,2
White Denim Jacket,XXL,Outerwear,Textile World Co,244.7,89.0,2
Indigo Denim Short,XL,Bottoms,Textile World Co,236.1,57.0,2
Camel Crewneck Tee,L,Tops,Atelier Nord,178.43,58.0,2
Cognac Trench Coat,S,Outerwear,Fashion Hub Ltd,118.48,85.0,2
Blush Widebrim Hat,XL,Accessories,Apparel Solutions,90.2,36.0,2
Indigo Lowtop Sneaker,M,,Apparel Solutions,35.49,44.0,2
Burgundy Ballet Flat,L,Footwear,Atelier Nord,169.04,96.0,2
Charcoal Heeled Mule,S,Footwear,Apparel Solutions,284.5,36.0,2
Charcoal Pleated Skirt,M,Bottoms,Fashion Hub Ltd,228.56,83.0,2
Charcoal Espadrille,XS,Footwear,Apparel Solutions,131.0,10.0,2
Beige Turtleneck,XXL,Tops,Textile World Co,161.75,85.0,2
Charcoal Turtleneck,XXL,Tops,Fashion Hub Ltd,242.69,122.0,2
Burgundy Widebrim Hat,S,,,282.83,,1
Emerald Maxi Dress,XL,,,110.96,,1
Beige Loafer,XXL,Footwear,Atelier Nord,106.91,50.0,2
Tan Blazer,XXL,Outerwear,Atelier Nord,172.91,90.0,2
White Crewneck Tee,XXL,Tops,Fashion Hub Ltd,249.88,105.0,2
White Leather Tote,XXL,Accessories,Textile World Co,102.2,129.0,2
Beige Wrap Dress,XXL,Dresses,Atelier Nord,216.58,15.0,2
Tan Twill Scarf,XXL,Accessories,Fashion Hub Ltd,44.77,97.0,2
Black Heeled Mule,XXL,,Fashion Hub Ltd,228.95,,1
Blush Blazer,XL,Outerwear,Fashion Hub Ltd,291.54,5.0,2
Ivory Denim Short,XXL,Bottoms,Atelier Nord,305.92,63.0,2
Beige Tank Top,XL,Tops,Atelier Nord,281.25,83.0,2
White Linen Pant,XS,Bottoms,Apparel Solutions,64.92,39.0,2
White Shift Dress,S,Dresses,Fashion Hub Ltd,146.87,114.0,2
Indigo Ballet Flat,XS,Footwear,Apparel Solutions,140.41,21.0,2
Beige Lowtop Sneaker,XL,Footwear,Textile World Co,219.05,51.0,2
Beige Crossbody Bag,XL,,,159.66,,1
Tan Maxi Dress,XL,Dresses,Textile World Co,108.37,51.0,2
Indigo Midi Dress,M,Dresses,Apparel Solutions,142.88,125.0,2
Indigo Pleated Skirt,M,Bottoms,Atelier Nord,128.82,51.0,2
Tan Trench Coat,M,Outerwear,Textile World Co,95.82,39.0,2
White Denim Jacket,L,Outerwear,Atelier Nord,194.78,147.0,2
Camel Vneck Sweater,S,Tops,Textile World Co,152.36,100.0,2
Emerald Shift Dress,S,Dresses,Atelier Nord,202.28,24.0,2
White Shirt Dress,XXL,,,290.88,,1
Ivory Blazer,S,Outerwear,Atelier Nord,138.34,61.0,2
Blush Silk Blouse,M,,Textile World Co,152.09,,1
Indigo Denim Short,L,Bottoms,Textile World Co,112.91,108.0,2
Cognac Blazer,XXL,Outerwear,Textile World Co,187.02,128.0,2
Emerald Crossbody Bag,S,Accessories,Fashion Hub Ltd,190.8,56.0,2
Charcoal Buttonup Shirt,XL,Tops,Apparel Solutions,69.27,122.0,2
Cognac Crossbody Bag,XL,Accessories,Fashion Hub Ltd,192.62,68.0,2
Cognac Ballet Flat,XS,Footwear,Atelier Nord,184.39,94.0,2
White Henley,S,Tops,Textile World Co,278.93,74.0,2
Black Midi Skirt,XL,Bottoms,Apparel Solutions,138.92,138.0,2
Ivory Wideleg Trouser,XXL,Bottoms,Apparel Solutions,278.52,100.0,2
Blush Statement Earrings,XS,,Atelier Nord,82.99,,1
Tan Leather Tote,M,Accessories,Textile World Co,233.02,95.0,2
Camel Blazer,XXL,Outerwear,Textile World Co,141.94,23.0,2
Black Crossbody Bag,XS,Accessories,Apparel Solutions,272.15,108.0,2
Camel Shift Dress,S,Dresses,Atelier Nord,208.72,48.0,2
White Leather Tote,XL,Accessories,Fashion Hub Ltd,149.16,31.0,2
Charcoal Shirt Dress,XXL,Dresses,Textile World Co,304.2,113.0,2
Charcoal Woven Belt,XL,Accessories,Textile World Co,220.62,87.0,2
Emerald Turtleneck,L,Tops,Fashion Hub Ltd,91.66,18.0,2
Ivory Espadrille,L,Footwear,Fashion Hub Ltd,23.16,8.0,2
Burgundy Denim Jacket,L,Outerwear,Fashion Hub Ltd,191.45,137.0,2
Blush Denim Short,L,Bottoms,Fashion Hub Ltd,109.93,104.0,2
Tan Statement Earrings,XXL,Accessories,Textile World Co,54.3,35.0,2
Emerald Silk Blouse,M,Tops,Apparel Solutions,186.63,32.0,2
White Shirt Dress,XS,Dresses,Apparel Solutions,263.43,69.0,2
White Statement Earrings,S,Accessories,Fashion Hub Ltd,31.29,0.0,2
Blush Henley,L,Tops,Textile World Co,74.29,9.0,2
White Shift Dress,XL,Dresses,Apparel Solutions,53.89,13.0,2
Cognac Midi Skirt,XS,Bottoms,Atelier Nord,38.91,119.0,2
Blush Shift Dress,XS,Dresses,Atelier Nord,50.5,51.0,2
Blush Denim Short,XXL,Bottoms,Fashion Hub Ltd,209.53,0.0,2
Burgundy Crossbody Bag,XXL,Accessories,Apparel Solutions,48.67,120.0,2
Burgundy Heeled Mule,M,Footwear,Atelier Nord,292.54,17.0,2
Tan Silk Blouse,L,Tops,Fashion Hub Ltd,195.56,15.0,2
Charcoal Leather Tote,M,Accessories,Apparel Solutions,289.41,105.0,2
Blush Woven Belt,L,,Apparel Solutions,90.25,51.0,2
Ivory Ankle Boot,XS,Footwear,Textile World Co,154.37,80.0,2
Tan Midi Skirt,M,Bottoms,Fashion Hub Ltd,83.32,83.0,2
Blush Turtleneck,L,Tops,Fashion Hub Ltd,221.37,63.0,2
Indigo Skinny Jean,L,Bottoms,Textile World Co,46.73,26.0,2
Black Henley,S,Tops,Atelier Nord,264.21,101.0,2
Tan Cardigan,L,,Textile World Co,123.84,47.0,2
Blush Denim Short,XXL,Bottoms,Apparel Solutions,295.04,7.0,2
Tan Crossbody Bag,L,Accessories,Apparel Solutions,70.74,97.0,2
Ivory Widebrim Hat,L,Accessories,Apparel Solutions,236.33,75.0,2
Tan Statement Earrings,XXL,Accessories,Apparel Solutions,148.06,67.0,2
Black Moto Jacket,M,Outerwear,Fashion Hub Ltd,92.75,26.0,2
Emerald Loafer,XXL,Footwear,Fashion Hub Ltd,144.47,42.0,2
Black Trench Coat,XS,Outerwear,Apparel Solutions,136.46,42.0,2
Burgundy Widebrim Hat,XXL,Accessories,Apparel Solutions,213.49,78.0,2
Indigo Crewneck Tee,XL,,Atelier Nord,65.28,,1
Camel Linen Pant,XS,Bottoms,Atelier Nord,271.74,67.0,2
Cognac Woven Belt,L,Accessories,Textile World Co,191.71,99.0,2
Indigo Wrap Dress,XXL,Dresses,Fashion Hub Ltd,169.42,137.0,2
Beige Espadrille,S,Footwear,Fashion Hub Ltd,304.27,114.0,2
Beige Leather Tote,M,Accessories,Apparel Solutions,188.79,17.0,2
Indigo Puffer Vest,XL,Outerwear,Apparel Solutions,280.66,133.0,2
White Cardigan,L,Tops,Textile World Co,62.77,25.0,2
Camel Ankle Boot,XL,Footwear,Apparel Solutions,293.95,67.0,2
Camel Shift Dress,L,,Fashion Hub Ltd,308.84,,1
Emerald Shirt Dress,M,Dresses,Apparel Solutions,273.98,22.0,2
White Silk Blouse,M,Tops,Atelier Nord,153.22,134.0,2
Emerald Trench Coat,XL,,,121.79,,1
Camel Twill Scarf,XS,,Atelier Nord,44.08,,1
Charcoal Linen Pant,XXL,Bottoms,Textile World Co,84.13,113.0,2
Camel Slip Dress,XXL,Dresses,Apparel Solutions,148.51,96.0,2
Beige Widebrim Hat,M,Accessories,Apparel Solutions,224.12,123.0,2
Tan Shift Dress,M,Dresses,Apparel Solutions,149.41,107.0,2
Charcoal Denim Short,XS,Bottoms,Atelier Nord,218.76,35.0,2
Camel Slip Dress,S,Dresses,Textile World Co,134.09,106.0,2
Burgundy Woven Belt,XL,,Textile World Co,307.24,85.0,2
Camel Slip Dress,L,Dresses,Fashion Hub Ltd,159.06,18.0,2
Black Twill Scarf,L,Accessories,Apparel Solutions,81.67,43.0,2
Black Lowtop Sneaker,XXL,Footwear,Fashion Hub Ltd,247.17,63.0,2
Camel Crewneck Tee,M,Tops,Atelier Nord,235.42,134.0,2
Charcoal Moto Jacket,S,Outerwear,Textile World Co,78.88,5.0,2
White Lowtop Sneaker,M,Footwear,Fashion Hub Ltd,165.15,65.0,2
Indigo Twill Scarf,L,Accessories,Atelier Nord,78.04,64.0,2
Beige Ballet Flat,XL,Footwear,Textile World Co,143.45,28.0,2
Emerald Shift Dress,XS,Dresses,Fashion Hub Ltd,259.09,10.0,2
Tan Shift Dress,M,Dresses,Atelier Nord,199.5,24.0,2
Ivory Statement Earrings,L,Accessories,Atelier Nord,52.39,105.0,2
Burgundy Widebrim Hat,XL,Accessories,Textile World Co,250.04,6.0,2
Burgundy Espadrille,XL,Footwear,Fashion Hub Ltd,201.9,71.0,2
Tan Shirt Dress,XXL,Dresses,Atelier Nord,110.02,125.0,2
Charcoal Wool Peacoat,M,Outerwear,Apparel Solutions,33.35,57.0,2
Blush Denim Jacket,XS,Outerwear,Atelier Nord,241.72,14.0,2
Black Denim Jacket,XL,Outerwear,Fashion Hub Ltd,260.6,80.0,2
Tan Lowtop Sneaker,XXL,Footwear,Atelier Nord,289.96,81.0,2
White Moto Jacket,XXL,Outerwear,Textile World Co,78.41,90.0,2
Cognac Woven Belt,XL,Accessories,Apparel Solutions,229.31,11.0,2
Burgundy Trench Coat,XXL,Outerwear,Atelier Nord,50.33,60.0,2
Charcoal Cardigan,L,Tops,Textile World Co,229.17,27.0,2
Tan Moto Jacket,XXL,Outerwear,Fashion Hub Ltd,278.2,115.0,2
Cognac Widebrim Hat,S,,Atelier Nord,18.08,,1
Emerald Puffer Vest,XL,Outerwear,Textile World Co,223.86,44.0,2
Burgundy Shirt Dress,XL,Dresses,Textile World Co,79.61,74.0,2
Ivory Shirt Dress,XXL,,Textile World Co,169.84,,1
Cognac Tank Top,L,Tops,Atelier Nord,213.94,136.0,2
Cognac Moto Jacket,XS,Outerwear,Fashion Hub Ltd,134.06,13.0,2
Charcoal Buttonup Shirt,XL,Tops,Fashion Hub Ltd,125.89,109.0,2
Cognac Woven Belt,XS,Accessories,Fashion Hub Ltd,173.96,51.0,2
Burgundy Lowtop Sneaker,S,Footwear,Apparel Solutions,152.11,19.0,2
Cognac Linen Pant,XS,Bottoms,Atelier Nord,30.16,64.0,2
Ivory Skinny Jean,M,Bottoms,Fashion Hub Ltd,252.59,77.0,2
Indigo Silk Blouse,XL,Tops,Atelier Nord,45.92,56.0,2
Cognac Pleated Skirt,XS,Bottoms,Fashion Hub Ltd,68.61,137.0,2
Charcoal Vneck Sweater,XXL,Tops,Textile World Co,277.22,108.0,2
Emerald Denim Jacket,XXL,Outerwear,Atelier Nord,150.79,4.0,2
Cognac Twill Scarf,XS,Accessories,Fashion Hub Ltd,249.02,11.0,2
Cognac Tank Top,XS,Tops,Apparel Solutions,260.46,77.0,2
Emerald Buttonup Shirt,L,Tops,Atelier Nord,268.1,19.0,2
Camel Leather Tote,XXL,,,303.5,,1
White Lowtop Sneaker,XS,Footwear,Fashion Hub Ltd,188.37,113.0,2
Camel Ankle Boot,S,Footwear,Apparel Solutions,150.87,131.0,2
Charcoal Statement Earrings,XS,Accessories,Apparel Solutions,248.0,49.0,2
Burgundy Linen Pant,XXL,Bottoms,Atelier Nord,122.78,92.0,2
Ivory Ankle Boot,XXL,Footwear,Fashion Hub Ltd,272.25,35.0,2
Beige Trench Coat,XXL,,,59.87,,1
Emerald Lowtop Sneaker,S,Footwear,Textile World Co,154.19,37.0,2
Blush Crossbody Bag,XS,Accessories,Textile World Co,168.95,59.0,2
Charcoal Shift Dress,XS,Dresses,Textile World Co,153.4,137.0,2
Camel Shirt Dress,XL,Dresses,Textile World Co,135.67,96.0,2
White Espadrille,XL,,,132.43,,1
Blush Wool Peacoat,L,Outerwear,Atelier Nord,293.19,1.0,2
Ivory Chino Pant,S,Bottoms,Fashion Hub Ltd,176.79,71.0,2
Ivory Wideleg Trouser,M,Bottoms,Fashion Hub Ltd,216.94,95.0,2
Charcoal Moto Jacket,XS,Outerwear,Textile World Co,243.8,41.0,2
Beige Heeled Mule,XL,Footwear,Fashion Hub Ltd,214.04,72.0,2
Beige Chino Pant,L,Bottoms,Atelier Nord,68.21,106.0,2
White Loafer,S,Footwear,Atelier Nord,157.91,29.0,2
Beige Puffer Vest,XS,Outerwear,Fashion Hub Ltd,46.12,33.0,2
Tan Ankle Boot,XXL,Footwear,Atelier Nord,181.34,94.0,2
Charcoal Cardigan,L,Tops,Atelier Nord,123.78,25.0,2
Black Midi Dress,XXL,Dresses,Fashion Hub Ltd,194.88,19.0,2
Ivory Heeled Mule,M,,Atelier Nord,91.17,,1
Indigo Shirt Dress,XXL,Dresses,Textile World Co,252.93,30.0,2
Burgundy Chino Pant,S,,,80.62,,1
Camel Widebrim Hat,XXL,Accessories,Fashion Hub Ltd,264.85,44.0,2
Beige Leather Tote,S,Accessories,Fashion Hub Ltd,128.33,0.0,2
White Vneck Sweater,XL,Tops,Apparel Solutions,245.04,89.0,2
Cognac Ballet Flat,XL,Footwear,Apparel Solutions,230.99,96.0,2
Blush Trench Coat,L,Outerwear,Atelier Nord,292.35,22.0,2
White Buttonup Shirt,L,Tops,Textile World Co,220.98,58.0,2
Blush Maxi Dress,XL,Dresses,Fashion Hub Ltd,192.77,67.0,2
Indigo Wrap Dress,XXL,Dresses,Apparel Solutions,167.9,46.0,2
Charcoal Shift Dress,XL,Dresses,Apparel Solutions,73.57,48.0,2
Charcoal Midi Skirt,XL,Bottoms,Apparel Solutions,65.69,27.0,2
Beige Henley,XS,Tops,Fashion Hub Ltd,273.73,95.0,2
Beige Maxi Dress,M,Dresses,Atelier Nord,96.77,130.0,2
Cognac Ankle Boot,M,Footwear,Atelier Nord,275.77,33.0,2
Blush Henley,XXL,Tops,Fashion Hub Ltd,21.23,53.0,2
Blush Ankle Boot,M,Footwear,Apparel Solutions,71.93,67.0,2
Beige Maxi Dress,M,Dresses,Apparel Solutions,51.43,101.0,2
Blush Blazer,M,Outerwear,Atelier Nord,101.86,46.0,2
Tan Denim Short,S,Bottoms,Fashion Hub Ltd,233.56,60.0,2
Charcoal Denim Jacket,S,Outerwear,Textile World Co,160.88,2.0,2
Black Loafer,L,,,228.03,,1
Tan Maxi Dress,S,Dresses,Textile World Co,213.0,98.0,2
Burgundy Wool Peacoat,XL,Outerwear,Atelier Nord,143.54,48.0,2
Camel Crossbody Bag,S,Accessories,Textile World Co,241.95,113.0,2
Cognac Wideleg Trouser,S,,Fashion Hub Ltd,27.3,,1
Emerald Maxi Dress,XL,Dresses,Apparel Solutions,158.9,95.0,2
Beige Lowtop Sneaker,XL,Footwear,Atelier Nord,207.62,103.0,2
White Turtleneck,S,Tops,Fashion Hub Ltd,165.34,86.0,2
Blush Maxi Dress,L,Dresses,Fashion Hub Ltd,117.51,37.0,2
Burgundy Crossbody Bag,XL,Accessories,Textile World Co,193.4,22.0,2
White Chino Pant,XXL,Bottoms,Apparel Solutions,309.66,15.0,2
Ivory Shirt Dress,XXL,Dresses,Fashion Hub Ltd,163.92,44.0,2
Camel Leather Tote,XS,Accessories,Atelier Nord,227.04,75.0,2
Beige Lowtop Sneaker,M,,,144.04,,1
Emerald Linen Pant,XS,Bottoms,Atelier Nord,260.75,13.0,2
Indigo Espadrille,M,Footwear,Fashion Hub Ltd,177.44,83.0,2
Camel Vneck Sweater,XS,Tops,Textile World Co,304.28,14.0,2
Cognac Leather Tote,L,Accessories,Textile World Co,76.61,63.0,2
Blush Puffer Vest,XXL,Outerwear,Textile World Co,130.73,113.0,2
Blush Slip Dress,M,Dresses,Atelier Nord,253.54,110.0,2
Beige Woven Belt,S,Accessories,Textile World Co,159.92,140.0,2
Emerald Shift Dress,L,Dresses,Atelier Nord,241.58,69.0,2
Beige Heeled Mule,S,Footwear,Fashion Hub Ltd,160.88,123.0,2
Burgundy Blazer,XL,Outerwear,Fashion Hub Ltd,194.61,76.0,2
White Denim Jacket,S,Outerwear,Fashion Hub Ltd,204.28,97.0,2
Ivory Trench Coat,M,,Fashion Hub Ltd,162.77,12.0,2
Cognac Espadrille,S,Footwear,Textile World Co,40.68,110.0,2
Beige Shift Dress,XXL,Dresses,Fashion Hub Ltd,247.38,43.0,2
Burgundy Midi Skirt,XL,Bottoms,Apparel Solutions,35.67,0.0,2
Charcoal Crossbody Bag,L,Accessories,Fashion Hub Ltd,289.49,117.0,2
White Loafer,S,Footwear,Textile World Co,139.61,117.0,2
Black Twill Scarf,S,Accessories,Apparel Solutions,121.4,98.0,2
Blush Skinny Jean,XXL,Bottoms,Apparel Solutions,126.16,74.0,2
Ivory Midi Dress,M,Dresses,Atelier Nord,216.2,22.0,2
Tan Puffer Vest,XL,Outerwear,Textile World Co,213.23,121.0,2
Tan Trench Coat,XL,Outerwear,Textile World Co,112.32,136.0,2
Black Wideleg Trouser,XL,Bottoms,Apparel Solutions,221.86,59.0,2
Tan Wideleg Trouser,XS,Bottoms,Apparel Solutions,162.04,122.0,2
Burgundy Trench Coat,XXL,Outerwear,Textile World Co,242.57,16.0,2
Beige Moto Jacket,XXL,Outerwear,Atelier Nord,151.34,100.0,2
Beige Widebrim Hat,XL,Accessories,Fashion Hub Ltd,172.59,115.0,2
Cognac Turtleneck,XL,Tops,Atelier Nord,308.76,10.0,2
Tan Puffer Vest,XS,Outerwear,Textile World Co,105.39,101.0,2
Emerald Lowtop Sneaker,XXL,Footwear,Atelier Nord,115.55,143.0,2
Beige Midi Skirt,XXL,Bottoms,Textile World Co,139.13,94.0,2
Tan Henley,M,Tops,Fashion Hub Ltd,99.06,105.0,2
Beige Skinny Jean,M,,Fashion Hub Ltd,165.01,,1
Camel Loafer,M,Footwear,Fashion Hub Ltd,32.94,106.0,2
Camel Ankle Boot,L,Footwear,Textile World Co,54.2,70.0,2
Cognac Heeled Mule,S,Footwear,Textile World Co,200.28,27.0,2
Cognac Statement Earrings,XS,Accessories,Atelier Nord,235.05,73.0,2
Emerald Statement Earrings,L,Accessories,Textile World Co,290.31,46.0,2
Black Leather Tote,XXL,Accessories,Textile World Co,224.44,65.0,2
Indigo Tank Top,XXL,,,185.08,,1
Camel Ankle Boot,XXL,,Apparel Solutions,228.55,69.0,2
Black Puffer Vest,L,Outerwear,Textile World Co,66.12,123.0,2
Burgundy Wideleg Trouser,XS,Bottoms,Atelier Nord,132.58,133.0,2
Burgundy Espadrille,M,Footwear,Fashion Hub Ltd,192.04,94.0,2
Burgundy Midi Dress,M,Dresses,Textile World Co,154.54,81.0,2
Emerald Slip Dress,XS,Dresses,Textile World Co,60.1,12.0,2
Burgundy Skinny Jean,L,Bottoms,Fashion Hub Ltd,155.66,119.0,2
Blush Statement Earrings,M,,Atelier Nord,166.22,,1
Emerald Tank Top,L,Tops,Textile World Co,105.33,89.0,2
Cognac Lowtop Sneaker,XS,Footwear,Atelier Nord,263.98,27.0,2
Cognac Lowtop Sneaker,S,,,134.9,,1
White Statement Earrings,XXL,Accessories,Atelier Nord,121.48,118.0,2
Emerald Ankle Boot,S,Footwear,Apparel Solutions,310.75,17.0,2
Blush Cardigan,L,Tops,Fashion Hub Ltd,45.02,35.0,2
Ivory Heeled Mule,M,Footwear,Fashion Hub Ltd,130.37,147.0,2
White Tank Top,M,Tops,Fashion Hub Ltd,85.92,102.0,2
Ivory Chino Pant,S,Bottoms,Atelier Nord,266.93,92.0,2
Camel Trench Coat,XXL,Outerwear,Textile World Co,58.11,18.0,2
Indigo Linen Pant,L,Bottoms,Atelier Nord,173.67,116.0,2
Emerald Puffer Vest,L,Outerwear,Apparel Solutions,190.19,108.0,2
Charcoal Ankle Boot,L,Footwear,Fashion Hub Ltd,227.62,138.0,2
Emerald Puffer Vest,XL,Outerwear,Apparel Solutions,145.9,69.0,2
Burgundy Skinny Jean,XL,Bottoms,Apparel Solutions,185.03,66.0,2
Beige Crossbody Bag,S,,Fashion Hub Ltd,209.55,,1
Beige Twill Scarf,S,Accessories,Textile World Co,173.87,94.0,2
Burgundy Pleated Skirt,S,Bottoms,Atelier Nord,96.05,135.0,2
White Woven Belt,XS,Accessories,Textile World Co,101.68,121.0,2
Cognac Blazer,S,Outerwear,Atelier Nord,226.96,99.0,2
Cognac Midi Dress,L,Dresses,Fashion Hub Ltd,104.75,114.0,2
Beige Maxi Dress,XXL,Dresses,Apparel Solutions,195.18,71.0,2
Tan Ankle Boot,XS,Footwear,Fashion Hub Ltd,21.66,25.0,2
Black Ankle Boot,XL,Footwear,Textile World Co,302.24,31.0,2
Beige Vneck Sweater,S,Tops,Atelier Nord,215.97,47.0,2
Indigo Cardigan,M,,,96.26,,1
Indigo Denim Short,S,Bottoms,Fashion Hub Ltd,150.16,11.0,2
Tan Linen Pant,XS,Bottoms,Fashion Hub Ltd,219.97,78.0,2
White Ballet Flat,L,Footwear,Apparel Solutions,209.18,38.0,2
Tan Cardigan,S,,,221.38,,1
Emerald Woven Belt,XS,,Atelier Nord,242.44,,1
Cognac Statement Earrings,L,Accessories,Textile World Co,241.62,59.0,2
Ivory Statement Earrings,XS,Accessories,Textile World Co,208.31,78.0,2
Beige Puffer Vest,S,Outerwear,Fashion Hub Ltd,275.98,118.0,2
Indigo Statement Earrings,M,Accessories,Fashion Hub Ltd,226.33,139.0,2
Black Midi Dress,XL,Dresses,Textile World Co,118.96,30.0,2
Indigo Midi Skirt,S,Bottoms,Apparel Solutions,194.4,127.0,2
Ivory Ankle Boot,XS,Footwear,Atelier Nord,257.84,4.0,2
Black Moto Jacket,XS,,Textile World Co,294.26,,1
Blush Buttonup Shirt,L,Tops,Fashion Hub Ltd,153.77,49.0,2
Beige Ankle Boot,M,Footwear,Textile World Co,204.5,38.0,2
Indigo Ballet Flat,S,Footwear,Apparel Solutions,87.8,28.0,2
Charcoal Skinny Jean,XXL,Bottoms,Atelier Nord,153.43,96.0,2
Beige Henley,L,Tops,Fashion Hub Ltd,187.48,47.0,2
Emerald Puffer Vest,S,Outerwear,Atelier Nord,271.88,76.0,2
Indigo Ankle Boot,XL,Footwear,Atelier Nord,162.08,34.0,2
White Trench Coat,XL,Outerwear,Fashion Hub Ltd,225.76,90.0,2
Beige Crossbody Bag,XXL,Accessories,Fashion Hub Ltd,315.72,118.0,2
Indigo Buttonup Shirt,M,Tops,Textile World Co,255.79,20.0,2
Black Shirt Dress,XL,,,274.61,,1
Charcoal Espadrille,XXL,Footwear,Textile World Co,215.21,68.0,2
White Loafer,L,Footwear,Apparel Solutions,160.06,94.0,2
White Statement Earrings,S,Accessories,Atelier Nord,153.81,100.0,2
White Wrap Dress,S,Dresses,Apparel Solutions,109.68,37.0,2
Charcoal Midi Skirt,XL,Bottoms,Fashion Hub Ltd,105.79,138.0,2
Emerald Woven Belt,XL,Accessories,Atelier Nord,122.25,51.0,2
Camel Midi Dress,S,Dresses,Atelier Nord,144.61,65.0,2
Ivory Slip Dress,L,Dresses,Apparel Solutions,138.52,12.0,2
Tan Twill Scarf,M,Accessories,Apparel Solutions,61.37,114.0,2
Camel Denim Short,XS,Bottoms,Fashion Hub Ltd,140.24,127.0,2
Blush Chino Pant,S,,,312.81,,1
Emerald Shift Dress,XL,Dresses,Fashion Hub Ltd,189.28,113.0,2
Camel Denim Jacket,S,Outerwear,Atelier Nord,145.99,106.0,2
Emerald Buttonup Shirt,XS,,Apparel Solutions,188.12,,1
Tan Shirt Dress,L,Dresses,Fashion Hub Ltd,132.01,4.0,2
Beige Midi Dress,XS,Dresses,Textile World Co,116.64,34.0,2
Cognac Silk Blouse,M,Tops,Apparel Solutions,263.59,77.0,2
Burgundy Loafer,XL,Footwear,Fashion Hub Ltd,145.98,19.0,2
Cognac Puffer Vest,M,Outerwear,Textile World Co,230.62,0.0,2
White Wideleg Trouser,L,Bottoms,Fashion Hub Ltd,41.79,123.0,2
Beige Vneck Sweater,S,Tops,Textile World Co,80.7,89.0,2
Charcoal Widebrim Hat,XL,,,50.88,,1
Charcoal Twill Scarf,XL,Accessories,Atelier Nord,147.82,34.0,2
Ivory Twill Scarf,M,Accessories,Atelier Nord,259.45,13.0,2
Camel Heeled Mule,L,Footwear,Textile World Co,276.62,131.0,2
Black Midi Dress,XXL,Dresses,Atelier Nord,203.39,101.0,2
Tan Espadrille,XS,Footwear,Fashion Hub Ltd,60.7,102.0,2
Burgundy Ankle Boot,S,Footwear,Fashion Hub Ltd,94.44,50.0,2
Ivory Ballet Flat,L,,Fashion Hub Ltd,54.67,,1
Emerald Henley,S,Tops,Apparel Solutions,218.5,125.0,2
Blush Slip Dress,XL,Dresses,Fashion Hub Ltd,240.81,8.0,2
Emerald Cardigan,M,Tops,Atelier Nord,172.04,9.0,2
Tan Denim Short,M,Bottoms,Textile World Co,111.81,43.0,2
Emerald Crossbody Bag,XS,,Atelier Nord,216.72,138.0,2
Cognac Denim Jacket,S,Outerwear,Fashion Hub Ltd,118.41,128.0,2
Blush Silk Blouse,M,,,249.08,,1
Camel Linen Pant,XL,Bottoms,Fashion Hub Ltd,156.18,9.0,2
Blush Wrap Dress,S,Dresses,Fashion Hub Ltd,179.36,9.0,2
Indigo Tank Top,XL,Tops,Atelier Nord,115.63,25.0,2
Ivory Woven Belt,XL,Accessories,Apparel Solutions,125.56,107.0,2
Charcoal Heeled Mule,XL,Footwear,Fashion Hub Ltd,194.96,21.0,2
Cognac Buttonup Shirt,M,Tops,Atelier Nord,224.57,80.0,2
Camel Denim Jacket,XL,Outerwear,Atelier Nord,171.92,132.0,2
Beige Silk Blouse,L,Tops,Textile World Co,218.84,119.0,2
Emerald Maxi Dress,XL,Dresses,Atelier Nord,146.75,14.0,2
Tan Lowtop Sneaker,XS,Footwear,Atelier Nord,248.35,10.0,2
Beige Espadrille,XL,Footwear,Apparel Solutions,159.24,22.0,2
Blush Ankle Boot,M,Footwear,Atelier Nord,260.73,60.0,2
White Wideleg Trouser,S,Bottoms,Textile World Co,112.88,80.0,2
Black Slip Dress,L,Dresses,Apparel Solutions,232.22,28.0,2
Emerald Heeled Mule,XXL,Footwear,Textile World Co,304.67,37.0,2
Blush Statement Earrings,XXL,Accessories,Fashion Hub Ltd,182.02,60.0,2
Black Denim Jacket,L,Outerwear,Apparel Solutions,108.36,65.0,2
Ivory Midi Skirt,L,Bottoms,Apparel Solutions,283.51,114.0,2
Ivory Moto Jacket,XXL,Outerwear,Apparel Solutions,150.0,90.0,2
Tan Silk Blouse,L,Tops,Textile World Co,18.68,51.0,2
Beige Shift Dress,XS,Dresses,Fashion Hub Ltd,141.52,132.0,2
Beige Leather Tote,XXL,Accessories,Atelier Nord,196.17,81.0,2
White Midi Dress,L,Dresses,Apparel Solutions,73.8,96.0,2
Black Lowtop Sneaker,XS,,,297.92,,1
Ivory Tank Top,XL,,,21.87,,1
Burgundy Shift Dress,L,Dresses,Atelier Nord,117.36,52.0,2
Camel Midi Skirt,XXL,Bottoms,Textile World Co,157.38,104.0,2
Camel Skinny Jean,M,Bottoms,Textile World Co,207.76,75.0,2
Tan Espadrille,L,,Fashion Hub Ltd,20.98,34.0,2
Tan Slip Dress,XL,Dresses,Fashion Hub Ltd,19.65,132.0,2
Burgundy Tank Top,XL,Tops,Atelier Nord,60.56,29.0,2
Ivory Crossbody Bag,XL,Accessories,Atelier Nord,114.91,38.0,2
Black Wideleg Trouser,L,,Apparel Solutions,66.17,119.0,2
Burgundy Moto Jacket,S,Outerwear,Fashion Hub Ltd,144.51,52.0,2
Ivory Midi Dress,XXL,Dresses,Apparel Solutions,184.22,54.0,2
Indigo Silk Blouse,XS,Tops,Textile World Co,283.34,30.0,2
Beige Woven Belt,XXL,,Fashion Hub Ltd,118.74,,1
Ivory Wool Peacoat,S,,,42.95,,1
Indigo Loafer,XS,,Atelier Nord,267.67,47.0,2
Ivory Statement Earrings,L,Accessories,Fashion Hub Ltd,107.13,111.0,2
Black Slip Dress,XL,,Fashion Hub Ltd,258.42,,1
White Slip Dress,XL,Dresses,Fashion Hub Ltd,53.2,126.0,2
Indigo Midi Skirt,XS,,,144.85,,1
Tan Crossbody Bag,XXL,Accessories,Atelier Nord,110.35,91.0,2
Black Skinny Jean,XXL,,,284.57,,1
Tan Leather Tote,S,Accessories,Atelier Nord,199.07,137.0,2
Emerald Buttonup Shirt,S,Tops,Atelier Nord,142.11,29.0,2
Camel Wideleg Trouser,XL,Bottoms,Atelier Nord,33.26,2.0,2
Indigo Statement Earrings,L,Accessories,Atelier Nord,277.19,74.0,2
Emerald Denim Jacket,XL,Outerwear,Atelier Nord,86.84,26.0,2
Beige Cardigan,M,,,100.36,,1
Beige Henley,XXL,,,156.34,,1
Beige Wideleg Trouser,L,,Fashion Hub Ltd,259.68,,1
Cognac Wideleg Trouser,XS,Bottoms,Fashion Hub Ltd,126.17,75.0,2
White Turtleneck,XL,Tops,Textile World Co,162.34,78.0,2
White Loafer,XL,Footwear,Fashion Hub Ltd,171.23,42.0,2
Ivory Twill Scarf,XXL,Accessories,Apparel Solutions,157.68,35.0,2
Ivory Slip Dress,XS,Dresses,Apparel Solutions,131.36,106.0,2
Indigo Denim Jacket,L,Outerwear,Apparel Solutions,240.44,113.0,2
Cognac Statement Earrings,M,,,132.92,,1
Charcoal Ballet Flat,XS,Footwear,Apparel Solutions,230.33,40.0,2
Beige Widebrim Hat,XXL,Accessories,Textile World Co,117.97,72.0,2
Beige Slip Dress,S,Dresses,Apparel Solutions,155.68,37.0,2
White Denim Jacket,XS,Outerwear,Fashion Hub Ltd,216.13,78.0,2
Beige Wool Peacoat,L,,,334.24,,1
Cognac Widebrim Hat,XS,,Textile World Co,155.61,,1
Blush Denim Short,XS,Bottoms,Atelier Nord,52.09,94.0,2
Indigo Crewneck Tee,L,,,180.0,,1
Tan Denim Jacket,L,Outerwear,Textile World Co,281.44,83.0,2
Cognac Buttonup Shirt,XXL,Tops,Fashion Hub Ltd,195.87,21.0,2
Beige Loafer,XS,Footwear,Textile World Co,239.31,128.0,2
Blush Loafer,L,Footwear,Fashion Hub Ltd,166.68,5.0,2
Indigo Trench Coat,XS,Outerwear,Apparel Solutions,132.88,23.0,2
Camel Silk Blouse,S,Tops,Textile World Co,97.38,22.0,2
Indigo Loafer,XS,Footwear,Apparel Solutions,97.95,118.0,2
Charcoal Lowtop Sneaker,XL,Footwear,Atelier Nord,168.48,115.0,2
Tan Ballet Flat,L,Footwear,Apparel Solutions,200.56,54.0,2
Black Ballet Flat,S,Footwear,Fashion Hub Ltd,104.31,110.0,2
Tan Ballet Flat,M,Footwear,Apparel Solutions,317.99,102.0,2
Cognac Chino Pant,XXL,Bottoms,Atelier Nord,247.91,137.0,2
Indigo Tank Top,XL,Tops,Apparel Solutions,132.21,2.0,2
Charcoal Wool Peacoat,L,,Fashion Hub Ltd,85.65,,1
Charcoal Leather Tote,L,Accessories,Apparel Solutions,29.6,115.0,2
Cognac Slip Dress,L,Dresses,Textile World Co,185.44,44.0,2
Burgundy Lowtop Sneaker,XS,Footwear,Textile World Co,95.69,58.0,2
Charcoal Woven Belt,XXL,Accessories,Fashion Hub Ltd,237.45,136.0,2
Black Slip Dress,XXL,Dresses,Textile World Co,32.05,98.0,2
Black Wool Peacoat,L,Outerwear,Textile World Co,119.66,6.0,2
Black Vneck Sweater,XS,Tops,Atelier Nord,211.79,16.0,2
Cognac Crewneck Tee,XS,Tops,Apparel Solutions,278.44,102.0,2
Beige Puffer Vest,XS,,Apparel Solutions,224.31,,1
Ivory Denim Short,XXL,Bottoms,Apparel Solutions,126.72,123.0,2
Indigo Slip Dress,XL,Dresses,Apparel Solutions,174.41,138.0,2
Emerald Wideleg Trouser,M,Bottoms,Apparel Solutions,189.43,2.0,2
Blush Loafer,XL,Footwear,Apparel Solutions,200.78,41.0,2
Emerald Moto Jacket,S,Outerwear,Fashion Hub Ltd,141.0,58.0,2
Charcoal Lowtop Sneaker,L,Footwear,Apparel Solutions,260.48,96.0,2
Camel Silk Blouse,L,,Textile World Co,205.38,,1
Charcoal Turtleneck,M,,Textile World Co,83.32,67.0,2
Cognac Pleated Skirt,S,Bottoms,Textile World Co,75.08,39.0,2
Black Wrap Dress,XXL,Dresses,Textile World Co,129.48,28.0,2
Emerald Pleated Skirt,S,Bottoms,Apparel Solutions,266.17,43.0,2
Burgundy Heeled Mule,XS,,,65.4,,1
Cognac Wideleg Trouser,L,Bottoms,Apparel Solutions,129.43,109.0,2
Charcoal Pleated Skirt,XS,Bottoms,Apparel Solutions,281.06,130.0,2
Burgundy Trench Coat,XS,Outerwear,Atelier Nord,258.52,16.0,2
Blush Shirt Dress,XL,Dresses,Atelier Nord,89.66,108.0,2
Indigo Slip Dress,XXL,,,183.03,,1
Cognac Shift Dress,XS,Dresses,Textile World Co,250.0,75.0,2
Charcoal Ballet Flat,XL,Footwear,Fashion Hub Ltd,160.03,86.0,2
Cognac Buttonup Shirt,XL,,,254.91,,1
Blush Vneck Sweater,XS,Tops,Textile World Co,117.59,84.0,2
Cognac Statement Earrings,M,Accessories,Fashion Hub Ltd,250.38,72.0,2
Indigo Maxi Dress,XL,,Fashion Hub Ltd,160.94,,1
Charcoal Tank Top,L,Tops,Atelier Nord,77.78,115.0,2
Blush Ankle Boot,S,Footwear,Textile World Co,108.69,16.0,2
Blush Woven Belt,S,Accessories,Atelier Nord,223.62,103.0,2
Charcoal Cardigan,L,Tops,Fashion Hub Ltd,103.65,115.0,2
White Wideleg Trouser,L,Bottoms,Apparel Solutions,82.27,74.0,2
Emerald Ankle Boot,XS,Footwear,Apparel Solutions,164.2,44.0,2
Ivory Denim Jacket,XS,Outerwear,Textile World Co,178.96,122.0,2
Camel Loafer,XL,,Textile World Co,168.41,,1
Emerald Slip Dress,L,Dresses,Atelier Nord,136.9,23.0,2
Blush Crossbody Bag,XXL,Accessories,Apparel Solutions,135.16,44.0,2
Indigo Ankle Boot,XXL,Footwear,Fashion Hub Ltd,176.5,40.0,2
White Puffer Vest,M,,Fashion Hub Ltd,247.68,,1
Ivory Vneck Sweater,M,,Fashion Hub Ltd,174.96,,1
Tan Crewneck Tee,M,Tops,Textile World Co,146.9,46.0,2
Tan Twill Scarf,XL,Accessories,Textile World Co,150.26,12.0,2
Black Crewneck Tee,L,Tops,Textile World Co,278.07,105.0,2
Burgundy Leather Tote,S,Accessories,Fashion Hub Ltd,131.65,27.0,2
Cognac Shift Dress,XXL,Dresses,Textile World Co,203.74,138.0,2
Charcoal Moto Jacket,S,Outerwear,Fashion Hub Ltd,126.63,44.0,2
Burgundy Shirt Dress,L,Dresses,Textile World Co,118.89,83.0,2
Burgundy Espadrille,S,Footwear,Fashion Hub Ltd,131.81,35.0,2
Indigo Linen Pant,S,Bottoms,Fashion Hub Ltd,36.32,81.0,2
Camel Blazer,XS,Outerwear,Textile World Co,274.32,98.0,2
Cognac Wideleg Trouser,XS,Bottoms,Textile World Co,178.43,114.0,2
Ivory Wool Peacoat,XXL,Outerwear,Textile World Co,92.51,45.0,2
Camel Pleated Skirt,XL,Bottoms,Atelier Nord,245.58,51.0,2
Burgundy Loafer,L,Footwear,Textile World Co,196.16,123.0,2
White Denim Jacket,M,Outerwear,Textile World Co,185.55,44.0,2
Burgundy Midi Dress,L,Dresses,Textile World Co,64.69,46.0,2
Emerald Tank Top,L,Tops,Atelier Nord,219.84,95.0,2
Ivory Puffer Vest,S,Outerwear,Atelier Nord,315.36,89.0,2
Charcoal Leather Tote,L,Accessories,Fashion Hub Ltd,292.77,107.0,2
Charcoal Pleated Skirt,XL,Bottoms,Textile World Co,103.25,23.0,2
Indigo Crossbody Bag,XXL,Accessories,Fashion Hub Ltd,169.93,35.0,2
Indigo Trench Coat,M,Outerwear,Apparel Solutions,174.03,136.0,2
Charcoal Leather Tote,L,Accessories,Textile World Co,169.37,28.0,2
Indigo Wrap Dress,XS,Dresses,Apparel Solutions,94.93,7.0,2
White Crewneck Tee,S,Tops,Fashion Hub Ltd,132.78,133.0,2
Charcoal Blazer,XS,Outerwear,Apparel Solutions,23.41,92.0,2
Blush Ankle Boot,L,Footwear,Atelier Nord,316.33,26.0,2
Beige Wool Peacoat,S,Outerwear,Textile World Co,276.52,129.0,2
White Chino Pant,M,Bottoms,Atelier Nord,109.08,135.0,2
Cognac Blazer,S,Outerwear,Textile World Co,59.81,14.0,2
Black Statement Earrings,XL,Accessories,Apparel Solutions,127.68,31.0,2
Burgundy Midi Dress,S,Dresses,Textile World Co,228.92,13.0,2
Emerald Midi Skirt,XXL,Bottoms,Atelier Nord,110.81,25.0,2
Blush Silk Blouse,XL,Tops,Fashion Hub Ltd,276.86,77.0,2
Beige Leather Tote,S,,Atelier Nord,235.4,74.0,2
Ivory Widebrim Hat,XXL,Accessories,Atelier Nord,243.8,22.0,2
Indigo Blazer,M,Outerwear,Atelier Nord,129.53,30.0,2
Emerald Vneck Sweater,XXL,Tops,Textile World Co,25.45,113.0,2
Blush Heeled Mule,XS,Footwear,Fashion Hub Ltd,55.38,52.0,2
Cognac Shift Dress,S,,Atelier Nord,312.16,,1
Blush Slip Dress,XL,Dresses,Textile World Co,167.89,11.0,2
Charcoal Statement Earrings,XXL,Accessories,Apparel Solutions,188.32,130.0,2
Ivory Shift Dress,S,Dresses,Apparel Solutions,46.97,96.0,2
White Moto Jacket,S,Outerwear,Apparel Solutions,196.03,125.0,2
Burgundy Ballet Flat,XL,,Apparel Solutions,190.35,,1
Indigo Pleated Skirt,S,,Apparel Solutions,253.96,136.0,2
Ivory Linen Pant,S,,,178.16,,1
Charcoal Espadrille,M,Footwear,Fashion Hub Ltd,188.11,104.0,2
White Ankle Boot,XXL,Footwear,Apparel Solutions,161.34,126.0,2
Tan Cardigan,XL,Tops,Textile World Co,160.05,131.0,2
Blush Skinny Jean,S,Bottoms,Apparel Solutions,307.87,108.0,2
Blush Trench Coat,XS,Outerwear,Apparel Solutions,256.51,62.0,2
White Chino Pant,L,,Fashion Hub Ltd,66.53,,1
Blush Moto Jacket,XXL,Outerwear,Textile World Co,67.61,107.0,2
Indigo Chino Pant,XXL,,Apparel Solutions,293.85,41.0,2
Tan Chino Pant,M,Bottoms,Fashion Hub Ltd,145.46,140.0,2
Ivory Statement Earrings,M,Accessories,Atelier Nord,194.63,99.0,2
Black Leather Tote,XXL,Accessories,Apparel Solutions,148.56,0.0,2
Charcoal Shirt Dress,XXL,Dresses,Atelier Nord,90.55,89.0,2
Beige Widebrim Hat,S,,,320.21,,1
Camel Twill Scarf,XS,Accessories,Apparel Solutions,128.1,89.0,2
Burgundy Linen Pant,XL,,Fashion Hub Ltd,29.32,,1
Burgundy Denim Short,S,Bottoms,Fashion Hub Ltd,55.8,107.0,2
Indigo Henley,XL,Tops,Fashion Hub Ltd,68.95,70.0,2
Black Pleated Skirt,XL,Bottoms,Fashion Hub Ltd,260.65,48.0,2
Indigo Heeled Mule,XL,Footwear,Apparel Solutions,72.94,0.0,2
Beige Lowtop Sneaker,XXL,Footwear,Fashion Hub Ltd,237.5,143.0,2
Burgundy Espadrille,XL,Footwear,Apparel Solutions,109.06,64.0,2
Blush Ballet Flat,XS,Footwear,Apparel Solutions,237.53,104.0,2
Camel Midi Dress,XS,Dresses,Fashion Hub Ltd,234.17,97.0,2
Beige Midi Dress,XXL,Dresses,Atelier Nord,101.03,66.0,2
Indigo Skinny Jean,S,Bottoms,Atelier Nord,292.85,99.0,2
Ivory Widebrim Hat,XXL,Accessories,Fashion Hub Ltd,199.16,96.0,2
Beige Linen Pant,XS,Bottoms,Fashion Hub Ltd,308.27,27.0,2
Cognac Shirt Dress,XS,Dresses,Fashion Hub Ltd,264.9,26.0,2
Indigo Chino Pant,S,Bottoms,Apparel Solutions,247.28,57.0,2
Tan Crossbody Bag,XXL,Accessories,Fashion Hub Ltd,133.01,28.0,2
Indigo Midi Skirt,M,Bottoms,Apparel Solutions,169.31,123.0,2
Emerald Puffer Vest,XL,Outerwear,Atelier Nord,183.05,58.0,2
Cognac Cardigan,XL,Tops,Textile World Co,233.33,60.0,2
Black Turtleneck,M,Tops,Atelier Nord,249.38,28.0,2
Ivory Shift Dress,M,Dresses,Atelier Nord,62.28,119.0,2
Burgundy Leather Tote,XL,Accessories,Apparel Solutions,242.66,86.0,2
Black Statement Earrings,M,,Fashion Hub Ltd,64.64,,1
Ivory Denim Short,XS,Bottoms,Atelier Nord,272.13,116.0,2
Cognac Wrap Dress,L,Dresses,Textile World Co,164.41,57.0,2
Tan Shirt Dress,L,Dresses,Atelier Nord,111.64,89.0,2
Camel Trench Coat,XS,Outerwear,Fashion Hub Ltd,41.53,85.0,2
Cognac Midi Dress,S,Dresses,Fashion Hub Ltd,183.08,21.0,2
Beige Ankle Boot,L,Footwear,Fashion Hub Ltd,31.98,23.0,2
Camel Tank Top,L,Tops,Textile World Co,110.55,110.0,2
Burgundy Midi Dress,XXL,Dresses,Fashion Hub Ltd,119.84,128.0,2
Tan Wideleg Trouser,XXL,Bottoms,Textile World Co,262.69,41.0,2
Camel Silk Blouse,XL,Tops,Fashion Hub Ltd,168.5,124.0,2
Burgundy Silk Blouse,L,Tops,Apparel Solutions,321.06,78.0,2
Ivory Blazer,XS,,,29.46,,1
Tan Puffer Vest,S,,Atelier Nord,128.84,,1
Burgundy Twill Scarf,S,,Fashion Hub Ltd,65.63,26.0,2
Beige Trench Coat,L,Outerwear,Fashion Hub Ltd,81.33,118.0,2
Camel Cardigan,M,Tops,Textile World Co,54.47,17.0,2
Charcoal Midi Dress,M,,Atelier Nord,163.15,137.0,2
Indigo Linen Pant,M,Bottoms,Atelier Nord,218.16,72.0,2
Black Espadrille,L,Footwear,Textile World Co,193.02,24.0,2
Charcoal Linen Pant,L,,Textile World Co,203.29,,1
Tan Wideleg Trouser,XL,Bottoms,Fashion Hub Ltd,129.89,91.0,2
Indigo Chino Pant,M,Bottoms,Textile World Co,242.28,56.0,2
Emerald Midi Skirt,XL,Bottoms,Atelier Nord,53.86,120.0,2
Indigo Skinny Jean,XS,Bottoms,Fashion Hub Ltd,26.07,95.0,2
Beige Espadrille,M,,Apparel Solutions,71.12,,1
White Trench Coat,XXL,Outerwear,Textile World Co,133.2,100.0,2
Tan Wool Peacoat,XS,,Apparel Solutions,45.09,36.0,2
White Skinny Jean,L,Bottoms,Apparel Solutions,296.12,53.0,2
Indigo Crossbody Bag,M,Accessories,Atelier Nord,283.98,46.0,2
Tan Silk Blouse,XL,,Fashion Hub Ltd,55.09,87.0,2
Beige Puffer Vest,XL,,Fashion Hub Ltd,69.55,,1
Charcoal Heeled Mule,M,Footwear,Textile World Co,77.69,71.0,2
Ivory Buttonup Shirt,S,,Atelier Nord,149.12,,1
Camel Espadrille,M,Footwear,Fashion Hub Ltd,201.72,109.0,2
Ivory Maxi Dress,M,Dresses,Textile World Co,40.19,95.0,2
Blush Midi Skirt,XS,,Fashion Hub Ltd,115.62,2.0,2
Emerald Midi Dress,XL,Dresses,Apparel Solutions,293.99,16.0,2
White Espadrille,XL,Footwear,Atelier Nord,155.8,111.0,2
Charcoal Midi Dress,XS,Dresses,Atelier Nord,203.12,70.0,2
Black Buttonup Shirt,XXL,Tops,Fashion Hub Ltd,257.12,11.0,2
White Buttonup Shirt,M,,Apparel Solutions,228.86,,1
Beige Midi Skirt,L,Bottoms,Atelier Nord,154.05,89.0,2
Emerald Denim Short,XXL,Bottoms,Atelier Nord,318.2,81.0,2
Charcoal Crossbody Bag,XS,Accessories,Apparel Solutions,252.47,21.0,2
Tan Lowtop Sneaker,XXL,,Textile World Co,160.91,19.0,2
Ivory Blazer,XL,Outerwear,Fashion Hub Ltd,156.88,56.0,2
Beige Denim Jacket,XL,Outerwear,Textile World Co,175.59,48.0,2
Ivory Maxi Dress,XXL,Dresses,Apparel Solutions,297.05,17.0,2
Indigo Tank Top,S,,Textile World Co,137.32,110.0,2
Emerald Wrap Dress,M,Dresses,Apparel Solutions,83.51,97.0,2
Camel Trench Coat,S,Outerwear,Atelier Nord,82.7,70.0,2
White Shirt Dress,S,Dresses,Textile World Co,120.05,116.0,2
Tan Slip Dress,XL,Dresses,Atelier Nord,74.96,132.0,2
Charcoal Moto Jacket,XL,Outerwear,Atelier Nord,126.75,31.0,2
Blush Puffer Vest,M,Outerwear,Fashion Hub Ltd,303.8,127.0,2
Tan Chino Pant,S,,Apparel Solutions,218.1,,1
White Wool Peacoat,M,Outerwear,Fashion Hub Ltd,155.53,67.0,2
Camel Crewneck Tee,S,Tops,Apparel Solutions,282.58,139.0,2
White Lowtop Sneaker,XXL,Footwear,Apparel Solutions,60.79,55.0,2
Camel Slip Dress,S,Dresses,Atelier Nord,222.52,93.0,2
Tan Lowtop Sneaker,S,Footwear,Apparel Solutions,59.21,53.0,2
Camel Wrap Dress,XL,Dresses,Atelier Nord,185.22,96.0,2
Ivory Moto Jacket,XL,Outerwear,Atelier Nord,225.83,128.0,2
Indigo Crewneck Tee,XS,Tops,Textile World Co,210.67,77.0,2
Cognac Denim Short,M,Bottoms,Textile World Co,208.75,64.0,2
Cognac Espadrille,XXL,,Fashion Hub Ltd,221.84,,1
Emerald Espadrille,S,Footwear,Textile World Co,280.96,37.0,2
Burgundy Woven Belt,XS,Accessories,Atelier Nord,202.0,51.0,2
Black Henley,XL,Tops,Atelier Nord,135.91,31.0,2
White Widebrim Hat,L,Accessories,Textile World Co,206.45,38.0,2
Charcoal Statement Earrings,S,Accessories,Textile World Co,115.07,74.0,2
Emerald Twill Scarf,L,Accessories,Atelier Nord,62.56,87.0,2
Black Cardigan,XL,Tops,Apparel Solutions,123.41,113.0,2
Tan Pleated Skirt,XXL,,Apparel Solutions,159.23,,1
Beige Leather Tote,XXL,Accessories,Apparel Solutions,57.78,82.0,2
Beige Ballet Flat,XL,Footwear,Atelier Nord,142.25,10.0,2
Charcoal Leather Tote,XS,Accessories,Fashion Hub Ltd,169.66,121.0,2
Burgundy Midi Skirt,S,Bottoms,Fashion Hub Ltd,289.32,44.0,2
White Denim Jacket,XS,Outerwear,Apparel Solutions,51.64,20.0,2
Tan Slip Dress,XS,Dresses,Textile World Co,114.85,115.0,2
Beige Linen Pant,XL,Bottoms,Textile World Co,79.25,129.0,2
Blush Loafer,XS,Footwear,Textile World Co,271.61,74.0,2
Cognac Turtleneck,XL,Tops,Apparel Solutions,128.26,14.0,2
Tan Woven Belt,XS,Accessories,Textile World Co,226.15,9.0,2
Beige Cardigan,XXL,Tops,Fashion Hub Ltd,287.31,122.0,2
Beige Denim Short,L,Bottoms,Fashion Hub Ltd,187.36,13.0,2
Blush Tank Top,S,Tops,Apparel Solutions,85.29,14.0,2
Blush Woven Belt,XL,Accessories,Apparel Solutions,193.35,62.0,2
Burgundy Shift Dress,XL,Dresses,Fashion Hub Ltd,35.84,105.0,2
Camel Buttonup Shirt,XL,Tops,Atelier Nord,108.12,30.0,2
Indigo Slip Dress,L,,Fashion Hub Ltd,275.82,,1
Charcoal Turtleneck,L,Tops,Textile World Co,184.4,136.0,2
Burgundy Blazer,XS,Outerwear,Fashion Hub Ltd,186.42,73.0,2
Ivory Leather Tote,XS,,Apparel Solutions,259.22,,1
Cognac Midi Skirt,M,Bottoms,Apparel Solutions,254.79,5.0,2
Emerald Widebrim Hat,XL,,Apparel Solutions,32.08,,1
White Pleated Skirt,XS,Bottoms,Atelier Nord,50.64,19.0,2
Beige Pleated Skirt,M,,Atelier Nord,39.31,122.0,2
Black Midi Dress,M,Dresses,Apparel Solutions,142.57,104.0,2
Camel Maxi Dress,XL,,,65.88,,1
Beige Widebrim Hat,XXL,Accessories,Apparel Solutions,228.31,102.0,2
Tan Ankle Boot,XXL,Footwear,Textile World Co,190.29,28.0,2
Cognac Denim Short,XL,Bottoms,Atelier Nord,180.16,31.0,2
Charcoal Ballet Flat,M,Footwear,Textile World Co,252.64,92.0,2
Burgundy Wool Peacoat,XS,Outerwear,Textile World Co,139.26,104.0,2
White Wrap Dress,L,Dresses,Atelier Nord,140.22,140.0,2
Charcoal Blazer,S,Outerwear,Atelier Nord,120.81,30.0,2
Burgundy Moto Jacket,S,,,57.87,,1
Beige Slip Dress,XL,Dresses,Fashion Hub Ltd,266.84,11.0,2
Ivory Blazer,XXL,Outerwear,Textile World Co,236.75,130.0,2
Ivory Maxi Dress,XL,Dresses,Apparel Solutions,281.93,27.0,2
Black Wideleg Trouser,XXL,Bottoms,Textile World Co,152.68,71.0,2
White Ballet Flat,M,Footwear,Apparel Solutions,66.3,73.0,2
Charcoal Denim Jacket,S,Outerwear,Apparel Solutions,301.35,75.0,2
Tan Turtleneck,M,Tops,Textile World Co,47.34,130.0,2
Emerald Vneck Sweater,L,Tops,Atelier Nord,97.28,35.0,2
Ivory Tank Top,XL,Tops,Apparel Solutions,103.31,142.0,2
Indigo Denim Short,S,Bottoms,Textile World Co,133.68,38.0,2
Emerald Linen Pant,M,Bottoms,Textile World Co,77.61,22.0,2
Charcoal Statement Earrings,XS,Accessories,Atelier Nord,35.7,53.0,2
Cognac Maxi Dress,XXL,Dresses,Textile World Co,206.04,50.0,2
Indigo Puffer Vest,XXL,Outerwear,Textile World Co,26.61,68.0,2
Black Loafer,XXL,Footwear,Fashion Hub Ltd,263.56,23.0,2
Charcoal Slip Dress,S,Dresses,Atelier Nord,280.68,58.0,2
Cognac Crewneck Tee,XS,Tops,Atelier Nord,254.84,21.0,2
Black Shift Dress,S,,Textile World Co,28.86,,1
Burgundy Espadrille,XXL,Footwear,Atelier Nord,37.15,138.0,2
Charcoal Henley,XL,Tops,Fashion Hub Ltd,141.52,59.0,2
Burgundy Puffer Vest,XL,Outerwear,Textile World Co,36.86,126.0,2
Burgundy Wool Peacoat,M,Outerwear,Textile World Co,28.91,104.0,2
Burgundy Buttonup Shirt,S,Tops,Atelier Nord,198.93,93.0,2
White Blazer,L,,Textile World Co,246.02,41.0,2
Ivory Twill Scarf,S,Accessories,Atelier Nord,275.73,29.0,2
Ivory Denim Jacket,XXL,Outerwear,Atelier Nord,150.67,155.0,2
Blush Woven Belt,XL,Accessories,Atelier Nord,294.47,138.0,2
White Leather Tote,XL,Accessories,Textile World Co,110.62,55.0,2
Beige Pleated Skirt,XS,Bottoms,Textile World Co,260.89,106.0,2
White Wideleg Trouser,XL,Bottoms,Textile World Co,89.32,121.0,2
Blush Crossbody Bag,M,Accessories,Fashion Hub Ltd,89.3,100.0,2
Emerald Blazer,M,Outerwear,Apparel Solutions,274.76,81.0,2
Ivory Turtleneck,XXL,Tops,Apparel Solutions,234.73,111.0,2
Burgundy Denim Jacket,M,,Fashion Hub Ltd,183.18,,1
Black Midi Dress,M,,Atelier Nord,254.77,,1
Emerald Shirt Dress,L,Dresses,Fashion Hub Ltd,280.27,123.0,2
Beige Twill Scarf,XS,Accessories,Atelier Nord,311.25,116.0,2
Burgundy Chino Pant,XXL,Bottoms,Fashion Hub Ltd,29.84,0.0,2
Burgundy Leather Tote,XXL,Accessories,Textile World Co,272.11,33.0,2
Black Statement Earrings,XS,,Textile World Co,267.28,128.0,2
White Woven Belt,S,Accessories,Atelier Nord,31.2,48.0,2
Ivory Vneck Sweater,XXL,Tops,Fashion Hub Ltd,80.22,5.0,2
Black Midi Skirt,S,Bottoms,Apparel Solutions,156.33,63.0,2
Camel Midi Dress,S,Dresses,Apparel Solutions,135.17,48.0,2
Camel Wideleg Trouser,M,Bottoms,Atelier Nord,97.71,125.0,2
Camel Statement Earrings,S,Accessories,Apparel Solutions,228.61,129.0,2
White Woven Belt,XL,Accessories,Textile World Co,97.7,120.0,2
Cognac Vneck Sweater,XXL,Tops,Textile World Co,160.62,119.0,2
Ivory Wrap Dress,L,,Atelier Nord,120.1,,1
Ivory Shift Dress,L,,Textile World Co,244.44,,1
Beige Heeled Mule,XL,Footwear,Atelier Nord,138.58,89.0,2
Cognac Turtleneck,XS,Tops,Atelier Nord,145.7,68.0,2
Black Puffer Vest,S,Outerwear,Textile World Co,297.35,134.0,2
Ivory Wideleg Trouser,M,Bottoms,Apparel Solutions,174.04,60.0,2
Blush Trench Coat,XS,Outerwear,Atelier Nord,186.63,100.0,2
Ivory Pleated Skirt,L,Bottoms,Apparel Solutions,267.73,108.0,2
White Puffer Vest,M,Outerwear,Atelier Nord,149.33,6.0,2
White Heeled Mule,XXL,Footwear,Textile World Co,59.16,48.0,2
Camel Pleated Skirt,L,Bottoms,Atelier Nord,129.41,117.0,2
Tan Chino Pant,XL,Bottoms,Fashion Hub Ltd,236.86,21.0,2
Beige Midi Dress,XL,Dresses,Atelier Nord,165.66,2.0,2
Ivory Twill Scarf,XS,Accessories,Apparel Solutions,172.33,77.0,2
Burgundy Loafer,L,Footwear,Atelier Nord,32.13,69.0,2
Emerald Henley,M,Tops,Fashion Hub Ltd,301.33,94.0,2
Black Maxi Dress,L,Dresses,Apparel Solutions,110.07,9.0,2
Burgundy Silk Blouse,S,Tops,Atelier Nord,143.81,70.0,2
Camel Statement Earrings,L,Accessories,Atelier Nord,24.61,52.0,2
Burgundy Wool Peacoat,XXL,,Textile World Co,101.47,,1
Ivory Blazer,M,Outerwear,Apparel Solutions,128.24,81.0,2
Emerald Widebrim Hat,XL,Accessories,Atelier Nord,217.24,73.0,2
Black Crossbody Bag,S,Accessories,Textile World Co,205.84,110.0,2
Ivory Ballet Flat,S,Footwear,Atelier Nord,181.91,81.0,2
Beige Chino Pant,M,Bottoms,Apparel Solutions,254.66,27.0,2
Tan Trench Coat,XS,,Textile World Co,60.05,,1
Indigo Espadrille,XL,Footwear,Textile World Co,276.74,41.0,2
Charcoal Shirt Dress,S,Dresses,Atelier Nord,278.53,56.0,2
Ivory Tank Top,S,Tops,Atelier Nord,235.15,17.0,2
Tan Twill Scarf,XXL,Accessories,Atelier Nord,270.84,120.0,2
Indigo Moto Jacket,M,Outerwear,Fashion Hub Ltd,224.26,136.0,2
Emerald Henley,XXL,Tops,Fashion Hub Ltd,73.77,101.0,2
Ivory Woven Belt,S,Accessories,Atelier Nord,81.78,24.0,2
White Statement Earrings,L,Accessories,Atelier Nord,189.93,66.0,2
Ivory Silk Blouse,XL,Tops,Apparel Solutions,154.52,38.0,2
Camel Shirt Dress,M,Dresses,Textile World Co,110.19,78.0,2
Indigo Ballet Flat,M,Footwear,Textile World Co,77.79,54.0,2
Beige Midi Dress,XS,Dresses,Apparel Solutions,115.82,136.0,2
Cognac Ballet Flat,M,Footwear,Atelier Nord,158.98,124.0,2
White Espadrille,XXL,Footwear,Textile World Co,136.06,117.0,2
Burgundy Twill Scarf,XL,Accessories,Textile World Co,241.31,93.0,2
Tan Cardigan,XS,Tops,Apparel Solutions,170.49,73.0,2
Cognac Espadrille,XS,Footwear,Fashion Hub Ltd,201.57,136.0,2
Burgundy Pleated Skirt,S,Bottoms,Textile World Co,84.72,116.0,2
Blush Crewneck Tee,XXL,Tops,Fashion Hub Ltd,96.81,29.0,2
White Cardigan,XXL,Tops,Atelier Nord,258.12,48.0,2
Emerald Widebrim Hat,XS,,Apparel Solutions,251.11,69.0,2
Blush Lowtop Sneaker,M,,Apparel Solutions,217.26,,1
Black Chino Pant,M,Bottoms,Atelier Nord,108.01,45.0,2
Camel Blazer,XS,Outerwear,Atelier Nord,123.95,123.0,2
White Heeled Mule,XXL,,Apparel Solutions,301.75,40.0,2
Blush Leather Tote,S,Accessories,Textile World Co,243.99,43.0,2
Tan Denim Short,S,Bottoms,Apparel Solutions,309.29,121.0,2
Ivory Shift Dress,M,Dresses,Apparel Solutions,235.11,80.0,2
Tan Wool Peacoat,S,Outerwear,Atelier Nord,174.65,19.0,2
Charcoal Leather Tote,XXL,Accessories,Apparel Solutions,108.96,95.0,2
Indigo Maxi Dress,M,Dresses,Textile World Co,256.19,128.0,2
Black Heeled Mule,XXL,Footwear,Atelier Nord,226.0,124.0,2
Charcoal Blazer,S,Outerwear,Apparel Solutions,158.1,117.0,2
Indigo Cardigan,L,,Atelier Nord,105.82,102.0,2
Black Ballet Flat,XL,,Atelier Nord,314.82,128.0,2
Emerald Slip Dress,M,Dresses,Apparel Solutions,205.56,19.0,2
Cognac Vneck Sweater,S,Tops,Fashion Hub Ltd,191.18,108.0,2
Tan Leather Tote,M,Accessories,Fashion Hub Ltd,73.11,86.0,2
Black Heeled Mule,XS,Footwear,Textile World Co,115.85,41.0,2
White Midi Dress,XS,Dresses,Fashion Hub Ltd,257.16,143.0,2
Charcoal Midi Dress,M,Dresses,Fashion Hub Ltd,59.81,112.0,2
Cognac Espadrille,XS,Footwear,Textile World Co,246.34,30.0,2
Tan Cardigan,M,Tops,Textile World Co,314.44,35.0,2
Emerald Crossbody Bag,XS,Accessories,Apparel Solutions,261.42,82.0,2
Black Crossbody Bag,XS,Accessories,Textile World Co,279.6,80.0,2
Ivory Heeled Mule,L,Footwear,Textile World Co,157.61,132.0,2
Indigo Pleated Skirt,XXL,Bottoms,Apparel Solutions,291.49,75.0,2
Black Chino Pant,XL,Bottoms,Atelier Nord,246.43,134.0,2
Black Skinny Jean,M,Bottoms,Textile World Co,45.88,16.0,2
Camel Denim Jacket,S,Outerwear,Apparel Solutions,217.93,93.0,2
Blush Woven Belt,XXL,Accessories,Atelier Nord,220.56,133.0,2
Cognac Ballet Flat,L,,,244.1,,1
Camel Midi Dress,M,Dresses,Atelier Nord,226.79,116.0,2
Indigo Lowtop Sneaker,XL,Footwear,Textile World Co,61.97,42.0,2
Black Loafer,XL,Footwear,Apparel Solutions,205.33,135.0,2
White Midi Dress,XXL,Dresses,Textile World Co,210.37,57.0,2
Blush Wideleg Trouser,XS,Bottoms,Textile World Co,296.47,70.0,2
Emerald Widebrim Hat,S,,Atelier Nord,208.19,29.0,2
Indigo Wrap Dress,M,Dresses,Fashion Hub Ltd,172.33,109.0,2
Burgundy Linen Pant,L,Bottoms,Apparel Solutions,85.01,26.0,2
Beige Widebrim Hat,M,Accessories,Textile World Co,264.02,137.0,2
Tan Heeled Mule,M,Footwear,Fashion Hub Ltd,319.84,124.0,2
Indigo Loafer,XL,Footwear,Atelier Nord,136.11,27.0,2
Beige Twill Scarf,XS,Accessories,Fashion Hub Ltd,270.27,61.0,2
Emerald Crossbody Bag,XL,Accessories,Fashion Hub Ltd,297.65,110.0,2
Blush Woven Belt,S,Accessories,Apparel Solutions,153.37,12.0,2
Indigo Shirt Dress,M,Dresses,Textile World Co,274.31,22.0,2
Cognac Slip Dress,XXL,Dresses,Textile World Co,151.97,72.0,2
Tan Twill Scarf,L,Accessories,Apparel Solutions,221.21,47.0,2
Blush Wideleg Trouser,XS,Bottoms,Fashion Hub Ltd,69.06,65.0,2
Beige Woven Belt,XL,Accessories,Fashion Hub Ltd,82.24,57.0,2
Cognac Turtleneck,S,,Apparel Solutions,25.4,57.0,2
Charcoal Buttonup Shirt,XS,Tops,Atelier Nord,270.44,106.0,2
Charcoal Loafer,L,,,258.28,,1
Cognac Leather Tote,XL,,Textile World Co,81.24,129.0,2
White Leather Tote,XXL,Accessories,Apparel Solutions,38.92,71.0,2
Black Shirt Dress,XXL,,Atelier Nord,151.96,,1
Emerald Linen Pant,M,Bottoms,Apparel Solutions,116.3,130.0,2
Beige Wideleg Trouser,S,Bottoms,Textile World Co,151.56,126.0,2
White Tank Top,S,Tops,Fashion Hub Ltd,310.88,135.0,2
Beige Silk Blouse,M,,Textile World Co,281.0,45.0,2
Emerald Midi Skirt,XS,Bottoms,Fashion Hub Ltd,298.77,30.0,2
White Shift Dress,M,Dresses,Textile World Co,184.41,52.0,2
Beige Trench Coat,S,,Apparel Solutions,313.49,,1
Emerald Midi Skirt,S,Bottoms,Atelier Nord,136.84,15.0,2
Beige Statement Earrings,XS,Accessories,Fashion Hub Ltd,222.44,93.0,2
Burgundy Loafer,XL,Footwear,Atelier Nord,246.28,51.0,2
Emerald Midi Dress,S,Dresses,Apparel Solutions,307.99,109.0,2
White Denim Jacket,L,,,168.45,,1
Beige Espadrille,XL,Footwear,Textile World Co,185.77,11.0,2
Camel Crewneck Tee,L,Tops,Textile World Co,124.67,137.0,2
Ivory Henley,S,Tops,Apparel Solutions,40.17,52.0,2
Charcoal Statement Earrings,XS,Accessories,Fashion Hub Ltd,52.56,111.0,2
Blush Denim Short,S,Bottoms,Apparel Solutions,308.76,101.0,2
White Moto Jacket,S,Outerwear,Fashion Hub Ltd,145.79,47.0,2
Charcoal Twill Scarf,L,Accessories,Apparel Solutions,149.91,36.0,2
Tan Ankle Boot,XL,Footwear,Textile World Co,253.11,87.0,2
Ivory Ankle Boot,M,Footwear,Apparel Solutions,248.55,89.0,2
Black Linen Pant,L,Bottoms,Atelier Nord,62.88,66.0,2
Charcoal Moto Jacket,XL,Outerwear,Apparel Solutions,186.84,36.0,2
Ivory Espadrille,XXL,Footwear,Apparel Solutions,131.25,36.0,2
Black Leather Tote,L,,Fashion Hub Ltd,181.03,,1
Beige Crossbody Bag,XXL,Accessories,Atelier Nord,104.02,99.0,2
Tan Leather Tote,L,Accessories,Apparel Solutions,122.67,116.0,2
Blush Midi Dress,XXL,Dresses,Fashion Hub Ltd,149.12,63.0,2
Charcoal Widebrim Hat,S,Accessories,Textile World Co,248.78,49.0,2
Beige Statement Earrings,M,Accessories,Atelier Nord,182.66,104.0,2
Indigo Leather Tote,XL,Accessories,Textile World Co,126.64,39.0,2
Emerald Leather Tote,M,Accessories,Fashion Hub Ltd,223.47,16.0,2
Black Crewneck Tee,M,Tops,Fashion Hub Ltd,112.92,91.0,2
Charcoal Leather Tote,M,Accessories,Fashion Hub Ltd,131.08,80.0,2
Blush Denim Jacket,XXL,Outerwear,Textile World Co,107.74,20.0,2
Tan Loafer,L,Footwear,Apparel Solutions,159.87,63.0,2
Ivory Denim Jacket,XS,Outerwear,Apparel Solutions,127.86,11.0,2
Tan Henley,XL,,Apparel Solutions,281.53,,1
Cognac Midi Dress,M,,Fashion Hub Ltd,162.5,,1
Burgundy Leather Tote,M,Accessories,Apparel Solutions,153.65,110.0,2
Indigo Heeled Mule,XXL,Footwear,Apparel Solutions,58.3,88.0,2
Blush Silk Blouse,XS,,Textile World Co,183.86,,1
Ivory Ankle Boot,XL,,Atelier Nord,208.35,84.0,2
Emerald Statement Earrings,XS,Accessories,Fashion Hub Ltd,111.4,86.0,2
Tan Widebrim Hat,XS,Accessories,Apparel Solutions,237.68,81.0,2
Emerald Shirt Dress,M,Dresses,Atelier Nord,147.63,70.0,2
Blush Denim Jacket,L,Outerwear,Atelier Nord,240.33,118.0,2
Burgundy Wideleg Trouser,L,,Atelier Nord,311.38,,1
Tan Maxi Dress,S,Dresses,Atelier Nord,83.3,111.0,2
Camel Trench Coat,M,Outerwear,Textile World Co,24.31,100.0,2
Beige Shirt Dress,L,,Fashion Hub Ltd,201.67,126.0,2
Camel Espadrille,XS,Footwear,Atelier Nord,136.72,44.0,2
Blush Tank Top,XL,Tops,Atelier Nord,186.19,79.0,2
Camel Ankle Boot,XXL,Footwear,Fashion Hub Ltd,239.15,49.0,2
Charcoal Ballet Flat,L,Footwear,Atelier Nord,136.0,2.0,2
Ivory Maxi Dress,L,,Atelier Nord,186.93,,1
Camel Wrap Dress,L,,,77.72,,1
Ivory Wool Peacoat,M,Outerwear,Atelier Nord,183.73,111.0,2
Cognac Skinny Jean,S,Bottoms,Textile World Co,45.52,92.0,2
Tan Heeled Mule,L,Footwear,Textile World Co,185.69,22.0,2
Charcoal Ankle Boot,S,Footwear,Atelier Nord,142.18,20.0,2
Camel Widebrim Hat,M,Accessories,Apparel Solutions,172.11,40.0,2
Emerald Buttonup Shirt,XS,Tops,Atelier Nord,197.95,138.0,2
Black Ankle Boot,XS,Footwear,Fashion Hub Ltd,281.9,70.0,2
Indigo Maxi Dress,XXL,,Textile World Co,46.29,,1
Indigo Leather Tote,XXL,Accessories,Apparel Solutions,42.36,106.0,2
Black Buttonup Shirt,XS,,,61.88,,1
Tan Skinny Jean,XXL,Bottoms,Fashion Hub Ltd,227.99,112.0,2
Tan Crewneck Tee,XS,Tops,Apparel Solutions,137.61,122.0,2
Tan Wrap Dress,M,Dresses,Textile World Co,74.55,114.0,2
Beige Crewneck Tee,L,Tops,Atelier Nord,253.21,12.0,2
Ivory Ballet Flat,M,,Apparel Solutions,213.31,,1
Tan Slip Dress,XXL,Dresses,Textile World Co,277.17,35.0,2
Charcoal Linen Pant,XXL,Bottoms,Apparel Solutions,149.04,98.0,2
White Blazer,S,,,64.55,,1
Camel Crewneck Tee,XS,Tops,Textile World Co,72.22,18.0,2
Tan Heeled Mule,XL,Footwear,Fashion Hub Ltd,222.54,8.0,2
Black Shift Dress,M,Dresses,Atelier Nord,276.16,98.0,2
Camel Chino Pant,S,Bottoms,Fashion Hub Ltd,107.49,73.0,2
White Silk Blouse,S,Tops,Atelier Nord,131.6,30.0,2
Camel Moto Jacket,L,Outerwear,Atelier Nord,121.96,22.0,2
White Silk Blouse,XL,,Textile World Co,213.96,,1
Cognac Moto Jacket,XS,Outerwear,Textile World Co,77.94,76.0,2
Indigo Statement Earrings,XS,Accessories,Apparel Solutions,34.43,3.0,2
Blush Blazer,S,Outerwear,Apparel Solutions,139.69,110.0,2
Black Maxi Dress,S,Dresses,Apparel Solutions,133.69,57.0,2
Beige Chino Pant,XL,Bottoms,Atelier Nord,150.1,40.0,2
Burgundy Vneck Sweater,S,Tops,Fashion Hub Ltd,185.35,94.0,2
Cognac Slip Dress,S,Dresses,Apparel Solutions,298.05,82.0,2
Blush Lowtop Sneaker,M,Footwear,Textile World Co,214.54,117.0,2
Burgundy Lowtop Sneaker,M,Footwear,Textile World Co,228.56,92.0,2
Blush Puffer Vest,S,Outerwear,Apparel Solutions,203.64,64.0,2
Beige Crossbody Bag,XS,Accessories,Atelier Nord,150.15,80.0,2
White Wideleg Trouser,M,Bottoms,Fashion Hub Ltd,30.44,17.0,2
Beige Tank Top,XXL,Tops,Apparel Solutions,104.47,61.0,2
Beige Denim Short,XL,Bottoms,Apparel Solutions,294.75,90.0,2
Beige Chino Pant,S,Bottoms,Textile World Co,274.32,71.0,2
White Wideleg Trouser,XS,,Atelier Nord,228.04,,1
Indigo Crossbody Bag,XL,Accessories,Apparel Solutions,117.82,126.0,2
Indigo Statement Earrings,S,Accessories,Atelier Nord,80.98,80.0,2
Tan Moto Jacket,XL,Outerwear,Textile World Co,126.55,139.0,2
Ivory Wool Peacoat,XL,Outerwear,Fashion Hub Ltd,86.07,35.0,2
Beige Turtleneck,XXL,Tops,Fashion Hub Ltd,37.33,25.0,2
White Denim Short,L,Bottoms,Apparel Solutions,262.92,39.0,2
Indigo Crewneck Tee,S,Tops,Textile World Co,32.34,39.0,2
Cognac Puffer Vest,XXL,Outerwear,Atelier Nord,287.96,119.0,2
Emerald Denim Short,S,Bottoms,Fashion Hub Ltd,80.16,94.0,2
Charcoal Maxi Dress,XS,Dresses,Textile World Co,192.71,18.0,2
Camel Chino Pant,L,Bottoms,Atelier Nord,162.57,119.0,2
Ivory Chino Pant,L,,,94.73,,1
Ivory Vneck Sweater,XXL,Tops,Apparel Solutions,35.97,130.0,2
Camel Ballet Flat,M,Footwear,Fashion Hub Ltd,247.69,25.0,2
Cognac Chino Pant,XL,Bottoms,Apparel Solutions,314.67,61.0,2
Emerald Woven Belt,M,,,205.39,,1
Tan Linen Pant,XXL,Bottoms,Apparel Solutions,151.94,62.0,2
Emerald Cardigan,M,Tops,Apparel Solutions,301.03,76.0,2
Indigo Lowtop Sneaker,L,Footwear,Textile World Co,104.39,38.0,2
Blush Denim Short,XL,Bottoms,Atelier Nord,180.05,25.0,2
Ivory Crewneck Tee,XL,Tops,Atelier Nord,137.22,35.0,2
Blush Pleated Skirt,XS,Bottoms,Fashion Hub Ltd,324.51,21.0,2
Camel Slip Dress,XL,Dresses,Fashion Hub Ltd,271.08,72.0,2
Charcoal Puffer Vest,XXL,Outerwear,Apparel Solutions,143.09,86.0,2
Emerald Linen Pant,L,Bottoms,Apparel Solutions,307.89,78.0,2
Charcoal Midi Dress,L,Dresses,Textile World Co,229.01,15.0,2
Blush Shirt Dress,XL,Dresses,Textile World Co,233.68,111.0,2
Indigo Pleated Skirt,XS,Bottoms,Atelier Nord,280.15,99.0,2
Charcoal Silk Blouse,XL,Tops,Atelier Nord,308.83,51.0,2
Burgundy Statement Earrings,XL,Accessories,Apparel Solutions,101.92,93.0,2
Charcoal Loafer,L,Footwear,Fashion Hub Ltd,154.68,140.0,2
Tan Shift Dress,XS,Dresses,Textile World Co,223.99,58.0,2
Indigo Moto Jacket,XS,Outerwear,Fashion Hub Ltd,262.66,70.0,2
Cognac Lowtop Sneaker,XXL,,,245.01,,1
Blush Espadrille,S,Footwear,Textile World Co,22.09,109.0,2
Tan Woven Belt,M,Accessories,Atelier Nord,145.19,109.0,2
Blush Leather Tote,XS,Accessories,Apparel Solutions,170.7,138.0,2
White Espadrille,XS,Footwear,Textile World Co,278.92,0.0,2
Black Shirt Dress,XL,Dresses,Fashion Hub Ltd,311.67,41.0,2
White Midi Skirt,XL,Bottoms,Fashion Hub Ltd,191.99,121.0,2
White Maxi Dress,XL,,,43.58,,1
Beige Denim Short,XL,,Fashion Hub Ltd,129.25,,1
Beige Vneck Sweater,XS,Tops,Fashion Hub Ltd,285.94,10.0,2
Cognac Maxi Dress,XS,Dresses,Apparel Solutions,65.79,53.0,2
Ivory Midi Dress,XXL,Dresses,Fashion Hub Ltd,203.07,4.0,2
Burgundy Linen Pant,S,Bottoms,Textile World Co,238.76,120.0,2
Tan Moto Jacket,XL,Outerwear,Apparel Solutions,187.14,60.0,2
Black Lowtop Sneaker,L,Footwear,Textile World Co,113.44,99.0,2
Blush Ballet Flat,S,Footwear,Atelier Nord,307.7,112.0,2
Black Heeled Mule,XS,Footwear,Atelier Nord,201.51,64.0,2
Ivory Denim Short,XXL,Bottoms,Fashion Hub Ltd,255.08,63.0,2
White Pleated Skirt,XL,Bottoms,Fashion Hub Ltd,213.01,18.0,2
Indigo Twill Scarf,XS,Accessories,Apparel Solutions,82.28,36.0,2
White Statement Earrings,M,,Apparel Solutions,315.67,87.0,2
Camel Espadrille,L,Footwear,Textile World Co,284.17,37.0,2
Charcoal Wool Peacoat,XXL,,Textile World Co,169.13,,1
Black Buttonup Shirt,L,Tops,Atelier Nord,66.61,15.0,2
Blush Heeled Mule,M,Footwear,Textile World Co,152.89,70.0,2
Emerald Linen Pant,L,Bottoms,Textile World Co,325.16,138.0,2
Camel Widebrim Hat,XXL,Accessories,Atelier Nord,24.11,21.0,2
White Wideleg Trouser,XXL,Bottoms,Apparel Solutions,191.0,103.0,2
Beige Denim Jacket,S,,Textile World Co,116.23,74.0,2
Cognac Trench Coat,M,Outerwear,Atelier Nord,86.56,4.0,2
Cognac Denim Jacket,XXL,,Fashion Hub Ltd,49.08,140.0,2
Charcoal Tank Top,XL,Tops,Fashion Hub Ltd,46.14,64.0,2
Burgundy Loafer,XXL,Footwear,Textile World Co,31.41,70.0,2
Indigo Midi Skirt,M,Bottoms,Fashion Hub Ltd,45.24,58.0,2
Ivory Wideleg Trouser,M,,Atelier Nord,36.6,,1
Ivory Crossbody Bag,XXL,Accessories,Fashion Hub Ltd,239.42,40.0,2
Ivory Moto Jacket,M,Outerwear,Fashion Hub Ltd,175.2,120.0,2
Charcoal Silk Blouse,XS,Tops,Textile World Co,219.36,111.0,2
Tan Loafer,XL,Footwear,Textile World Co,306.9,108.0,2
Ivory Midi Skirt,S,Bottoms,Fashion Hub Ltd,166.93,154.0,2
Cognac Denim Short,XS,Bottoms,Apparel Solutions,174.43,23.0,2
Cognac Shift Dress,S,Dresses,Textile World Co,30.86,111.0,2
Tan Blazer,XL,Outerwear,Fashion Hub Ltd,238.76,74.0,2
Camel Linen Pant,M,,Fashion Hub Ltd,133.9,,1
Burgundy Crewneck Tee,XS,Tops,Fashion Hub Ltd,116.03,20.0,2
Emerald Leather Tote,XS,Accessories,Atelier Nord,185.72,137.0,2
Ivory Silk Blouse,M,Tops,Fashion Hub Ltd,114.36,120.0,2
Indigo Lowtop Sneaker,L,Footwear,Fashion Hub Ltd,89.8,49.0,2
Charcoal Slip Dress,M,,Apparel Solutions,233.08,,1
Beige Midi Skirt,L,,Fashion Hub Ltd,191.04,,1
Indigo Moto Jacket,S,Outerwear,Textile World Co,142.59,117.0,2
Tan Buttonup Shirt,XXL,Tops,Apparel Solutions,308.74,45.0,2
Charcoal Denim Jacket,XL,Outerwear,Textile World Co,103.27,48.0,2
Indigo Twill Scarf,M,Accessories,Textile World Co,64.08,18.0,2
Beige Crossbody Bag,XXL,Accessories,Apparel Solutions,238.32,147.0,2
Camel Skinny Jean,M,Bottoms,Fashion Hub Ltd,157.95,0.0,2
Ivory Wrap Dress,L,Dresses,Textile World Co,140.49,94.0,2
Ivory Espadrille,M,Footwear,Textile World Co,186.85,0.0,2
Tan Shirt Dress,XS,Dresses,Apparel Solutions,193.08,55.0,2
Cognac Midi Dress,M,Dresses,Apparel Solutions,294.28,31.0,2
Ivory Leather Tote,XS,Accessories,Fashion Hub Ltd,46.34,127.0,2
Burgundy Puffer Vest,XL,Outerwear,Fashion Hub Ltd,49.82,54.0,2
Beige Midi Skirt,XL,Bottoms,Fashion Hub Ltd,92.13,96.0,2
Beige Moto Jacket,XXL,Outerwear,Textile World Co,137.76,88.0,2
Camel Vneck Sweater,XL,Tops,Fashion Hub Ltd,265.92,134.0,2
White Ballet Flat,XL,Footwear,Apparel Solutions,87.13,106.0,2
Black Wool Peacoat,XL,Outerwear,Textile World Co,153.86,104.0,2
Burgundy Midi Skirt,S,Bottoms,Textile World Co,197.53,129.0,2
Emerald Turtleneck,M,,Apparel Solutions,116.23,,1
Burgundy Wrap Dress,XXL,Dresses,Apparel Solutions,56.47,137.0,2
Indigo Pleated Skirt,L,Bottoms,Fashion Hub Ltd,210.4,9.0,2
Charcoal Midi Skirt,M,Bottoms,Apparel Solutions,125.05,122.0,2
Indigo Lowtop Sneaker,XL,Footwear,Fashion Hub Ltd,212.7,124.0,2
Indigo Lowtop Sneaker,XS,Footwear,Textile World Co,121.16,95.0,2
Beige Tank Top,XL,Tops,Fashion Hub Ltd,260.2,73.0,2
White Slip Dress,M,Dresses,Fashion Hub Ltd,252.78,79.0,2
Blush Lowtop Sneaker,XXL,Footwear,Apparel Solutions,173.02,133.0,2
Burgundy Silk Blouse,XL,Tops,Atelier Nord,121.34,140.0,2
Beige Chino Pant,M,Bottoms,Textile World Co,190.02,53.0,2
Beige Heeled Mule,L,Footwear,Apparel Solutions,188.41,21.0,2
Tan Ballet Flat,XS,Footwear,Fashion Hub Ltd,271.79,42.0,2
Black Skinny Jean,XXL,Bottoms,Atelier Nord,204.21,88.0,2
Indigo Vneck Sweater,XL,Tops,Textile World Co,40.62,40.0,2
Black Ballet Flat,XS,Footwear,Fashion Hub Ltd,129.12,14.0,2
Emerald Henley,L,,Apparel Solutions,137.86,,1
Burgundy Vneck Sweater,L,Tops,Atelier Nord,295.46,12.0,2
White Ballet Flat,S,Footwear,Textile World Co,79.29,59.0,2
Blush Pleated Skirt,XXL,Bottoms,Textile World Co,82.09,102.0,2
Beige Vneck Sweater,S,Tops,Fashion Hub Ltd,135.66,56.0,2
Black Ballet Flat,S,Footwear,Atelier Nord,106.68,11.0,2
Camel Cardigan,M,Tops,Fashion Hub Ltd,90.19,52.0,2
Indigo Wrap Dress,L,Dresses,Fashion Hub Ltd,242.52,118.0,2
Beige Henley,XL,Tops,Textile World Co,63.56,49.0,2
Ivory Heeled Mule,XL,Footwear,Apparel Solutions,153.18,125.0,2
White Lowtop Sneaker,XL,Footwear,Textile World Co,250.75,81.0,2
Charcoal Tank Top,XL,Tops,Atelier Nord,307.66,5.0,2
Black Midi Skirt,M,,Fashion Hub Ltd,134.27,,1
Indigo Buttonup Shirt,XL,Tops,Textile World Co,240.45,140.0,2
Cognac Ankle Boot,XL,,Apparel Solutions,86.92,,1
Charcoal Statement Earrings,XXL,Accessories,Atelier Nord,312.11,64.0,2
Ivory Shirt Dress,M,,,271.76,,1
Emerald Heeled Mule,L,,,74.26,,1
Cognac Pleated Skirt,XL,Bottoms,Textile World Co,124.93,9.0,2
Blush Leather Tote,XS,,,284.94,,1
Ivory Twill Scarf,M,,,255.13,,1
Beige Pleated Skirt,M,Bottoms,Textile World Co,213.12,34.0,2
Beige Denim Short,XS,,,144.31,,1
Blush Leather Tote,XL,Accessories,Apparel Solutions,97.41,129.0,2
Camel Woven Belt,S,Accessories,Fashion Hub Ltd,140.58,78.0,2
Black Wrap Dress,XL,,,254.77,,1
Camel Twill Scarf,XS,Accessories,Fashion Hub Ltd,141.75,45.0,2
Cognac Puffer Vest,XS,Outerwear,Atelier Nord,188.0,21.0,2
Indigo Ballet Flat,S,,,292.34,,1
Tan Shirt Dress,M,Dresses,Apparel Solutions,244.22,98.0,2
Burgundy Vneck Sweater,L,Tops,Apparel Solutions,24.95,0.0,2
Camel Silk Blouse,M,Tops,Textile World Co,189.47,59.0,2
Blush Tank Top,L,Tops,Fashion Hub Ltd,218.46,108.0,2
Tan Leather Tote,XS,Accessories,Apparel Solutions,120.07,133.0,2
Indigo Heeled Mule,XL,Footwear,Atelier Nord,60.62,56.0,2
Ivory Turtleneck,XXL,Tops,Fashion Hub Ltd,241.09,48.0,2
Charcoal Silk Blouse,XL,Tops,Textile World Co,228.47,1.0,2
Camel Chino Pant,L,Bottoms,Textile World Co,79.17,118.0,2
Emerald Silk Blouse,L,Tops,Fashion Hub Ltd,250.73,109.0,2
Emerald Pleated Skirt,L,Bottoms,Apparel Solutions,98.03,92.0,2
Emerald Woven Belt,S,,,66.98,,1
White Denim Short,XL,Bottoms,Atelier Nord,134.58,61.0,2
Black Cardigan,XL,Tops,Textile World Co,145.43,17.0,2
White Trench Coat,L,Outerwear,Textile World Co,191.53,64.0,2
Ivory Widebrim Hat,XS,,,75.68,,1
Charcoal Loafer,XXL,,Atelier Nord,287.02,,1
Charcoal Lowtop Sneaker,S,Footwear,Apparel Solutions,216.86,62.0,2
Ivory Woven Belt,XL,Accessories,Textile World Co,42.25,7.0,2
Black Wideleg Trouser,XS,,,248.87,,1
Cognac Crossbody Bag,XL,Accessories,Atelier Nord,123.16,53.0,2
Burgundy Statement Earrings,M,Accessories,Apparel Solutions,73.84,121.0,2
Beige Twill Scarf,XL,Accessories,Apparel Solutions,51.28,17.0,2
Burgundy Lowtop Sneaker,XL,,,225.53,,1
Camel Chino Pant,XXL,Bottoms,Textile World Co,35.76,50.0,2
White Wideleg Trouser,XXL,Bottoms,Atelier Nord,139.77,26.0,2
Beige Vneck Sweater,XXL,Tops,Fashion Hub Ltd,124.31,87.0,2
White Midi Dress,XS,Dresses,Apparel Solutions,24.79,110.0,2
White Crossbody Bag,XXL,Accessories,Fashion Hub Ltd,149.18,54.0,2
Blush Slip Dress,XL,Dresses,Apparel Solutions,132.72,33.0,2
White Buttonup Shirt,XXL,Tops,Textile World Co,25.75,123.0,2
Blush Moto Jacket,XL,,Textile World Co,160.94,126.0,2
Beige Silk Blouse,XL,Tops,Fashion Hub Ltd,152.53,21.0,2
Emerald Tank Top,XL,Tops,Apparel Solutions,130.06,108.0,2
White Moto Jacket,XS,,Fashion Hub Ltd,244.04,,1
Burgundy Vneck Sweater,XXL,Tops,Apparel Solutions,154.91,37.0,2
Blush Vneck Sweater,XXL,Tops,Fashion Hub Ltd,155.09,38.0,2
Ivory Midi Skirt,XXL,Bottoms,Atelier Nord,23.41,14.0,2
Burgundy Ankle Boot,XL,Footwear,Apparel Solutions,196.25,80.0,2
White Statement Earrings,M,Accessories,Textile World Co,31.8,128.0,2
Tan Ballet Flat,XL,Footwear,Atelier Nord,297.81,101.0,2
Tan Heeled Mule,XS,Footwear,Atelier Nord,114.17,74.0,2
White Denim Jacket,S,,Textile World Co,174.55,,1
Black Leather Tote,S,Accessories,Atelier Nord,167.4,117.0,2
Blush Turtleneck,XXL,Tops,Atelier Nord,296.37,28.0,2
Indigo Ankle Boot,L,Footwear,Apparel Solutions,163.37,23.0,2
Tan Denim Short,L,Bottoms,Textile World Co,161.11,105.0,2
Tan Puffer Vest,S,Outerwear,Textile World Co,166.44,57.0,2
White Ballet Flat,L,Footwear,Textile World Co,189.01,91.0,2
Charcoal Midi Dress,XS,Dresses,Apparel Solutions,114.69,130.0,2
Charcoal Twill Scarf,XXL,,Apparel Solutions,99.5,106.0,2
Cognac Slip Dress,XL,Dresses,Fashion Hub Ltd,254.89,0.0,2
Cognac Wool Peacoat,L,Outerwear,Textile World Co,230.44,101.0,2
Black Denim Jacket,M,Outerwear,Atelier Nord,96.89,3.0,2
Indigo Shift Dress,M,Dresses,Atelier Nord,246.51,87.0,2
Indigo Ankle Boot,S,Footwear,Textile World Co,207.99,94.0,2
Ivory Denim Jacket,XXL,Outerwear,Textile World Co,259.54,113.0,2
White Wrap Dress,L,Dresses,Apparel Solutions,140.49,88.0,2
Burgundy Crewneck Tee,XXL,Tops,Atelier Nord,67.47,45.0,2
Camel Wideleg Trouser,S,Bottoms,Atelier Nord,212.17,122.0,2
Camel Slip Dress,XL,Dresses,Atelier Nord,215.16,67.0,2
White Ankle Boot,L,,Atelier Nord,166.39,,1
Charcoal Ballet Flat,XXL,,Atelier Nord,119.64,111.0,2
Blush Crossbody Bag,XXL,Accessories,Textile World Co,166.04,19.0,2
Tan Wideleg Trouser,M,Bottoms,Textile World Co,166.02,18.0,2
Indigo Loafer,XXL,Footwear,Textile World Co,264.39,121.0,2
Tan Twill Scarf,XL,Accessories,Fashion Hub Ltd,260.75,17.0,2
Charcoal Puffer Vest,M,Outerwear,Textile World Co,100.03,58.0,2
White Widebrim Hat,XS,Accessories,Apparel Solutions,91.93,31.0,2
Beige Loafer,L,Footwear,Textile World Co,281.19,15.0,2
Beige Maxi Dress,XXL,Dresses,Textile World Co,275.09,26.0,2
Cognac Widebrim Hat,XXL,,,233.44,,1
Cognac Wideleg Trouser,XXL,Bottoms,Textile World Co,196.97,31.0,2
Burgundy Ankle Boot,XL,Footwear,Textile World Co,67.58,31.0,2
Ivory Crewneck Tee,S,Tops,Textile World Co,283.63,11.0,2
Indigo Widebrim Hat,L,Accessories,Atelier Nord,131.99,21.0,2
Beige Espadrille,XXL,Footwear,Atelier Nord,233.26,28.0,2
Emerald Ankle Boot,M,Footwear,Atelier Nord,247.57,155.0,2
Black Tank Top,XXL,Tops,Fashion Hub Ltd,167.0,99.0,2
White Wrap Dress,XS,Dresses,Atelier Nord,181.32,76.0,2
Burgundy Vneck Sweater,S,,,18.3,,1
Indigo Wrap Dress,XL,Dresses,Apparel Solutions,263.96,120.0,2
Black Loafer,M,Footwear,Textile World Co,157.19,140.0,2
Ivory Slip Dress,L,,,68.06,,1
Blush Ankle Boot,XS,Footwear,Apparel Solutions,261.26,109.0,2
Blush Slip Dress,XS,Dresses,Atelier Nord,96.68,74.0,2
Tan Espadrille,XL,Footwear,Textile World Co,93.05,103.0,2
White Loafer,L,Footwear,Fashion Hub Ltd,237.94,67.0,2
Emerald Wrap Dress,S,Dresses,Textile World Co,127.79,65.0,2
Emerald Wrap Dress,XS,Dresses,Fashion Hub Ltd,216.93,7.0,2
Beige Cardigan,M,Tops,Fashion Hub Ltd,19.5,123.0,2
Ivory Wool Peacoat,XL,Outerwear,Apparel Solutions,82.6,126.0,2
Burgundy Cardigan,XS,,Textile World Co,320.55,51.0,2
White Slip Dress,S,Dresses,Fashion Hub Ltd,29.04,86.0,2
Cognac Pleated Skirt,XXL,Bottoms,Atelier Nord,180.0,46.0,2
Burgundy Moto Jacket,L,Outerwear,Atelier Nord,120.73,140.0,2
Tan Chino Pant,M,Bottoms,Atelier Nord,300.52,138.0,2
Black Shift Dress,L,Dresses,Atelier Nord,296.25,12.0,2
Indigo Twill Scarf,XXL,Accessories,Apparel Solutions,162.91,80.0,2
White Shirt Dress,XXL,Dresses,Textile World Co,314.07,62.0,2
Indigo Midi Skirt,XXL,Bottoms,Fashion Hub Ltd,41.13,28.0,2
Black Crewneck Tee,L,Tops,Apparel Solutions,307.25,55.0,2
Indigo Turtleneck,XS,Tops,Apparel Solutions,36.78,138.0,2
White Widebrim Hat,S,Accessories,Apparel Solutions,154.94,46.0,2
Beige Cardigan,L,,Fashion Hub Ltd,40.25,,1
Ivory Statement Earrings,XXL,Accessories,Textile World Co,223.73,73.0,2
Blush Espadrille,S,Footwear,Fashion Hub Ltd,18.59,125.0,2
Blush Trench Coat,M,Outerwear,Fashion Hub Ltd,85.67,89.0,2
Beige Linen Pant,XXL,Bottoms,Textile World Co,81.7,56.0,2
White Wrap Dress,XS,Dresses,Fashion Hub Ltd,188.49,107.0,2
Blush Twill Scarf,S,Accessories,Fashion Hub Ltd,194.34,138.0,2
Camel Puffer Vest,S,Outerwear,Fashion Hub Ltd,62.96,29.0,2
Emerald Denim Jacket,S,Outerwear,Textile World Co,203.79,1.0,2
Burgundy Denim Short,XL,Bottoms,Atelier Nord,111.34,101.0,2
Charcoal Midi Skirt,L,Bottoms,Textile World Co,256.53,31.0,2
Cognac Shift Dress,S,Dresses,Fashion Hub Ltd,95.31,118.0,2
Charcoal Cardigan,XL,Tops,Apparel Solutions,142.1,140.0,2
Tan Wrap Dress,XS,Dresses,Textile World Co,69.33,122.0,2
Ivory Leather Tote,XXL,Accessories,Textile World Co,93.39,22.0,2
Ivory Statement Earrings,S,Accessories,Textile World Co,81.2,123.0,2
Burgundy Midi Dress,XS,Dresses,Textile World Co,130.14,49.0,2
Emerald Denim Jacket,M,Outerwear,Atelier Nord,274.27,100.0,2
Burgundy Statement Earrings,XS,Accessories,Atelier Nord,107.42,20.0,2
Blush Crewneck Tee,L,,Apparel Solutions,298.78,,1
Black Denim Jacket,L,Outerwear,Textile World Co,142.57,39.0,2
Indigo Loafer,M,Footwear,Apparel Solutions,88.19,73.0,2
Ivory Chino Pant,L,Bottoms,Fashion Hub Ltd,58.79,50.0,2
Indigo Midi Skirt,XXL,Bottoms,Textile World Co,296.02,87.0,2
Burgundy Wideleg Trouser,M,Bottoms,Atelier Nord,313.72,47.0,2
Blush Twill Scarf,XL,Accessories,Textile World Co,87.53,66.0,2
Blush Moto Jacket,XXL,Outerwear,Apparel Solutions,119.29,123.0,2
Burgundy Espadrille,M,Footwear,Apparel Solutions,203.78,92.0,2
Charcoal Cardigan,M,,Textile World Co,40.22,,1
Ivory Tank Top,L,Tops,Textile World Co,116.94,95.0,2
Camel Denim Jacket,L,Outerwear,Textile World Co,53.77,61.0,2
Charcoal Loafer,S,Footwear,Textile World Co,297.57,29.0,2
Ivory Ballet Flat,S,Footwear,Fashion Hub Ltd,41.63,134.0,2
Blush Buttonup Shirt,S,Tops,Textile World Co,111.53,71.0,2
Blush Statement Earrings,S,Accessories,Atelier Nord,299.49,17.0,2
Burgundy Blazer,S,Outerwear,Apparel Solutions,87.73,58.0,2
White Chino Pant,M,Bottoms,Textile World Co,204.77,77.0,2
Ivory Tank Top,XS,Tops,Fashion Hub Ltd,84.34,98.0,2
Black Blazer,XL,Outerwear,Apparel Solutions,217.91,58.0,2
Blush Twill Scarf,XS,Accessories,Atelier Nord,303.15,68.0,2
Blush Tank Top,L,Tops,Apparel Solutions,52.24,18.0,2
Emerald Skinny Jean,XS,Bottoms,Textile World Co,23.8,43.0,2
Cognac Denim Jacket,XL,Outerwear,Atelier Nord,138.7,133.0,2
Ivory Skinny Jean,L,Bottoms,Atelier Nord,294.99,59.0,2
Ivory Lowtop Sneaker,L,,Atelier Nord,219.34,,1
Tan Midi Skirt,S,,,79.63,,1
Emerald Tank Top,L,Tops,Apparel Solutions,316.34,106.0,2
Camel Denim Jacket,M,,Atelier Nord,171.13,,1
Burgundy Maxi Dress,XS,Dresses,Apparel Solutions,271.54,12.0,2
Tan Vneck Sweater,XL,Tops,Apparel Solutions,60.56,97.0,2
Black Midi Dress,XXL,Dresses,Apparel Solutions,174.68,0.0,2
Burgundy Shift Dress,S,Dresses,Apparel Solutions,226.36,7.0,2
Indigo Slip Dress,S,,Atelier Nord,236.96,,1
Ivory Henley,XS,,Textile World Co,52.46,,1
Beige Maxi Dress,S,Dresses,Textile World Co,28.67,2.0,2
Charcoal Widebrim Hat,XL,Accessories,Fashion Hub Ltd,194.04,3.0,2
Cognac Wool Peacoat,XXL,Outerwear,Atelier Nord,74.57,72.0,2
Black Crossbody Bag,XL,Accessories,Atelier Nord,312.74,20.0,2
Indigo Woven Belt,L,Accessories,Textile World Co,147.25,47.0,2
Tan Trench Coat,XXL,Outerwear,Textile World Co,28.04,63.0,2
Camel Maxi Dress,S,Dresses,Apparel Solutions,141.92,27.0,2
Black Ankle Boot,XL,Footwear,Apparel Solutions,160.72,36.0,2
Emerald Crossbody Bag,M,Accessories,Fashion Hub Ltd,160.25,41.0,2
Cognac Wideleg Trouser,XL,Bottoms,Apparel Solutions,221.19,86.0,2
Black Lowtop Sneaker,S,Footwear,Fashion Hub Ltd,58.05,102.0,2
Camel Turtleneck,XXL,Tops,Textile World Co,65.54,138.0,2
Camel Leather Tote,XS,Accessories,Apparel Solutions,34.47,105.0,2
Cognac Shirt Dress,L,Dresses,Fashion Hub Ltd,280.71,21.0,2
Tan Crossbody Bag,S,,,169.92,,1
Beige Pleated Skirt,XS,Bottoms,Apparel Solutions,134.62,136.0,2
Cognac Woven Belt,XXL,Accessories,Textile World Co,307.52,123.0,2
White Pleated Skirt,XL,Bottoms,Apparel Solutions,224.63,45.0,2
White Shirt Dress,L,,Fashion Hub Ltd,70.74,36.0,2
Camel Blazer,S,Outerwear,Textile World Co,185.59,40.0,2
Camel Tank Top,S,Tops,Textile World Co,53.14,45.0,2
Black Maxi Dress,M,Dresses,Atelier Nord,171.5,84.0,2
Blush Espadrille,XS,Footwear,Apparel Solutions,74.4,111.0,2
Burgundy Slip Dress,S,Dresses,Atelier Nord,149.94,58.0,2
Beige Woven Belt,XXL,,Textile World Co,62.31,,1
Indigo Tank Top,S,Tops,Fashion Hub Ltd,63.56,69.0,2
Tan Leather Tote,L,Accessories,Textile World Co,258.57,75.0,2
Indigo Skinny Jean,L,,,115.42,,1
Tan Ankle Boot,XXL,Footwear,Apparel Solutions,47.64,52.0,2
Ivory Slip Dress,L,Dresses,Atelier Nord,120.67,117.0,2
Beige Vneck Sweater,XS,Tops,Apparel Solutions,98.52,129.0,2
Emerald Loafer,L,Footwear,Atelier Nord,140.05,80.0,2
White Shirt Dress,XL,,Atelier Nord,230.68,55.0,2
Beige Midi Dress,M,Dresses,Textile World Co,252.61,21.0,2
Black Crewneck Tee,M,Tops,Textile World Co,239.99,138.0,2
Ivory Espadrille,L,,Textile World Co,211.53,,1
Charcoal Trench Coat,S,Outerwear,Textile World Co,273.14,128.0,2
White Shirt Dress,XXL,,Atelier Nord,71.06,116.0,2
Cognac Chino Pant,M,Bottoms,Fashion Hub Ltd,18.45,19.0,2
Burgundy Widebrim Hat,XS,Accessories,Atelier Nord,86.07,48.0,2
Burgundy Denim Short,M,Bottoms,Apparel Solutions,213.59,45.0,2
Burgundy Twill Scarf,XXL,,Textile World Co,232.48,,1
Cognac Crossbody Bag,L,Accessories,Textile World Co,200.87,90.0,2
Blush Silk Blouse,L,Tops,Textile World Co,109.94,129.0,2
Emerald Shirt Dress,S,Dresses,Atelier Nord,124.56,77.0,2
Beige Puffer Vest,L,Outerwear,Atelier Nord,24.37,0.0,2
Camel Heeled Mule,XXL,Footwear,Atelier Nord,95.06,90.0,2
Camel Loafer,L,Footwear,Apparel Solutions,39.11,138.0,2
Camel Loafer,XS,Footwear,Atelier Nord,159.44,73.0,2
Ivory Crewneck Tee,L,Tops,Textile World Co,304.04,10.0,2
Charcoal Loafer,XL,Footwear,Atelier Nord,153.68,34.0,2
Black Wrap Dress,XS,,Textile World Co,32.99,,1
White Wool Peacoat,XL,Outerwear,Apparel Solutions,252.36,44.0,2
Tan Puffer Vest,M,Outerwear,Atelier Nord,169.97,29.0,2
Black Blazer,XXL,Outerwear,Fashion Hub Ltd,174.82,52.0,2
Camel Pleated Skirt,M,Bottoms,Apparel Solutions,58.3,11.0,2
Tan Wool Peacoat,M,,Atelier Nord,186.44,102.0,2
Camel Midi Dress,XS,,Atelier Nord,60.52,,1
Beige Shift Dress,XL,Dresses,Atelier Nord,250.47,35.0,2
Emerald Wool Peacoat,L,Outerwear,Apparel Solutions,176.92,83.0,2
Black Pleated Skirt,L,,Fashion Hub Ltd,315.14,88.0,2
Indigo Leather Tote,S,Accessories,Textile World Co,302.52,17.0,2
Tan Slip Dress,XL,Dresses,Textile World Co,206.78,82.0,2
Cognac Woven Belt,M,Accessories,Textile World Co,71.31,78.0,2
Charcoal Maxi Dress,M,Dresses,Textile World Co,125.36,43.0,2
Burgundy Puffer Vest,XXL,Outerwear,Apparel Solutions,52.62,118.0,2
Charcoal Heeled Mule,XS,Footwear,Apparel Solutions,267.85,111.0,2
Beige Heeled Mule,XS,Footwear,Apparel Solutions,101.16,101.0,2
Tan Midi Skirt,XXL,Bottoms,Apparel Solutions,69.03,10.0,2
Tan Lowtop Sneaker,XL,Footwear,Atelier Nord,197.63,118.0,2
Cognac Slip Dress,M,Dresses,Apparel Solutions,203.55,38.0,2
Ivory Vneck Sweater,XXL,Tops,Textile World Co,211.28,53.0,2
Blush Ankle Boot,M,Footwear,Textile World Co,189.61,97.0,2
Charcoal Lowtop Sneaker,M,Footwear,Fashion Hub Ltd,201.97,80.0,2
Camel Heeled Mule,S,Footwear,Apparel Solutions,121.19,62.0,2
Beige Moto Jacket,XS,,,280.48,,1
White Espadrille,XS,Footwear,Apparel Solutions,116.73,29.0,2
Charcoal Heeled Mule,L,Footwear,Atelier Nord,60.33,112.0,2
Beige Midi Skirt,XS,Bottoms,Fashion Hub Ltd,198.8,139.0,2
Cognac Midi Skirt,S,Bottoms,Atelier Nord,167.44,116.0,2
Beige Denim Short,L,Bottoms,Atelier Nord,141.55,87.0,2
Cognac Midi Dress,XS,,Atelier Nord,260.44,65.0,2
Emerald Midi Dress,L,Dresses,Textile World Co,143.04,130.0,2
Tan Buttonup Shirt,M,Tops,Apparel Solutions,153.75,135.0,2
Blush Shift Dress,XS,Dresses,Textile World Co,207.44,84.0,2
Black Shirt Dress,S,Dresses,Apparel Solutions,310.31,122.0,2
Cognac Ankle Boot,L,Footwear,Textile World Co,184.79,113.0,2
Blush Vneck Sweater,S,Tops,Atelier Nord,246.78,83.0,2
Ivory Chino Pant,M,Bottoms,Apparel Solutions,264.26,13.0,2
Charcoal Silk Blouse,XS,,Fashion Hub Ltd,236.72,,1
White Moto Jacket,XL,Outerwear,Fashion Hub Ltd,28.49,78.0,2
White Heeled Mule,XXL,Footwear,Atelier Nord,83.22,121.0,2
Beige Crewneck Tee,M,Tops,Textile World Co,133.17,106.0,2
Blush Crewneck Tee,L,Tops,Atelier Nord,198.39,7.0,2
Charcoal Henley,S,Tops,Apparel Solutions,293.88,3.0,2
White Henley,XXL,,Atelier Nord,165.72,47.0,2
Blush Buttonup Shirt,XXL,Tops,Apparel Solutions,243.83,28.0,2
Cognac Silk Blouse,XS,Tops,Atelier Nord,270.41,116.0,2
Indigo Midi Dress,XS,Dresses,Textile World Co,266.71,86.0,2
Charcoal Midi Dress,XL,Dresses,Apparel Solutions,245.52,36.0,2
Indigo Trench Coat,XL,,Fashion Hub Ltd,78.35,,1
Blush Statement Earrings,M,Accessories,Fashion Hub Ltd,87.38,33.0,2
Tan Moto Jacket,L,Outerwear,Apparel Solutions,237.31,9.0,2
Blush Pleated Skirt,XXL,Bottoms,Apparel Solutions,196.97,101.0,2
Indigo Espadrille,S,Footwear,Textile World Co,154.92,15.0,2
Camel Loafer,M,Footwear,Atelier Nord,136.74,122.0,2
Beige Cardigan,XXL,Tops,Textile World Co,138.81,32.0,2
Blush Midi Skirt,S,Bottoms,Apparel Solutions,178.49,130.0,2
Indigo Shift Dress,S,Dresses,Textile World Co,235.65,2.0,2
Blush Tank Top,XS,,,247.91,,1
Cognac Crewneck Tee,XL,Tops,Atelier Nord,93.55,72.0,2
Beige Loafer,XS,Footwear,Fashion Hub Ltd,95.04,98.0,2
Beige Crewneck Tee,XS,Tops,Atelier Nord,190.72,38.0,2
Tan Wideleg Trouser,L,Bottoms,Textile World Co,294.57,123.0,2
Camel Woven Belt,XL,Accessories,Fashion Hub Ltd,304.19,140.0,2
Cognac Vneck Sweater,XS,Tops,Apparel Solutions,45.72,94.0,2
Cognac Shift Dress,S,,,67.6,,1
Tan Woven Belt,XS,Accessories,Fashion Hub Ltd,128.86,82.0,2
Blush Trench Coat,XXL,Outerwear,Textile World Co,114.79,136.0,2
Black Maxi Dress,XS,,Apparel Solutions,41.46,,1
Indigo Buttonup Shirt,L,Tops,Fashion Hub Ltd,34.28,32.0,2
Burgundy Denim Short,XXL,Bottoms,Atelier Nord,39.14,22.0,2
Indigo Woven Belt,XS,Accessories,Fashion Hub Ltd,210.37,85.0,2
Emerald Tank Top,XXL,Tops,Textile World Co,315.77,79.0,2
Ivory Crossbody Bag,S,Accessories,Apparel Solutions,269.78,22.0,2
Black Denim Short,XXL,Bottoms,Textile World Co,125.03,9.0,2
Camel Pleated Skirt,S,Bottoms,Apparel Solutions,34.42,107.0,2
Cognac Crossbody Bag,S,Accessories,Fashion Hub Ltd,63.26,99.0,2
Camel Crossbody Bag,XL,Accessories,Apparel Solutions,66.59,65.0,2
Emerald Silk Blouse,S,Tops,Fashion Hub Ltd,216.31,98.0,2
Blush Midi Dress,XXL,,Apparel Solutions,170.21,128.0,2
White Linen Pant,XL,Bottoms,Apparel Solutions,195.89,109.0,2
Burgundy Vneck Sweater,L,,Fashion Hub Ltd,110.4,139.0,2
Emerald Turtleneck,S,Tops,Fashion Hub Ltd,231.35,129.0,2
Charcoal Crewneck Tee,S,Tops,Fashion Hub Ltd,319.89,51.0,2
Cognac Heeled Mule,XL,Footwear,Fashion Hub Ltd,42.25,70.0,2
Camel Turtleneck,L,,Fashion Hub Ltd,90.38,127.0,2
Tan Henley,XL,Tops,Atelier Nord,31.73,26.0,2
Blush Trench Coat,XXL,,Fashion Hub Ltd,171.14,66.0,2
Camel Espadrille,XXL,Footwear,Atelier Nord,182.78,84.0,2
Cognac Pleated Skirt,S,Bottoms,Fashion Hub Ltd,82.74,42.0,2
Emerald Espadrille,XL,Footwear,Fashion Hub Ltd,158.96,119.0,2
Emerald Turtleneck,XS,,Atelier Nord,49.91,7.0,2
White Widebrim Hat,XL,Accessories,Atelier Nord,294.04,39.0,2
Ivory Crewneck Tee,M,Tops,Fashion Hub Ltd,224.11,140.0,2
Cognac Maxi Dress,XS,Dresses,Fashion Hub Ltd,69.53,65.0,2
Beige Cardigan,XS,Tops,Atelier Nord,123.45,97.0,2
Camel Maxi Dress,L,Dresses,Atelier Nord,23.91,113.0,2
White Leather Tote,M,Accessories,Fashion Hub Ltd,236.26,104.0,2
Tan Wrap Dress,XL,Dresses,Apparel Solutions,282.47,34.0,2
Charcoal Silk Blouse,XL,Tops,Apparel Solutions,245.89,127.0,2
Blush Tank Top,M,Tops,Textile World Co,134.47,11.0,2
Indigo Shift Dress,XXL,Dresses,Apparel Solutions,186.74,108.0,2
Black Trench Coat,XL,Outerwear,Atelier Nord,53.3,109.0,2
Camel Wrap Dress,XL,Dresses,Apparel Solutions,232.31,46.0,2
Indigo Denim Jacket,M,Outerwear,Textile World Co,21.12,96.0,2
Camel Twill Scarf,XL,,,200.85,,1
Ivory Loafer,L,Footwear,Textile World Co,193.5,21.0,2
Ivory Midi Skirt,L,Bottoms,Textile World Co,282.19,33.0,2
Emerald Ankle Boot,XS,Footwear,Atelier Nord,111.88,71.0,2
Black Chino Pant,M,Bottoms,Fashion Hub Ltd,181.13,74.0,2
Ivory Wideleg Trouser,L,Bottoms,Atelier Nord,72.76,71.0,2
Black Denim Short,XL,Bottoms,Textile World Co,304.75,8.0,2
Burgundy Turtleneck,XL,,Textile World Co,57.5,40.0,2
Indigo Midi Skirt,XXL,Bottoms,Atelier Nord,150.09,84.0,2
Ivory Chino Pant,XL,Bottoms,Apparel Solutions,126.91,52.0,2
Camel Heeled Mule,XS,Footwear,Atelier Nord,241.65,105.0,2
Black Denim Short,S,Bottoms,Textile World Co,190.18,18.0,2
Ivory Wideleg Trouser,M,,Textile World Co,90.05,,1
Black Shift Dress,XS,Dresses,Textile World Co,321.19,72.0,2
Ivory Wrap Dress,XL,Dresses,Fashion Hub Ltd,152.76,85.0,2
Blush Heeled Mule,XL,Footwear,Textile World Co,298.63,30.0,2
Indigo Chino Pant,S,,Fashion Hub Ltd,162.13,,1
Emerald Turtleneck,M,Tops,Fashion Hub Ltd,197.75,46.0,2
Indigo Wool Peacoat,XS,Outerwear,Textile World Co,159.51,108.0,2
Camel Midi Dress,XS,Dresses,Textile World Co,135.91,27.0,2
Charcoal Shirt Dress,M,Dresses,Apparel Solutions,20.77,24.0,2
Beige Denim Jacket,L,Outerwear,Textile World Co,130.34,32.0,2
Camel Statement Earrings,S,Accessories,Textile World Co,316.31,121.0,2
Burgundy Silk Blouse,XS,Tops,Apparel Solutions,140.58,123.0,2
Emerald Cardigan,XXL,Tops,Atelier Nord,203.87,40.0,2
Ivory Midi Skirt,XL,Bottoms,Atelier Nord,123.56,102.0,2
Ivory Ankle Boot,M,Footwear,Atelier Nord,230.78,74.0,2
Cognac Wrap Dress,M,Dresses,Apparel Solutions,239.58,135.0,2
Ivory Widebrim Hat,M,Accessories,Atelier Nord,188.25,122.0,2
Black Trench Coat,XXL,Outerwear,Apparel Solutions,137.27,32.0,2
Beige Wrap Dress,L,Dresses,Textile World Co,187.97,44.0,2
Tan Wool Peacoat,XS,Outerwear,Fashion Hub Ltd,172.13,117.0,2
Charcoal Trench Coat,M,,,45.76,,1
Charcoal Midi Skirt,XXL,Bottoms,Fashion Hub Ltd,79.61,50.0,2
Burgundy Wrap Dress,S,Dresses,Atelier Nord,72.07,107.0,2
Camel Leather Tote,XL,Accessories,Apparel Solutions,73.21,10.0,2
Ivory Shirt Dress,XS,Dresses,Textile World Co,153.38,51.0,2
Indigo Denim Short,XXL,Bottoms,Apparel Solutions,37.48,0.0,2
Black Loafer,XS,Footwear,Textile World Co,113.6,19.0,2
Black Crossbody Bag,M,Accessories,Atelier Nord,267.27,105.0,2
Charcoal Buttonup Shirt,L,Tops,Apparel Solutions,101.11,117.0,2
Indigo Blazer,XS,Outerwear,Atelier Nord,214.47,89.0,2
Indigo Wool Peacoat,L,Outerwear,Textile World Co,166.28,100.0,2
Burgundy Slip Dress,XL,,Fashion Hub Ltd,305.0,,1
Burgundy Wrap Dress,L,,Atelier Nord,24.54,,1
Indigo Widebrim Hat,M,Accessories,Textile World Co,166.99,84.0,2
Burgundy Blazer,L,Outerwear,Fashion Hub Ltd,141.34,52.0,2
White Loafer,XXL,Footwear,Textile World Co,128.17,39.0,2
Beige Wool Peacoat,M,Outerwear,Textile World Co,202.1,74.0,2
Burgundy Turtleneck,XXL,Tops,Textile World Co,313.47,22.0,2
Camel Pleated Skirt,XXL,Bottoms,Fashion Hub Ltd,52.08,76.0,2
Indigo Loafer,L,Footwear,Fashion Hub Ltd,322.45,45.0,2
Ivory Henley,XL,Tops,Apparel Solutions,306.85,47.0,2
Tan Crossbody Bag,M,Accessories,Fashion Hub Ltd,40.16,138.0,2
Tan Puffer Vest,XS,Outerwear,Atelier Nord,273.8,43.0,2
Beige Turtleneck,XS,Tops,Atelier Nord,35.02,44.0,2
Black Silk Blouse,XXL,Tops,Apparel Solutions,262.58,36.0,2
Blush Linen Pant,S,Bottoms,Atelier Nord,197.66,23.0,2
Burgundy Denim Jacket,XS,,,201.15,,1
Camel Midi Skirt,S,,,113.29,,1
Charcoal Shift Dress,XXL,,Atelier Nord,100.01,,1
Blush Heeled Mule,M,Footwear,Fashion Hub Ltd,222.26,102.0,2
Cognac Woven Belt,XL,Accessories,Textile World Co,54.28,115.0,2
Black Chino Pant,L,Bottoms,Atelier Nord,277.38,139.0,2
Indigo Denim Jacket,XS,Outerwear,Atelier Nord,181.8,100.0,2
Indigo Pleated Skirt,XL,Bottoms,Textile World Co,196.6,140.0,2
Camel Moto Jacket,XS,Outerwear,Textile World Co,56.53,44.0,2
Beige Midi Skirt,XS,Bottoms,Textile World Co,223.26,103.0,2
Beige Midi Skirt,XXL,Bottoms,Fashion Hub Ltd,306.12,78.0,2
Beige Slip Dress,L,,Textile World Co,299.58,139.0,2
Indigo Tank Top,XL,Tops,Textile World Co,238.56,7.0,2
Beige Cardigan,M,Tops,Atelier Nord,64.23,74.0,2
Charcoal Buttonup Shirt,M,Tops,Atelier Nord,166.11,28.0,2
Tan Skinny Jean,S,Bottoms,Atelier Nord,216.88,80.0,2
Black Moto Jacket,XS,Outerwear,Atelier Nord,165.84,50.0,2
Emerald Skinny Jean,M,Bottoms,Fashion Hub Ltd,72.46,22.0,2
Ivory Espadrille,XS,Footwear,Textile World Co,228.32,21.0,2
Emerald Denim Short,S,Bottoms,Textile World Co,202.51,37.0,2
Camel Leather Tote,M,Accessories,Apparel Solutions,272.17,66.0,2
Blush Vneck Sweater,L,Tops,Apparel Solutions,102.64,100.0,2
Blush Buttonup Shirt,M,Tops,Fashion Hub Ltd,183.05,4.0,2
Beige Leather Tote,L,Accessories,Atelier Nord,246.95,10.0,2
Ivory Wool Peacoat,XL,,,43.1,,1
Black Henley,XL,Tops,Textile World Co,30.94,30.0,2
White Widebrim Hat,XL,Accessories,Apparel Solutions,278.69,20.0,2
White Linen Pant,XS,Bottoms,Atelier Nord,27.64,116.0,2
Charcoal Trench Coat,M,Outerwear,Atelier Nord,209.8,116.0,2
Burgundy Silk Blouse,L,Tops,Fashion Hub Ltd,241.15,77.0,2
Emerald Pleated Skirt,XL,Bottoms,Atelier Nord,20.08,114.0,2
Blush Moto Jacket,XS,Outerwear,Atelier Nord,142.09,101.0,2
Ivory Vneck Sweater,XS,Tops,Textile World Co,211.2,36.0,2
Indigo Leather Tote,XS,Accessories,Fashion Hub Ltd,238.37,14.0,2
Burgundy Ankle Boot,XL,Footwear,Atelier Nord,123.68,89.0,2
Camel Pleated Skirt,M,,,316.7,,1
Indigo Shirt Dress,L,,,91.62,,1
Camel Pleated Skirt,XS,Bottoms,Textile World Co,93.03,93.0,2
Camel Puffer Vest,XS,Outerwear,Atelier Nord,320.78,93.0,2
Blush Wideleg Trouser,XXL,Bottoms,Atelier Nord,95.75,102.0,2
Emerald Pleated Skirt,XXL,,,198.69,,1
Tan Ankle Boot,L,Footwear,Apparel Solutions,258.79,42.0,2
Blush Shirt Dress,S,Dresses,Atelier Nord,34.47,113.0,2
Burgundy Crewneck Tee,L,Tops,Apparel Solutions,317.24,54.0,2
Indigo Wideleg Trouser,XXL,Bottoms,Textile World Co,285.84,116.0,2
Indigo Cardigan,M,Tops,Atelier Nord,100.69,113.0,2
Blush Denim Short,XS,Bottoms,Textile World Co,133.67,22.0,2
Ivory Ballet Flat,XL,Footwear,Apparel Solutions,58.73,73.0,2
Tan Wrap Dress,XXL,Dresses,Atelier Nord,162.58,93.0,2
Emerald Chino Pant,L,Bottoms,Textile World Co,131.85,12.0,2
Camel Twill Scarf,XL,Accessories,Atelier Nord,130.29,59.0,2
Burgundy Loafer,M,Footwear,Fashion Hub Ltd,134.51,8.0,2
Camel Denim Jacket,S,Outerwear,Textile World Co,55.69,71.0,2
White Maxi Dress,S,Dresses,Fashion Hub Ltd,181.18,140.0,2
Tan Widebrim Hat,XS,Accessories,Fashion Hub Ltd,127.0,73.0,2
Burgundy Denim Jacket,XXL,Outerwear,Textile World Co,60.34,49.0,2
Burgundy Loafer,M,Footwear,Atelier Nord,127.31,41.0,2
White Blazer,XXL,Outerwear,Textile World Co,230.88,77.0,2
Indigo Cardigan,S,Tops,Fashion Hub Ltd,46.75,82.0,2
Indigo Widebrim Hat,M,Accessories,Apparel Solutions,184.95,90.0,2
Ivory Wrap Dress,M,Dresses,Atelier Nord,148.08,1.0,2
Blush Shift Dress,XS,,,75.34,,1
Cognac Wideleg Trouser,L,Bottoms,Atelier Nord,23.06,59.0,2
Black Crossbody Bag,S,Accessories,Fashion Hub Ltd,266.4,71.0,2
Black Turtleneck,XL,Tops,Apparel Solutions,244.5,43.0,2
Black Widebrim Hat,XL,Accessories,Atelier Nord,208.25,121.0,2
Emerald Puffer Vest,S,Outerwear,Apparel Solutions,123.62,39.0,2
Charcoal Wrap Dress,M,,Atelier Nord,191.56,,1
Black Shift Dress,L,Dresses,Textile World Co,179.82,96.0,2
Black Linen Pant,S,Bottoms,Fashion Hub Ltd,124.47,135.0,2
White Turtleneck,XL,Tops,Atelier Nord,217.7,120.0,2
Black Wideleg Trouser,XL,Bottoms,Textile World Co,281.62,81.0,2
Charcoal Linen Pant,S,Bottoms,Atelier Nord,26.95,92.0,2
Cognac Wool Peacoat,S,,Fashion Hub Ltd,275.1,,1
Indigo Twill Scarf,L,Accessories,Textile World Co,271.24,54.0,2
Cognac Henley,XL,Tops,Textile World Co,105.23,37.0,2
Beige Shift Dress,M,Dresses,Atelier Nord,229.77,5.0,2
Ivory Wideleg Trouser,L,Bottoms,Textile World Co,84.52,135.0,2
Cognac Puffer Vest,XL,,Fashion Hub Ltd,302.05,,1
Cognac Shirt Dress,XXL,Dresses,Atelier Nord,35.14,71.0,2
Blush Ankle Boot,L,Footwear,Fashion Hub Ltd,235.05,77.0,2
Tan Skinny Jean,L,Bottoms,Atelier Nord,43.19,60.0,2
Indigo Moto Jacket,L,Outerwear,Fashion Hub Ltd,281.86,12.0,2
Charcoal Loafer,S,Footwear,Apparel Solutions,288.87,130.0,2
Indigo Wrap Dress,L,Dresses,Apparel Solutions,220.69,105.0,2
Charcoal Denim Jacket,XXL,Outerwear,Fashion Hub Ltd,245.88,55.0,2
White Skinny Jean,M,Bottoms,Fashion Hub Ltd,113.32,111.0,2
White Statement Earrings,S,Accessories,Textile World Co,316.07,82.0,2
Indigo Turtleneck,XL,Tops,Atelier Nord,52.22,100.0,2
Emerald Puffer Vest,XL,Outerwear,Fashion Hub Ltd,271.43,36.0,2
Beige Denim Jacket,M,Outerwear,Fashion Hub Ltd,296.87,48.0,2
Emerald Ballet Flat,S,Footwear,Atelier Nord,254.66,84.0,2
Beige Tank Top,L,Tops,Apparel Solutions,144.18,112.0,2
Ivory Statement Earrings,XXL,Accessories,Atelier Nord,89.17,130.0,2
Charcoal Espadrille,XXL,Footwear,Fashion Hub Ltd,59.42,33.0,2
White Pleated Skirt,L,,,39.75,,1
Blush Twill Scarf,XXL,Accessories,Apparel Solutions,182.66,21.0,2
Burgundy Wool Peacoat,XL,Outerwear,Fashion Hub Ltd,147.38,113.0,2
White Loafer,XXL,Footwear,Apparel Solutions,278.75,25.0,2
Cognac Ballet Flat,S,Footwear,Atelier Nord,266.57,73.0,2
Ivory Crewneck Tee,M,,Atelier Nord,291.05,71.0,2
Ivory Tank Top,XXL,Tops,Apparel Solutions,104.52,106.0,2
Black Shift Dress,XL,Dresses,Textile World Co,80.21,89.0,2
Blush Woven Belt,XL,Accessories,Textile World Co,211.71,124.0,2
Beige Shirt Dress,L,Dresses,Atelier Nord,200.24,81.0,2
Emerald Chino Pant,XXL,Bottoms,Atelier Nord,148.47,131.0,2
Emerald Chino Pant,XL,Bottoms,Atelier Nord,69.73,21.0,2
Cognac Henley,XS,,Atelier Nord,45.13,,1
Tan Cardigan,XL,Tops,Fashion Hub Ltd,61.65,109.0,2
Cognac Silk Blouse,L,Tops,Apparel Solutions,314.08,85.0,2
Ivory Tank Top,S,Tops,Apparel Solutions,278.41,97.0,2
Indigo Skinny Jean,L,,Atelier Nord,28.7,,1
Burgundy Wideleg Trouser,XL,Bottoms,Textile World Co,58.7,35.0,2
Blush Crewneck Tee,S,Tops,Textile World Co,74.31,45.0,2
Ivory Maxi Dress,XXL,Dresses,Fashion Hub Ltd,46.87,11.0,2
Charcoal Vneck Sweater,M,,Apparel Solutions,80.98,,1
Ivory Linen Pant,M,,Textile World Co,178.28,,1
Emerald Slip Dress,L,Dresses,Fashion Hub Ltd,70.64,131.0,2
Camel Trench Coat,S,Outerwear,Fashion Hub Ltd,243.74,91.0,2
Beige Shift Dress,XS,Dresses,Apparel Solutions,162.8,99.0,2
Blush Espadrille,S,Footwear,Apparel Solutions,279.34,69.0,2
Cognac Widebrim Hat,M,Accessories,Textile World Co,61.86,51.0,2
Emerald Crossbody Bag,XL,Accessories,Textile World Co,171.72,86.0,2
Tan Silk Blouse,L,Tops,Atelier Nord,309.18,140.0,2
Charcoal Crossbody Bag,XXL,Accessories,Fashion Hub Ltd,144.37,25.0,2
White Ankle Boot,L,Footwear,Textile World Co,149.71,22.0,2
Emerald Skinny Jean,S,Bottoms,Atelier Nord,54.89,15.0,2
Black Leather Tote,XS,Accessories,Apparel Solutions,180.16,108.0,2
Ivory Skinny Jean,XS,Bottoms,Apparel Solutions,142.36,50.0,2
Ivory Espadrille,L,Footwear,Apparel Solutions,124.55,103.0,2
Beige Chino Pant,M,Bottoms,Fashion Hub Ltd,289.26,40.0,2
Burgundy Crossbody Bag,L,Accessories,Apparel Solutions,188.51,22.0,2
Charcoal Blazer,XXL,Outerwear,Apparel Solutions,221.67,25.0,2
Blush Espadrille,M,Footwear,Apparel Solutions,291.55,10.0,2
White Midi Dress,L,Dresses,Fashion Hub Ltd,236.98,24.0,2
Burgundy Moto Jacket,XS,Outerwear,Atelier Nord,42.51,34.0,2
Indigo Lowtop Sneaker,L,,,186.69,,1
Beige Trench Coat,XS,Outerwear,Textile World Co,185.5,20.0,2
Camel Crossbody Bag,XL,Accessories,Fashion Hub Ltd,206.39,127.0,2
Beige Cardigan,XXL,Tops,Atelier Nord,315.07,47.0,2
Burgundy Crossbody Bag,M,Accessories,Fashion Hub Ltd,18.31,93.0,2
White Blazer,XXL,Outerwear,Atelier Nord,198.36,70.0,2
White Tank Top,XL,Tops,Apparel Solutions,147.88,89.0,2
Indigo Woven Belt,M,Accessories,Fashion Hub Ltd,96.71,2.0,2
Black Crewneck Tee,XXL,Tops,Atelier Nord,87.77,38.0,2
Burgundy Denim Short,XS,Bottoms,Fashion Hub Ltd,122.34,50.0,2
Emerald Buttonup Shirt,M,,Textile World Co,175.72,91.0,2
Camel Loafer,XS,Footwear,Fashion Hub Ltd,100.04,9.0,2
Blush Turtleneck,XXL,,Fashion Hub Ltd,266.55,,1
White Wool Peacoat,XXL,Outerwear,Apparel Solutions,307.1,10.0,2
Charcoal Puffer Vest,XS,Outerwear,Textile World Co,296.75,4.0,2
Camel Buttonup Shirt,L,,Atelier Nord,261.06,73.0,2
Cognac Leather Tote,XS,Accessories,Textile World Co,74.04,130.0,2
Charcoal Loafer,XS,Footwear,Atelier Nord,85.4,84.0,2
Beige Crossbody Bag,XL,Accessories,Fashion Hub Ltd,126.52,84.0,2
Beige Midi Dress,XXL,Dresses,Fashion Hub Ltd,212.36,12.0,2
Black Heeled Mule,L,Footwear,Fashion Hub Ltd,169.38,99.0,2
Charcoal Denim Jacket,S,Outerwear,Atelier Nord,158.18,95.0,2
Tan Midi Dress,XS,Dresses,Apparel Solutions,80.06,102.0,2
Indigo Midi Skirt,XL,Bottoms,Fashion Hub Ltd,117.53,86.0,2
Ivory Moto Jacket,M,Outerwear,Textile World Co,130.5,15.0,2
Tan Wideleg Trouser,S,Bottoms,Apparel Solutions,224.44,74.0,2
White Wideleg Trouser,M,Bottoms,Textile World Co,176.44,54.0,2
Emerald Skinny Jean,M,Bottoms,Textile World Co,202.77,33.0,2
Indigo Wrap Dress,L,Dresses,Textile World Co,289.6,91.0,2
Ivory Denim Short,L,Bottoms,Atelier Nord,117.25,121.0,2
Ivory Denim Short,XL,,Fashion Hub Ltd,109.87,,1
Black Wideleg Trouser,L,Bottoms,Fashion Hub Ltd,221.82,12.0,2
Tan Lowtop Sneaker,S,,Textile World Co,132.06,57.0,2
White Heeled Mule,XL,Footwear,Fashion Hub Ltd,19.04,5.0,2
Charcoal Lowtop Sneaker,XS,,,249.67,,1
Black Chino Pant,XXL,Bottoms,Fashion Hub Ltd,201.91,82.0,2
Burgundy Widebrim Hat,XS,Accessories,Fashion Hub Ltd,219.31,127.0,2
Indigo Blazer,M,Outerwear,Fashion Hub Ltd,93.98,55.0,2
Ivory Moto Jacket,XS,,Textile World Co,187.44,81.0,2
Indigo Moto Jacket,XXL,,Atelier Nord,208.69,,1
White Chino Pant,XS,Bottoms,Apparel Solutions,195.55,72.0,2
Black Crewneck Tee,XXL,Tops,Textile World Co,156.07,86.0,2
Cognac Denim Short,XL,Bottoms,Textile World Co,280.69,13.0,2
Black Lowtop Sneaker,XS,Footwear,Fashion Hub Ltd,254.26,7.0,2
Ivory Heeled Mule,S,Footwear,Apparel Solutions,284.25,73.0,2
Black Wrap Dress,M,Dresses,Atelier Nord,207.46,80.0,2
Emerald Pleated Skirt,L,Bottoms,Fashion Hub Ltd,103.75,88.0,2
Emerald Widebrim Hat,S,Accessories,Apparel Solutions,52.69,133.0,2
Emerald Buttonup Shirt,XL,Tops,Textile World Co,251.58,49.0,2
Ivory Statement Earrings,XXL,,Fashion Hub Ltd,294.22,,1
Emerald Cardigan,L,Tops,Atelier Nord,57.24,50.0,2
Charcoal Midi Skirt,L,Bottoms,Atelier Nord,221.87,97.0,2
Burgundy Lowtop Sneaker,XL,Footwear,Atelier Nord,170.48,21.0,2
Black Chino Pant,M,Bottoms,Apparel Solutions,201.91,73.0,2
Blush Turtleneck,XS,Tops,Fashion Hub Ltd,41.58,94.0,2
Emerald Moto Jacket,M,Outerwear,Fashion Hub Ltd,192.98,13.0,2
Camel Wrap Dress,S,Dresses,Fashion Hub Ltd,124.72,98.0,2
Charcoal Espadrille,L,Footwear,Apparel Solutions,133.54,90.0,2
Black Turtleneck,XL,Tops,Fashion Hub Ltd,48.28,103.0,2
Camel Maxi Dress,L,Dresses,Fashion Hub Ltd,164.18,125.0,2
White Wrap Dress,XL,Dresses,Fashion Hub Ltd,65.36,118.0,2
Indigo Twill Scarf,XL,Accessories,Textile World Co,154.81,26.0,2
Blush Vneck Sweater,XL,Tops,Atelier Nord,143.75,132.0,2
Beige Vneck Sweater,XL,Tops,Atelier Nord,229.84,98.0,2
Black Henley,XXL,Tops,Apparel Solutions,276.87,82.0,2
Charcoal Pleated Skirt,M,Bottoms,Apparel Solutions,197.17,17.0,2
Beige Wideleg Trouser,XXL,Bottoms,Textile World Co,105.23,99.0,2
Cognac Woven Belt,M,Accessories,Atelier Nord,147.72,124.0,2
Charcoal Skinny Jean,XS,,,233.69,,1
Charcoal Espadrille,M,Footwear,Apparel Solutions,38.42,94.0,2
Cognac Trench Coat,XXL,Outerwear,Textile World Co,300.47,121.0,2
White Blazer,XS,Outerwear,Apparel Solutions,60.3,32.0,2
Tan Pleated Skirt,M,Bottoms,Atelier Nord,82.44,13.0,2
Cognac Cardigan,S,,Textile World Co,106.1,,1
Camel Vneck Sweater,S,Tops,Fashion Hub Ltd,157.75,92.0,2
White Statement Earrings,XS,Accessories,Fashion Hub Ltd,135.31,38.0,2
Cognac Crewneck Tee,XS,Tops,Textile World Co,110.38,53.0,2
Cognac Shift Dress,XL,,Textile World Co,125.5,22.0,2
Camel Skinny Jean,XL,Bottoms,Atelier Nord,121.62,29.0,2
Charcoal Maxi Dress,XXL,Dresses,Atelier Nord,248.9,87.0,2
Tan Leather Tote,L,Accessories,Atelier Nord,129.54,132.0,2
Cognac Maxi Dress,M,Dresses,Apparel Solutions,277.4,42.0,2
Burgundy Shirt Dress,L,Dresses,Fashion Hub Ltd,113.4,6.0,2
Charcoal Shift Dress,S,Dresses,Atelier Nord,194.47,137.0,2
Beige Crewneck Tee,XS,,Textile World Co,37.53,,1
Emerald Ballet Flat,XXL,Footwear,Apparel Solutions,153.88,0.0,2
Tan Loafer,XXL,Footwear,Apparel Solutions,25.09,101.0,2
Cognac Slip Dress,XS,Dresses,Textile World Co,115.31,122.0,2
Emerald Wrap Dress,XS,Dresses,Atelier Nord,116.88,48.0,2
Beige Silk Blouse,M,Tops,Atelier Nord,123.69,23.0,2
White Heeled Mule,XXL,Footwear,Fashion Hub Ltd,263.02,78.0,2
Camel Lowtop Sneaker,M,Footwear,Textile World Co,174.41,114.0,2
Tan Wool Peacoat,L,Outerwear,Fashion Hub Ltd,236.35,10.0,2
Charcoal Denim Short,XS,Bottoms,Fashion Hub Ltd,50.2,38.0,2
White Twill Scarf,XXL,Accessories,Atelier Nord,156.37,9.0,2
Charcoal Wideleg Trouser,S,Bottoms,Atelier Nord,200.95,37.0,2
Indigo Ankle Boot,S,Footwear,Fashion Hub Ltd,22.79,127.0,2
Ivory Skinny Jean,M,Bottoms,Textile World Co,290.52,108.0,2
Cognac Cardigan,L,Tops,Textile World Co,123.83,79.0,2
Camel Midi Dress,M,Dresses,Fashion Hub Ltd,103.93,109.0,2
Indigo Espadrille,M,Footwear,Textile World Co,251.61,68.0,2
Tan Heeled Mule,S,Footwear,Atelier Nord,264.77,79.0,2
Emerald Slip Dress,XS,Dresses,Apparel Solutions,89.91,104.0,2
Beige Lowtop Sneaker,XS,Footwear,Atelier Nord,152.88,125.0,2
Camel Ballet Flat,XXL,Footwear,Apparel Solutions,215.97,1.0,2
White Midi Dress,XXL,Dresses,Fashion Hub Ltd,51.52,50.0,2
Cognac Midi Dress,L,,Atelier Nord,291.21,88.0,2
Cognac Twill Scarf,M,Accessories,Atelier Nord,84.0,49.0,2
Blush Statement Earrings,M,,Apparel Solutions,95.3,20.0,2
Black Crossbody Bag,XL,,,213.07,,1
Burgundy Leather Tote,L,Accessories,Fashion Hub Ltd,249.62,100.0,2
White Lowtop Sneaker,XL,Footwear,Atelier Nord,91.68,52.0,2
Burgundy Tank Top,XL,Tops,Textile World Co,285.62,32.0,2
Black Shift Dress,XXL,Dresses,Textile World Co,183.69,60.0,2
Beige Trench Coat,XL,Outerwear,Fashion Hub Ltd,50.81,84.0,2
Burgundy Ankle Boot,M,Footwear,Apparel Solutions,76.37,21.0,2
Tan Crewneck Tee,XXL,Tops,Textile World Co,222.63,123.0,2
Blush Vneck Sweater,XS,Tops,Atelier Nord,61.53,29.0,2
Ivory Puffer Vest,L,Outerwear,Apparel Solutions,205.13,115.0,2
Black Moto Jacket,M,Outerwear,Textile World Co,192.66,118.0,2
Camel Skinny Jean,M,Bottoms,Apparel Solutions,33.39,41.0,2
Tan Midi Skirt,L,Bottoms,Textile World Co,188.8,8.0,2
Tan Woven Belt,M,,,73.29,,1
Charcoal Silk Blouse,L,Tops,Fashion Hub Ltd,36.78,125.0,2
White Skinny Jean,S,Bottoms,Textile World Co,129.0,60.0,2
Tan Turtleneck,XXL,Tops,Fashion Hub Ltd,242.76,99.0,2
Tan Wrap Dress,XXL,Dresses,Apparel Solutions,42.07,55.0,2
Indigo Shift Dress,XL,Dresses,Atelier Nord,60.9,101.0,2
White Maxi Dress,XL,Dresses,Textile World Co,156.62,127.0,2
Emerald Denim Jacket,XL,Outerwear,Textile World Co,301.83,95.0,2
Emerald Trench Coat,XS,Outerwear,Textile World Co,181.17,134.0,2
Black Woven Belt,S,Accessories,Textile World Co,180.09,73.0,2
Burgundy Trench Coat,S,,Fashion Hub Ltd,101.13,,1
White Denim Jacket,XXL,Outerwear,Apparel Solutions,105.12,24.0,2
Cognac Chino Pant,XL,Bottoms,Textile World Co,18.93,71.0,2
Camel Crewneck Tee,XS,Tops,Atelier Nord,250.99,37.0,2
Cognac Vneck Sweater,L,Tops,Textile World Co,57.47,40.0,2
Indigo Widebrim Hat,XXL,Accessories,Fashion Hub Ltd,237.55,122.0,2
Emerald Loafer,XL,Footwear,Fashion Hub Ltd,115.77,32.0,2
White Espadrille,XL,Footwear,Fashion Hub Ltd,327.0,2.0,2
Charcoal Henley,XXL,Tops,Apparel Solutions,140.95,62.0,2
Emerald Trench Coat,XL,Outerwear,Fashion Hub Ltd,45.4,54.0,2
Beige Statement Earrings,XXL,Accessories,Fashion Hub Ltd,151.05,34.0,2
Charcoal Vneck Sweater,XXL,Tops,Fashion Hub Ltd,171.75,109.0,2
Tan Midi Dress,XXL,Dresses,Textile World Co,52.34,71.0,2
Indigo Leather Tote,XS,Accessories,Textile World Co,68.53,134.0,2
Ivory Blazer,XL,Outerwear,Apparel Solutions,221.02,96.0,2
Charcoal Slip Dress,M,Dresses,Atelier Nord,291.15,60.0,2
White Wool Peacoat,XL,Outerwear,Textile World Co,113.84,7.0,2
Black Midi Skirt,XL,Bottoms,Textile World Co,48.45,120.0,2
Tan Puffer Vest,XXL,,,255.7,,1
Camel Linen Pant,XXL,,Fashion Hub Ltd,185.59,45.0,2
Emerald Henley,XXL,Tops,Textile World Co,190.75,35.0,2
Burgundy Wrap Dress,S,Dresses,Apparel Solutions,57.88,50.0,2
Camel Linen Pant,XS,Bottoms,Textile World Co,262.9,7.0,2
Ivory Ballet Flat,XXL,,,64.67,,1
Burgundy Wrap Dress,XL,Dresses,Apparel Solutions,147.82,89.0,2
Beige Wrap Dress,XL,Dresses,Apparel Solutions,49.25,121.0,2
Tan Shift Dress,S,Dresses,Apparel Solutions,270.17,23.0,2
Black Widebrim Hat,XL,Accessories,Textile World Co,100.13,66.0,2
Tan Crewneck Tee,S,Tops,Apparel Solutions,134.69,68.0,2
Beige Widebrim Hat,S,Accessories,Fashion Hub Ltd,209.81,44.0,2
White Buttonup Shirt,XS,Tops,Textile World Co,202.59,4.0,2
Indigo Cardigan,XXL,,,173.75,,1
Charcoal Trench Coat,M,Outerwear,Textile World Co,304.56,65.0,2
White Wool Peacoat,XXL,Outerwear,Atelier Nord,154.88,65.0,2
Blush Cardigan,M,Tops,Textile World Co,104.05,45.0,2
Charcoal Loafer,XS,Footwear,Fashion Hub Ltd,248.39,87.0,2
Tan Widebrim Hat,L,Accessories,Atelier Nord,169.43,103.0,2
Cognac Puffer Vest,XL,Outerwear,Apparel Solutions,157.01,104.0,2
Camel Vneck Sweater,XL,,Atelier Nord,294.65,20.0,2
Indigo Maxi Dress,XXL,Dresses,Apparel Solutions,18.16,86.0,2
Indigo Tank Top,L,Tops,Textile World Co,163.73,79.0,2
Cognac Blazer,XL,Outerwear,Textile World Co,291.13,114.0,2
Ivory Wrap Dress,M,Dresses,Fashion Hub Ltd,314.58,61.0,2
Emerald Shirt Dress,L,Dresses,Textile World Co,249.84,77.0,2
Black Vneck Sweater,XS,Tops,Textile World Co,150.17,96.0,2
Charcoal Crossbody Bag,M,Accessories,Apparel Solutions,217.28,58.0,2
Tan Vneck Sweater,S,Tops,Textile World Co,84.44,101.0,2
Emerald Moto Jacket,XXL,Outerwear,Fashion Hub Ltd,150.25,56.0,2
Ivory Crossbody Bag,L,Accessories,Textile World Co,303.6,113.0,2
White Wool Peacoat,M,Outerwear,Atelier Nord,121.19,76.0,2
Cognac Shirt Dress,S,Dresses,Textile World Co,242.29,67.0,2
Blush Denim Short,XXL,Bottoms,Atelier Nord,126.87,87.0,2
Tan Midi Skirt,S,Bottoms,Atelier Nord,146.63,8.0,2
Black Statement Earrings,XS,Accessories,Apparel Solutions,158.65,20.0,2
Camel Turtleneck,XL,Tops,Apparel Solutions,263.03,19.0,2
Tan Ankle Boot,M,Footwear,Textile World Co,253.69,114.0,2
Indigo Maxi Dress,XS,Dresses,Apparel Solutions,151.22,103.0,2
Burgundy Crossbody Bag,XL,Accessories,Atelier Nord,137.7,86.0,2
Beige Slip Dress,M,Dresses,Fashion Hub Ltd,177.66,17.0,2
Charcoal Blazer,XL,Outerwear,Atelier Nord,70.77,39.0,2
White Loafer,M,Footwear,Atelier Nord,226.33,43.0,2
Emerald Pleated Skirt,M,Bottoms,Apparel Solutions,215.37,24.0,2
Burgundy Statement Earrings,L,Accessories,Atelier Nord,222.8,129.0,2
Charcoal Wrap Dress,XS,,,303.43,,1
Cognac Wool Peacoat,XS,Outerwear,Apparel Solutions,84.6,134.0,2
Cognac Turtleneck,XS,Tops,Apparel Solutions,279.82,36.0,2
Beige Linen Pant,S,Bottoms,Apparel Solutions,294.35,26.0,2
Camel Loafer,XXL,Footwear,Apparel Solutions,115.0,108.0,2
Charcoal Crossbody Bag,XXL,,Apparel Solutions,119.04,,1
Ivory Espadrille,XL,Footwear,Fashion Hub Ltd,169.66,57.0,2
Emerald Denim Short,XS,Bottoms,Textile World Co,202.56,22.0,2
Black Slip Dress,S,Dresses,Textile World Co,95.64,107.0,2
Emerald Shift Dress,M,Dresses,Atelier Nord,308.68,94.0,2
Beige Espadrille,XL,,,148.92,,1
Indigo Vneck Sweater,M,Tops,Apparel Solutions,146.85,34.0,2
Emerald Loafer,XL,Footwear,Atelier Nord,245.49,105.0,2
Beige Blazer,XL,Outerwear,Textile World Co,132.6,99.0,2
Blush Loafer,XXL,,Textile World Co,189.97,63.0,2
Burgundy Widebrim Hat,L,Accessories,Apparel Solutions,131.48,38.0,2
Tan Pleated Skirt,XXL,Bottoms,Textile World Co,240.46,40.0,2
Cognac Linen Pant,XS,Bottoms,Fashion Hub Ltd,180.52,45.0,2
Black Midi Dress,L,,Apparel Solutions,149.32,,1
Indigo Denim Jacket,XXL,Outerwear,Atelier Nord,209.09,97.0,2
Charcoal Slip Dress,L,Dresses,Apparel Solutions,194.67,109.0,2
Blush Heeled Mule,S,Footwear,Fashion Hub Ltd,71.76,51.0,2
Blush Wool Peacoat,XXL,Outerwear,Apparel Solutions,201.88,40.0,2
Emerald Widebrim Hat,M,Accessories,Atelier Nord,289.41,22.0,2
Cognac Buttonup Shirt,L,,Textile World Co,147.86,,1
White Skinny Jean,L,Bottoms,Textile World Co,189.02,55.0,2
Camel Denim Short,XL,Bottoms,Textile World Co,110.9,42.0,2
White Ankle Boot,M,Footwear,Textile World Co,146.32,61.0,2
Tan Blazer,XXL,Outerwear,Textile World Co,264.07,93.0,2
White Silk Blouse,M,Tops,Apparel Solutions,237.56,55.0,2
Black Midi Skirt,XXL,Bottoms,Atelier Nord,153.19,81.0,2
Ivory Skinny Jean,L,Bottoms,Textile World Co,142.56,55.0,2
Beige Puffer Vest,XS,,Atelier Nord,268.39,21.0,2
Beige Espadrille,XS,,,155.72,,1
Beige Silk Blouse,XXL,Tops,Apparel Solutions,105.87,78.0,2
Cognac Lowtop Sneaker,XXL,Footwear,Textile World Co,174.78,94.0,2
Tan Ballet Flat,XXL,,Textile World Co,202.12,,1
Emerald Puffer Vest,XXL,Outerwear,Atelier Nord,48.02,105.0,2
Emerald Ankle Boot,L,,Textile World Co,109.54,,1
Indigo Cardigan,XS,Tops,Textile World Co,255.43,135.0,2
Tan Shirt Dress,XS,Dresses,Textile World Co,143.31,61.0,2
Indigo Denim Short,XS,Bottoms,Fashion Hub Ltd,41.58,89.0,2
Charcoal Blazer,M,,Textile World Co,259.65,,1
Blush Shirt Dress,XXL,Dresses,Atelier Nord,77.08,0.0,2
Blush Midi Skirt,XS,Bottoms,Textile World Co,204.22,19.0,2
Cognac Buttonup Shirt,XS,Tops,Textile World Co,233.88,2.0,2
Tan Henley,XXL,Tops,Textile World Co,199.63,102.0,2
Ivory Linen Pant,S,Bottoms,Textile World Co,40.91,48.0,2
White Tank Top,S,Tops,Atelier Nord,289.86,48.0,2
Ivory Tank Top,XS,Tops,Textile World Co,182.72,138.0,2
Tan Buttonup Shirt,XL,Tops,Textile World Co,77.59,82.0,2
White Vneck Sweater,S,Tops,Atelier Nord,66.12,53.0,2
Emerald Turtleneck,L,Tops,Textile World Co,244.72,95.0,2
Tan Denim Jacket,L,Outerwear,Fashion Hub Ltd,213.2,47.0,2
Blush Shirt Dress,L,Dresses,Apparel Solutions,205.19,119.0,2
Indigo Twill Scarf,M,Accessories,Fashion Hub Ltd,313.04,124.0,2
Tan Heeled Mule,XS,Footwear,Fashion Hub Ltd,183.09,95.0,2
Charcoal Lowtop Sneaker,M,Footwear,Textile World Co,252.12,76.0,2
Burgundy Midi Skirt,XXL,Bottoms,Apparel Solutions,130.19,119.0,2
Black Buttonup Shirt,XS,Tops,Textile World Co,253.98,62.0,2
Emerald Slip Dress,XS,Dresses,Atelier Nord,300.75,15.0,2
Black Blazer,S,,Fashion Hub Ltd,123.05,116.0,2
White Buttonup Shirt,S,Tops,Apparel Solutions,290.03,97.0,2
Indigo Chino Pant,XL,Bottoms,Apparel Solutions,137.69,116.0,2
Burgundy Blazer,XXL,Outerwear,Atelier Nord,119.27,123.0,2
Black Maxi Dress,M,Dresses,Apparel Solutions,81.85,13.0,2
White Vneck Sweater,XS,Tops,Atelier Nord,252.39,33.0,2
Camel Ballet Flat,XXL,Footwear,Fashion Hub Ltd,241.48,6.0,2
Beige Denim Jacket,M,Outerwear,Atelier Nord,30.82,52.0,2
Ivory Skinny Jean,S,Bottoms,Textile World Co,91.86,100.0,2
Tan Ballet Flat,S,Footwear,Textile World Co,118.27,137.0,2
Black Blazer,XS,Outerwear,Atelier Nord,280.86,76.0,2
Blush Loafer,M,Footwear,Atelier Nord,274.97,87.0,2
Blush Midi Dress,M,Dresses,Fashion Hub Ltd,163.13,108.0,2
Beige Linen Pant,S,,Textile World Co,54.96,,1
Charcoal Heeled Mule,XXL,Footwear,Fashion Hub Ltd,95.75,30.0,2
Tan Blazer,XL,Outerwear,Atelier Nord,94.3,43.0,2
Burgundy Turtleneck,L,Tops,Fashion Hub Ltd,132.36,100.0,2
Charcoal Widebrim Hat,S,Accessories,Fashion Hub Ltd,189.74,95.0,2
Charcoal Trench Coat,XXL,Outerwear,Textile World Co,136.89,2.0,2
Camel Vneck Sweater,M,,Atelier Nord,313.72,,1
Cognac Silk Blouse,XXL,Tops,Apparel Solutions,57.06,58.0,2
Blush Puffer Vest,XL,Outerwear,Textile World Co,156.85,26.0,2
Ivory Denim Jacket,M,Outerwear,Apparel Solutions,75.09,76.0,2
Tan Espadrille,XS,Footwear,Textile World Co,203.84,12.0,2
Cognac Pleated Skirt,XXL,Bottoms,Fashion Hub Ltd,216.85,32.0,2
Indigo Ankle Boot,XXL,Footwear,Apparel Solutions,211.18,125.0,2
Ivory Pleated Skirt,L,Bottoms,Atelier Nord,154.68,35.0,2
Beige Shift Dress,S,Dresses,Fashion Hub Ltd,84.83,59.0,2
Burgundy Ankle Boot,M,Footwear,Fashion Hub Ltd,166.53,85.0,2
Camel Chino Pant,XS,Bottoms,Apparel Solutions,165.63,84.0,2
Black Ankle Boot,XXL,,,177.96,,1
Cognac Denim Short,XXL,Bottoms,Textile World Co,210.8,75.0,2
Indigo Blazer,XXL,Outerwear,Atelier Nord,257.26,21.0,2
Burgundy Trench Coat,XXL,Outerwear,Apparel Solutions,211.83,13.0,2
Ivory Widebrim Hat,XXL,Accessories,Apparel Solutions,71.7,120.0,2
Blush Leather Tote,L,Accessories,Textile World Co,91.82,130.0,2
Indigo Wrap Dress,XS,Dresses,Textile World Co,92.08,33.0,2
Emerald Crewneck Tee,XXL,Tops,Fashion Hub Ltd,126.16,91.0,2
Tan Wideleg Trouser,XXL,Bottoms,Apparel Solutions,305.26,100.0,2
Beige Vneck Sweater,XL,Tops,Textile World Co,179.45,95.0,2
Charcoal Ankle Boot,XXL,Footwear,Apparel Solutions,279.18,89.0,2
White Henley,M,Tops,Atelier Nord,279.14,80.0,2
Indigo Moto Jacket,L,Outerwear,Textile World Co,70.5,131.0,2
Ivory Crossbody Bag,XS,Accessories,Apparel Solutions,195.59,109.0,2
Ivory Buttonup Shirt,XS,Tops,Apparel Solutions,204.35,98.0,2
Black Widebrim Hat,XS,Accessories,Fashion Hub Ltd,46.54,72.0,2
White Blazer,XS,Outerwear,Textile World Co,216.18,124.0,2
Cognac Loafer,XL,Footwear,Fashion Hub Ltd,181.6,53.0,2
Tan Maxi Dress,XS,Dresses,Atelier Nord,279.93,66.0,2
Blush Ankle Boot,XXL,Footwear,Fashion Hub Ltd,213.64,97.0,2
Ivory Henley,XXL,Tops,Atelier Nord,63.75,0.0,2
White Widebrim Hat,XXL,Accessories,Apparel Solutions,153.62,49.0,2
Cognac Slip Dress,S,Dresses,Atelier Nord,154.31,11.0,2
Camel Denim Jacket,XL,Outerwear,Fashion Hub Ltd,301.68,97.0,2
White Moto Jacket,L,Outerwear,Apparel Solutions,125.3,17.0,2
Blush Widebrim Hat,L,Accessories,Textile World Co,312.97,63.0,2
Emerald Blazer,L,Outerwear,Textile World Co,23.21,51.0,2
Blush Moto Jacket,M,Outerwear,Atelier Nord,218.43,3.0,2
Camel Silk Blouse,XXL,,,56.16,,1
Charcoal Crossbody Bag,XL,Accessories,Atelier Nord,58.55,96.0,2
Black Trench Coat,S,Outerwear,Apparel Solutions,92.05,56.0,2
Black Twill Scarf,XS,Accessories,Fashion Hub Ltd,105.15,80.0,2
Cognac Trench Coat,XL,,,225.89,,1
Indigo Shirt Dress,XS,Dresses,Fashion Hub Ltd,70.78,63.0,2
Cognac Wrap Dress,XXL,Dresses,Textile World Co,254.12,129.0,2
Tan Maxi Dress,XL,Dresses,Fashion Hub Ltd,191.07,97.0,2
Cognac Shirt Dress,S,Dresses,Apparel Solutions,180.25,100.0,2
Charcoal Twill Scarf,L,,Textile World Co,163.38,,1
White Turtleneck,XS,Tops,Fashion Hub Ltd,230.71,97.0,2
Beige Blazer,XS,Outerwear,Apparel Solutions,250.9,63.0,2
Black Heeled Mule,L,,,25.47,,1
Charcoal Crewneck Tee,M,Tops,Fashion Hub Ltd,102.94,38.0,2
White Vneck Sweater,XL,Tops,Fashion Hub Ltd,112.13,87.0,2
Black Espadrille,M,Footwear,Apparel Solutions,177.63,128.0,2
Blush Chino Pant,XXL,Bottoms,Atelier Nord,202.34,13.0,2
Burgundy Ankle Boot,S,,Atelier Nord,243.29,73.0,2
White Crewneck Tee,XS,Tops,Atelier Nord,210.64,75.0,2
Blush Silk Blouse,S,Tops,Atelier Nord,28.13,73.0,2
Emerald Buttonup Shirt,M,Tops,Atelier Nord,157.92,76.0,2
Tan Moto Jacket,S,Outerwear,Atelier Nord,263.62,6.0,2
White Ankle Boot,XS,Footwear,Atelier Nord,49.42,108.0,2
White Shift Dress,M,Dresses,Apparel Solutions,281.91,116.0,2
Ivory Shift Dress,S,,Fashion Hub Ltd,160.28,0.0,2
Indigo Linen Pant,XXL,Bottoms,Fashion Hub Ltd,304.5,122.0,2
Blush Midi Skirt,L,Bottoms,Textile World Co,55.56,31.0,2
Black Pleated Skirt,L,Bottoms,Textile World Co,300.99,102.0,2
Camel Maxi Dress,L,Dresses,Textile World Co,262.07,136.0,2
Black Heeled Mule,XS,,,212.18,,1
Burgundy Twill Scarf,XL,Accessories,Atelier Nord,137.89,38.0,2
Black Crewneck Tee,XXL,Tops,Fashion Hub Ltd,248.56,16.0,2
White Twill Scarf,M,Accessories,Atelier Nord,95.81,18.0,2
Charcoal Heeled Mule,XL,Footwear,Apparel Solutions,187.73,29.0,2
Cognac Leather Tote,M,Accessories,Atelier Nord,268.35,13.0,2
Black Skinny Jean,M,,Apparel Solutions,170.33,3.0,2
Charcoal Blazer,XXL,,Atelier Nord,264.71,,1
Ivory Loafer,S,,,141.32,,1
Charcoal Silk Blouse,L,Tops,Apparel Solutions,254.6,111.0,2
Cognac Chino Pant,S,Bottoms,Apparel Solutions,292.03,16.0,2
Blush Wideleg Trouser,S,Bottoms,Atelier Nord,246.44,66.0,2
Burgundy Crossbody Bag,S,Accessories,Atelier Nord,216.5,132.0,2
White Slip Dress,XXL,Dresses,Textile World Co,22.62,68.0,2
Ivory Chino Pant,XS,Bottoms,Atelier Nord,73.06,101.0,2
Emerald Linen Pant,XL,Bottoms,Textile World Co,201.8,91.0,2
White Twill Scarf,XS,Accessories,Atelier Nord,229.26,97.0,2
Charcoal Wideleg Trouser,XS,Bottoms,Fashion Hub Ltd,183.4,92.0,2
Emerald Crewneck Tee,XXL,Tops,Textile World Co,42.98,112.0,2
Emerald Denim Short,M,,,157.62,,1
Indigo Espadrille,S,Footwear,Atelier Nord,206.9,40.0,2
Charcoal Crewneck Tee,L,Tops,Fashion Hub Ltd,228.0,57.0,2
Indigo Ankle Boot,XXL,Footwear,Atelier Nord,86.11,108.0,2
Indigo Puffer Vest,XL,Outerwear,Atelier Nord,240.38,78.0,2
Black Wideleg Trouser,M,Bottoms,Apparel Solutions,102.55,56.0,2
White Cardigan,L,Tops,Atelier Nord,95.94,118.0,2
Camel Buttonup Shirt,XXL,Tops,Apparel Solutions,183.38,25.0,2
Black Tank Top,XXL,Tops,Atelier Nord,207.79,106.0,2
Charcoal Loafer,L,Footwear,Atelier Nord,212.09,45.0,2
Tan Shirt Dress,S,Dresses,Apparel Solutions,148.49,24.0,2
Ivory Buttonup Shirt,S,Tops,Textile World Co,127.51,84.0,2
Indigo Maxi Dress,S,Dresses,Atelier Nord,284.4,83.0,2
Charcoal Turtleneck,L,Tops,Atelier Nord,36.59,131.0,2
Beige Loafer,XL,Footwear,Textile World Co,20.5,126.0,2
Emerald Lowtop Sneaker,XS,Footwear,Apparel Solutions,155.54,12.0,2
Beige Midi Dress,L,,,232.0,,1
Burgundy Loafer,XXL,Footwear,Apparel Solutions,250.41,80.0,2
Ivory Puffer Vest,XXL,,Atelier Nord,59.24,,1
Camel Leather Tote,L,Accessories,Apparel Solutions,311.65,21.0,2
Cognac Blazer,XS,Outerwear,Atelier Nord,186.44,79.0,2
Tan Pleated Skirt,XS,Bottoms,Atelier Nord,275.22,53.0,2
Tan Blazer,XS,Outerwear,Atelier Nord,193.72,99.0,2
Charcoal Loafer,L,Footwear,Textile World Co,201.7,102.0,2
Beige Loafer,M,Footwear,Textile World Co,172.41,79.0,2
Beige Buttonup Shirt,L,,,96.62,,1
Charcoal Wideleg Trouser,M,Bottoms,Atelier Nord,249.7,117.0,2
Camel Slip Dress,L,Dresses,Atelier Nord,52.3,40.0,2
Black Statement Earrings,L,Accessories,Apparel Solutions,27.31,103.0,2
Blush Shift Dress,M,Dresses,Apparel Solutions,34.8,104.0,2
Ivory Ankle Boot,XXL,,Textile World Co,61.83,,1
Black Crossbody Bag,XXL,Accessories,Fashion Hub Ltd,308.8,27.0,2
Charcoal Crewneck Tee,XL,Tops,Textile World Co,93.77,8.0,2
Tan Leather Tote,S,Accessories,Textile World Co,195.27,9.0,2
Black Loafer,M,,Apparel Solutions,138.67,107.0,2
Burgundy Heeled Mule,XS,Footwear,Atelier Nord,249.63,67.0,2
Emerald Wrap Dress,XS,Dresses,Apparel Solutions,139.69,122.0,2
Cognac Lowtop Sneaker,S,Footwear,Atelier Nord,180.01,96.0,2
Tan Moto Jacket,XL,Outerwear,Atelier Nord,28.34,99.0,2
Emerald Silk Blouse,XL,Tops,Textile World Co,283.57,23.0,2
Cognac Midi Dress,XXL,Dresses,Apparel Solutions,138.58,88.0,2
Emerald Skinny Jean,L,Bottoms,Fashion Hub Ltd,237.9,14.0,2
Camel Shirt Dress,XL,Dresses,Atelier Nord,67.24,58.0,2
Ivory Widebrim Hat,XS,Accessories,Fashion Hub Ltd,21.73,44.0,2
Emerald Espadrille,XXL,,Apparel Solutions,93.16,,1
Tan Chino Pant,XXL,Bottoms,Apparel Solutions,128.22,42.0,2
Indigo Wrap Dress,M,,,121.82,,1
Tan Wrap Dress,M,Dresses,Fashion Hub Ltd,286.49,35.0,2
Indigo Slip Dress,S,Dresses,Apparel Solutions,238.28,80.0,2
Burgundy Crossbody Bag,XXL,Accessories,Textile World Co,217.12,136.0,2
Beige Midi Skirt,XL,Bottoms,Atelier Nord,197.28,140.0,2
Camel Widebrim Hat,L,Accessories,Apparel Solutions,134.98,75.0,2
Emerald Lowtop Sneaker,XS,Footwear,Atelier Nord,234.97,64.0,2
White Trench Coat,M,Outerwear,Atelier Nord,41.92,55.0,2
Beige Denim Jacket,XL,Outerwear,Atelier Nord,195.98,137.0,2
White Midi Skirt,XS,Bottoms,Textile World Co,210.66,53.0,2
Emerald Twill Scarf,XL,Accessories,Textile World Co,181.53,124.0,2
Indigo Ballet Flat,XL,,Apparel Solutions,72.03,,1
Tan Espadrille,M,Footwear,Textile World Co,160.4,135.0,2
Blush Statement Earrings,L,Accessories,Textile World Co,133.4,108.0,2
Emerald Silk Blouse,S,Tops,Textile World Co,195.63,88.0,2
Camel Moto Jacket,XXL,Outerwear,Textile World Co,258.02,10.0,2
Burgundy Espadrille,XXL,Footwear,Textile World Co,313.05,115.0,2
Blush Heeled Mule,L,,,110.84,,1
Burgundy Woven Belt,XXL,Accessories,Atelier Nord,164.82,58.0,2
Burgundy Ankle Boot,XS,,,226.41,,1
Blush Ankle Boot,XL,Footwear,Fashion Hub Ltd,28.79,0.0,2
Blush Moto Jacket,L,Outerwear,Apparel Solutions,198.34,108.0,2
Beige Slip Dress,M,Dresses,Apparel Solutions,26.37,87.0,2
Cognac Skinny Jean,XXL,Bottoms,Textile World Co,108.1,14.0,2
Tan Woven Belt,S,Accessories,Textile World Co,235.95,9.0,2
Ivory Wrap Dress,XXL,Dresses,Fashion Hub Ltd,267.19,9.0,2
Indigo Shift Dress,XS,Dresses,Fashion Hub Ltd,186.28,22.0,2
White Maxi Dress,S,Dresses,Textile World Co,201.51,110.0,2
Indigo Chino Pant,XL,Bottoms,Atelier Nord,43.18,126.0,2
Black Slip Dress,S,Dresses,Fashion Hub Ltd,187.32,135.0,2
Tan Cardigan,L,Tops,Apparel Solutions,259.46,40.0,2
Blush Wideleg Trouser,L,Bottoms,Textile World Co,46.77,38.0,2
Tan Crewneck Tee,S,,Fashion Hub Ltd,205.01,,1
Black Wool Peacoat,M,Outerwear,Fashion Hub Ltd,178.74,52.0,2
Camel Moto Jacket,XL,,,249.78,,1
Indigo Skinny Jean,XXL,Bottoms,Textile World Co,53.79,6.0,2
Emerald Linen Pant,XXL,Bottoms,Fashion Hub Ltd,45.62,14.0,2
Black Crossbody Bag,S,Accessories,Atelier Nord,204.09,131.0,2
Indigo Heeled Mule,XXL,Footwear,Textile World Co,275.0,35.0,2
Burgundy Wideleg Trouser,L,,Fashion Hub Ltd,26.78,,1
Cognac Twill Scarf,L,Accessories,Textile World Co,93.77,55.0,2
Black Midi Skirt,L,Bottoms,Apparel Solutions,283.04,130.0,2
Beige Wool Peacoat,XXL,Outerwear,Fashion Hub Ltd,275.31,133.0,2
Blush Denim Short,XL,Bottoms,Textile World Co,224.3,128.0,2
Blush Woven Belt,M,,Fashion Hub Ltd,80.86,,1
Charcoal Moto Jacket,M,Outerwear,Textile World Co,209.93,60.0,2
Black Denim Short,XS,Bottoms,Apparel Solutions,228.49,105.0,2
Black Silk Blouse,L,Tops,Textile World Co,49.22,85.0,2
Emerald Denim Short,L,Bottoms,Atelier Nord,55.33,66.0,2
Black Ballet Flat,XL,Footwear,Fashion Hub Ltd,52.56,74.0,2
Emerald Tank Top,S,Tops,Fashion Hub Ltd,231.43,54.0,2
Black Statement Earrings,M,,Apparel Solutions,115.23,,1
White Skinny Jean,XS,Bottoms,Atelier Nord,208.06,35.0,2
Burgundy Leather Tote,XS,Accessories,Atelier Nord,241.88,53.0,2
Black Woven Belt,S,Accessories,Apparel Solutions,268.82,64.0,2
Burgundy Midi Dress,L,Dresses,Atelier Nord,66.23,107.0,2
Blush Puffer Vest,XXL,Outerwear,Apparel Solutions,253.0,31.0,2
Blush Denim Short,M,Bottoms,Apparel Solutions,131.16,99.0,2
Camel Ballet Flat,S,Footwear,Fashion Hub Ltd,269.4,121.0,2
Blush Statement Earrings,L,,,155.39,,1
White Blazer,XXL,Outerwear,Fashion Hub Ltd,52.74,125.0,2
White Puffer Vest,S,Outerwear,Apparel Solutions,208.46,86.0,2
Cognac Ballet Flat,M,Footwear,Fashion Hub Ltd,234.5,87.0,2
White Moto Jacket,M,,Textile World Co,283.65,,1
Black Heeled Mule,XXL,Footwear,Apparel Solutions,39.39,3.0,2
White Widebrim Hat,XS,Accessories,Atelier Nord,84.04,89.0,2
Tan Blazer,L,,Apparel Solutions,184.35,,1
Cognac Blazer,S,Outerwear,Fashion Hub Ltd,251.36,0.0,2
Emerald Turtleneck,XL,Tops,Fashion Hub Ltd,176.94,131.0,2
Burgundy Henley,XS,Tops,Textile World Co,100.61,69.0,2
Blush Denim Jacket,XXL,Outerwear,Apparel Solutions,43.67,137.0,2
Emerald Ankle Boot,XL,Footwear,Apparel Solutions,168.46,89.0,2
Camel Turtleneck,M,Tops,Textile World Co,248.28,15.0,2
Tan Crossbody Bag,M,Accessories,Apparel Solutions,69.2,95.0,2
Black Wideleg Trouser,XL,,Fashion Hub Ltd,319.03,118.0,2
Burgundy Wrap Dress,L,Dresses,Textile World Co,118.72,110.0,2
Charcoal Woven Belt,L,Accessories,Atelier Nord,230.86,116.0,2
Burgundy Ballet Flat,L,,Textile World Co,258.11,,1
Tan Heeled Mule,XXL,Footwear,Textile World Co,224.76,20.0,2
Charcoal Wrap Dress,S,Dresses,Fashion Hub Ltd,197.31,95.0,2
White Denim Jacket,M,Outerwear,Atelier Nord,91.95,91.0,2
Burgundy Ankle Boot,XS,Footwear,Textile World Co,221.44,129.0,2
Charcoal Heeled Mule,XS,Footwear,Fashion Hub Ltd,53.24,23.0,2
Charcoal Slip Dress,XL,Dresses,Fashion Hub Ltd,146.31,100.0,2
Black Vneck Sweater,XL,Tops,Fashion Hub Ltd,107.7,132.0,2
Tan Statement Earrings,M,Accessories,Fashion Hub Ltd,22.0,89.0,2
Burgundy Trench Coat,M,Outerwear,Atelier Nord,148.97,76.0,2
Ivory Woven Belt,XL,Accessories,Fashion Hub Ltd,209.11,99.0,2
Black Shift Dress,XL,Dresses,Atelier Nord,172.55,54.0,2
Ivory Cardigan,XXL,Tops,Apparel Solutions,35.6,61.0,2
White Silk Blouse,XXL,Tops,Apparel Solutions,194.91,92.0,2
Camel Denim Jacket,L,Outerwear,Apparel Solutions,148.16,123.0,2
Indigo Twill Scarf,XS,Accessories,Textile World Co,69.25,86.0,2
Burgundy Heeled Mule,XXL,Footwear,Atelier Nord,93.13,57.0,2
Burgundy Shift Dress,XS,Dresses,Fashion Hub Ltd,66.14,86.0,2
Cognac Trench Coat,XS,Outerwear,Fashion Hub Ltd,319.6,13.0,2
Burgundy Blazer,M,Outerwear,Fashion Hub Ltd,283.14,93.0,2
White Blazer,XL,Outerwear,Atelier Nord,43.72,56.0,2
Charcoal Skinny Jean,M,Bottoms,Apparel Solutions,112.78,110.0,2
Emerald Twill Scarf,L,Accessories,Apparel Solutions,99.27,89.0,2
Blush Puffer Vest,XS,Outerwear,Atelier Nord,114.57,23.0,2
Cognac Vneck Sweater,L,,,261.1,,1
Tan Vneck Sweater,XXL,,Textile World Co,284.96,58.0,2
Cognac Espadrille,L,Footwear,Textile World Co,36.12,38.0,2
Tan Buttonup Shirt,M,Tops,Atelier Nord,184.04,129.0,2
Black Ankle Boot,XL,Footwear,Atelier Nord,206.85,103.0,2
Burgundy Trench Coat,L,Outerwear,Apparel Solutions,169.38,45.0,2
Tan Lowtop Sneaker,XL,Footwear,Apparel Solutions,190.88,20.0,2
Charcoal Tank Top,XS,Tops,Fashion Hub Ltd,135.41,82.0,2
Cognac Crossbody Bag,M,Accessories,Fashion Hub Ltd,57.89,99.0,2
Camel Lowtop Sneaker,L,,,160.56,,1
Cognac Crewneck Tee,M,Tops,Apparel Solutions,200.19,6.0,2
Burgundy Buttonup Shirt,XXL,Tops,Fashion Hub Ltd,102.44,7.0,2
Cognac Heeled Mule,S,,Apparel Solutions,238.24,,1
Indigo Widebrim Hat,S,,Apparel Solutions,68.02,104.0,2
Ivory Loafer,S,Footwear,Atelier Nord,267.12,38.0,2
Burgundy Shift Dress,S,Dresses,Textile World Co,211.73,51.0,2
Blush Pleated Skirt,M,Bottoms,Textile World Co,188.44,134.0,2
Ivory Heeled Mule,XS,,Apparel Solutions,150.55,121.0,2
Burgundy Shirt Dress,XL,Dresses,Atelier Nord,41.8,33.0,2
Blush Crossbody Bag,S,Accessories,Fashion Hub Ltd,222.56,55.0,2
Camel Moto Jacket,M,Outerwear,Apparel Solutions,59.96,97.0,2
Charcoal Midi Skirt,M,Bottoms,Atelier Nord,68.29,110.0,2
Cognac Statement Earrings,XXL,,Apparel Solutions,263.86,105.0,2
Emerald Vneck Sweater,XL,Tops,Atelier Nord,33.73,46.0,2
Beige Slip Dress,S,,Atelier Nord,203.14,55.0,2
Cognac Trench Coat,S,Outerwear,Atelier Nord,285.72,11.0,2
Cognac Statement Earrings,S,Accessories,Atelier Nord,184.0,79.0,2
Blush Denim Jacket,L,Outerwear,Fashion Hub Ltd,60.29,68.0,2
Cognac Statement Earrings,S,Accessories,Fashion Hub Ltd,190.17,54.0,2
Cognac Heeled Mule,S,Footwear,Atelier Nord,190.7,66.0,2
Indigo Trench Coat,M,Outerwear,Textile World Co,194.78,53.0,2
Camel Wideleg Trouser,XXL,Bottoms,Apparel Solutions,81.19,98.0,2
Burgundy Cardigan,S,Tops,Atelier Nord,185.58,22.0,2
White Ankle Boot,XXL,Footwear,Atelier Nord,235.24,89.0,2
Tan Widebrim Hat,XXL,Accessories,Apparel Solutions,188.44,66.0,2
Cognac Pleated Skirt,L,Bottoms,Fashion Hub Ltd,80.52,79.0,2
Beige Wool Peacoat,XS,,Apparel Solutions,84.16,6.0,2
Beige Denim Short,XS,Bottoms,Atelier Nord,167.42,29.0,2
White Crewneck Tee,XS,Tops,Fashion Hub Ltd,86.73,27.0,2
White Cardigan,L,Tops,Apparel Solutions,262.16,4.0,2
Indigo Leather Tote,L,Accessories,Textile World Co,323.91,100.0,2
Charcoal Silk Blouse,L,Tops,Textile World Co,149.26,57.0,2
Blush Skinny Jean,XL,Bottoms,Atelier Nord,228.53,112.0,2
Beige Crossbody Bag,S,Accessories,Textile World Co,249.86,125.0,2
Cognac Heeled Mule,M,Footwear,Atelier Nord,175.05,137.0,2
Black Maxi Dress,S,Dresses,Atelier Nord,78.66,125.0,2
Emerald Ankle Boot,XL,Footwear,Fashion Hub Ltd,129.75,136.0,2
Charcoal Ankle Boot,L,Footwear,Atelier Nord,110.16,134.0,2
Black Woven Belt,L,Accessories,Textile World Co,153.12,14.0,2
Tan Heeled Mule,XL,Footwear,Atelier Nord,80.96,74.0,2
Black Blazer,S,Outerwear,Textile World Co,273.81,34.0,2
Black Midi Skirt,XXL,Bottoms,Apparel Solutions,267.5,17.0,2
Camel Woven Belt,XXL,,Atelier Nord,182.35,,1
Blush Wrap Dress,XXL,Dresses,Textile World Co,142.34,47.0,2
White Crossbody Bag,S,Accessories,Fashion Hub Ltd,55.62,125.0,2
Beige Shift Dress,XXL,Dresses,Apparel Solutions,303.31,26.0,2
Charcoal Leather Tote,L,Accessories,Atelier Nord,218.01,103.0,2
Cognac Shirt Dress,XS,Dresses,Atelier Nord,193.49,0.0,2
Blush Blazer,XS,Outerwear,Fashion Hub Ltd,265.76,68.0,2
Emerald Moto Jacket,XL,Outerwear,Textile World Co,247.77,62.0,2
Camel Espadrille,XL,Footwear,Textile World Co,258.65,58.0,2
Cognac Blazer,M,Outerwear,Apparel Solutions,304.2,70.0,2
Tan Loafer,XL,,,320.86,,1
Tan Wideleg Trouser,XS,Bottoms,Atelier Nord,205.31,95.0,2
Tan Midi Skirt,XS,Bottoms,Textile World Co,196.83,102.0,2
Blush Lowtop Sneaker,M,Footwear,Fashion Hub Ltd,56.36,131.0,2
Emerald Crewneck Tee,XS,Tops,Apparel Solutions,255.14,93.0,2
Indigo Cardigan,S,Tops,Textile World Co,220.79,97.0,2
Camel Lowtop Sneaker,M,Footwear,Apparel Solutions,207.94,86.0,2
Ivory Maxi Dress,XS,,Atelier Nord,312.62,54.0,2
Black Ballet Flat,M,Footwear,Fashion Hub Ltd,26.82,95.0,2
Blush Tank Top,XL,,Textile World Co,195.14,20.0,2
Charcoal Espadrille,XXL,,,243.56,,1
Emerald Leather Tote,XL,,Atelier Nord,140.58,,1
Beige Maxi Dress,S,Dresses,Apparel Solutions,159.71,21.0,2
Camel Denim Jacket,XXL,Outerwear,Textile World Co,160.22,125.0,2
Emerald Puffer Vest,S,Outerwear,Textile World Co,273.52,57.0,2
White Shift Dress,XXL,Dresses,Textile World Co,294.88,122.0,2
Tan Wool Peacoat,M,,,82.88,,1
Black Midi Dress,S,Dresses,Apparel Solutions,42.12,23.0,2
Tan Vneck Sweater,M,Tops,Textile World Co,288.39,47.0,2
Beige Blazer,XXL,Outerwear,Fashion Hub Ltd,204.61,18.0,2
Emerald Shift Dress,XXL,Dresses,Apparel Solutions,181.63,104.0,2
Black Lowtop Sneaker,M,,Fashion Hub Ltd,220.1,,1
Charcoal Silk Blouse,S,,,42.89,,1
Black Slip Dress,L,Dresses,Textile World Co,149.57,68.0,2
Burgundy Crossbody Bag,XS,Accessories,Textile World Co,153.59,90.0,2
Blush Crewneck Tee,XXL,Tops,Atelier Nord,173.32,10.0,2
White Widebrim Hat,L,Accessories,Atelier Nord,278.43,51.0,2
Blush Wideleg Trouser,S,Bottoms,Textile World Co,151.62,59.0,2
Black Turtleneck,S,Tops,Apparel Solutions,71.53,67.0,2
Black Twill Scarf,XL,Accessories,Apparel Solutions,53.1,54.0,2
Black Denim Jacket,XXL,Outerwear,Textile World Co,46.7,118.0,2
Cognac Blazer,M,Outerwear,Atelier Nord,227.19,117.0,2
Beige Linen Pant,S,Bottoms,Fashion Hub Ltd,250.28,17.0,2
Burgundy Woven Belt,M,,Fashion Hub Ltd,251.92,,1
Emerald Wideleg Trouser,XXL,Bottoms,Atelier Nord,219.85,135.0,2
White Skinny Jean,XL,Bottoms,Apparel Solutions,142.25,102.0,2
Emerald Moto Jacket,L,Outerwear,Textile World Co,215.19,92.0,2
Tan Widebrim Hat,XS,Accessories,Textile World Co,62.88,90.0,2
Blush Turtleneck,L,Tops,Textile World Co,284.12,117.0,2
Beige Blazer,XS,Outerwear,Textile World Co,129.99,118.0,2
Beige Ankle Boot,L,,,85.95,,1
Tan Turtleneck,XS,Tops,Textile World Co,244.06,111.0,2
Beige Espadrille,S,Footwear,Apparel Solutions,244.0,23.0,2
Ivory Denim Short,S,Bottoms,Textile World Co,204.01,24.0,2
White Midi Dress,S,Dresses,Apparel Solutions,82.34,81.0,2
Cognac Midi Dress,XXL,Dresses,Fashion Hub Ltd,39.16,84.0,2
Beige Wrap Dress,S,Dresses,Atelier Nord,44.56,61.0,2
Indigo Turtleneck,XL,Tops,Apparel Solutions,153.1,99.0,2
Black Denim Jacket,XL,Outerwear,Apparel Solutions,114.15,102.0,2
Beige Midi Dress,XXL,Dresses,Apparel Solutions,100.03,27.0,2
Cognac Ankle Boot,XL,Footwear,Atelier Nord,204.82,29.0,2
Tan Midi Skirt,XL,Bottoms,Textile World Co,128.88,82.0,2
Camel Cardigan,XXL,Tops,Textile World Co,133.28,77.0,2
Burgundy Pleated Skirt,M,,,209.22,,1
Camel Ballet Flat,L,Footwear,Fashion Hub Ltd,232.41,7.0,2
Beige Turtleneck,XL,Tops,Fashion Hub Ltd,33.32,104.0,2
Tan Henley,XL,,Fashion Hub Ltd,215.47,106.0,2
White Wideleg Trouser,XL,Bottoms,Fashion Hub Ltd,209.06,13.0,2
Beige Woven Belt,XS,Accessories,Atelier Nord,110.7,69.0,2
Indigo Statement Earrings,XXL,Accessories,Atelier Nord,292.74,77.0,2
Emerald Espadrille,L,Footwear,Textile World Co,41.25,114.0,2
Camel Midi Dress,XXL,Dresses,Fashion Hub Ltd,24.66,55.0,2
Tan Blazer,XL,Outerwear,Textile World Co,198.49,124.0,2
Cognac Wideleg Trouser,XXL,Bottoms,Fashion Hub Ltd,207.92,43.0,2
Charcoal Linen Pant,M,Bottoms,Atelier Nord,250.19,59.0,2
Burgundy Pleated Skirt,L,,Fashion Hub Ltd,123.42,120.0,2
Beige Shirt Dress,XL,Dresses,Atelier Nord,145.91,107.0,2
Blush Shirt Dress,M,Dresses,Textile World Co,67.57,94.0,2
Camel Tank Top,XS,Tops,Atelier Nord,166.66,90.0,2
Indigo Leather Tote,S,,Atelier Nord,246.91,,1
White Widebrim Hat,S,Accessories,Fashion Hub Ltd,150.93,148.0,2
Charcoal Ankle Boot,XXL,Footwear,Atelier Nord,109.84,92.0,2
Black Crewneck Tee,S,Tops,Fashion Hub Ltd,166.29,77.0,2
White Maxi Dress,L,Dresses,Atelier Nord,176.7,40.0,2
Beige Buttonup Shirt,XL,,,275.38,,1
Black Wrap Dress,XS,Dresses,Apparel Solutions,271.64,0.0,2
Beige Crossbody Bag,M,Accessories,Textile World Co,33.34,120.0,2
Cognac Loafer,XL,Footwear,Atelier Nord,231.94,116.0,2
Tan Denim Jacket,XS,Outerwear,Textile World Co,255.99,151.0,2
Blush Shift Dress,XXL,Dresses,Atelier Nord,302.32,34.0,2
Beige Shift Dress,S,Dresses,Textile World Co,187.66,114.0,2
Emerald Maxi Dress,XS,Dresses,Textile World Co,231.9,119.0,2
Blush Statement Earrings,XXL,Accessories,Apparel Solutions,260.21,81.0,2
Emerald Wrap Dress,XL,Dresses,Atelier Nord,116.14,128.0,2
Beige Loafer,S,Footwear,Textile World Co,316.12,27.0,2
Emerald Ballet Flat,XS,Footwear,Fashion Hub Ltd,257.26,75.0,2
Blush Henley,XXL,Tops,Atelier Nord,177.78,3.0,2
Emerald Pleated Skirt,XS,Bottoms,Apparel Solutions,213.5,57.0,2
Black Linen Pant,M,,,162.26,,1
Blush Crossbody Bag,XS,Accessories,Fashion Hub Ltd,67.56,94.0,2
Black Henley,XS,Tops,Textile World Co,99.31,117.0,2
Beige Blazer,S,,Fashion Hub Ltd,259.19,,1
Indigo Pleated Skirt,XS,,Fashion Hub Ltd,273.14,27.0,2
Cognac Twill Scarf,M,Accessories,Apparel Solutions,111.85,126.0,2
Beige Henley,S,,Atelier Nord,287.93,,1
Indigo Slip Dress,XXL,,Apparel Solutions,117.87,,1
Blush Lowtop Sneaker,XXL,,,82.81,,1
Ivory Crewneck Tee,L,Tops,Fashion Hub Ltd,136.81,56.0,2
Ivory Wrap Dress,XXL,Dresses,Atelier Nord,219.2,95.0,2
Emerald Ankle Boot,S,Footwear,Textile World Co,26.75,122.0,2
White Midi Skirt,XL,Bottoms,Apparel Solutions,126.62,62.0,2
Blush Statement Earrings,XL,Accessories,Atelier Nord,207.18,33.0,2
Blush Skinny Jean,XL,,,299.24,,1
Beige Maxi Dress,XS,Dresses,Textile World Co,139.35,22.0,2
Black Wool Peacoat,S,Outerwear,Apparel Solutions,53.37,56.0,2
Blush Crossbody Bag,M,Accessories,Apparel Solutions,224.23,0.0,2
Black Woven Belt,XXL,Accessories,Apparel Solutions,291.55,37.0,2
Cognac Espadrille,XXL,Footwear,Atelier Nord,187.67,92.0,2
Camel Maxi Dress,XL,Dresses,Fashion Hub Ltd,241.53,11.0,2
Beige Heeled Mule,S,,,180.13,,1
Burgundy Cardigan,M,Tops,Apparel Solutions,218.99,133.0,2
Beige Widebrim Hat,M,Accessories,Fashion Hub Ltd,131.86,36.0,2
Charcoal Skinny Jean,M,Bottoms,Fashion Hub Ltd,264.87,62.0,2
Beige Shirt Dress,XS,Dresses,Atelier Nord,321.07,86.0,2
Camel Tank Top,M,Tops,Atelier Nord,149.74,142.0,2
Charcoal Ballet Flat,XXL,Footwear,Fashion Hub Ltd,94.26,128.0,2
Blush Skinny Jean,XL,Bottoms,Fashion Hub Ltd,22.33,31.0,2
Burgundy Linen Pant,XS,Bottoms,Apparel Solutions,235.42,130.0,2
Emerald Wool Peacoat,XXL,Outerwear,Atelier Nord,134.28,64.0,2
Cognac Moto Jacket,M,Outerwear,Textile World Co,20.25,87.0,2
Camel Shirt Dress,S,Dresses,Textile World Co,19.36,19.0,2
Indigo Denim Short,XS,Bottoms,Apparel Solutions,39.95,49.0,2
Camel Heeled Mule,M,Footwear,Atelier Nord,232.88,133.0,2
Emerald Wrap Dress,XL,Dresses,Textile World Co,215.03,129.0,2
White Woven Belt,L,Accessories,Textile World Co,115.98,99.0,2
Beige Twill Scarf,XL,Accessories,Fashion Hub Ltd,201.58,110.0,2
Tan Chino Pant,XL,Bottoms,Apparel Solutions,59.48,134.0,2
Tan Crewneck Tee,XL,,Apparel Solutions,271.08,,1
Camel Trench Coat,XXL,Outerwear,Apparel Solutions,142.19,46.0,2
Charcoal Pleated Skirt,XXL,,,288.09,,1
Blush Henley,M,Tops,Apparel Solutions,37.35,70.0,2
Camel Silk Blouse,XL,Tops,Apparel Solutions,74.9,80.0,2
Blush Wool Peacoat,XS,,Textile World Co,190.64,,1
Beige Ankle Boot,XXL,,Atelier Nord,24.98,,1
Charcoal Buttonup Shirt,XS,Tops,Fashion Hub Ltd,292.57,3.0,2
Ivory Leather Tote,L,Accessories,Atelier Nord,208.56,56.0,2
Blush Wool Peacoat,M,Outerwear,Atelier Nord,195.73,100.0,2
Ivory Moto Jacket,L,Outerwear,Atelier Nord,187.75,72.0,2
Charcoal Denim Short,XL,,Textile World Co,201.64,45.0,2
Burgundy Moto Jacket,XL,,Fashion Hub Ltd,63.83,,1
Beige Lowtop Sneaker,XXL,Footwear,Apparel Solutions,110.5,22.0,2
Tan Cardigan,XXL,Tops,Apparel Solutions,197.55,11.0,2
Camel Woven Belt,S,Accessories,Atelier Nord,94.02,55.0,2
Cognac Henley,M,Tops,Atelier Nord,51.23,55.0,2
Charcoal Ballet Flat,XS,Footwear,Fashion Hub Ltd,31.01,11.0,2
Indigo Shift Dress,XXL,Dresses,Textile World Co,85.66,86.0,2
Camel Tank Top,XXL,Tops,Atelier Nord,246.14,88.0,2
Indigo Midi Dress,M,Dresses,Textile World Co,34.31,132.0,2
Blush Turtleneck,XXL,Tops,Textile World Co,113.24,48.0,2
Cognac Trench Coat,M,Outerwear,Fashion Hub Ltd,159.43,110.0,2
Black Widebrim Hat,XS,Accessories,Atelier Nord,170.42,79.0,2
Camel Linen Pant,XXL,Bottoms,Atelier Nord,295.48,54.0,2
Emerald Buttonup Shirt,S,Tops,Textile World Co,247.86,61.0,2
Burgundy Slip Dress,XXL,Dresses,Atelier Nord,44.52,12.0,2
Ivory Heeled Mule,XL,Footwear,Atelier Nord,251.75,118.0,2
Beige Heeled Mule,S,Footwear,Apparel Solutions,310.92,65.0,2
Indigo Woven Belt,XS,Accessories,Textile World Co,214.61,69.0,2
Charcoal Loafer,XXL,Footwear,Textile World Co,279.7,139.0,2
White Trench Coat,XL,Outerwear,Apparel Solutions,71.56,1.0,2
Indigo Loafer,L,Footwear,Textile World Co,159.12,13.0,2
Emerald Vneck Sweater,L,Tops,Apparel Solutions,273.96,50.0,2
White Heeled Mule,M,Footwear,Fashion Hub Ltd,110.89,126.0,2
White Puffer Vest,XS,Outerwear,Atelier Nord,308.85,14.0,2
Emerald Widebrim Hat,XS,,Textile World Co,165.16,136.0,2
Tan Cardigan,XXL,Tops,Fashion Hub Ltd,26.08,40.0,2
Blush Wrap Dress,S,Dresses,Atelier Nord,286.44,43.0,2
Black Trench Coat,S,Outerwear,Textile World Co,29.75,76.0,2
Blush Blazer,S,Outerwear,Fashion Hub Ltd,100.91,3.0,2
Cognac Twill Scarf,XXL,,,332.87,,1
Camel Shirt Dress,XS,Dresses,Apparel Solutions,180.83,59.0,2
Beige Blazer,L,Outerwear,Textile World Co,299.86,35.0,2
Black Puffer Vest,XS,Outerwear,Fashion Hub Ltd,161.98,45.0,2
Emerald Ballet Flat,XL,Footwear,Atelier Nord,238.62,103.0,2
White Statement Earrings,S,,Apparel Solutions,268.16,,1
Black Widebrim Hat,M,Accessories,Apparel Solutions,178.82,20.0,2
White Denim Jacket,XL,Outerwear,Apparel Solutions,56.83,102.0,2
Charcoal Linen Pant,XL,Bottoms,Fashion Hub Ltd,97.0,89.0,2
Cognac Maxi Dress,S,Dresses,Atelier Nord,156.36,34.0,2
Blush Statement Earrings,XXL,Accessories,Atelier Nord,291.03,0.0,2
Black Woven Belt,XL,Accessories,Textile World Co,193.36,92.0,2
White Skinny Jean,L,Bottoms,Atelier Nord,76.56,69.0,2
Charcoal Pleated Skirt,XXL,Bottoms,Atelier Nord,132.34,30.0,2
Black Midi Skirt,XS,Bottoms,Atelier Nord,116.18,30.0,2
White Shirt Dress,XL,Dresses,Textile World Co,203.65,79.0,2
Charcoal Linen Pant,XS,Bottoms,Apparel Solutions,305.89,35.0,2
Burgundy Denim Jacket,XXL,Outerwear,Atelier Nord,51.81,6.0,2
Cognac Linen Pant,L,Bottoms,Fashion Hub Ltd,254.09,90.0,2
Ivory Loafer,XL,,Textile World Co,26.86,80.0,2
Burgundy Wool Peacoat,XXL,Outerwear,Fashion Hub Ltd,30.81,55.0,2
Tan Shirt Dress,XL,Dresses,Fashion Hub Ltd,113.32,59.0,2
Cognac Silk Blouse,M,Tops,Atelier Nord,205.62,98.0,2
Tan Slip Dress,S,Dresses,Apparel Solutions,141.43,61.0,2
Camel Midi Skirt,XXL,,,163.99,,1
Cognac Shirt Dress,M,Dresses,Atelier Nord,160.48,13.0,2
Blush Crossbody Bag,S,Accessories,Textile World Co,282.79,44.0,2
Camel Ballet Flat,XS,,Atelier Nord,18.23,67.0,2
Beige Tank Top,XXL,Tops,Fashion Hub Ltd,206.28,72.0,2
Burgundy Puffer Vest,M,,Atelier Nord,288.13,,1
Burgundy Crossbody Bag,S,,Fashion Hub Ltd,99.51,130.0,2
Cognac Henley,L,Tops,Textile World Co,170.83,133.0,2
Blush Crossbody Bag,XL,Accessories,Textile World Co,221.42,129.0,2
Burgundy Wideleg Trouser,XXL,Bottoms,Textile World Co,29.74,95.0,2
Tan Leather Tote,XS,,Textile World Co,44.05,,1
Indigo Midi Skirt,M,Bottoms,Atelier Nord,134.34,91.0,2
Beige Shift Dress,XS,Dresses,Textile World Co,93.23,129.0,2
Indigo Trench Coat,XS,Outerwear,Atelier Nord,236.52,100.0,2
Indigo Skinny Jean,M,,Textile World Co,239.78,64.0,2
Burgundy Chino Pant,XL,Bottoms,Atelier Nord,96.09,44.0,2
Emerald Lowtop Sneaker,L,,Fashion Hub Ltd,65.47,,1
Beige Statement Earrings,M,Accessories,Apparel Solutions,268.19,94.0,2
Blush Wrap Dress,S,Dresses,Apparel Solutions,286.89,148.0,2
Blush Puffer Vest,M,Outerwear,Apparel Solutions,169.3,2.0,2
Emerald Henley,XL,Tops,Apparel Solutions,251.86,31.0,2
Charcoal Crossbody Bag,M,Accessories,Atelier Nord,30.81,63.0,2
Tan Lowtop Sneaker,XXL,Footwear,Fashion Hub Ltd,134.0,68.0,2
Tan Espadrille,S,Footwear,Textile World Co,246.42,102.0,2
Blush Widebrim Hat,XS,Accessories,Apparel Solutions,225.75,108.0,2
White Loafer,M,Footwear,Apparel Solutions,246.21,16.0,2
Indigo Shift Dress,XXL,Dresses,Atelier Nord,41.27,107.0,2
Camel Loafer,XS,Footwear,Textile World Co,145.61,61.0,2
White Cardigan,XS,Tops,Textile World Co,81.18,85.0,2
Beige Maxi Dress,L,Dresses,Fashion Hub Ltd,195.69,20.0,2
Indigo Statement Earrings,XL,Accessories,Atelier Nord,272.26,79.0,2
Beige Crossbody Bag,L,Accessories,Apparel Solutions,176.06,129.0,2
Burgundy Heeled Mule,S,Footwear,Fashion Hub Ltd,197.25,57.0,2
Emerald Midi Dress,XXL,Dresses,Fashion Hub Ltd,139.15,52.0,2
Ivory Vneck Sweater,L,Tops,Apparel Solutions,136.69,13.0,2
Indigo Midi Dress,XS,Dresses,Atelier Nord,254.38,44.0,2
Camel Crewneck Tee,XS,Tops,Fashion Hub Ltd,94.05,35.0,2
Charcoal Skinny Jean,S,Bottoms,Apparel Solutions,247.55,44.0,2
Charcoal Statement Earrings,M,Accessories,Atelier Nord,41.99,131.0,2
Charcoal Skinny Jean,XL,Bottoms,Fashion Hub Ltd,227.56,99.0,2
Beige Crossbody Bag,XS,Accessories,Textile World Co,174.61,25.0,2
Blush Chino Pant,S,Bottoms,Apparel Solutions,188.34,50.0,2
Tan Twill Scarf,S,Accessories,Textile World Co,235.24,87.0,2
Black Puffer Vest,L,Outerwear,Fashion Hub Ltd,54.62,90.0,2
Cognac Widebrim Hat,S,Accessories,Textile World Co,290.99,18.0,2
Indigo Turtleneck,XXL,Tops,Fashion Hub Ltd,142.18,90.0,2
Blush Espadrille,XXL,,Apparel Solutions,221.27,,1
Camel Statement Earrings,XXL,Accessories,Apparel Solutions,159.15,104.0,2
Burgundy Twill Scarf,XL,Accessories,Fashion Hub Ltd,235.63,88.0,2
Emerald Blazer,XL,Outerwear,Textile World Co,62.26,53.0,2
Burgundy Statement Earrings,M,,,137.5,,1
Beige Ankle Boot,XXL,Footwear,Apparel Solutions,173.44,101.0,2
Cognac Slip Dress,L,,Fashion Hub Ltd,35.74,,1
Black Blazer,XS,Outerwear,Fashion Hub Ltd,38.7,14.0,2
Ivory Turtleneck,XS,,,309.98,,1
White Twill Scarf,XS,Accessories,Fashion Hub Ltd,78.08,90.0,2
Emerald Denim Short,M,Bottoms,Apparel Solutions,221.72,49.0,2
Cognac Ankle Boot,S,Footwear,Atelier Nord,89.95,52.0,2
Black Lowtop Sneaker,L,Footwear,Fashion Hub Ltd,120.83,79.0,2
Black Turtleneck,S,Tops,Atelier Nord,71.81,123.0,2
Cognac Tank Top,XL,Tops,Textile World Co,88.17,11.0,2
Cognac Shirt Dress,XL,Dresses,Textile World Co,314.06,75.0,2
Tan Crossbody Bag,XL,Accessories,Fashion Hub Ltd,231.92,133.0,2
Blush Denim Short,XS,Bottoms,Apparel Solutions,158.47,73.0,2
Indigo Woven Belt,S,Accessories,Textile World Co,272.75,138.0,2
White Tank Top,M,Tops,Apparel Solutions,239.57,136.0,2
Burgundy Widebrim Hat,XXL,Accessories,Atelier Nord,253.78,130.0,2
Black Crossbody Bag,S,Accessories,Apparel Solutions,219.66,71.0,2
Tan Midi Dress,XL,Dresses,Apparel Solutions,287.83,24.0,2
Indigo Pleated Skirt,S,Bottoms,Fashion Hub Ltd,81.47,40.0,2
Emerald Chino Pant,S,Bottoms,Apparel Solutions,214.53,17.0,2
Cognac Puffer Vest,L,,Apparel Solutions,156.77,109.0,2
Black Woven Belt,XL,Accessories,Atelier Nord,69.08,138.0,2
Emerald Slip Dress,S,Dresses,Apparel Solutions,134.41,54.0,2
Emerald Vneck Sweater,S,Tops,Atelier Nord,244.84,33.0,2
Burgundy Crewneck Tee,XXL,Tops,Fashion Hub Ltd,137.43,60.0,2
Black Buttonup Shirt,XL,Tops,Apparel Solutions,151.4,96.0,2
Blush Denim Short,XS,Bottoms,Fashion Hub Ltd,205.26,130.0,2
White Heeled Mule,XS,Footwear,Atelier Nord,239.9,96.0,2
Camel Henley,XL,Tops,Apparel Solutions,78.44,27.0,2
Emerald Blazer,XL,Outerwear,Apparel Solutions,164.34,124.0,2
Charcoal Midi Dress,XL,Dresses,Textile World Co,123.0,65.0,2
Charcoal Midi Dress,XXL,Dresses,Textile World Co,197.77,87.0,2
Emerald Buttonup Shirt,XL,Tops,Apparel Solutions,98.19,60.0,2
Burgundy Loafer,S,,Apparel Solutions,248.32,,1
Blush Wrap Dress,XS,,,234.58,,1
Blush Leather Tote,XS,Accessories,Textile World Co,96.07,101.0,2
Charcoal Midi Skirt,XL,Bottoms,Textile World Co,170.97,72.0,2
Camel Loafer,S,Footwear,Apparel Solutions,241.62,4.0,2
Cognac Skinny Jean,L,Bottoms,Apparel Solutions,269.34,73.0,2
Burgundy Puffer Vest,S,Outerwear,Fashion Hub Ltd,221.72,120.0,2
Camel Twill Scarf,L,Accessories,Apparel Solutions,48.89,1.0,2
Cognac Ballet Flat,XS,Footwear,Textile World Co,214.66,25.0,2
Emerald Chino Pant,XL,,Fashion Hub Ltd,157.91,,1
Ivory Ballet Flat,XXL,Footwear,Atelier Nord,72.34,134.0,2
Burgundy Shift Dress,L,Dresses,Textile World Co,218.27,115.0,2
Emerald Slip Dress,L,Dresses,Textile World Co,201.97,24.0,2
Blush Henley,L,Tops,Apparel Solutions,294.67,8.0,2
White Leather Tote,XXL,,,215.67,,1
Indigo Wideleg Trouser,S,Bottoms,Apparel Solutions,184.6,30.0,2
Blush Slip Dress,L,,Atelier Nord,155.45,,1
Emerald Wool Peacoat,XXL,Outerwear,Textile World Co,220.44,95.0,2
Emerald Midi Dress,XXL,Dresses,Textile World Co,87.75,71.0,2
Charcoal Denim Jacket,XS,Outerwear,Apparel Solutions,130.3,103.0,2
White Henley,L,Tops,Apparel Solutions,93.15,24.0,2
Cognac Heeled Mule,XXL,Footwear,Textile World Co,72.88,128.0,2
Emerald Espadrille,XL,Footwear,Textile World Co,295.56,16.0,2
Tan Espadrille,XXL,Footwear,Textile World Co,305.64,133.0,2
Tan Moto Jacket,XS,,Atelier Nord,105.27,,1
Charcoal Wrap Dress,XS,,Atelier Nord,223.86,,1
Emerald Midi Dress,XS,Dresses,Atelier Nord,51.55,39.0,2
Burgundy Henley,L,,Atelier Nord,137.86,33.0,2
Ivory Moto Jacket,XXL,,,112.72,,1
Beige Leather Tote,XS,,,167.97,,1
Ivory Puffer Vest,XXL,Outerwear,Fashion Hub Ltd,227.81,123.0,2
Burgundy Cardigan,XS,,Apparel Solutions,235.66,104.0,2
Ivory Silk Blouse,XXL,Tops,Fashion Hub Ltd,266.08,110.0,2
Indigo Denim Jacket,M,Outerwear,Apparel Solutions,227.86,126.0,2
Ivory Statement Earrings,M,Accessories,Textile World Co,208.36,29.0,2
White Crossbody Bag,L,Accessories,Fashion Hub Ltd,73.11,17.0,2
Tan Puffer Vest,XL,Outerwear,Atelier Nord,107.07,85.0,2
Indigo Midi Dress,XS,Dresses,Apparel Solutions,54.4,112.0,2
Cognac Wrap Dress,L,Dresses,Atelier Nord,285.33,68.0,2
Charcoal Silk Blouse,M,,Atelier Nord,212.46,,1
Ivory Puffer Vest,L,Outerwear,Textile World Co,111.52,6.0,2
Burgundy Heeled Mule,M,Footwear,Fashion Hub Ltd,289.18,51.0,2
Beige Ballet Flat,M,Footwear,Textile World Co,38.09,44.0,2
Ivory Midi Dress,S,Dresses,Textile World Co,275.61,77.0,2
Burgundy Moto Jacket,XXL,,Fashion Hub Ltd,318.51,0.0,2
Burgundy Slip Dress,XS,Dresses,Textile World Co,194.92,113.0,2
Cognac Loafer,M,Footwear,Fashion Hub Ltd,251.55,73.0,2
Cognac Wool Peacoat,XXL,Outerwear,Fashion Hub Ltd,270.51,102.0,2
Cognac Tank Top,XL,Tops,Fashion Hub Ltd,178.09,123.0,2
Burgundy Vneck Sweater,XXL,Tops,Fashion Hub Ltd,176.87,49.0,2
Camel Denim Jacket,S,Outerwear,Fashion Hub Ltd,62.67,88.0,2
Camel Loafer,XL,Footwear,Apparel Solutions,240.64,68.0,2
Black Silk Blouse,S,Tops,Textile World Co,41.32,66.0,2
Black Ballet Flat,M,Footwear,Textile World Co,300.66,101.0,2
Indigo Twill Scarf,M,Accessories,Apparel Solutions,29.91,98.0,2
Indigo Heeled Mule,M,,,291.86,,1
Beige Linen Pant,M,Bottoms,Apparel Solutions,171.16,82.0,2
Cognac Moto Jacket,XXL,,Fashion Hub Ltd,226.85,,1
Black Lowtop Sneaker,L,Footwear,Atelier Nord,133.58,50.0,2
Cognac Crossbody Bag,XXL,Accessories,Fashion Hub Ltd,121.02,34.0,2
Camel Denim Short,M,Bottoms,Fashion Hub Ltd,59.09,104.0,2
Camel Ballet Flat,L,Footwear,Textile World Co,218.43,89.0,2
Burgundy Buttonup Shirt,S,Tops,Fashion Hub Ltd,113.01,55.0,2
Burgundy Linen Pant,XS,,Atelier Nord,275.24,,1
Black Espadrille,L,Footwear,Atelier Nord,240.35,97.0,2
Camel Wideleg Trouser,S,Bottoms,Apparel Solutions,279.07,113.0,2
Emerald Trench Coat,L,,Apparel Solutions,128.03,86.0,2
Burgundy Espadrille,S,,Textile World Co,176.19,,1
Tan Crossbody Bag,L,Accessories,Fashion Hub Ltd,173.54,132.0,2
Burgundy Trench Coat,L,,Fashion Hub Ltd,264.34,,1
Tan Woven Belt,M,,Textile World Co,230.34,10.0,2
Beige Vneck Sweater,M,Tops,Atelier Nord,81.19,124.0,2
Indigo Trench Coat,XXL,Outerwear,Textile World Co,171.45,97.0,2
Black Vneck Sweater,XS,Tops,Fashion Hub Ltd,240.75,34.0,2
Indigo Blazer,XL,Outerwear,Fashion Hub Ltd,134.03,81.0,2
Blush Maxi Dress,XL,Dresses,Apparel Solutions,50.91,10.0,2
Emerald Crossbody Bag,XS,,Fashion Hub Ltd,214.0,2.0,2
White Tank Top,L,Tops,Fashion Hub Ltd,195.95,39.0,2
Charcoal Pleated Skirt,L,Bottoms,Atelier Nord,131.0,114.0,2
Emerald Denim Jacket,S,Outerwear,Apparel Solutions,289.38,33.0,2
Tan Moto Jacket,XL,Outerwear,Fashion Hub Ltd,164.92,67.0,2
Burgundy Midi Skirt,XS,Bottoms,Atelier Nord,53.67,43.0,2
Charcoal Pleated Skirt,L,,Apparel Solutions,220.37,,1
Tan Leather Tote,XL,Accessories,Apparel Solutions,257.83,98.0,2
Black Trench Coat,XS,Outerwear,Atelier Nord,78.4,37.0,2
Burgundy Heeled Mule,XXL,Footwear,Fashion Hub Ltd,283.15,128.0,2
Emerald Statement Earrings,XXL,Accessories,Textile World Co,201.45,93.0,2
Emerald Denim Jacket,XXL,Outerwear,Fashion Hub Ltd,136.18,122.0,2
Burgundy Loafer,XS,Footwear,Atelier Nord,45.74,46.0,2
Indigo Loafer,XL,Footwear,Fashion Hub Ltd,116.45,146.0,2
Charcoal Twill Scarf,S,,Atelier Nord,176.67,,1
Blush Widebrim Hat,L,,Fashion Hub Ltd,159.91,,1
Charcoal Shirt Dress,M,Dresses,Atelier Nord,99.86,40.0,2
Emerald Cardigan,XL,Tops,Atelier Nord,259.9,66.0,2
Camel Wideleg Trouser,L,Bottoms,Atelier Nord,99.94,104.0,2
White Midi Dress,XL,Dresses,Apparel Solutions,20.7,0.0,2
Beige Tank Top,XS,Tops,Fashion Hub Ltd,148.06,76.0,2
Camel Denim Short,XL,Bottoms,Atelier Nord,145.52,98.0,2
Charcoal Henley,L,Tops,Apparel Solutions,189.62,72.0,2
Tan Trench Coat,XXL,Outerwear,Atelier Nord,50.7,47.0,2
Blush Linen Pant,XL,Bottoms,Atelier Nord,154.87,53.0,2
Ivory Heeled Mule,XL,,,246.98,,1
Charcoal Denim Jacket,XS,Outerwear,Atelier Nord,151.18,131.0,2
Camel Woven Belt,M,,Fashion Hub Ltd,155.08,,1
Beige Trench Coat,XXL,Outerwear,Fashion Hub Ltd,227.6,6.0,2
Burgundy Lowtop Sneaker,S,Footwear,Textile World Co,133.03,37.0,2
Blush Lowtop Sneaker,M,Footwear,Atelier Nord,91.39,85.0,2
White Shirt Dress,XXL,Dresses,Apparel Solutions,195.23,30.0,2
Tan Henley,XS,Tops,Apparel Solutions,19.91,85.0,2
Burgundy Midi Dress,XL,Dresses,Fashion Hub Ltd,126.09,100.0,2
Beige Cardigan,L,Tops,Atelier Nord,72.2,25.0,2
Indigo Tank Top,XL,,,178.37,,1
Beige Shirt Dress,S,Dresses,Apparel Solutions,43.91,121.0,2
Black Lowtop Sneaker,L,Footwear,Apparel Solutions,159.71,53.0,2
White Puffer Vest,L,Outerwear,Atelier Nord,66.0,137.0,2
Tan Cardigan,XS,Tops,Fashion Hub Ltd,121.23,90.0,2
Black Ballet Flat,XXL,Footwear,Textile World Co,56.12,128.0,2
Beige Puffer Vest,XXL,,Fashion Hub Ltd,299.71,,1
Cognac Statement Earrings,XS,Accessories,Textile World Co,259.27,100.0,2
Indigo Lowtop Sneaker,M,,,60.33,,1
Blush Wideleg Trouser,XS,Bottoms,Apparel Solutions,280.48,47.0,2
Camel Wrap Dress,XS,Dresses,Atelier Nord,51.55,122.0,2
Indigo Ankle Boot,L,Footwear,Fashion Hub Ltd,84.48,0.0,2
Emerald Moto Jacket,S,Outerwear,Textile World Co,44.05,86.0,2
Indigo Moto Jacket,XS,Outerwear,Apparel Solutions,69.51,21.0,2
Ivory Tank Top,L,Tops,Apparel Solutions,102.01,88.0,2
Burgundy Widebrim Hat,XXL,Accessories,Textile World Co,203.59,112.0,2
Burgundy Ballet Flat,M,Footwear,Apparel Solutions,128.09,29.0,2
Indigo Denim Short,M,Bottoms,Textile World Co,112.94,30.0,2
Ivory Lowtop Sneaker,L,,Textile World Co,276.67,,1
Burgundy Wrap Dress,M,,,40.83,,1
Indigo Tank Top,XL,Tops,Fashion Hub Ltd,174.02,70.0,2
Burgundy Lowtop Sneaker,XS,Footwear,Atelier Nord,64.21,18.0,2
Charcoal Trench Coat,M,Outerwear,Fashion Hub Ltd,225.31,35.0,2
Emerald Lowtop Sneaker,XL,Footwear,Fashion Hub Ltd,235.61,66.0,2
Ivory Denim Jacket,L,Outerwear,Textile World Co,88.34,104.0,2
Burgundy Denim Jacket,L,Outerwear,Atelier Nord,137.63,108.0,2
Emerald Henley,XL,,Fashion Hub Ltd,120.8,77.0,2
Tan Denim Short,XL,Bottoms,Textile World Co,74.55,41.0,2
Burgundy Shirt Dress,XS,,Fashion Hub Ltd,50.09,103.0,2
Ivory Ankle Boot,S,Footwear,Atelier Nord,57.7,14.0,2
Tan Shift Dress,S,,Atelier Nord,184.01,24.0,2
Camel Trench Coat,XS,,Apparel Solutions,201.03,,1
Indigo Crossbody Bag,XS,Accessories,Atelier Nord,269.02,60.0,2
Black Wool Peacoat,M,Outerwear,Atelier Nord,29.41,38.0,2
Tan Wrap Dress,XL,,,289.34,,1
Blush Turtleneck,XS,,Atelier Nord,54.75,26.0,2
Emerald Wrap Dress,S,Dresses,Atelier Nord,306.65,13.0,2
White Crossbody Bag,M,Accessories,Textile World Co,194.5,49.0,2
Black Silk Blouse,XS,Tops,Apparel Solutions,275.63,100.0,2
Emerald Moto Jacket,XS,Outerwear,Textile World Co,316.81,72.0,2
Blush Leather Tote,M,Accessories,Fashion Hub Ltd,51.75,51.0,2
Emerald Woven Belt,M,Accessories,Apparel Solutions,128.4,83.0,2
Beige Blazer,S,Outerwear,Apparel Solutions,248.31,45.0,2
Tan Woven Belt,XS,Accessories,Apparel Solutions,263.08,86.0,2
Emerald Denim Short,M,Bottoms,Fashion Hub Ltd,64.81,41.0,2
Beige Moto Jacket,XL,,Fashion Hub Ltd,236.74,,1
Tan Skinny Jean,XS,Bottoms,Textile World Co,246.7,118.0,2
Indigo Puffer Vest,M,Outerwear,Fashion Hub Ltd,52.77,15.0,2
White Moto Jacket,XL,Outerwear,Textile World Co,177.39,127.0,2
Charcoal Widebrim Hat,XS,Accessories,Atelier Nord,242.31,33.0,2
Charcoal Lowtop Sneaker,XS,Footwear,Fashion Hub Ltd,38.12,30.0,2
Beige Moto Jacket,XL,Outerwear,Apparel Solutions,114.17,64.0,2
Beige Wrap Dress,XXL,,Apparel Solutions,27.65,,1
Indigo Midi Dress,S,Dresses,Apparel Solutions,201.99,22.0,2
Emerald Tank Top,XS,Tops,Atelier Nord,120.39,29.0,2
Blush Moto Jacket,XL,Outerwear,Atelier Nord,210.68,93.0,2
Camel Turtleneck,XS,Tops,Fashion Hub Ltd,217.56,23.0,2
Emerald Twill Scarf,S,,,300.15,,1
Blush Heeled Mule,L,Footwear,Apparel Solutions,21.34,16.0,2
Camel Midi Skirt,XS,Bottoms,Fashion Hub Ltd,144.47,71.0,2
Camel Wool Peacoat,XXL,,Atelier Nord,302.59,,1
White Twill Scarf,L,Accessories,Apparel Solutions,138.07,57.0,2
Indigo Crossbody Bag,M,Accessories,Textile World Co,38.07,111.0,2
White Wrap Dress,XXL,Dresses,Textile World Co,165.57,16.0,2
Camel Statement Earrings,XXL,Accessories,Atelier Nord,236.75,61.0,2
Camel Shirt Dress,L,Dresses,Apparel Solutions,271.23,61.0,2
Cognac Cardigan,M,Tops,Textile World Co,271.46,92.0,2
Ivory Ballet Flat,XL,Footwear,Fashion Hub Ltd,114.81,90.0,2
Beige Vneck Sweater,M,,Apparel Solutions,27.43,97.0,2
Emerald Twill Scarf,XL,Accessories,Apparel Solutions,197.19,38.0,2
Charcoal Wideleg Trouser,XS,Bottoms,Textile World Co,117.79,124.0,2
Indigo Moto Jacket,S,Outerwear,Atelier Nord,229.62,66.0,2
Ivory Buttonup Shirt,M,Tops,Fashion Hub Ltd,310.82,84.0,2
Blush Linen Pant,S,Bottoms,Fashion Hub Ltd,287.22,93.0,2
Tan Statement Earrings,XL,Accessories,Atelier Nord,162.5,57.0,2
Ivory Shirt Dress,L,,,161.37,,1
White Lowtop Sneaker,S,Footwear,Apparel Solutions,49.69,18.0,2
Black Leather Tote,XS,Accessories,Fashion Hub Ltd,167.91,48.0,2
Emerald Shirt Dress,XS,Dresses,Apparel Solutions,50.75,37.0,2
Cognac Moto Jacket,M,,Atelier Nord,306.61,52.0,2
Camel Ballet Flat,XXL,Footwear,Textile World Co,183.22,50.0,2
Tan Woven Belt,L,,Textile World Co,189.64,,1
Black Chino Pant,XXL,Bottoms,Apparel Solutions,191.06,101.0,2
Blush Shift Dress,M,Dresses,Fashion Hub Ltd,152.35,124.0,2
Charcoal Tank Top,M,Tops,Apparel Solutions,217.92,129.0,2
Charcoal Midi Skirt,M,Bottoms,Fashion Hub Ltd,254.5,1.0,2
White Skinny Jean,XL,Bottoms,Fashion Hub Ltd,243.09,12.0,2
Blush Ballet Flat,XXL,,,25.77,,1
White Linen Pant,S,Bottoms,Apparel Solutions,228.63,54.0,2
White Midi Skirt,L,,Textile World Co,263.6,114.0,2
Camel Midi Dress,L,Dresses,Apparel Solutions,218.46,47.0,2
Burgundy Pleated Skirt,XXL,,Apparel Solutions,21.36,,1
Tan Widebrim Hat,S,Accessories,Fashion Hub Ltd,295.52,6.0,2
Black Widebrim Hat,L,Accessories,Atelier Nord,23.75,18.0,2
White Shirt Dress,XS,Dresses,Fashion Hub Ltd,69.2,27.0,2
Tan Blazer,L,Outerwear,Textile World Co,269.83,25.0,2
Ivory Moto Jacket,M,Outerwear,Apparel Solutions,311.01,25.0,2
Camel Ballet Flat,M,Footwear,Atelier Nord,199.88,78.0,2
Beige Widebrim Hat,S,Accessories,Apparel Solutions,226.37,21.0,2
Ivory Lowtop Sneaker,XL,Footwear,Fashion Hub Ltd,282.0,61.0,2
Indigo Woven Belt,M,Accessories,Apparel Solutions,299.48,60.0,2
Blush Midi Dress,XS,,Fashion Hub Ltd,278.4,,1
Blush Turtleneck,S,Tops,Atelier Nord,273.96,26.0,2
Black Ankle Boot,XXL,Footwear,Apparel Solutions,268.66,109.0,2
Blush Ballet Flat,M,,Apparel Solutions,233.3,121.0,2
Charcoal Crossbody Bag,S,Accessories,Apparel Solutions,220.55,47.0,2
Tan Linen Pant,L,,Atelier Nord,25.59,104.0,2
Tan Denim Jacket,XL,Outerwear,Apparel Solutions,59.85,125.0,2
Tan Wrap Dress,L,Dresses,Textile World Co,134.11,45.0,2
Indigo Wideleg Trouser,XL,,,252.45,,1
Cognac Wrap Dress,XS,Dresses,Fashion Hub Ltd,219.95,90.0,2
White Ankle Boot,XXL,,Textile World Co,190.08,,1
Charcoal Skinny Jean,S,Bottoms,Fashion Hub Ltd,320.12,100.0,2
Tan Crossbody Bag,XL,Accessories,Apparel Solutions,64.78,65.0,2
Cognac Shirt Dress,XXL,,,33.99,,1
Indigo Wideleg Trouser,L,Bottoms,Textile World Co,104.04,78.0,2
Charcoal Widebrim Hat,XXL,Accessories,Atelier Nord,61.32,118.0,2
Burgundy Midi Skirt,M,Bottoms,Fashion Hub Ltd,249.52,124.0,2
Blush Turtleneck,S,Tops,Fashion Hub Ltd,225.26,7.0,2
Charcoal Crossbody Bag,L,,Textile World Co,89.94,123.0,2
Black Statement Earrings,XS,,Fashion Hub Ltd,47.7,74.0,2
Ivory Chino Pant,XS,Bottoms,Textile World Co,294.5,40.0,2
Black Woven Belt,XS,Accessories,Atelier Nord,41.45,134.0,2
Burgundy Shift Dress,XL,Dresses,Atelier Nord,299.81,13.0,2
White Woven Belt,M,Accessories,Textile World Co,157.84,12.0,2
White Maxi Dress,XS,Dresses,Fashion Hub Ltd,324.08,8.0,2
Cognac Statement Earrings,L,Accessories,Fashion Hub Ltd,174.7,129.0,2
Beige Ballet Flat,L,Footwear,Fashion Hub Ltd,108.42,65.0,2
Camel Ankle Boot,S,Footwear,Atelier Nord,128.11,120.0,2
Burgundy Wool Peacoat,XS,Outerwear,Fashion Hub Ltd,72.05,79.0,2
Black Chino Pant,S,,Apparel Solutions,292.05,90.0,2
Charcoal Blazer,L,Outerwear,Fashion Hub Ltd,58.23,92.0,2
Tan Lowtop Sneaker,M,,,249.42,,1
Indigo Cardigan,M,Tops,Apparel Solutions,171.54,61.0,2
Charcoal Widebrim Hat,XS,,Fashion Hub Ltd,100.29,,1
Emerald Statement Earrings,XS,Accessories,Atelier Nord,101.67,50.0,2
Cognac Blazer,XL,Outerwear,Fashion Hub Ltd,66.16,116.0,2
White Twill Scarf,XL,Accessories,Apparel Solutions,283.38,98.0,2
Indigo Wrap Dress,S,Dresses,Textile World Co,173.25,0.0,2
Blush Pleated Skirt,S,Bottoms,Textile World Co,110.31,35.0,2
Blush Wrap Dress,M,Dresses,Fashion Hub Ltd,53.82,84.0,2
White Maxi Dress,XS,Dresses,Atelier Nord,184.78,121.0,2
Ivory Wrap Dress,XS,Dresses,Fashion Hub Ltd,166.25,10.0,2
White Woven Belt,M,Accessories,Atelier Nord,192.55,54.0,2
Tan Lowtop Sneaker,M,Footwear,Textile World Co,271.85,12.0,2
Tan Silk Blouse,M,,Fashion Hub Ltd,183.82,110.0,2
Blush Ballet Flat,L,Footwear,Fashion Hub Ltd,189.16,106.0,2
Camel Wrap Dress,L,,Textile World Co,261.05,20.0,2
Cognac Puffer Vest,XL,Outerwear,Atelier Nord,285.59,58.0,2
Ivory Twill Scarf,S,Accessories,Fashion Hub Ltd,103.95,53.0,2
Black Pleated Skirt,XL,,Textile World Co,167.95,66.0,2
Black Maxi Dress,L,Dresses,Textile World Co,135.34,52.0,2
Ivory Ankle Boot,L,Footwear,Fashion Hub Ltd,145.56,38.0,2
Camel Ankle Boot,XL,,Textile World Co,75.09,106.0,2
White Silk Blouse,S,Tops,Fashion Hub Ltd,217.5,143.0,2
Camel Moto Jacket,XS,Outerwear,Apparel Solutions,268.44,47.0,2
White Espadrille,S,,Atelier Nord,81.78,,1
Beige Puffer Vest,M,Outerwear,Apparel Solutions,90.86,28.0,2
Emerald Lowtop Sneaker,S,,Fashion Hub Ltd,123.6,,1
Black Trench Coat,XL,Outerwear,Apparel Solutions,265.96,112.0,2
Indigo Shirt Dress,M,Dresses,Fashion Hub Ltd,248.66,85.0,2
Indigo Woven Belt,M,Accessories,Textile World Co,111.16,87.0,2
Black Ballet Flat,L,Footwear,Fashion Hub Ltd,47.84,66.0,2
Ivory Denim Short,L,Bottoms,Textile World Co,189.32,137.0,2
Blush Wideleg Trouser,XXL,Bottoms,Apparel Solutions,145.25,128.0,2
Charcoal Chino Pant,XXL,Bottoms,Apparel Solutions,19.51,102.0,2
White Cardigan,M,,Fashion Hub Ltd,201.07,,1
Ivory Tank Top,XXL,Tops,Textile World Co,120.64,140.0,2
Tan Heeled Mule,S,Footwear,Fashion Hub Ltd,168.02,50.0,2
Black Crossbody Bag,XXL,Accessories,Atelier Nord,252.22,12.0,2
White Henley,S,Tops,Apparel Solutions,18.3,37.0,2
Indigo Crewneck Tee,M,,Textile World Co,62.68,,1
Camel Midi Dress,XL,Dresses,Apparel Solutions,248.42,105.0,2
Charcoal Shirt Dress,XS,,Textile World Co,208.16,34.0,2
Ivory Denim Jacket,M,Outerwear,Atelier Nord,234.17,123.0,2
Charcoal Widebrim Hat,XXL,Accessories,Apparel Solutions,49.29,0.0,2
Ivory Shift Dress,XL,Dresses,Textile World Co,192.55,63.0,2
Camel Blazer,S,Outerwear,Fashion Hub Ltd,56.65,32.0,2
Cognac Pleated Skirt,XL,Bottoms,Fashion Hub Ltd,73.45,5.0,2
Camel Midi Dress,XXL,,Apparel Solutions,278.86,89.0,2
Charcoal Leather Tote,M,Accessories,Textile World Co,292.08,70.0,2
Burgundy Crossbody Bag,XS,Accessories,Fashion Hub Ltd,142.28,55.0,2
Camel Statement Earrings,M,Accessories,Fashion Hub Ltd,237.17,53.0,2
Ivory Twill Scarf,XL,Accessories,Textile World Co,40.29,14.0,2
Indigo Silk Blouse,M,Tops,Textile World Co,46.72,130.0,2
Blush Moto Jacket,XS,,,25.0,,1
Tan Twill Scarf,L,Accessories,Textile World Co,134.26,55.0,2
Emerald Skinny Jean,XL,Bottoms,Fashion Hub Ltd,95.28,122.0,2
Blush Blazer,S,Outerwear,Textile World Co,205.46,111.0,2
Beige Chino Pant,XS,Bottoms,Apparel Solutions,124.55,68.0,2
White Ankle Boot,L,Footwear,Apparel Solutions,49.44,80.0,2
Tan Skinny Jean,S,Bottoms,Apparel Solutions,260.24,84.0,2
Burgundy Cardigan,XS,Tops,Atelier Nord,130.3,12.0,2
Blush Crewneck Tee,S,Tops,Atelier Nord,263.88,98.0,2
Blush Moto Jacket,XXL,,Fashion Hub Ltd,283.83,,1
Black Vneck Sweater,S,Tops,Fashion Hub Ltd,212.13,111.0,2
Beige Moto Jacket,L,Outerwear,Atelier Nord,271.57,96.0,2
Black Vneck Sweater,S,Tops,Atelier Nord,217.89,87.0,2
Indigo Cardigan,XS,Tops,Atelier Nord,238.96,56.0,2
Camel Lowtop Sneaker,S,Footwear,Atelier Nord,119.8,103.0,2
Cognac Crossbody Bag,XXL,Accessories,Atelier Nord,318.99,110.0,2
Cognac Wrap Dress,S,Dresses,Textile World Co,306.24,103.0,2
Beige Wrap Dress,M,,,215.63,,1
Beige Tank Top,L,,Textile World Co,153.1,,1
Tan Skinny Jean,XL,Bottoms,Fashion Hub Ltd,125.03,131.0,2
Indigo Buttonup Shirt,XXL,Tops,Apparel Solutions,106.13,73.0,2
Indigo Leather Tote,XL,,Fashion Hub Ltd,24.8,,1
Emerald Cardigan,XS,,,124.89,,1
Charcoal Crewneck Tee,XS,Tops,Textile World Co,41.65,16.0,2
White Shirt Dress,XL,Dresses,Apparel Solutions,152.53,34.0,2
Indigo Silk Blouse,S,Tops,Textile World Co,161.59,34.0,2
Tan Denim Short,XS,,,53.11,,1
Blush Heeled Mule,L,Footwear,Textile World Co,226.48,27.0,2
Black Pleated Skirt,XS,Bottoms,Atelier Nord,231.8,83.0,2
Cognac Shirt Dress,XS,Dresses,Apparel Solutions,189.88,57.0,2
Emerald Wrap Dress,XXL,Dresses,Textile World Co,173.41,47.0,2
Tan Trench Coat,XXL,Outerwear,Apparel Solutions,272.99,139.0,2
Black Wool Peacoat,XS,Outerwear,Fashion Hub Ltd,131.79,34.0,2
Burgundy Silk Blouse,S,Tops,Textile World Co,315.24,89.0,2
Ivory Wideleg Trouser,XS,Bottoms,Textile World Co,248.2,104.0,2
White Trench Coat,S,Outerwear,Textile World Co,147.66,139.0,2
Ivory Woven Belt,XS,Accessories,Fashion Hub Ltd,218.36,109.0,2
Ivory Skinny Jean,XS,Bottoms,Atelier Nord,175.31,122.0,2
Beige Henley,XXL,Tops,Textile World Co,250.55,16.0,2
Emerald Linen Pant,XS,Bottoms,Textile World Co,27.37,35.0,2
Indigo Leather Tote,XS,Accessories,Atelier Nord,162.66,125.0,2
Blush Buttonup Shirt,XS,,Fashion Hub Ltd,149.52,45.0,2
Charcoal Denim Jacket,XS,Outerwear,Textile World Co,108.19,6.0,2
Blush Widebrim Hat,L,Accessories,Apparel Solutions,79.63,25.0,2
Beige Turtleneck,M,Tops,Apparel Solutions,275.72,92.0,2
Burgundy Statement Earrings,XXL,Accessories,Apparel Solutions,125.73,73.0,2
Black Wideleg Trouser,XS,Bottoms,Atelier Nord,314.34,26.0,2
Beige Loafer,XS,,,240.18,,1
Tan Denim Jacket,M,Outerwear,Fashion Hub Ltd,100.77,24.0,2
Burgundy Puffer Vest,XXL,,Atelier Nord,247.86,,1
Blush Widebrim Hat,M,Accessories,Atelier Nord,77.05,80.0,2
Black Twill Scarf,XL,Accessories,Fashion Hub Ltd,184.87,40.0,2
Tan Wrap Dress,XL,Dresses,Fashion Hub Ltd,97.61,110.0,2
Charcoal Shift Dress,XXL,Dresses,Fashion Hub Ltd,101.69,105.0,2
Blush Henley,M,Tops,Fashion Hub Ltd,46.78,63.0,2
Camel Cardigan,L,Tops,Apparel Solutions,234.94,122.0,2
Cognac Lowtop Sneaker,L,Footwear,Fashion Hub Ltd,21.05,133.0,2
Ivory Woven Belt,XS,,,73.76,,1
Burgundy Twill Scarf,XS,Accessories,Apparel Solutions,21.83,119.0,2
Burgundy Tank Top,M,Tops,Atelier Nord,173.34,80.0,2
Emerald Linen Pant,S,,,310.53,,1
Blush Denim Jacket,XXL,Outerwear,Fashion Hub Ltd,297.01,67.0,2
Camel Leather Tote,S,Accessories,Fashion Hub Ltd,288.2,101.0,2
Burgundy Statement Earrings,L,Accessories,Fashion Hub Ltd,290.87,22.0,2
Black Henley,S,Tops,Apparel Solutions,74.57,60.0,2
Emerald Leather Tote,M,Accessories,Textile World Co,160.74,124.0,2
White Turtleneck,XL,Tops,Apparel Solutions,76.62,19.0,2
Emerald Shirt Dress,XXL,Dresses,Fashion Hub Ltd,263.47,36.0,2
Cognac Espadrille,XL,Footwear,Apparel Solutions,85.2,49.0,2
Black Maxi Dress,XL,Dresses,Fashion Hub Ltd,291.75,77.0,2
Indigo Shirt Dress,XS,Dresses,Atelier Nord,83.78,111.0,2
Ivory Chino Pant,S,Bottoms,Textile World Co,177.05,1.0,2
Camel Leather Tote,XL,Accessories,Fashion Hub Ltd,216.69,102.0,2
Camel Denim Jacket,XL,Outerwear,Textile World Co,239.52,50.0,2
Cognac Crossbody Bag,XS,Accessories,Textile World Co,156.13,121.0,2
Ivory Linen Pant,XXL,Bottoms,Atelier Nord,269.2,34.0,2
Blush Widebrim Hat,XXL,Accessories,Textile World Co,306.75,14.0,2
Charcoal Ballet Flat,L,Footwear,Textile World Co,89.62,44.0,2
Tan Trench Coat,M,Outerwear,Atelier Nord,47.73,21.0,2
Cognac Skinny Jean,S,Bottoms,Atelier Nord,56.66,137.0,2
Tan Denim Short,XXL,Bottoms,Apparel Solutions,206.36,61.0,2
Beige Loafer,XS,Footwear,Atelier Nord,164.18,28.0,2
Blush Buttonup Shirt,S,,Apparel Solutions,159.03,,1
Black Shift Dress,S,Dresses,Apparel Solutions,210.97,99.0,2
Black Wrap Dress,XL,Dresses,Atelier Nord,248.08,28.0,2
Ivory Turtleneck,XL,,Apparel Solutions,27.53,,1
Blush Twill Scarf,L,Accessories,Fashion Hub Ltd,280.35,86.0,2
White Midi Dress,L,Dresses,Atelier Nord,141.13,42.0,2
Blush Shirt Dress,L,,Atelier Nord,226.72,23.0,2
Ivory Loafer,XXL,Footwear,Apparel Solutions,201.39,111.0,2
Camel Ankle Boot,XS,Footwear,Apparel Solutions,210.53,49.0,2
Tan Skinny Jean,S,Bottoms,Fashion Hub Ltd,257.07,70.0,2
Charcoal Blazer,L,Outerwear,Apparel Solutions,151.34,134.0,2
Emerald Heeled Mule,S,Footwear,Atelier Nord,41.52,107.0,2
Camel Espadrille,M,Footwear,Textile World Co,191.86,135.0,2
Camel Buttonup Shirt,M,Tops,Atelier Nord,101.41,117.0,2
White Heeled Mule,XS,Footwear,Apparel Solutions,95.65,41.0,2
Indigo Buttonup Shirt,XS,Tops,Textile World Co,151.07,43.0,2
Black Wool Peacoat,XS,Outerwear,Textile World Co,192.99,55.0,2
Cognac Blazer,L,Outerwear,Fashion Hub Ltd,142.67,59.0,2
Ivory Turtleneck,XXL,Tops,Atelier Nord,57.23,132.0,2
Black Denim Jacket,M,Outerwear,Textile World Co,174.7,54.0,2
Cognac Silk Blouse,XL,Tops,Textile World Co,294.57,129.0,2
Black Ankle Boot,XXL,Footwear,Textile World Co,216.66,96.0,2
Black Wool Peacoat,M,Outerwear,Apparel Solutions,138.44,109.0,2
Ivory Tank Top,M,Tops,Fashion Hub Ltd,304.19,31.0,2
Indigo Puffer Vest,XS,Outerwear,Textile World Co,159.68,50.0,2
Indigo Moto Jacket,XXL,,Textile World Co,293.73,,1
Camel Wideleg Trouser,XXL,Bottoms,Atelier Nord,74.96,92.0,2
Tan Buttonup Shirt,S,,Apparel Solutions,320.23,86.0,2
Black Woven Belt,M,Accessories,Textile World Co,218.66,13.0,2
Beige Crewneck Tee,S,Tops,Textile World Co,50.36,90.0,2
Emerald Puffer Vest,S,Outerwear,Fashion Hub Ltd,207.06,21.0,2
Ivory Widebrim Hat,L,,,25.46,,1
Blush Shirt Dress,XXL,Dresses,Apparel Solutions,307.45,97.0,2
Beige Crewneck Tee,XXL,Tops,Apparel Solutions,42.16,138.0,2
Cognac Heeled Mule,S,Footwear,Fashion Hub Ltd,227.02,18.0,2
Blush Wool Peacoat,L,Outerwear,Textile World Co,225.35,89.0,2
Charcoal Moto Jacket,S,Outerwear,Atelier Nord,47.47,142.0,2
Camel Skinny Jean,L,Bottoms,Fashion Hub Ltd,288.06,87.0,2
Indigo Midi Skirt,L,Bottoms,Textile World Co,176.44,18.0,2
Tan Denim Jacket,L,Outerwear,Apparel Solutions,161.03,7.0,2
Blush Skinny Jean,S,Bottoms,Fashion Hub Ltd,36.39,126.0,2
Indigo Cardigan,XXL,Tops,Apparel Solutions,78.73,2.0,2
Cognac Puffer Vest,XL,Outerwear,Textile World Co,40.64,31.0,2
Emerald Woven Belt,XL,Accessories,Fashion Hub Ltd,237.7,24.0,2
Indigo Tank Top,M,Tops,Atelier Nord,211.37,122.0,2
Tan Slip Dress,M,Dresses,Atelier Nord,246.37,119.0,2
Cognac Slip Dress,S,Dresses,Fashion Hub Ltd,259.62,8.0,2
Indigo Silk Blouse,L,,Apparel Solutions,116.14,,1
Ivory Denim Jacket,XS,Outerwear,Fashion Hub Ltd,58.53,27.0,2
Tan Midi Skirt,L,Bottoms,Fashion Hub Ltd,39.81,119.0,2
Cognac Cardigan,L,Tops,Atelier Nord,100.61,81.0,2
Charcoal Maxi Dress,M,Dresses,Apparel Solutions,145.59,85.0,2
Beige Puffer Vest,XL,Outerwear,Atelier Nord,229.99,43.0,2
Tan Shirt Dress,XS,,,258.33,,1
Indigo Widebrim Hat,XS,Accessories,Fashion Hub Ltd,182.13,85.0,2
Burgundy Shirt Dress,XXL,Dresses,Atelier Nord,138.54,49.0,2
Beige Pleated Skirt,S,Bottoms,Atelier Nord,136.21,111.0,2
Emerald Henley,XL,,Textile World Co,103.03,,1
White Woven Belt,XXL,Accessories,Atelier Nord,158.35,36.0,2
Ivory Wool Peacoat,XL,Outerwear,Textile World Co,141.51,99.0,2
Cognac Woven Belt,L,Accessories,Fashion Hub Ltd,199.55,44.0,2
Indigo Wrap Dress,XXL,Dresses,Textile World Co,185.06,19.0,2
Camel Shift Dress,XL,,Textile World Co,130.57,,1
Indigo Heeled Mule,L,Footwear,Textile World Co,97.12,65.0,2
Cognac Heeled Mule,M,Footwear,Fashion Hub Ltd,87.85,75.0,2
Camel Slip Dress,XL,Dresses,Textile World Co,231.46,18.0,2
Camel Midi Dress,XL,Dresses,Fashion Hub Ltd,137.71,0.0,2
Camel Moto Jacket,XS,Outerwear,Fashion Hub Ltd,209.76,27.0,2
Beige Midi Skirt,XL,Bottoms,Textile World Co,302.28,80.0,2
White Wool Peacoat,XL,,Atelier Nord,114.69,75.0,2
Blush Blazer,XL,Outerwear,Atelier Nord,315.23,145.0,2
Emerald Midi Dress,XL,Dresses,Textile World Co,186.93,91.0,2
Emerald Skinny Jean,XS,,Fashion Hub Ltd,307.73,138.0,2
Cognac Linen Pant,L,,,125.0,,1
Burgundy Lowtop Sneaker,L,Footwear,Textile World Co,186.73,138.0,2
Emerald Slip Dress,M,Dresses,Textile World Co,23.69,38.0,2
Camel Moto Jacket,XXL,Outerwear,Fashion Hub Ltd,314.94,70.0,2
Beige Loafer,XXL,,Fashion Hub Ltd,101.92,67.0,2
Blush Statement Earrings,L,Accessories,Apparel Solutions,224.92,32.0,2
Burgundy Puffer Vest,XS,Outerwear,Fashion Hub Ltd,49.29,28.0,2
Ivory Chino Pant,M,Bottoms,Textile World Co,70.05,46.0,2
Black Blazer,XS,Outerwear,Textile World Co,312.18,88.0,2
Black Maxi Dress,XL,,Apparel Solutions,261.92,,1
Indigo Statement Earrings,S,,Apparel Solutions,208.66,64.0,2
Cognac Twill Scarf,XS,Accessories,Apparel Solutions,284.61,34.0,2
Charcoal Maxi Dress,S,Dresses,Atelier Nord,313.34,47.0,2
Blush Denim Jacket,L,Outerwear,Apparel Solutions,240.14,88.0,2
White Heeled Mule,S,Footwear,Fashion Hub Ltd,34.13,46.0,2
Camel Widebrim Hat,M,Accessories,Atelier Nord,19.83,33.0,2
Black Chino Pant,L,Bottoms,Apparel Solutions,214.06,16.0,2
Camel Maxi Dress,XL,Dresses,Textile World Co,312.16,78.0,2
Black Espadrille,XXL,Footwear,Fashion Hub Ltd,274.86,49.0,2
Beige Denim Jacket,M,Outerwear,Apparel Solutions,136.83,113.0,2
Cognac Chino Pant,XS,Bottoms,Textile World Co,28.98,132.0,2
Blush Midi Skirt,XXL,Bottoms,Fashion Hub Ltd,307.14,44.0,2
Tan Moto Jacket,L,Outerwear,Atelier Nord,88.34,87.0,2
Blush Skinny Jean,XXL,,Fashion Hub Ltd,97.73,53.0,2
Burgundy Buttonup Shirt,XXL,Tops,Apparel Solutions,179.13,43.0,2
Cognac Wrap Dress,L,Dresses,Fashion Hub Ltd,243.4,92.0,2
Beige Ballet Flat,XL,Footwear,Fashion Hub Ltd,195.62,35.0,2
Black Ankle Boot,M,Footwear,Apparel Solutions,172.31,53.0,2
Black Denim Short,L,Bottoms,Textile World Co,138.55,99.0,2
Camel Espadrille,XS,Footwear,Apparel Solutions,90.92,94.0,2
Ivory Wideleg Trouser,XL,Bottoms,Atelier Nord,216.04,30.0,2
Beige Puffer Vest,S,Outerwear,Textile World Co,89.36,65.0,2
Indigo Buttonup Shirt,S,Tops,Textile World Co,69.34,29.0,2
Burgundy Widebrim Hat,S,Accessories,Textile World Co,204.14,117.0,2
Beige Espadrille,M,Footwear,Fashion Hub Ltd,240.53,5.0,2
Charcoal Turtleneck,L,Tops,Apparel Solutions,68.06,73.0,2
Burgundy Midi Dress,S,Dresses,Fashion Hub Ltd,151.65,69.0,2
Burgundy Wrap Dress,XXL,,,162.42,,1
Charcoal Woven Belt,XS,,Fashion Hub Ltd,201.01,78.0,2
Charcoal Blazer,XS,Outerwear,Atelier Nord,315.46,7.0,2
White Turtleneck,M,Tops,Atelier Nord,185.97,9.0,2
Indigo Moto Jacket,L,Outerwear,Apparel Solutions,219.72,62.0,2
Charcoal Slip Dress,M,Dresses,Fashion Hub Ltd,118.2,5.0,2
Camel Wrap Dress,XXL,,Textile World Co,287.29,,1
Charcoal Buttonup Shirt,M,Tops,Textile World Co,97.06,9.0,2
Blush Woven Belt,XXL,,Textile World Co,105.52,5.0,2
Black Woven Belt,XS,Accessories,Fashion Hub Ltd,124.72,80.0,2
Cognac Moto Jacket,XXL,Outerwear,Textile World Co,94.11,13.0,2
White Moto Jacket,XS,,Apparel Solutions,18.21,,1
Tan Silk Blouse,XXL,,Atelier Nord,135.5,,1
Tan Loafer,M,Footwear,Fashion Hub Ltd,136.12,103.0,2
Blush Crewneck Tee,XS,Tops,Fashion Hub Ltd,189.57,11.0,2
Blush Moto Jacket,XS,Outerwear,Textile World Co,195.54,10.0,2
Beige Moto Jacket,XS,Outerwear,Fashion Hub Ltd,254.05,79.0,2
Burgundy Leather Tote,XS,Accessories,Apparel Solutions,259.98,90.0,2
Ivory Leather Tote,XL,Accessories,Apparel Solutions,34.35,137.0,2
Black Heeled Mule,S,Footwear,Fashion Hub Ltd,81.66,126.0,2
Beige Espadrille,XS,Footwear,Atelier Nord,123.7,133.0,2
Indigo Statement Earrings,XXL,Accessories,Fashion Hub Ltd,145.06,22.0,2
Beige Midi Dress,XS,Dresses,Fashion Hub Ltd,69.59,138.0,2
Burgundy Midi Skirt,L,Bottoms,Apparel Solutions,152.2,55.0,2
Indigo Pleated Skirt,XXL,,,114.56,,1
Burgundy Leather Tote,M,Accessories,Textile World Co,241.19,101.0,2
Beige Lowtop Sneaker,S,Footwear,Apparel Solutions,92.81,10.0,2
Burgundy Woven Belt,M,Accessories,Apparel Solutions,23.53,59.0,2
Charcoal Heeled Mule,XL,Footwear,Textile World Co,249.88,88.0,2
Cognac Ankle Boot,XS,Footwear,Apparel Solutions,107.0,135.0,2
Emerald Moto Jacket,XL,Outerwear,Fashion Hub Ltd,206.17,74.0,2
Charcoal Turtleneck,M,Tops,Apparel Solutions,40.23,135.0,2
Burgundy Cardigan,S,Tops,Textile World Co,202.36,111.0,2
Tan Twill Scarf,M,Accessories,Textile World Co,305.11,67.0,2
Camel Chino Pant,XL,Bottoms,Apparel Solutions,39.88,143.0,2
Charcoal Denim Short,XXL,Bottoms,Atelier Nord,166.68,112.0,2
Beige Widebrim Hat,S,Accessories,Atelier Nord,126.51,101.0,2
Cognac Wool Peacoat,XXL,Outerwear,Textile World Co,204.63,2.0,2
Tan Espadrille,L,Footwear,Atelier Nord,251.22,53.0,2
Camel Moto Jacket,S,Outerwear,Apparel Solutions,292.93,37.0,2
Beige Silk Blouse,XL,Tops,Atelier Nord,292.19,71.0,2
Camel Ankle Boot,XXL,Footwear,Atelier Nord,171.72,103.0,2
Charcoal Henley,L,Tops,Atelier Nord,272.85,60.0,2
White Espadrille,L,Footwear,Atelier Nord,143.09,30.0,2
Tan Widebrim Hat,XXL,Accessories,Atelier Nord,158.95,110.0,2
Cognac Twill Scarf,S,Accessories,Textile World Co,114.66,46.0,2
Blush Lowtop Sneaker,L,Footwear,Apparel Solutions,232.57,49.0,2
Cognac Denim Short,XS,Bottoms,Fashion Hub Ltd,254.19,53.0,2
White Moto Jacket,M,,Apparel Solutions,173.03,47.0,2
Cognac Skinny Jean,XS,Bottoms,Apparel Solutions,43.49,23.0,2
White Lowtop Sneaker,S,Footwear,Fashion Hub Ltd,223.95,47.0,2
Black Twill Scarf,XS,Accessories,Textile World Co,170.26,18.0,2
Blush Denim Jacket,XL,,,108.31,,1
Camel Vneck Sweater,S,,Apparel Solutions,109.77,99.0,2
Beige Vneck Sweater,S,Tops,Apparel Solutions,152.42,54.0,2
Burgundy Loafer,S,Footwear,Atelier Nord,57.61,30.0,2
Charcoal Skinny Jean,XL,Bottoms,Textile World Co,236.68,129.0,2
Black Loafer,XS,Footwear,Apparel Solutions,289.89,94.0,2
Emerald Shift Dress,L,Dresses,Fashion Hub Ltd,144.75,12.0,2
White Leather Tote,M,Accessories,Textile World Co,296.91,106.0,2
Camel Maxi Dress,S,Dresses,Textile World Co,49.25,15.0,2
Black Skinny Jean,XL,,Atelier Nord,28.14,,1
Burgundy Maxi Dress,S,Dresses,Apparel Solutions,222.05,139.0,2
Emerald Shirt Dress,XXL,Dresses,Apparel Solutions,47.65,52.0,2
White Denim Short,XXL,Bottoms,Fashion Hub Ltd,89.93,18.0,2
Tan Tank Top,XL,Tops,Atelier Nord,178.12,7.0,2
Beige Leather Tote,M,,Textile World Co,201.34,2.0,2
Emerald Woven Belt,XL,Accessories,Textile World Co,201.44,139.0,2
Black Chino Pant,S,Bottoms,Atelier Nord,164.07,21.0,2
Cognac Tank Top,XL,,Atelier Nord,181.85,65.0,2
Camel Turtleneck,XS,Tops,Apparel Solutions,232.39,30.0,2
Blush Midi Dress,M,Dresses,Textile World Co,236.89,98.0,2
Cognac Ballet Flat,XS,Footwear,Fashion Hub Ltd,18.79,16.0,2
Blush Wool Peacoat,XXL,Outerwear,Atelier Nord,217.12,62.0,2
Burgundy Denim Short,XXL,Bottoms,Textile World Co,133.86,78.0,2
Tan Denim Short,XXL,Bottoms,Fashion Hub Ltd,121.49,106.0,2
Camel Chino Pant,XS,Bottoms,Fashion Hub Ltd,262.98,95.0,2
Blush Linen Pant,S,Bottoms,Textile World Co,46.99,50.0,2
Tan Ankle Boot,S,Footwear,Fashion Hub Ltd,280.72,19.0,2
Indigo Trench Coat,M,Outerwear,Fashion Hub Ltd,222.03,62.0,2
Black Turtleneck,XS,Tops,Fashion Hub Ltd,51.19,16.0,2
Indigo Leather Tote,XS,Accessories,Apparel Solutions,190.25,102.0,2
Burgundy Henley,L,Tops,Apparel Solutions,210.65,97.0,2
Emerald Crewneck Tee,XS,Tops,Fashion Hub Ltd,210.25,72.0,2
Emerald Midi Skirt,XS,Bottoms,Apparel Solutions,62.33,94.0,2
Beige Blazer,XXL,Outerwear,Atelier Nord,111.39,78.0,2
Emerald Puffer Vest,XS,,Atelier Nord,52.54,,1
Blush Widebrim Hat,XS,Accessories,Fashion Hub Ltd,54.32,112.0,2
Burgundy Woven Belt,L,Accessories,Textile World Co,150.95,71.0,2
Emerald Widebrim Hat,M,Accessories,Fashion Hub Ltd,176.72,5.0,2
Camel Shirt Dress,M,Dresses,Fashion Hub Ltd,36.33,124.0,2
Beige Slip Dress,M,Dresses,Textile World Co,101.61,59.0,2
Burgundy Heeled Mule,L,Footwear,Fashion Hub Ltd,53.78,134.0,2
Burgundy Shift Dress,S,,Atelier Nord,288.38,62.0,2
White Statement Earrings,XXL,,Fashion Hub Ltd,115.13,,1
Charcoal Wrap Dress,M,Dresses,Apparel Solutions,203.26,81.0,2
Black Blazer,M,Outerwear,Apparel Solutions,120.0,53.0,2
Blush Widebrim Hat,L,Accessories,Atelier Nord,227.64,54.0,2
Blush Shift Dress,XXL,Dresses,Textile World Co,116.38,26.0,2
Tan Wool Peacoat,XL,Outerwear,Apparel Solutions,148.5,39.0,2
Indigo Crewneck Tee,M,Tops,Atelier Nord,30.72,41.0,2
Burgundy Midi Dress,XS,Dresses,Fashion Hub Ltd,257.33,106.0,2
Black Wrap Dress,XL,Dresses,Textile World Co,320.46,30.0,2
Black Silk Blouse,XL,Tops,Atelier Nord,167.91,8.0,2
Camel Heeled Mule,XL,Footwear,Apparel Solutions,292.2,49.0,2
Tan Blazer,L,Outerwear,Atelier Nord,301.51,128.0,2
White Ankle Boot,XS,Footwear,Fashion Hub Ltd,259.88,6.0,2
Ivory Midi Dress,S,Dresses,Atelier Nord,212.59,41.0,2
Camel Skinny Jean,XXL,Bottoms,Atelier Nord,41.41,98.0,2
Camel Twill Scarf,S,Accessories,Atelier Nord,157.49,8.0,2
Beige Vneck Sweater,XL,Tops,Fashion Hub Ltd,291.0,81.0,2
Indigo Henley,M,Tops,Atelier Nord,67.26,66.0,2
Charcoal Lowtop Sneaker,XXL,Footwear,Apparel Solutions,32.49,51.0,2
Ivory Widebrim Hat,L,,Atelier Nord,168.1,,1
Cognac Ankle Boot,XS,Footwear,Atelier Nord,195.39,106.0,2
Beige Lowtop Sneaker,S,Footwear,Textile World Co,229.73,128.0,2
Black Widebrim Hat,XL,Accessories,Fashion Hub Ltd,196.33,21.0,2
Indigo Heeled Mule,XXL,,,290.65,,1
Cognac Vneck Sweater,XS,Tops,Textile World Co,293.33,34.0,2
Blush Maxi Dress,M,Dresses,Fashion Hub Ltd,257.17,55.0,2
Tan Espadrille,XL,Footwear,Apparel Solutions,320.3,16.0,2
Beige Denim Jacket,L,,,36.66,,1
Camel Chino Pant,M,,,226.26,,1
Camel Denim Jacket,XXL,Outerwear,Apparel Solutions,57.26,79.0,2
Tan Ankle Boot,XXL,Footwear,Fashion Hub Ltd,177.0,65.0,2
White Henley,XL,Tops,Fashion Hub Ltd,210.64,67.0,2
Blush Midi Skirt,M,Bottoms,Atelier Nord,206.03,84.0,2
Beige Twill Scarf,XXL,Accessories,Fashion Hub Ltd,146.0,45.0,2
Indigo Turtleneck,L,Tops,Apparel Solutions,269.56,20.0,2
Black Cardigan,M,Tops,Apparel Solutions,89.09,115.0,2
Camel Blazer,L,,Fashion Hub Ltd,141.28,92.0,2
Camel Maxi Dress,XS,Dresses,Fashion Hub Ltd,204.4,36.0,2
Indigo Buttonup Shirt,XS,Tops,Atelier Nord,52.47,68.0,2
Black Woven Belt,S,Accessories,Atelier Nord,58.31,96.0,2
Blush Shift Dress,L,Dresses,Atelier Nord,190.84,109.0,2
Camel Wrap Dress,S,Dresses,Apparel Solutions,299.18,15.0,2
Charcoal Maxi Dress,L,Dresses,Fashion Hub Ltd,86.56,84.0,2
Cognac Midi Dress,XL,Dresses,Textile World Co,74.04,53.0,2
Burgundy Slip Dress,XXL,Dresses,Apparel Solutions,203.83,23.0,2
Beige Statement Earrings,S,,Textile World Co,121.71,,1
Indigo Slip Dress,S,Dresses,Fashion Hub Ltd,200.62,106.0,2
Blush Skinny Jean,M,Bottoms,Apparel Solutions,233.76,8.0,2
Indigo Denim Jacket,S,Outerwear,Apparel Solutions,292.24,140.0,2
Burgundy Wrap Dress,S,,Fashion Hub Ltd,19.73,,1
Camel Vneck Sweater,L,Tops,Apparel Solutions,292.46,114.0,2
Cognac Chino Pant,S,Bottoms,Fashion Hub Ltd,92.49,126.0,2
Camel Blazer,M,Outerwear,Atelier Nord,290.2,72.0,2
White Wideleg Trouser,XL,Bottoms,Atelier Nord,157.87,140.0,2
Indigo Lowtop Sneaker,XL,Footwear,Atelier Nord,283.56,35.0,2
Tan Shift Dress,XS,Dresses,Fashion Hub Ltd,199.77,48.0,2
Tan Wrap Dress,S,Dresses,Textile World Co,168.95,67.0,2
Beige Wrap Dress,XS,Dresses,Fashion Hub Ltd,217.59,93.0,2
Cognac Trench Coat,L,Outerwear,Textile World Co,205.72,66.0,2
Black Twill Scarf,L,Accessories,Atelier Nord,87.65,54.0,2
Burgundy Loafer,S,Footwear,Textile World Co,316.68,92.0,2
Beige Slip Dress,XS,Dresses,Textile World Co,122.18,64.0,2
Cognac Widebrim Hat,S,Accessories,Fashion Hub Ltd,25.81,53.0,2
Black Ankle Boot,S,Footwear,Atelier Nord,70.87,79.0,2
Beige Puffer Vest,XL,Outerwear,Textile World Co,53.18,42.0,2
Beige Skinny Jean,S,,,285.5,,1
Emerald Midi Skirt,L,Bottoms,Textile World Co,184.68,83.0,2
White Tank Top,XL,Tops,Atelier Nord,282.12,13.0,2
Beige Maxi Dress,L,Dresses,Apparel Solutions,31.08,139.0,2
Indigo Shirt Dress,L,Dresses,Fashion Hub Ltd,230.83,99.0,2
Tan Shirt Dress,XL,Dresses,Apparel Solutions,60.62,140.0,2
White Twill Scarf,XL,Accessories,Fashion Hub Ltd,170.95,77.0,2
Camel Twill Scarf,XXL,Accessories,Apparel Solutions,201.31,104.0,2
Cognac Wool Peacoat,S,Outerwear,Apparel Solutions,295.11,74.0,2
White Buttonup Shirt,XL,Tops,Textile World Co,181.07,99.0,2
Beige Crossbody Bag,M,Accessories,Fashion Hub Ltd,82.31,93.0,2
Cognac Silk Blouse,M,,Textile World Co,132.2,80.0,2
Ivory Espadrille,L,Footwear,Atelier Nord,138.29,19.0,2
Indigo Espadrille,XL,,Fashion Hub Ltd,120.73,,1
Blush Chino Pant,XL,Bottoms,Apparel Solutions,195.88,12.0,2
Burgundy Widebrim Hat,L,Accessories,Atelier Nord,279.76,28.0,2
Camel Wideleg Trouser,XS,Bottoms,Atelier Nord,21.95,119.0,2
Ivory Cardigan,XS,,Textile World Co,306.95,33.0,2
Tan Henley,L,Tops,Atelier Nord,104.94,86.0,2
Burgundy Puffer Vest,XL,Outerwear,Apparel Solutions,26.16,33.0,2
Cognac Ankle Boot,M,Footwear,Apparel Solutions,125.98,71.0,2
Ivory Heeled Mule,M,Footwear,Apparel Solutions,156.24,39.0,2
Emerald Buttonup Shirt,M,Tops,Apparel Solutions,316.79,21.0,2
Charcoal Maxi Dress,XL,Dresses,Apparel Solutions,200.92,67.0,2
White Wool Peacoat,M,Outerwear,Apparel Solutions,95.88,106.0,2
Black Turtleneck,M,,Textile World Co,295.94,,1
Camel Wideleg Trouser,XS,Bottoms,Textile World Co,319.27,0.0,2
Indigo Twill Scarf,S,Accessories,Textile World Co,90.98,116.0,2
Blush Wideleg Trouser,S,Bottoms,Fashion Hub Ltd,285.65,1.0,2
Charcoal Chino Pant,S,Bottoms,Fashion Hub Ltd,175.69,71.0,2
Charcoal Midi Dress,XXL,Dresses,Apparel Solutions,122.66,79.0,2
Tan Midi Skirt,XS,,,204.09,,1
Cognac Maxi Dress,S,,,276.69,,1
Blush Silk Blouse,L,Tops,Atelier Nord,298.95,19.0,2
Tan Loafer,XS,Footwear,Apparel Solutions,61.75,138.0,2
Beige Vneck Sweater,L,Tops,Atelier Nord,171.87,88.0,2
Blush Denim Jacket,XS,Outerwear,Fashion Hub Ltd,272.77,14.0,2
Emerald Ballet Flat,M,Footwear,Textile World Co,192.18,135.0,2
Camel Denim Short,L,Bottoms,Fashion Hub Ltd,246.96,139.0,2
White Denim Short,XL,,Textile World Co,72.99,49.0,2
White Trench Coat,L,Outerwear,Fashion Hub Ltd,106.1,94.0,2
Indigo Turtleneck,M,Tops,Textile World Co,120.82,72.0,2
Indigo Wideleg Trouser,XXL,,Atelier Nord,135.03,126.0,2
Burgundy Pleated Skirt,S,,Fashion Hub Ltd,134.73,,1
White Chino Pant,XL,Bottoms,Atelier Nord,29.48,48.0,2
Emerald Loafer,S,,Fashion Hub Ltd,50.87,11.0,2
Blush Vneck Sweater,XS,,Apparel Solutions,81.19,,1
Cognac Blazer,M,,Fashion Hub Ltd,261.14,115.0,2
Emerald Crossbody Bag,S,,Apparel Solutions,88.04,,1
Black Slip Dress,XL,,Atelier Nord,310.94,133.0,2
Camel Midi Skirt,L,Bottoms,Atelier Nord,37.97,39.0,2
Blush Heeled Mule,L,Footwear,Fashion Hub Ltd,121.26,71.0,2
Charcoal Espadrille,L,Footwear,Fashion Hub Ltd,133.48,118.0,2
Tan Widebrim Hat,M,Accessories,Fashion Hub Ltd,217.46,54.0,2
Emerald Leather Tote,S,Accessories,Fashion Hub Ltd,313.06,36.0,2
White Cardigan,XS,Tops,Apparel Solutions,252.56,116.0,2
Ivory Denim Short,XXL,Bottoms,Textile World Co,127.76,97.0,2
Cognac Shift Dress,L,,,301.23,,1
Black Silk Blouse,L,Tops,Fashion Hub Ltd,208.71,63.0,2
Ivory Slip Dress,S,,Atelier Nord,190.28,127.0,2
Black Ankle Boot,M,Footwear,Atelier Nord,87.34,98.0,2
Indigo Denim Jacket,S,Outerwear,Atelier Nord,27.54,40.0,2
Camel Midi Dress,S,,,173.66,,1
Emerald Midi Dress,M,Dresses,Apparel Solutions,312.62,74.0,2
Tan Silk Blouse,XS,,,84.83,,1
Blush Ballet Flat,S,Footwear,Textile World Co,310.51,55.0,2
Ivory Lowtop Sneaker,XL,Footwear,Atelier Nord,259.6,123.0,2
White Buttonup Shirt,XS,Tops,Fashion Hub Ltd,124.86,142.0,2
White Ankle Boot,M,Footwear,Atelier Nord,281.72,103.0,2
Black Vneck Sweater,XS,Tops,Apparel Solutions,104.92,3.0,2
Emerald Chino Pant,S,Bottoms,Textile World Co,240.83,110.0,2
Tan Ballet Flat,S,Footwear,Apparel Solutions,138.25,52.0,2
Burgundy Blazer,S,Outerwear,Fashion Hub Ltd,70.55,91.0,2
Cognac Shift Dress,XXL,Dresses,Atelier Nord,270.52,31.0,2
Cognac Pleated Skirt,S,Bottoms,Atelier Nord,60.33,75.0,2
Ivory Espadrille,XS,Footwear,Apparel Solutions,86.77,37.0,2
Tan Midi Dress,XXL,Dresses,Atelier Nord,160.62,26.0,2
Tan Statement Earrings,XS,Accessories,Textile World Co,241.37,62.0,2
White Espadrille,L,Footwear,Apparel Solutions,139.5,51.0,2
Tan Henley,M,,,265.64,,1
White Turtleneck,L,Tops,Textile World Co,77.7,37.0,2
Emerald Woven Belt,XXL,,Atelier Nord,140.94,,1
Blush Silk Blouse,XS,Tops,Atelier Nord,234.04,97.0,2
Indigo Moto Jacket,XL,,Apparel Solutions,22.45,,1
Ivory Statement Earrings,XS,Accessories,Atelier Nord,48.51,65.0,2
Beige Ankle Boot,S,Footwear,Textile World Co,163.07,24.0,2
Charcoal Loafer,XL,Footwear,Fashion Hub Ltd,310.07,126.0,2
White Lowtop Sneaker,L,Footwear,Apparel Solutions,18.52,130.0,2
White Linen Pant,XS,Bottoms,Textile World Co,251.52,17.0,1
Cognac Wideleg Trouser,L,Bottoms,Fashion Hub Ltd,241.92,28.0,1
Tan Woven Belt,XL,Accessories,Textile World Co,64.56,41.0,1
Black Wool Peacoat,XS,Outerwear,Atelier Nord,270.26,11.0,1
Blush Slip Dress,XXL,Dresses,Fashion Hub Ltd,233.35,68.0,1
Charcoal Buttonup Shirt,M,Tops,Apparel Solutions,114.47,138.0,1
White Midi Skirt,M,Bottoms,Atelier Nord,147.8,118.0,1
Emerald Cardigan,XS,Tops,Fashion Hub Ltd,92.66,70.0,1
Beige Woven Belt,M,,Fashion Hub Ltd,44.57,5.0,1
Camel Shirt Dress,XS,Dresses,Atelier Nord,100.96,12.0,1
Beige Moto Jacket,M,Outerwear,Textile World Co,44.94,65.0,1
Ivory Midi Dress,XL,Dresses,Textile World Co,37.95,53.0,1
Charcoal Tank Top,XL,Tops,Apparel Solutions,22.53,67.0,1
Charcoal Slip Dress,L,Dresses,Fashion Hub Ltd,201.97,68.0,1
Charcoal Widebrim Hat,L,Accessories,Atelier Nord,163.62,42.0,1
Blush Shirt Dress,XL,Dresses,Fashion Hub Ltd,282.9,39.0,1
Camel Midi Skirt,M,Bottoms,Apparel Solutions,54.94,127.0,1
White Tank Top,XXL,Tops,Apparel Solutions,251.41,35.0,1
Tan Linen Pant,XXL,Bottoms,Fashion Hub Ltd,253.71,85.0,1
Black Puffer Vest,XL,Outerwear,Textile World Co,222.75,94.0,1
Cognac Ankle Boot,XXL,Footwear,Textile World Co,195.48,45.0,1
Burgundy Puffer Vest,M,Outerwear,Apparel Solutions,174.77,130.0,1
Cognac Crossbody Bag,L,Accessories,Fashion Hub Ltd,311.64,97.0,1
Burgundy Widebrim Hat,S,Accessories,Atelier Nord,296.83,82.0,1
Cognac Cardigan,XXL,Tops,Apparel Solutions,227.18,102.0,1
Blush Tank Top,S,Tops,Atelier Nord,275.42,122.0,1
Tan Statement Earrings,L,Accessories,Textile World Co,115.39,106.0,1
Charcoal Slip Dress,S,,Fashion Hub Ltd,92.74,57.0,1
White Leather Tote,XL,Accessories,Apparel Solutions,307.69,87.0,1
Black Linen Pant,XXL,Bottoms,Atelier Nord,271.47,8.0,1
Indigo Slip Dress,XS,Dresses,Atelier Nord,259.6,57.0,1
Indigo Midi Dress,S,Dresses,Fashion Hub Ltd,181.58,23.0,1
Emerald Denim Jacket,XXL,Outerwear,Apparel Solutions,45.08,139.0,1
Indigo Trench Coat,XXL,Outerwear,Atelier Nord,243.24,95.0,1
Emerald Trench Coat,XL,Outerwear,Apparel Solutions,122.81,66.0,1
White Denim Short,XXL,Bottoms,Atelier Nord,174.61,105.0,1
Camel Lowtop Sneaker,XL,Footwear,Textile World Co,126.39,104.0,1
Black Skinny Jean,XXL,Bottoms,Fashion Hub Ltd,290.07,126.0,1
Indigo Wideleg Trouser,XL,Bottoms,Apparel Solutions,269.93,140.0,1
Ivory Midi Dress,XL,Dresses,Apparel Solutions,19.46,119.0,1
Black Leather Tote,L,,Apparel Solutions,29.76,18.0,1
Cognac Ankle Boot,L,Footwear,Fashion Hub Ltd,104.38,17.0,1
White Espadrille,XL,Footwear,Apparel Solutions,132.72,57.0,1
Tan Cardigan,S,Tops,Apparel Solutions,185.06,27.0,1
Beige Blazer,M,Outerwear,Apparel Solutions,273.07,108.0,1
Beige Midi Dress,S,Dresses,Atelier Nord,298.1,1.0,1
Cognac Shirt Dress,L,Dresses,Atelier Nord,284.82,97.0,1
Indigo Crewneck Tee,XL,Tops,Fashion Hub Ltd,49.39,32.0,1
Charcoal Crossbody Bag,XL,Accessories,Textile World Co,179.0,82.0,1
Black Leather Tote,XL,Accessories,Apparel Solutions,253.14,61.0,1
Tan Twill Scarf,XL,Accessories,Atelier Nord,75.54,127.0,1
Burgundy Wrap Dress,M,,Textile World Co,46.2,117.0,1
Camel Loafer,XL,Footwear,Atelier Nord,205.8,36.0,1
Tan Shirt Dress,XXL,Dresses,Textile World Co,269.69,25.0,1
Ivory Loafer,L,Footwear,Atelier Nord,31.15,56.0,1
Camel Linen Pant,XL,Bottoms,Textile World Co,308.95,92.0,1
Black Midi Dress,XS,Dresses,Fashion Hub Ltd,158.61,30.0,1
Beige Buttonup Shirt,XXL,Tops,Apparel Solutions,180.75,4.0,1
White Blazer,M,Outerwear,Textile World Co,65.56,29.0,1
Indigo Shirt Dress,L,Dresses,Atelier Nord,146.42,54.0,1
Ivory Shift Dress,XL,Dresses,Apparel Solutions,101.93,65.0,1
Charcoal Widebrim Hat,XL,Accessories,Apparel Solutions,222.24,46.0,1
Blush Henley,S,,Apparel Solutions,95.15,8.0,1
Emerald Silk Blouse,XXL,Tops,Fashion Hub Ltd,159.02,11.0,1
Black Shirt Dress,XL,Dresses,Apparel Solutions,176.97,28.0,1
Camel Crossbody Bag,XS,Accessories,Fashion Hub Ltd,107.67,115.0,1
Emerald Espadrille,M,Footwear,Fashion Hub Ltd,234.45,8.0,1
Ivory Crewneck Tee,M,Tops,Apparel Solutions,307.45,120.0,1
Ivory Skinny Jean,XL,Bottoms,Apparel Solutions,129.86,124.0,1
Emerald Skinny Jean,M,Bottoms,Apparel Solutions,222.12,35.0,1
Camel Shirt Dress,XL,Dresses,Fashion Hub Ltd,43.11,126.0,1
Emerald Wool Peacoat,XL,Outerwear,Apparel Solutions,228.72,101.0,1
Ivory Twill Scarf,L,,Apparel Solutions,64.26,22.0,1
Blush Silk Blouse,M,Tops,Fashion Hub Ltd,246.41,87.0,1
Blush Cardigan,M,Tops,Atelier Nord,125.59,75.0,1
White Blazer,XL,Outerwear,Textile World Co,102.28,8.0,1
Blush Heeled Mule,XXL,Footwear,Textile World Co,83.65,12.0,1
Ivory Wool Peacoat,S,Outerwear,Atelier Nord,44.16,53.0,1
Ivory Wideleg Trouser,XS,Bottoms,Apparel Solutions,286.34,27.0,1
Beige Henley,XXL,Tops,Apparel Solutions,149.26,111.0,1
Indigo Crossbody Bag,XXL,Accessories,Apparel Solutions,257.97,47.0,1
Ivory Leather Tote,XL,Accessories,Fashion Hub Ltd,175.9,86.0,1
Burgundy Twill Scarf,XS,Accessories,Atelier Nord,259.68,18.0,1
Black Cardigan,XXL,,Textile World Co,291.72,14.0,1
Cognac Statement Earrings,M,Accessories,Atelier Nord,139.16,88.0,1
Burgundy Slip Dress,XS,Dresses,Atelier Nord,120.29,60.0,1
Beige Wool Peacoat,L,Outerwear,Atelier Nord,318.96,125.0,1
Black Silk Blouse,M,Tops,Textile World Co,91.78,113.0,1
Tan Loafer,XS,Footwear,Textile World Co,247.85,32.0,1
Blush Linen Pant,M,Bottoms,Textile World Co,151.78,80.0,1
Tan Leather Tote,XS,Accessories,Atelier Nord,19.4,2.0,1
White Statement Earrings,XL,Accessories,Fashion Hub Ltd,288.4,113.0,1
Charcoal Widebrim Hat,XS,Accessories,Textile World Co,309.55,101.0,1
Burgundy Heeled Mule,XS,Footwear,Fashion Hub Ltd,61.96,33.0,1
Indigo Slip Dress,XXL,Dresses,Fashion Hub Ltd,80.99,51.0,1
Cognac Buttonup Shirt,XL,Tops,Fashion Hub Ltd,224.52,58.0,1
Charcoal Cardigan,S,Tops,Textile World Co,108.15,128.0,1
Black Skinny Jean,L,Bottoms,Fashion Hub Ltd,325.36,86.0,1
Blush Blazer,XS,Outerwear,Atelier Nord,80.38,42.0,1
Camel Puffer Vest,XXL,Outerwear,Atelier Nord,240.56,31.0,1
Emerald Maxi Dress,M,Dresses,Atelier Nord,118.85,87.0,1
Tan Tank Top,L,Tops,Textile World Co,202.12,102.0,1
Black Blazer,S,Outerwear,Apparel Solutions,274.15,71.0,1
White Statement Earrings,XL,Accessories,Textile World Co,135.72,124.0,1
Cognac Wrap Dress,M,Dresses,Atelier Nord,59.32,125.0,1
Ivory Linen Pant,S,Bottoms,Atelier Nord,187.17,68.0,1
Ivory Midi Skirt,S,Bottoms,Atelier Nord,308.31,46.0,1
Indigo Turtleneck,S,Tops,Fashion Hub Ltd,261.25,128.0,1
Ivory Blazer,XS,Outerwear,Atelier Nord,29.48,73.0,1
Cognac Cardigan,L,Tops,Apparel Solutions,223.93,10.0,1
Ivory Chino Pant,L,Bottoms,Apparel Solutions,52.3,104.0,1
Camel Denim Short,M,Bottoms,Apparel Solutions,110.36,106.0,1
Charcoal Heeled Mule,XL,Footwear,Atelier Nord,271.54,109.0,1
White Vneck Sweater,L,Tops,Fashion Hub Ltd,50.39,72.0,1
Cognac Moto Jacket,XL,Outerwear,Fashion Hub Ltd,119.62,4.0,1
Ivory Leather Tote,XL,Accessories,Atelier Nord,93.59,81.0,1
Black Skinny Jean,XS,Bottoms,Apparel Solutions,89.9,121.0,1
Ivory Twill Scarf,L,Accessories,Textile World Co,220.33,36.0,1
White Blazer,M,Outerwear,Atelier Nord,322.04,134.0,1
Camel Ankle Boot,S,Footwear,Fashion Hub Ltd,163.14,90.0,1
Beige Maxi Dress,XL,Dresses,Fashion Hub Ltd,122.58,128.0,1
Charcoal Midi Skirt,XL,Bottoms,Atelier Nord,170.68,91.0,1
White Lowtop Sneaker,L,,Atelier Nord,205.25,18.0,1
Black Shirt Dress,XS,Dresses,Fashion Hub Ltd,163.58,65.0,1
Burgundy Crewneck Tee,S,Tops,Fashion Hub Ltd,40.74,32.0,1
Emerald Lowtop Sneaker,XXL,Footwear,Apparel Solutions,286.47,56.0,1
Camel Trench Coat,M,Outerwear,Apparel Solutions,273.38,32.0,1
Blush Maxi Dress,XS,Dresses,Atelier Nord,106.95,98.0,1
Emerald Shirt Dress,L,Dresses,Atelier Nord,198.49,129.0,1
Cognac Lowtop Sneaker,S,Footwear,Fashion Hub Ltd,300.17,96.0,1
Burgundy Skinny Jean,XL,Bottoms,Atelier Nord,75.99,79.0,1
Cognac Maxi Dress,XXL,Dresses,Fashion Hub Ltd,110.86,119.0,1
Charcoal Statement Earrings,XXL,Accessories,Textile World Co,113.49,109.0,1
Tan Chino Pant,L,Bottoms,Atelier Nord,232.23,24.0,1
Indigo Statement Earrings,L,Accessories,Fashion Hub Ltd,110.61,66.0,1
Beige Blazer,S,Outerwear,Atelier Nord,30.68,83.0,1
Beige Silk Blouse,XXL,Tops,Fashion Hub Ltd,133.41,20.0,1
Burgundy Loafer,L,Footwear,Fashion Hub Ltd,113.88,51.0,1
White Pleated Skirt,XS,Bottoms,Textile World Co,189.84,117.0,1
Blush Twill Scarf,L,Accessories,Atelier Nord,146.17,31.0,1
Blush Twill Scarf,S,Accessories,Apparel Solutions,80.22,38.0,1
Ivory Statement Earrings,M,Accessories,Fashion Hub Ltd,258.19,19.0,1
Cognac Ballet Flat,L,Footwear,Fashion Hub Ltd,246.03,136.0,1
Cognac Tank Top,M,Tops,Fashion Hub Ltd,150.49,101.0,1
Tan Blazer,M,Outerwear,Textile World Co,79.22,140.0,1
Camel Trench Coat,XXL,Outerwear,Atelier Nord,125.2,112.0,1
Blush Puffer Vest,XS,Outerwear,Textile World Co,233.65,60.0,1
Cognac Skinny Jean,L,Bottoms,Fashion Hub Ltd,292.09,122.0,1
Indigo Pleated Skirt,S,Bottoms,Textile World Co,121.22,20.0,1
White Denim Jacket,L,Outerwear,Fashion Hub Ltd,168.41,95.0,1
Black Heeled Mule,XL,Footwear,Atelier Nord,317.56,93.0,1
Burgundy Buttonup Shirt,XXL,Tops,Atelier Nord,219.17,76.0,1
Charcoal Espadrille,S,Footwear,Textile World Co,31.14,90.0,1
Emerald Ballet Flat,XS,Footwear,Atelier Nord,188.64,10.0,1
Ivory Trench Coat,XS,Outerwear,Fashion Hub Ltd,105.72,27.0,1
Emerald Chino Pant,XL,Bottoms,Apparel Solutions,264.57,66.0,1
White Blazer,S,Outerwear,Atelier Nord,67.14,48.0,1
White Heeled Mule,XS,Footwear,Textile World Co,196.93,7.0,1
Ivory Wideleg Trouser,XXL,Bottoms,Fashion Hub Ltd,149.61,93.0,1
Black Crossbody Bag,XXL,Accessories,Apparel Solutions,209.97,27.0,1
Beige Moto Jacket,M,Outerwear,Apparel Solutions,265.71,122.0,1
Black Crossbody Bag,XL,Accessories,Apparel Solutions,261.6,65.0,1
Ivory Vneck Sweater,XS,Tops,Atelier Nord,55.89,18.0,1
Cognac Crossbody Bag,L,Accessories,Atelier Nord,115.51,88.0,1
White Maxi Dress,XL,Dresses,Apparel Solutions,41.34,78.0,1
Camel Skinny Jean,XXL,Bottoms,Apparel Solutions,175.22,25.0,1
Black Leather Tote,S,Accessories,Fashion Hub Ltd,188.69,101.0,1
White Blazer,XL,Outerwear,Apparel Solutions,246.95,66.0,1
Indigo Vneck Sweater,M,Tops,Fashion Hub Ltd,286.35,135.0,1
Cognac Espadrille,XL,Footwear,Textile World Co,268.82,70.0,1
Beige Crewneck Tee,XS,Tops,Apparel Solutions,252.65,28.0,1
Burgundy Blazer,L,Outerwear,Apparel Solutions,229.92,30.0,1
Cognac Woven Belt,XXL,,Atelier Nord,44.71,122.0,1
Camel Midi Skirt,L,Bottoms,Textile World Co,91.25,79.0,1
White Woven Belt,M,Accessories,Fashion Hub Ltd,277.18,82.0,1
Ivory Shirt Dress,M,,Apparel Solutions,273.6,131.0,1
Emerald Heeled Mule,L,Footwear,Atelier Nord,76.48,41.0,1
Beige Denim Short,XS,,Apparel Solutions,140.99,66.0,1
Ivory Maxi Dress,XL,Dresses,Textile World Co,116.37,56.0,1
Black Wrap Dress,XL,Dresses,Apparel Solutions,314.21,38.0,1
White Slip Dress,XS,Dresses,Atelier Nord,243.26,23.0,1
Emerald Woven Belt,S,Accessories,Atelier Nord,65.58,5.0,1
Ivory Widebrim Hat,XS,Accessories,Apparel Solutions,71.65,49.0,1
Blush Lowtop Sneaker,XS,Footwear,Apparel Solutions,322.68,38.0,1
Charcoal Vneck Sweater,L,Tops,Fashion Hub Ltd,60.71,60.0,1
Blush Twill Scarf,M,Accessories,Apparel Solutions,305.35,40.0,1
White Skinny Jean,XS,Bottoms,Apparel Solutions,294.4,103.0,1
Cognac Maxi Dress,M,Dresses,Textile World Co,37.48,2.0,1
Burgundy Henley,L,Tops,Fashion Hub Ltd,251.7,32.0,1
Black Blazer,M,Outerwear,Fashion Hub Ltd,40.46,21.0,1
Blush Leather Tote,M,Accessories,Textile World Co,110.83,16.0,1
Camel Puffer Vest,XL,Outerwear,Fashion Hub Ltd,272.32,88.0,1
Burgundy Vneck Sweater,S,Tops,Apparel Solutions,18.48,114.0,1
Beige Widebrim Hat,XL,Accessories,Textile World Co,132.23,69.0,1
Tan Vneck Sweater,L,Tops,Textile World Co,294.26,87.0,1
Blush Twill Scarf,S,Accessories,Atelier Nord,42.46,11.0,1
Camel Woven Belt,XL,Accessories,Textile World Co,131.76,45.0,1
Black Wrap Dress,L,Dresses,Apparel Solutions,239.23,26.0,1
White Vneck Sweater,L,Tops,Atelier Nord,46.41,4.0,1
Ivory Crewneck Tee,XL,Tops,Textile World Co,200.96,137.0,1
Camel Maxi Dress,XXL,Dresses,Textile World Co,240.13,134.0,1
Tan Shift Dress,XS,Dresses,Atelier Nord,312.79,100.0,1
Ivory Heeled Mule,XXL,Footwear,Textile World Co,236.43,21.0,1
White Turtleneck,XS,Tops,Apparel Solutions,270.56,135.0,1
Tan Shift Dress,XL,Dresses,Fashion Hub Ltd,28.8,38.0,1
Black Heeled Mule,XL,Footwear,Textile World Co,135.52,127.0,1
Black Shirt Dress,L,Dresses,Textile World Co,271.44,136.0,1
Black Turtleneck,L,Tops,Apparel Solutions,86.75,78.0,1
Charcoal Wrap Dress,XL,Dresses,Textile World Co,241.64,110.0,1
Tan Midi Skirt,S,Bottoms,Apparel Solutions,79.52,23.0,1
Tan Crossbody Bag,S,Accessories,Apparel Solutions,172.05,26.0,1
Indigo Skinny Jean,L,Bottoms,Fashion Hub Ltd,120.21,66.0,1
Tan Turtleneck,XL,,Fashion Hub Ltd,31.33,136.0,1
Cognac Loafer,M,Footwear,Atelier Nord,86.43,4.0,1
Beige Lowtop Sneaker,M,,Textile World Co,290.71,105.0,1
Cognac Woven Belt,S,Accessories,Textile World Co,84.02,72.0,1
Charcoal Heeled Mule,S,Footwear,Textile World Co,130.52,129.0,1
Blush Tank Top,XS,Tops,Textile World Co,253.65,0.0,1
Ivory Twill Scarf,XXL,Accessories,Fashion Hub Ltd,227.53,38.0,1
Ivory Shirt Dress,S,Dresses,Atelier Nord,212.43,56.0,1
Emerald Wideleg Trouser,XS,Bottoms,Textile World Co,310.38,53.0,1
Emerald Henley,XS,Tops,Textile World Co,253.42,10.0,1
Cognac Trench Coat,XS,Outerwear,Textile World Co,287.87,30.0,1
Ivory Chino Pant,XL,Bottoms,Atelier Nord,58.27,150.0,1
Ivory Maxi Dress,XL,Dresses,Atelier Nord,74.8,52.0,1
Black Shift Dress,XL,Dresses,Apparel Solutions,148.33,47.0,1
Black Cardigan,L,Tops,Atelier Nord,279.29,100.0,1
Charcoal Wool Peacoat,XL,Outerwear,Atelier Nord,188.89,114.0,1
Ivory Woven Belt,XS,Accessories,Atelier Nord,239.69,60.0,1
Beige Maxi Dress,XL,Dresses,Textile World Co,80.57,101.0,1
Ivory Silk Blouse,XXL,Tops,Textile World Co,141.89,121.0,1
Indigo Ankle Boot,L,Footwear,Textile World Co,195.83,52.0,1
Black Henley,M,Tops,Atelier Nord,244.9,19.0,1
Cognac Denim Jacket,XS,Outerwear,Atelier Nord,208.32,69.0,1
Camel Midi Skirt,S,Bottoms,Atelier Nord,118.14,83.0,1
Tan Linen Pant,XXL,,Textile World Co,108.29,2.0,1
Black Statement Earrings,XXL,Accessories,Atelier Nord,181.15,3.0,1
Beige Crossbody Bag,S,Accessories,Atelier Nord,118.27,31.0,1
Blush Lowtop Sneaker,S,Footwear,Textile World Co,264.29,111.0,1
Charcoal Puffer Vest,S,Outerwear,Textile World Co,173.01,90.0,1
Emerald Pleated Skirt,XXL,Bottoms,Fashion Hub Ltd,200.04,134.0,1
Emerald Heeled Mule,M,Footwear,Apparel Solutions,304.54,29.0,1
Burgundy Heeled Mule,XL,Footwear,Apparel Solutions,68.06,107.0,1
Blush Wool Peacoat,S,Outerwear,Fashion Hub Ltd,325.56,139.0,1
Cognac Woven Belt,S,Accessories,Atelier Nord,264.62,6.0,1
Charcoal Espadrille,S,,Fashion Hub Ltd,132.44,67.0,1
Burgundy Puffer Vest,XS,Outerwear,Textile World Co,134.76,66.0,1
Burgundy Ballet Flat,XL,Footwear,Fashion Hub Ltd,255.48,20.0,1
Indigo Lowtop Sneaker,L,Footwear,Apparel Solutions,165.2,75.0,1
Charcoal Lowtop Sneaker,XS,Footwear,Apparel Solutions,257.55,86.0,1
Ivory Wideleg Trouser,S,Bottoms,Atelier Nord,54.9,91.0,1
Indigo Crossbody Bag,M,Accessories,Fashion Hub Ltd,288.4,87.0,1
Ivory Midi Skirt,XS,,Fashion Hub Ltd,288.58,132.0,1
Ivory Ballet Flat,L,Footwear,Apparel Solutions,251.3,139.0,1
White Leather Tote,L,Accessories,Atelier Nord,119.31,11.0,1
Ivory Blazer,M,Outerwear,Fashion Hub Ltd,29.92,8.0,1
Black Linen Pant,XXL,Bottoms,Textile World Co,317.85,82.0,1
Burgundy Ankle Boot,M,Footwear,Textile World Co,219.27,59.0,1
Emerald Denim Jacket,XL,Outerwear,Fashion Hub Ltd,189.31,49.0,1
White Crossbody Bag,L,Accessories,Apparel Solutions,69.07,140.0,1
Emerald Woven Belt,XXL,Accessories,Fashion Hub Ltd,254.0,70.0,1
Black Crossbody Bag,XL,Accessories,Fashion Hub Ltd,191.72,82.0,1
Cognac Trench Coat,XS,Outerwear,Atelier Nord,155.53,63.0,1
Indigo Denim Jacket,XS,Outerwear,Textile World Co,213.96,12.0,1
Camel Turtleneck,L,Tops,Atelier Nord,222.5,76.0,1
Tan Chino Pant,XL,Bottoms,Textile World Co,144.36,58.0,1
Black Slip Dress,XS,Dresses,Apparel Solutions,223.32,14.0,1
Tan Puffer Vest,XXL,Outerwear,Apparel Solutions,259.08,11.0,1
White Puffer Vest,XS,Outerwear,Textile World Co,85.55,120.0,1
Tan Vneck Sweater,M,Tops,Apparel Solutions,101.15,75.0,1
Indigo Cardigan,XXL,Tops,Textile World Co,171.85,48.0,1
Beige Ballet Flat,M,Footwear,Atelier Nord,271.05,2.0,1
Burgundy Henley,XXL,Tops,Fashion Hub Ltd,279.09,107.0,1
Beige Wool Peacoat,M,Outerwear,Apparel Solutions,215.48,77.0,1
Beige Linen Pant,XS,Bottoms,Apparel Solutions,232.34,98.0,1
Tan Ballet Flat,S,Footwear,Fashion Hub Ltd,162.63,83.0,1
Beige Ballet Flat,L,Footwear,Textile World Co,321.69,13.0,1
Burgundy Midi Dress,XS,Dresses,Apparel Solutions,222.7,131.0,1
Black Twill Scarf,XL,,Textile World Co,123.86,126.0,1
Beige Woven Belt,L,Accessories,Textile World Co,69.27,71.0,1
Camel Heeled Mule,L,Footwear,Atelier Nord,149.08,97.0,1
Camel Maxi Dress,XS,Dresses,Textile World Co,120.46,114.0,1
Camel Chino Pant,M,Bottoms,Atelier Nord,28.29,118.0,1
Ivory Slip Dress,L,Dresses,Fashion Hub Ltd,172.84,99.0,1
Ivory Moto Jacket,S,Outerwear,Fashion Hub Ltd,144.24,20.0,1
Ivory Midi Skirt,XL,Bottoms,Fashion Hub Ltd,161.9,4.0,1
Tan Silk Blouse,S,Tops,Fashion Hub Ltd,42.41,125.0,1
Beige Twill Scarf,L,Accessories,Atelier Nord,203.56,123.0,1
Emerald Espadrille,XS,Footwear,Apparel Solutions,201.94,2.0,1
Charcoal Linen Pant,XXL,Bottoms,Atelier Nord,25.18,129.0,1
Beige Puffer Vest,XXL,Outerwear,Atelier Nord,113.4,69.0,1
Blush Silk Blouse,XS,Tops,Apparel Solutions,169.7,11.0,1
Tan Heeled Mule,XXL,,Apparel Solutions,175.6,132.0,1
Charcoal Twill Scarf,M,Accessories,Textile World Co,257.76,123.0,1
Black Denim Jacket,L,Outerwear,Fashion Hub Ltd,128.32,25.0,1
Ivory Loafer,S,,Fashion Hub Ltd,140.2,20.0,1
White Ankle Boot,XS,Footwear,Apparel Solutions,134.75,56.0,1
Ivory Tank Top,M,Tops,Apparel Solutions,170.98,111.0,1
Cognac Slip Dress,XS,,Atelier Nord,53.87,139.0,1
Cognac Wideleg Trouser,XXL,Bottoms,Atelier Nord,243.79,132.0,1
Emerald Wideleg Trouser,S,,Apparel Solutions,234.37,89.0,1
Emerald Shirt Dress,XS,Dresses,Textile World Co,29.07,105.0,1
Tan Linen Pant,M,Bottoms,Apparel Solutions,72.08,133.0,1
Black Henley,XXL,Tops,Atelier Nord,164.09,26.0,1
Emerald Shirt Dress,XL,Dresses,Atelier Nord,153.39,43.0,1
Beige Wool Peacoat,XL,Outerwear,Atelier Nord,99.38,118.0,1
Burgundy Twill Scarf,XL,Accessories,Apparel Solutions,261.92,18.0,1
Blush Crossbody Bag,XXL,,Fashion Hub Ltd,310.32,53.0,1
Charcoal Puffer Vest,M,Outerwear,Atelier Nord,318.27,1.0,1
Blush Leather Tote,M,Accessories,Apparel Solutions,105.13,105.0,1
Tan Widebrim Hat,M,Accessories,Apparel Solutions,306.21,87.0,1
Camel Moto Jacket,XL,Outerwear,Atelier Nord,249.56,88.0,1
Emerald Crossbody Bag,M,Accessories,Textile World Co,125.57,117.0,1
Camel Turtleneck,XXL,Tops,Apparel Solutions,208.62,80.0,1
Emerald Statement Earrings,XS,,Textile World Co,95.17,35.0,1
Tan Lowtop Sneaker,S,Footwear,Atelier Nord,68.49,136.0,1
Ivory Midi Skirt,L,Bottoms,Atelier Nord,190.26,21.0,1
Cognac Leather Tote,S,Accessories,Apparel Solutions,158.14,104.0,1
Indigo Trench Coat,XL,Outerwear,Textile World Co,34.72,32.0,1
Burgundy Trench Coat,S,Outerwear,Atelier Nord,254.08,28.0,1
Tan Loafer,XL,Footwear,Atelier Nord,106.19,42.0,1
Black Moto Jacket,XL,Outerwear,Fashion Hub Ltd,80.08,79.0,1
Cognac Blazer,XXL,Outerwear,Fashion Hub Ltd,212.58,11.0,1
Cognac Vneck Sweater,L,Tops,Fashion Hub Ltd,274.24,16.0,1
Indigo Widebrim Hat,L,Accessories,Fashion Hub Ltd,247.66,67.0,1
Emerald Loafer,XS,Footwear,Fashion Hub Ltd,221.1,92.0,1
Tan Wool Peacoat,L,Outerwear,Apparel Solutions,223.93,100.0,1
Ivory Crewneck Tee,XXL,Tops,Atelier Nord,148.04,123.0,1
Cognac Crewneck Tee,XXL,Tops,Textile World Co,219.2,114.0,1
Ivory Wrap Dress,S,Dresses,Atelier Nord,62.87,123.0,1
Black Puffer Vest,S,,Fashion Hub Ltd,217.44,60.0,1
Ivory Loafer,M,Footwear,Atelier Nord,173.16,25.0,1
Tan Blazer,M,Outerwear,Atelier Nord,165.69,0.0,1
Charcoal Twill Scarf,S,Accessories,Apparel Solutions,272.73,148.0,1
Black Henley,XS,Tops,Apparel Solutions,63.79,20.0,1
Charcoal Silk Blouse,S,Tops,Atelier Nord,43.95,105.0,1
Camel Woven Belt,XL,Accessories,Apparel Solutions,238.81,81.0,1
Blush Skinny Jean,L,,Apparel Solutions,225.22,49.0,1
Emerald Woven Belt,XS,Accessories,Fashion Hub Ltd,265.02,90.0,1
Burgundy Shirt Dress,XXL,Dresses,Apparel Solutions,298.87,90.0,1
Blush Linen Pant,XL,Bottoms,Textile World Co,296.31,94.0,1
Charcoal Crossbody Bag,M,Accessories,Fashion Hub Ltd,180.64,23.0,1
Cognac Loafer,L,Footwear,Atelier Nord,131.37,76.0,1
Ivory Buttonup Shirt,XL,Tops,Textile World Co,211.04,137.0,1
Beige Buttonup Shirt,XL,Tops,Atelier Nord,277.49,2.0,1
Emerald Slip Dress,S,Dresses,Fashion Hub Ltd,101.45,29.0,1
Burgundy Crossbody Bag,S,,Apparel Solutions,53.12,7.0,1
Blush Espadrille,S,Footwear,Atelier Nord,233.05,3.0,1
Cognac Vneck Sweater,L,Tops,Atelier Nord,248.4,57.0,1
Beige Loafer,L,Footwear,Apparel Solutions,198.83,8.0,1
Black Linen Pant,M,Bottoms,Textile World Co,170.61,21.0,1
Blush Vneck Sweater,M,Tops,Fashion Hub Ltd,212.98,29.0,1
Beige Shirt Dress,XL,Dresses,Apparel Solutions,100.79,31.0,1
Charcoal Wideleg Trouser,M,Bottoms,Apparel Solutions,201.79,87.0,1
Black Lowtop Sneaker,M,Footwear,Atelier Nord,102.84,13.0,1
Camel Henley,S,Tops,Fashion Hub Ltd,231.61,14.0,1
Blush Loafer,S,Footwear,Textile World Co,143.98,127.0,1
Indigo Chino Pant,L,Bottoms,Atelier Nord,257.09,46.0,1
Ivory Leather Tote,S,Accessories,Textile World Co,191.69,134.0,1
Charcoal Ankle Boot,S,Footwear,Fashion Hub Ltd,95.84,14.0,1
Charcoal Linen Pant,XL,Bottoms,Apparel Solutions,231.27,128.0,1
Beige Wideleg Trouser,XS,Bottoms,Apparel Solutions,63.51,18.0,1
Beige Ballet Flat,XS,Footwear,Textile World Co,47.92,116.0,1
Camel Pleated Skirt,XL,Bottoms,Textile World Co,95.28,55.0,1
Cognac Twill Scarf,XXL,Accessories,Textile World Co,314.11,106.0,1
Camel Vneck Sweater,XXL,Tops,Textile World Co,45.69,101.0,1
Indigo Midi Dress,S,,Textile World Co,132.27,73.0,1
Emerald Heeled Mule,M,Footwear,Fashion Hub Ltd,61.5,57.0,1
Blush Widebrim Hat,XS,Accessories,Textile World Co,220.87,123.0,1
Burgundy Ballet Flat,M,Footwear,Textile World Co,126.64,28.0,1
Tan Woven Belt,XS,Accessories,Atelier Nord,164.26,6.0,1
Tan Maxi Dress,XS,,Apparel Solutions,192.31,94.0,1
Charcoal Denim Jacket,XS,Outerwear,Fashion Hub Ltd,185.63,128.0,1
Burgundy Wool Peacoat,L,Outerwear,Textile World Co,241.6,72.0,1
Beige Pleated Skirt,M,Bottoms,Fashion Hub Ltd,169.4,28.0,1
Camel Denim Short,XL,Bottoms,Apparel Solutions,191.58,75.0,1
Cognac Trench Coat,XL,Outerwear,Apparel Solutions,96.06,112.0,1
Camel Leather Tote,XL,Accessories,Atelier Nord,219.4,44.0,1
Camel Wideleg Trouser,XL,Bottoms,Apparel Solutions,59.79,82.0,1
White Henley,XS,Tops,Fashion Hub Ltd,224.99,43.0,1
Black Skinny Jean,XL,,Fashion Hub Ltd,164.23,73.0,1
Tan Turtleneck,M,Tops,Fashion Hub Ltd,122.78,52.0,1
White Leather Tote,S,Accessories,Apparel Solutions,145.98,30.0,1
Tan Linen Pant,L,Bottoms,Apparel Solutions,188.66,130.0,1
Tan Shirt Dress,XL,Dresses,Atelier Nord,168.5,65.0,1
Indigo Blazer,XL,Outerwear,Atelier Nord,263.87,81.0,1
Cognac Midi Dress,XXL,Dresses,Atelier Nord,90.18,69.0,1
Charcoal Lowtop Sneaker,XS,Footwear,Atelier Nord,122.08,51.0,1
Black Trench Coat,L,Outerwear,Textile World Co,192.29,135.0,1
Emerald Slip Dress,S,Dresses,Textile World Co,121.26,128.0,1
White Denim Jacket,S,Outerwear,Apparel Solutions,22.59,70.0,1
Burgundy Wrap Dress,M,Dresses,Apparel Solutions,39.01,2.0,1
Tan Wrap Dress,XL,Dresses,Textile World Co,279.11,109.0,1
Blush Moto Jacket,XS,Outerwear,Fashion Hub Ltd,37.73,41.0,1
Ivory Wrap Dress,M,Dresses,Apparel Solutions,319.23,78.0,1
Emerald Twill Scarf,S,Accessories,Fashion Hub Ltd,292.61,69.0,1
White Ballet Flat,XXL,Footwear,Apparel Solutions,209.71,60.0,1
Charcoal Loafer,XS,Footwear,Apparel Solutions,49.88,82.0,1
Tan Skinny Jean,XXL,Bottoms,Atelier Nord,258.41,80.0,1
Ivory Shirt Dress,L,Dresses,Textile World Co,160.16,98.0,1
Black Blazer,XL,Outerwear,Fashion Hub Ltd,204.78,41.0,1
Black Shift Dress,L,Dresses,Apparel Solutions,273.74,6.0,1
Cognac Shift Dress,XL,Dresses,Apparel Solutions,24.03,1.0,1
Indigo Wideleg Trouser,XL,Bottoms,Textile World Co,243.49,71.0,1
Indigo Buttonup Shirt,M,Tops,Apparel Solutions,46.86,21.0,1
Ivory Maxi Dress,M,Dresses,Atelier Nord,123.18,69.0,1
Indigo Henley,XS,Tops,Fashion Hub Ltd,230.31,130.0,1
Tan Cardigan,S,Tops,Fashion Hub Ltd,240.35,101.0,1
Camel Espadrille,XS,Footwear,Fashion Hub Ltd,125.32,23.0,1
Charcoal Ballet Flat,L,Footwear,Apparel Solutions,80.68,109.0,1
Charcoal Buttonup Shirt,XL,Tops,Atelier Nord,301.1,123.0,1
Blush Crossbody Bag,M,Accessories,Atelier Nord,297.51,47.0,1
Charcoal Shirt Dress,S,Dresses,Textile World Co,39.09,114.0,1
Indigo Espadrille,S,,Apparel Solutions,222.14,71.0,1
Burgundy Vneck Sweater,M,Tops,Fashion Hub Ltd,233.65,60.0,1
Black Blazer,XXL,Outerwear,Atelier Nord,270.44,133.0,1
Tan Denim Short,XS,Bottoms,Fashion Hub Ltd,52.96,86.0,1
Blush Loafer,M,Footwear,Textile World Co,64.6,63.0,1
Indigo Ballet Flat,XS,Footwear,Atelier Nord,90.68,92.0,1
Tan Trench Coat,L,Outerwear,Atelier Nord,124.95,23.0,1
Tan Leather Tote,S,Accessories,Apparel Solutions,324.57,110.0,1
Ivory Trench Coat,XL,Outerwear,Fashion Hub Ltd,296.26,88.0,1
Ivory Woven Belt,XS,Accessories,Textile World Co,73.73,138.0,1
Indigo Denim Jacket,XL,Outerwear,Textile World Co,230.18,16.0,1
Emerald Linen Pant,S,Bottoms,Textile World Co,312.22,58.0,1
Beige Espadrille,XS,Footwear,Textile World Co,101.87,102.0,1
Ivory Lowtop Sneaker,L,Footwear,Fashion Hub Ltd,100.23,101.0,1
White Shirt Dress,S,Dresses,Fashion Hub Ltd,94.38,112.0,1
Charcoal Wrap Dress,XL,Dresses,Fashion Hub Ltd,110.29,114.0,1
Camel Slip Dress,S,Dresses,Apparel Solutions,288.23,16.0,1
Cognac Pleated Skirt,L,Bottoms,Apparel Solutions,116.25,35.0,1
Blush Turtleneck,XL,,Fashion Hub Ltd,239.36,73.0,1
Ivory Widebrim Hat,L,Accessories,Textile World Co,26.14,84.0,1
Burgundy Loafer,XL,Footwear,Textile World Co,244.51,131.0,1
Charcoal Chino Pant,XXL,Bottoms,Textile World Co,279.25,139.0,1
White Puffer Vest,XS,,Fashion Hub Ltd,303.95,116.0,1
Tan Shirt Dress,XS,Dresses,Atelier Nord,256.67,19.0,1
Beige Twill Scarf,XL,Accessories,Atelier Nord,244.5,56.0,1
Tan Widebrim Hat,XS,Accessories,Atelier Nord,74.82,130.0,1
Black Loafer,M,Footwear,Fashion Hub Ltd,211.99,55.0,1
Ivory Shirt Dress,S,Dresses,Apparel Solutions,141.26,102.0,1
Indigo Wrap Dress,XL,Dresses,Textile World Co,37.63,87.0,1
Camel Twill Scarf,XXL,Accessories,Atelier Nord,277.72,20.0,1
Cognac Vneck Sweater,XL,Tops,Fashion Hub Ltd,164.73,41.0,1
Tan Henley,S,Tops,Fashion Hub Ltd,264.21,5.0,1
White Trench Coat,XL,Outerwear,Textile World Co,127.39,78.0,1
Beige Henley,XS,Tops,Textile World Co,120.8,41.0,1
Burgundy Skinny Jean,M,Bottoms,Atelier Nord,160.26,41.0,1
Burgundy Espadrille,S,Footwear,Apparel Solutions,76.79,128.0,1
Indigo Blazer,L,Outerwear,Atelier Nord,289.24,129.0,1
Burgundy Wrap Dress,XXL,Dresses,Textile World Co,159.84,88.0,1
Charcoal Puffer Vest,XXL,Outerwear,Fashion Hub Ltd,206.15,93.0,1
Cognac Shift Dress,XS,Dresses,Apparel Solutions,138.15,76.0,1
Blush Cardigan,XS,Tops,Apparel Solutions,304.08,127.0,1
Beige Silk Blouse,XXL,Tops,Textile World Co,227.09,119.0,1
Black Puffer Vest,XXL,Outerwear,Fashion Hub Ltd,80.88,138.0,1
Indigo Pleated Skirt,XXL,Bottoms,Fashion Hub Ltd,117.17,42.0,1
Indigo Denim Jacket,XXL,Outerwear,Fashion Hub Ltd,270.37,109.0,1
Emerald Wideleg Trouser,XL,Bottoms,Fashion Hub Ltd,110.35,130.0,1
White Heeled Mule,M,Footwear,Textile World Co,98.93,68.0,1
Blush Denim Jacket,XL,Outerwear,Fashion Hub Ltd,103.14,91.0,1
Tan Crewneck Tee,L,Tops,Textile World Co,245.59,105.0,1
Emerald Denim Jacket,L,Outerwear,Fashion Hub Ltd,203.39,92.0,1
Burgundy Midi Dress,XS,Dresses,Atelier Nord,95.8,117.0,1
Burgundy Shift Dress,XXL,Dresses,Fashion Hub Ltd,239.75,43.0,1
Burgundy Ankle Boot,L,Footwear,Apparel Solutions,219.27,20.0,1
Charcoal Trench Coat,XL,Outerwear,Fashion Hub Ltd,295.36,120.0,1
Tan Midi Dress,XL,Dresses,Textile World Co,305.07,135.0,1
Camel Twill Scarf,L,Accessories,Atelier Nord,39.47,38.0,1
Indigo Espadrille,L,Footwear,Fashion Hub Ltd,114.55,52.0,1
Camel Denim Short,XS,Bottoms,Atelier Nord,117.77,122.0,1
Beige Denim Jacket,L,,Atelier Nord,36.92,47.0,1
Indigo Blazer,S,Outerwear,Atelier Nord,139.76,128.0,1
Beige Silk Blouse,S,Tops,Textile World Co,34.17,36.0,1
Emerald Woven Belt,XL,,Apparel Solutions,90.59,91.0,1
Tan Tank Top,M,Tops,Apparel Solutions,242.74,145.0,1
Ivory Twill Scarf,S,Accessories,Apparel Solutions,48.36,99.0,1
White Maxi Dress,XS,Dresses,Apparel Solutions,311.06,87.0,1
Indigo Turtleneck,XL,Tops,Textile World Co,252.99,0.0,1
Ivory Woven Belt,XL,Accessories,Atelier Nord,202.62,94.0,1
Cognac Midi Skirt,XXL,,Textile World Co,100.82,25.0,1
Tan Midi Skirt,XS,Bottoms,Fashion Hub Ltd,199.71,20.0,1
White Pleated Skirt,XL,Bottoms,Textile World Co,159.19,41.0,1
Charcoal Silk Blouse,XS,Tops,Atelier Nord,58.09,120.0,1
Blush Maxi Dress,S,Dresses,Apparel Solutions,73.72,23.0,1
Cognac Wool Peacoat,XS,Outerwear,Atelier Nord,189.61,56.0,1
Black Henley,XS,Tops,Fashion Hub Ltd,19.97,38.0,1
Burgundy Wideleg Trouser,XS,Bottoms,Textile World Co,223.79,55.0,1
Burgundy Ankle Boot,L,Footwear,Textile World Co,257.82,37.0,1
Beige Buttonup Shirt,M,Tops,Fashion Hub Ltd,42.94,108.0,1
Ivory Wrap Dress,M,Dresses,Textile World Co,312.12,35.0,1
Cognac Shift Dress,L,Dresses,Atelier Nord,302.38,49.0,1
Burgundy Buttonup Shirt,L,Tops,Fashion Hub Ltd,309.94,76.0,1
Burgundy Maxi Dress,XL,Dresses,Textile World Co,55.15,94.0,1
Charcoal Midi Skirt,XXL,Bottoms,Atelier Nord,78.62,85.0,1
